dateTime,pv_cf
2007-01-01 00:00:00+00:00,0.0
2007-01-01 01:00:00+00:00,0.0
2007-01-01 02:00:00+00:00,0.0
2007-01-01 03:00:00+00:00,0.0
2007-01-01 04:00:00+00:00,0.0
2007-01-01 05:00:00+00:00,0.0
2007-01-01 06:00:00+00:00,0.0
2007-01-01 07:00:00+00:00,0.0
2007-01-01 08:00:00+00:00,0.0
2007-01-01 09:00:00+00:00,0.0
2007-01-01 10:00:00+00:00,0.0
2007-01-01 11:00:00+00:00,0.0
2007-01-01 12:00:00+00:00,0.0
2007-01-01 13:00:00+00:00,0.0
2007-01-01 14:00:00+00:00,0.07215791
2007-01-01 15:00:00+00:00,0.015930648999999998
2007-01-01 16:00:00+00:00,0.0892248
2007-01-01 17:00:00+00:00,0.119790226
2007-01-01 18:00:00+00:00,0.09132479
2007-01-01 19:00:00+00:00,0.04409068
2007-01-01 20:00:00+00:00,0.017420297
2007-01-01 21:00:00+00:00,0.016770363
2007-01-01 22:00:00+00:00,0.0
2007-01-01 23:00:00+00:00,0.0
2007-01-02 00:00:00+00:00,0.0
2007-01-02 01:00:00+00:00,0.0
2007-01-02 02:00:00+00:00,0.0
2007-01-02 03:00:00+00:00,0.0
2007-01-02 04:00:00+00:00,0.0
2007-01-02 05:00:00+00:00,0.0
2007-01-02 06:00:00+00:00,0.0
2007-01-02 07:00:00+00:00,0.0
2007-01-02 08:00:00+00:00,0.0
2007-01-02 09:00:00+00:00,0.0
2007-01-02 10:00:00+00:00,0.0
2007-01-02 11:00:00+00:00,0.0
2007-01-02 12:00:00+00:00,0.0
2007-01-02 13:00:00+00:00,0.0
2007-01-02 14:00:00+00:00,0.27596048
2007-01-02 15:00:00+00:00,0.5019567
2007-01-02 16:00:00+00:00,0.36526479999999995
2007-01-02 17:00:00+00:00,0.39102852
2007-01-02 18:00:00+00:00,0.43370444
2007-01-02 19:00:00+00:00,0.4723684
2007-01-02 20:00:00+00:00,0.51368266
2007-01-02 21:00:00+00:00,0.4272253
2007-01-02 22:00:00+00:00,0.09304227
2007-01-02 23:00:00+00:00,0.0
2007-01-03 00:00:00+00:00,0.0
2007-01-03 01:00:00+00:00,0.0
2007-01-03 02:00:00+00:00,0.0
2007-01-03 03:00:00+00:00,0.0
2007-01-03 04:00:00+00:00,0.0
2007-01-03 05:00:00+00:00,0.0
2007-01-03 06:00:00+00:00,0.0
2007-01-03 07:00:00+00:00,0.0
2007-01-03 08:00:00+00:00,0.0
2007-01-03 09:00:00+00:00,0.0
2007-01-03 10:00:00+00:00,0.0
2007-01-03 11:00:00+00:00,0.0
2007-01-03 12:00:00+00:00,0.0
2007-01-03 13:00:00+00:00,0.0
2007-01-03 14:00:00+00:00,0.29142132
2007-01-03 15:00:00+00:00,0.51902056
2007-01-03 16:00:00+00:00,0.5020002
2007-01-03 17:00:00+00:00,0.44977853
2007-01-03 18:00:00+00:00,0.43430242
2007-01-03 19:00:00+00:00,0.44217628
2007-01-03 20:00:00+00:00,0.5121687
2007-01-03 21:00:00+00:00,0.41780609999999996
2007-01-03 22:00:00+00:00,0.10187317
2007-01-03 23:00:00+00:00,0.0
2007-01-04 00:00:00+00:00,0.0
2007-01-04 01:00:00+00:00,0.0
2007-01-04 02:00:00+00:00,0.0
2007-01-04 03:00:00+00:00,0.0
2007-01-04 04:00:00+00:00,0.0
2007-01-04 05:00:00+00:00,0.0
2007-01-04 06:00:00+00:00,0.0
2007-01-04 07:00:00+00:00,0.0
2007-01-04 08:00:00+00:00,0.0
2007-01-04 09:00:00+00:00,0.0
2007-01-04 10:00:00+00:00,0.0
2007-01-04 11:00:00+00:00,0.0
2007-01-04 12:00:00+00:00,0.0
2007-01-04 13:00:00+00:00,0.0
2007-01-04 14:00:00+00:00,0.10128352
2007-01-04 15:00:00+00:00,0.33637154
2007-01-04 16:00:00+00:00,0.2690008
2007-01-04 17:00:00+00:00,0.2581972
2007-01-04 18:00:00+00:00,0.29447964
2007-01-04 19:00:00+00:00,0.29129273
2007-01-04 20:00:00+00:00,0.21545309
2007-01-04 21:00:00+00:00,0.10164282
2007-01-04 22:00:00+00:00,0.012718535
2007-01-04 23:00:00+00:00,0.0
2007-01-05 00:00:00+00:00,0.0
2007-01-05 01:00:00+00:00,0.0
2007-01-05 02:00:00+00:00,0.0
2007-01-05 03:00:00+00:00,0.0
2007-01-05 04:00:00+00:00,0.0
2007-01-05 05:00:00+00:00,0.0
2007-01-05 06:00:00+00:00,0.0
2007-01-05 07:00:00+00:00,0.0
2007-01-05 08:00:00+00:00,0.0
2007-01-05 09:00:00+00:00,0.0
2007-01-05 10:00:00+00:00,0.0
2007-01-05 11:00:00+00:00,0.0
2007-01-05 12:00:00+00:00,0.0
2007-01-05 13:00:00+00:00,0.0
2007-01-05 14:00:00+00:00,0.021311434
2007-01-05 15:00:00+00:00,0.0069421637
2007-01-05 16:00:00+00:00,0.10194787400000001
2007-01-05 17:00:00+00:00,0.06970331
2007-01-05 18:00:00+00:00,0.12325867
2007-01-05 19:00:00+00:00,0.19036308
2007-01-05 20:00:00+00:00,0.049856234000000006
2007-01-05 21:00:00+00:00,0.037168707999999995
2007-01-05 22:00:00+00:00,0.0044051935
2007-01-05 23:00:00+00:00,0.0
2007-01-06 00:00:00+00:00,0.0
2007-01-06 01:00:00+00:00,0.0
2007-01-06 02:00:00+00:00,0.0
2007-01-06 03:00:00+00:00,0.0
2007-01-06 04:00:00+00:00,0.0
2007-01-06 05:00:00+00:00,0.0
2007-01-06 06:00:00+00:00,0.0
2007-01-06 07:00:00+00:00,0.0
2007-01-06 08:00:00+00:00,0.0
2007-01-06 09:00:00+00:00,0.0
2007-01-06 10:00:00+00:00,0.0
2007-01-06 11:00:00+00:00,0.0
2007-01-06 12:00:00+00:00,0.0
2007-01-06 13:00:00+00:00,0.0
2007-01-06 14:00:00+00:00,0.03135292
2007-01-06 15:00:00+00:00,0.07809508
2007-01-06 16:00:00+00:00,0.039562114
2007-01-06 17:00:00+00:00,0.04766937
2007-01-06 18:00:00+00:00,0.14995287
2007-01-06 19:00:00+00:00,0.10410319999999999
2007-01-06 20:00:00+00:00,0.014889524
2007-01-06 21:00:00+00:00,0.059554193
2007-01-06 22:00:00+00:00,0.027577065
2007-01-06 23:00:00+00:00,0.0
2007-01-07 00:00:00+00:00,0.0
2007-01-07 01:00:00+00:00,0.0
2007-01-07 02:00:00+00:00,0.0
2007-01-07 03:00:00+00:00,0.0
2007-01-07 04:00:00+00:00,0.0
2007-01-07 05:00:00+00:00,0.0
2007-01-07 06:00:00+00:00,0.0
2007-01-07 07:00:00+00:00,0.0
2007-01-07 08:00:00+00:00,0.0
2007-01-07 09:00:00+00:00,0.0
2007-01-07 10:00:00+00:00,0.0
2007-01-07 11:00:00+00:00,0.0
2007-01-07 12:00:00+00:00,0.0
2007-01-07 13:00:00+00:00,0.0
2007-01-07 14:00:00+00:00,0.003005225
2007-01-07 15:00:00+00:00,0.006821396800000001
2007-01-07 16:00:00+00:00,0.017908768999999998
2007-01-07 17:00:00+00:00,0.017106265
2007-01-07 18:00:00+00:00,0.060998388
2007-01-07 19:00:00+00:00,0.07275564
2007-01-07 20:00:00+00:00,0.056184597
2007-01-07 21:00:00+00:00,0.012082416
2007-01-07 22:00:00+00:00,0.0007749126
2007-01-07 23:00:00+00:00,0.0
2007-01-08 00:00:00+00:00,0.0
2007-01-08 01:00:00+00:00,0.0
2007-01-08 02:00:00+00:00,0.0
2007-01-08 03:00:00+00:00,0.0
2007-01-08 04:00:00+00:00,0.0
2007-01-08 05:00:00+00:00,0.0
2007-01-08 06:00:00+00:00,0.0
2007-01-08 07:00:00+00:00,0.0
2007-01-08 08:00:00+00:00,0.0
2007-01-08 09:00:00+00:00,0.0
2007-01-08 10:00:00+00:00,0.0
2007-01-08 11:00:00+00:00,0.0
2007-01-08 12:00:00+00:00,0.0
2007-01-08 13:00:00+00:00,0.0
2007-01-08 14:00:00+00:00,0.11329387
2007-01-08 15:00:00+00:00,0.41105223
2007-01-08 16:00:00+00:00,0.53206104
2007-01-08 17:00:00+00:00,0.4776799
2007-01-08 18:00:00+00:00,0.4583208
2007-01-08 19:00:00+00:00,0.49591655
2007-01-08 20:00:00+00:00,0.5397687
2007-01-08 21:00:00+00:00,0.47923434
2007-01-08 22:00:00+00:00,0.13431476
2007-01-08 23:00:00+00:00,0.0
2007-01-09 00:00:00+00:00,0.0
2007-01-09 01:00:00+00:00,0.0
2007-01-09 02:00:00+00:00,0.0
2007-01-09 03:00:00+00:00,0.0
2007-01-09 04:00:00+00:00,0.0
2007-01-09 05:00:00+00:00,0.0
2007-01-09 06:00:00+00:00,0.0
2007-01-09 07:00:00+00:00,0.0
2007-01-09 08:00:00+00:00,0.0
2007-01-09 09:00:00+00:00,0.0
2007-01-09 10:00:00+00:00,0.0
2007-01-09 11:00:00+00:00,0.0
2007-01-09 12:00:00+00:00,0.0
2007-01-09 13:00:00+00:00,0.0
2007-01-09 14:00:00+00:00,0.027273899
2007-01-09 15:00:00+00:00,0.21373515
2007-01-09 16:00:00+00:00,0.21041679999999996
2007-01-09 17:00:00+00:00,0.31235677
2007-01-09 18:00:00+00:00,0.12116665
2007-01-09 19:00:00+00:00,0.41440606
2007-01-09 20:00:00+00:00,0.15125994
2007-01-09 21:00:00+00:00,0.14911
2007-01-09 22:00:00+00:00,0.13444585
2007-01-09 23:00:00+00:00,0.0
2007-01-10 00:00:00+00:00,0.0
2007-01-10 01:00:00+00:00,0.0
2007-01-10 02:00:00+00:00,0.0
2007-01-10 03:00:00+00:00,0.0
2007-01-10 04:00:00+00:00,0.0
2007-01-10 05:00:00+00:00,0.0
2007-01-10 06:00:00+00:00,0.0
2007-01-10 07:00:00+00:00,0.0
2007-01-10 08:00:00+00:00,0.0
2007-01-10 09:00:00+00:00,0.0
2007-01-10 10:00:00+00:00,0.0
2007-01-10 11:00:00+00:00,0.0
2007-01-10 12:00:00+00:00,0.0
2007-01-10 13:00:00+00:00,0.0
2007-01-10 14:00:00+00:00,0.31208779999999997
2007-01-10 15:00:00+00:00,0.54315805
2007-01-10 16:00:00+00:00,0.522787
2007-01-10 17:00:00+00:00,0.4692872
2007-01-10 18:00:00+00:00,0.4492259
2007-01-10 19:00:00+00:00,0.48174912
2007-01-10 20:00:00+00:00,0.5240176
2007-01-10 21:00:00+00:00,0.46247548
2007-01-10 22:00:00+00:00,0.14315881
2007-01-10 23:00:00+00:00,0.0
2007-01-11 00:00:00+00:00,0.0
2007-01-11 01:00:00+00:00,0.0
2007-01-11 02:00:00+00:00,0.0
2007-01-11 03:00:00+00:00,0.0
2007-01-11 04:00:00+00:00,0.0
2007-01-11 05:00:00+00:00,0.0
2007-01-11 06:00:00+00:00,0.0
2007-01-11 07:00:00+00:00,0.0
2007-01-11 08:00:00+00:00,0.0
2007-01-11 09:00:00+00:00,0.0
2007-01-11 10:00:00+00:00,0.0
2007-01-11 11:00:00+00:00,0.0
2007-01-11 12:00:00+00:00,0.0
2007-01-11 13:00:00+00:00,0.0
2007-01-11 14:00:00+00:00,0.16561596
2007-01-11 15:00:00+00:00,0.35869583
2007-01-11 16:00:00+00:00,0.35449448
2007-01-11 17:00:00+00:00,0.34965226
2007-01-11 18:00:00+00:00,0.29454159999999996
2007-01-11 19:00:00+00:00,0.3114882
2007-01-11 20:00:00+00:00,0.33257976
2007-01-11 21:00:00+00:00,0.2450578
2007-01-11 22:00:00+00:00,0.07449961
2007-01-11 23:00:00+00:00,0.0
2007-01-12 00:00:00+00:00,0.0
2007-01-12 01:00:00+00:00,0.0
2007-01-12 02:00:00+00:00,0.0
2007-01-12 03:00:00+00:00,0.0
2007-01-12 04:00:00+00:00,0.0
2007-01-12 05:00:00+00:00,0.0
2007-01-12 06:00:00+00:00,0.0
2007-01-12 07:00:00+00:00,0.0
2007-01-12 08:00:00+00:00,0.0
2007-01-12 09:00:00+00:00,0.0
2007-01-12 10:00:00+00:00,0.0
2007-01-12 11:00:00+00:00,0.0
2007-01-12 12:00:00+00:00,0.0
2007-01-12 13:00:00+00:00,0.0
2007-01-12 14:00:00+00:00,0.0019572107000000003
2007-01-12 15:00:00+00:00,0.01218563
2007-01-12 16:00:00+00:00,0.018171893
2007-01-12 17:00:00+00:00,0.07828699
2007-01-12 18:00:00+00:00,0.16430528
2007-01-12 19:00:00+00:00,0.09351145
2007-01-12 20:00:00+00:00,0.12415924
2007-01-12 21:00:00+00:00,0.045415338
2007-01-12 22:00:00+00:00,0.008294603000000001
2007-01-12 23:00:00+00:00,0.0
2007-01-13 00:00:00+00:00,0.0
2007-01-13 01:00:00+00:00,0.0
2007-01-13 02:00:00+00:00,0.0
2007-01-13 03:00:00+00:00,0.0
2007-01-13 04:00:00+00:00,0.0
2007-01-13 05:00:00+00:00,0.0
2007-01-13 06:00:00+00:00,0.0
2007-01-13 07:00:00+00:00,0.0
2007-01-13 08:00:00+00:00,0.0
2007-01-13 09:00:00+00:00,0.0
2007-01-13 10:00:00+00:00,0.0
2007-01-13 11:00:00+00:00,0.0
2007-01-13 12:00:00+00:00,0.0
2007-01-13 13:00:00+00:00,0.0
2007-01-13 14:00:00+00:00,0.04092034
2007-01-13 15:00:00+00:00,0.0055300426
2007-01-13 16:00:00+00:00,0.017883262
2007-01-13 17:00:00+00:00,0.039305568
2007-01-13 18:00:00+00:00,0.057360873
2007-01-13 19:00:00+00:00,0.04591424
2007-01-13 20:00:00+00:00,0.06495581
2007-01-13 21:00:00+00:00,0.0316987
2007-01-13 22:00:00+00:00,0.008715641
2007-01-13 23:00:00+00:00,0.0
2007-01-14 00:00:00+00:00,0.0
2007-01-14 01:00:00+00:00,0.0
2007-01-14 02:00:00+00:00,0.0
2007-01-14 03:00:00+00:00,0.0
2007-01-14 04:00:00+00:00,0.0
2007-01-14 05:00:00+00:00,0.0
2007-01-14 06:00:00+00:00,0.0
2007-01-14 07:00:00+00:00,0.0
2007-01-14 08:00:00+00:00,0.0
2007-01-14 09:00:00+00:00,0.0
2007-01-14 10:00:00+00:00,0.0
2007-01-14 11:00:00+00:00,0.0
2007-01-14 12:00:00+00:00,0.0
2007-01-14 13:00:00+00:00,0.0
2007-01-14 14:00:00+00:00,0.0053966064
2007-01-14 15:00:00+00:00,0.030411453999999997
2007-01-14 16:00:00+00:00,0.02917074
2007-01-14 17:00:00+00:00,0.025463247999999997
2007-01-14 18:00:00+00:00,0.02769228
2007-01-14 19:00:00+00:00,0.08168039
2007-01-14 20:00:00+00:00,0.07140443
2007-01-14 21:00:00+00:00,0.040921517000000004
2007-01-14 22:00:00+00:00,0.012050406999999999
2007-01-14 23:00:00+00:00,0.0
2007-01-15 00:00:00+00:00,0.0
2007-01-15 01:00:00+00:00,0.0
2007-01-15 02:00:00+00:00,0.0
2007-01-15 03:00:00+00:00,0.0
2007-01-15 04:00:00+00:00,0.0
2007-01-15 05:00:00+00:00,0.0
2007-01-15 06:00:00+00:00,0.0
2007-01-15 07:00:00+00:00,0.0
2007-01-15 08:00:00+00:00,0.0
2007-01-15 09:00:00+00:00,0.0
2007-01-15 10:00:00+00:00,0.0
2007-01-15 11:00:00+00:00,0.0
2007-01-15 12:00:00+00:00,0.0
2007-01-15 13:00:00+00:00,0.0
2007-01-15 14:00:00+00:00,0.006226430600000001
2007-01-15 15:00:00+00:00,0.0130900545
2007-01-15 16:00:00+00:00,0.030855035
2007-01-15 17:00:00+00:00,0.027447397000000002
2007-01-15 18:00:00+00:00,0.032598734
2007-01-15 19:00:00+00:00,0.04517591
2007-01-15 20:00:00+00:00,0.005149202
2007-01-15 21:00:00+00:00,0.027110757000000003
2007-01-15 22:00:00+00:00,0.0044980925
2007-01-15 23:00:00+00:00,0.0
2007-01-16 00:00:00+00:00,0.0
2007-01-16 01:00:00+00:00,0.0
2007-01-16 02:00:00+00:00,0.0
2007-01-16 03:00:00+00:00,0.0
2007-01-16 04:00:00+00:00,0.0
2007-01-16 05:00:00+00:00,0.0
2007-01-16 06:00:00+00:00,0.0
2007-01-16 07:00:00+00:00,0.0
2007-01-16 08:00:00+00:00,0.0
2007-01-16 09:00:00+00:00,0.0
2007-01-16 10:00:00+00:00,0.0
2007-01-16 11:00:00+00:00,0.0
2007-01-16 12:00:00+00:00,0.0
2007-01-16 13:00:00+00:00,0.0
2007-01-16 14:00:00+00:00,0.00039904462999999996
2007-01-16 15:00:00+00:00,0.0034203825
2007-01-16 16:00:00+00:00,0.058920715
2007-01-16 17:00:00+00:00,0.0795519
2007-01-16 18:00:00+00:00,0.053218465
2007-01-16 19:00:00+00:00,0.08323967
2007-01-16 20:00:00+00:00,0.03395545
2007-01-16 21:00:00+00:00,0.08018818
2007-01-16 22:00:00+00:00,0.022934983
2007-01-16 23:00:00+00:00,0.0
2007-01-17 00:00:00+00:00,0.0
2007-01-17 01:00:00+00:00,0.0
2007-01-17 02:00:00+00:00,0.0
2007-01-17 03:00:00+00:00,0.0
2007-01-17 04:00:00+00:00,0.0
2007-01-17 05:00:00+00:00,0.0
2007-01-17 06:00:00+00:00,0.0
2007-01-17 07:00:00+00:00,0.0
2007-01-17 08:00:00+00:00,0.0
2007-01-17 09:00:00+00:00,0.0
2007-01-17 10:00:00+00:00,0.0
2007-01-17 11:00:00+00:00,0.0
2007-01-17 12:00:00+00:00,0.0
2007-01-17 13:00:00+00:00,0.0
2007-01-17 14:00:00+00:00,0.35022790000000004
2007-01-17 15:00:00+00:00,0.5914361
2007-01-17 16:00:00+00:00,0.55696166
2007-01-17 17:00:00+00:00,0.45712072
2007-01-17 18:00:00+00:00,0.44796735
2007-01-17 19:00:00+00:00,0.5300975
2007-01-17 20:00:00+00:00,0.5790338
2007-01-17 21:00:00+00:00,0.554238
2007-01-17 22:00:00+00:00,0.20681107
2007-01-17 23:00:00+00:00,0.0
2007-01-18 00:00:00+00:00,0.0
2007-01-18 01:00:00+00:00,0.0
2007-01-18 02:00:00+00:00,0.0
2007-01-18 03:00:00+00:00,0.0
2007-01-18 04:00:00+00:00,0.0
2007-01-18 05:00:00+00:00,0.0
2007-01-18 06:00:00+00:00,0.0
2007-01-18 07:00:00+00:00,0.0
2007-01-18 08:00:00+00:00,0.0
2007-01-18 09:00:00+00:00,0.0
2007-01-18 10:00:00+00:00,0.0
2007-01-18 11:00:00+00:00,0.0
2007-01-18 12:00:00+00:00,0.0
2007-01-18 13:00:00+00:00,0.0
2007-01-18 14:00:00+00:00,0.030370394
2007-01-18 15:00:00+00:00,0.033887763
2007-01-18 16:00:00+00:00,0.12690821
2007-01-18 17:00:00+00:00,0.11301680000000001
2007-01-18 18:00:00+00:00,0.08903294
2007-01-18 19:00:00+00:00,0.04436425
2007-01-18 20:00:00+00:00,0.07876035
2007-01-18 21:00:00+00:00,0.09959811
2007-01-18 22:00:00+00:00,0.046562335999999996
2007-01-18 23:00:00+00:00,0.0
2007-01-19 00:00:00+00:00,0.0
2007-01-19 01:00:00+00:00,0.0
2007-01-19 02:00:00+00:00,0.0
2007-01-19 03:00:00+00:00,0.0
2007-01-19 04:00:00+00:00,0.0
2007-01-19 05:00:00+00:00,0.0
2007-01-19 06:00:00+00:00,0.0
2007-01-19 07:00:00+00:00,0.0
2007-01-19 08:00:00+00:00,0.0
2007-01-19 09:00:00+00:00,0.0
2007-01-19 10:00:00+00:00,0.0
2007-01-19 11:00:00+00:00,0.0
2007-01-19 12:00:00+00:00,0.0
2007-01-19 13:00:00+00:00,0.0
2007-01-19 14:00:00+00:00,0.004543643
2007-01-19 15:00:00+00:00,0.17263834
2007-01-19 16:00:00+00:00,0.55356795
2007-01-19 17:00:00+00:00,0.5094805
2007-01-19 18:00:00+00:00,0.48857227
2007-01-19 19:00:00+00:00,0.52120787
2007-01-19 20:00:00+00:00,0.5676711
2007-01-19 21:00:00+00:00,0.5310385
2007-01-19 22:00:00+00:00,0.20572739999999998
2007-01-19 23:00:00+00:00,0.0
2007-01-20 00:00:00+00:00,0.0
2007-01-20 01:00:00+00:00,0.0
2007-01-20 02:00:00+00:00,0.0
2007-01-20 03:00:00+00:00,0.0
2007-01-20 04:00:00+00:00,0.0
2007-01-20 05:00:00+00:00,0.0
2007-01-20 06:00:00+00:00,0.0
2007-01-20 07:00:00+00:00,0.0
2007-01-20 08:00:00+00:00,0.0
2007-01-20 09:00:00+00:00,0.0
2007-01-20 10:00:00+00:00,0.0
2007-01-20 11:00:00+00:00,0.0
2007-01-20 12:00:00+00:00,0.0
2007-01-20 13:00:00+00:00,0.0
2007-01-20 14:00:00+00:00,0.3426595
2007-01-20 15:00:00+00:00,0.57658535
2007-01-20 16:00:00+00:00,0.5586379
2007-01-20 17:00:00+00:00,0.50682455
2007-01-20 18:00:00+00:00,0.48514318
2007-01-20 19:00:00+00:00,0.5121302
2007-01-20 20:00:00+00:00,0.54727167
2007-01-20 21:00:00+00:00,0.49423668
2007-01-20 22:00:00+00:00,0.20256054
2007-01-20 23:00:00+00:00,0.0
2007-01-21 00:00:00+00:00,0.0
2007-01-21 01:00:00+00:00,0.0
2007-01-21 02:00:00+00:00,0.0
2007-01-21 03:00:00+00:00,0.0
2007-01-21 04:00:00+00:00,0.0
2007-01-21 05:00:00+00:00,0.0
2007-01-21 06:00:00+00:00,0.0
2007-01-21 07:00:00+00:00,0.0
2007-01-21 08:00:00+00:00,0.0
2007-01-21 09:00:00+00:00,0.0
2007-01-21 10:00:00+00:00,0.0
2007-01-21 11:00:00+00:00,0.0
2007-01-21 12:00:00+00:00,0.0
2007-01-21 13:00:00+00:00,0.0
2007-01-21 14:00:00+00:00,0.028291525
2007-01-21 15:00:00+00:00,0.040791098
2007-01-21 16:00:00+00:00,0.07689469
2007-01-21 17:00:00+00:00,0.044606477
2007-01-21 18:00:00+00:00,0.07250675
2007-01-21 19:00:00+00:00,0.105759345
2007-01-21 20:00:00+00:00,0.36273727
2007-01-21 21:00:00+00:00,0.03933944
2007-01-21 22:00:00+00:00,0.16914913
2007-01-21 23:00:00+00:00,0.0
2007-01-22 00:00:00+00:00,0.0
2007-01-22 01:00:00+00:00,0.0
2007-01-22 02:00:00+00:00,0.0
2007-01-22 03:00:00+00:00,0.0
2007-01-22 04:00:00+00:00,0.0
2007-01-22 05:00:00+00:00,0.0
2007-01-22 06:00:00+00:00,0.0
2007-01-22 07:00:00+00:00,0.0
2007-01-22 08:00:00+00:00,0.0
2007-01-22 09:00:00+00:00,0.0
2007-01-22 10:00:00+00:00,0.0
2007-01-22 11:00:00+00:00,0.0
2007-01-22 12:00:00+00:00,0.0
2007-01-22 13:00:00+00:00,0.0
2007-01-22 14:00:00+00:00,0.0094744805
2007-01-22 15:00:00+00:00,0.03556968
2007-01-22 16:00:00+00:00,0.058391217
2007-01-22 17:00:00+00:00,0.058914635
2007-01-22 18:00:00+00:00,0.060041077000000005
2007-01-22 19:00:00+00:00,0.06885276
2007-01-22 20:00:00+00:00,0.023021298
2007-01-22 21:00:00+00:00,0.013645583999999999
2007-01-22 22:00:00+00:00,0.17794038
2007-01-22 23:00:00+00:00,0.0
2007-01-23 00:00:00+00:00,0.0
2007-01-23 01:00:00+00:00,0.0
2007-01-23 02:00:00+00:00,0.0
2007-01-23 03:00:00+00:00,0.0
2007-01-23 04:00:00+00:00,0.0
2007-01-23 05:00:00+00:00,0.0
2007-01-23 06:00:00+00:00,0.0
2007-01-23 07:00:00+00:00,0.0
2007-01-23 08:00:00+00:00,0.0
2007-01-23 09:00:00+00:00,0.0
2007-01-23 10:00:00+00:00,0.0
2007-01-23 11:00:00+00:00,0.0
2007-01-23 12:00:00+00:00,0.0
2007-01-23 13:00:00+00:00,0.0
2007-01-23 14:00:00+00:00,0.014047037
2007-01-23 15:00:00+00:00,0.038026635
2007-01-23 16:00:00+00:00,0.07186721
2007-01-23 17:00:00+00:00,0.10566863
2007-01-23 18:00:00+00:00,0.11885523
2007-01-23 19:00:00+00:00,0.15513648
2007-01-23 20:00:00+00:00,0.13980241
2007-01-23 21:00:00+00:00,0.52996975
2007-01-23 22:00:00+00:00,0.21919439999999998
2007-01-23 23:00:00+00:00,0.0
2007-01-24 00:00:00+00:00,0.0
2007-01-24 01:00:00+00:00,0.0
2007-01-24 02:00:00+00:00,0.0
2007-01-24 03:00:00+00:00,0.0
2007-01-24 04:00:00+00:00,0.0
2007-01-24 05:00:00+00:00,0.0
2007-01-24 06:00:00+00:00,0.0
2007-01-24 07:00:00+00:00,0.0
2007-01-24 08:00:00+00:00,0.0
2007-01-24 09:00:00+00:00,0.0
2007-01-24 10:00:00+00:00,0.0
2007-01-24 11:00:00+00:00,0.0
2007-01-24 12:00:00+00:00,0.0
2007-01-24 13:00:00+00:00,0.0
2007-01-24 14:00:00+00:00,0.31641686
2007-01-24 15:00:00+00:00,0.035847545
2007-01-24 16:00:00+00:00,0.08284027
2007-01-24 17:00:00+00:00,0.09329083
2007-01-24 18:00:00+00:00,0.079308406
2007-01-24 19:00:00+00:00,0.060909443
2007-01-24 20:00:00+00:00,0.13057142
2007-01-24 21:00:00+00:00,0.52481264
2007-01-24 22:00:00+00:00,0.22258504
2007-01-24 23:00:00+00:00,0.0
2007-01-25 00:00:00+00:00,0.0
2007-01-25 01:00:00+00:00,0.0
2007-01-25 02:00:00+00:00,0.0
2007-01-25 03:00:00+00:00,0.0
2007-01-25 04:00:00+00:00,0.0
2007-01-25 05:00:00+00:00,0.0
2007-01-25 06:00:00+00:00,0.0
2007-01-25 07:00:00+00:00,0.0
2007-01-25 08:00:00+00:00,0.0
2007-01-25 09:00:00+00:00,0.0
2007-01-25 10:00:00+00:00,0.0
2007-01-25 11:00:00+00:00,0.0
2007-01-25 12:00:00+00:00,0.0
2007-01-25 13:00:00+00:00,0.0
2007-01-25 14:00:00+00:00,0.053571655999999995
2007-01-25 15:00:00+00:00,0.37883544
2007-01-25 16:00:00+00:00,0.20256235
2007-01-25 17:00:00+00:00,0.28261486
2007-01-25 18:00:00+00:00,0.29726714
2007-01-25 19:00:00+00:00,0.31454715
2007-01-25 20:00:00+00:00,0.58752894
2007-01-25 21:00:00+00:00,0.55504906
2007-01-25 22:00:00+00:00,0.2448768
2007-01-25 23:00:00+00:00,0.0
2007-01-26 00:00:00+00:00,0.0
2007-01-26 01:00:00+00:00,0.0
2007-01-26 02:00:00+00:00,0.0
2007-01-26 03:00:00+00:00,0.0
2007-01-26 04:00:00+00:00,0.0
2007-01-26 05:00:00+00:00,0.0
2007-01-26 06:00:00+00:00,0.0
2007-01-26 07:00:00+00:00,0.0
2007-01-26 08:00:00+00:00,0.0
2007-01-26 09:00:00+00:00,0.0
2007-01-26 10:00:00+00:00,0.0
2007-01-26 11:00:00+00:00,0.0
2007-01-26 12:00:00+00:00,0.0
2007-01-26 13:00:00+00:00,0.0
2007-01-26 14:00:00+00:00,0.3532487
2007-01-26 15:00:00+00:00,0.56597567
2007-01-26 16:00:00+00:00,0.5620043
2007-01-26 17:00:00+00:00,0.51695454
2007-01-26 18:00:00+00:00,0.49639776
2007-01-26 19:00:00+00:00,0.5255615
2007-01-26 20:00:00+00:00,0.57083696
2007-01-26 21:00:00+00:00,0.5477111
2007-01-26 22:00:00+00:00,0.25505456
2007-01-26 23:00:00+00:00,0.0
2007-01-27 00:00:00+00:00,0.0
2007-01-27 01:00:00+00:00,0.0
2007-01-27 02:00:00+00:00,0.0
2007-01-27 03:00:00+00:00,0.0
2007-01-27 04:00:00+00:00,0.0
2007-01-27 05:00:00+00:00,0.0
2007-01-27 06:00:00+00:00,0.0
2007-01-27 07:00:00+00:00,0.0
2007-01-27 08:00:00+00:00,0.0
2007-01-27 09:00:00+00:00,0.0
2007-01-27 10:00:00+00:00,0.0
2007-01-27 11:00:00+00:00,0.0
2007-01-27 12:00:00+00:00,0.0
2007-01-27 13:00:00+00:00,0.0
2007-01-27 14:00:00+00:00,0.3388136
2007-01-27 15:00:00+00:00,0.5543481
2007-01-27 16:00:00+00:00,0.54570305
2007-01-27 17:00:00+00:00,0.5002554
2007-01-27 18:00:00+00:00,0.47983095
2007-01-27 19:00:00+00:00,0.33706808
2007-01-27 20:00:00+00:00,0.101170436
2007-01-27 21:00:00+00:00,0.0398169
2007-01-27 22:00:00+00:00,0.011216075
2007-01-27 23:00:00+00:00,0.0
2007-01-28 00:00:00+00:00,0.0
2007-01-28 01:00:00+00:00,0.0
2007-01-28 02:00:00+00:00,0.0
2007-01-28 03:00:00+00:00,0.0
2007-01-28 04:00:00+00:00,0.0
2007-01-28 05:00:00+00:00,0.0
2007-01-28 06:00:00+00:00,0.0
2007-01-28 07:00:00+00:00,0.0
2007-01-28 08:00:00+00:00,0.0
2007-01-28 09:00:00+00:00,0.0
2007-01-28 10:00:00+00:00,0.0
2007-01-28 11:00:00+00:00,0.0
2007-01-28 12:00:00+00:00,0.0
2007-01-28 13:00:00+00:00,0.0
2007-01-28 14:00:00+00:00,0.023465387999999997
2007-01-28 15:00:00+00:00,0.30862105
2007-01-28 16:00:00+00:00,0.17611575
2007-01-28 17:00:00+00:00,0.32463238
2007-01-28 18:00:00+00:00,0.32454178
2007-01-28 19:00:00+00:00,0.18561234
2007-01-28 20:00:00+00:00,0.12638015
2007-01-28 21:00:00+00:00,0.084700264
2007-01-28 22:00:00+00:00,0.011678481000000001
2007-01-28 23:00:00+00:00,0.0
2007-01-29 00:00:00+00:00,0.0
2007-01-29 01:00:00+00:00,0.0
2007-01-29 02:00:00+00:00,0.0
2007-01-29 03:00:00+00:00,0.0
2007-01-29 04:00:00+00:00,0.0
2007-01-29 05:00:00+00:00,0.0
2007-01-29 06:00:00+00:00,0.0
2007-01-29 07:00:00+00:00,0.0
2007-01-29 08:00:00+00:00,0.0
2007-01-29 09:00:00+00:00,0.0
2007-01-29 10:00:00+00:00,0.0
2007-01-29 11:00:00+00:00,0.0
2007-01-29 12:00:00+00:00,0.0
2007-01-29 13:00:00+00:00,0.0
2007-01-29 14:00:00+00:00,0.38848984
2007-01-29 15:00:00+00:00,0.6099996
2007-01-29 16:00:00+00:00,0.6020683000000001
2007-01-29 17:00:00+00:00,0.27966440000000004
2007-01-29 18:00:00+00:00,0.21873684
2007-01-29 19:00:00+00:00,0.18063457
2007-01-29 20:00:00+00:00,0.1334525
2007-01-29 21:00:00+00:00,0.16207741
2007-01-29 22:00:00+00:00,0.079883575
2007-01-29 23:00:00+00:00,0.0
2007-01-30 00:00:00+00:00,0.0
2007-01-30 01:00:00+00:00,0.0
2007-01-30 02:00:00+00:00,0.0
2007-01-30 03:00:00+00:00,0.0
2007-01-30 04:00:00+00:00,0.0
2007-01-30 05:00:00+00:00,0.0
2007-01-30 06:00:00+00:00,0.0
2007-01-30 07:00:00+00:00,0.0
2007-01-30 08:00:00+00:00,0.0
2007-01-30 09:00:00+00:00,0.0
2007-01-30 10:00:00+00:00,0.0
2007-01-30 11:00:00+00:00,0.0
2007-01-30 12:00:00+00:00,0.0
2007-01-30 13:00:00+00:00,0.0
2007-01-30 14:00:00+00:00,0.026382456000000002
2007-01-30 15:00:00+00:00,0.3519236
2007-01-30 16:00:00+00:00,0.3726541
2007-01-30 17:00:00+00:00,0.5373439999999999
2007-01-30 18:00:00+00:00,0.47716278
2007-01-30 19:00:00+00:00,0.40843594
2007-01-30 20:00:00+00:00,0.35860682
2007-01-30 21:00:00+00:00,0.23707489999999998
2007-01-30 22:00:00+00:00,0.103325225
2007-01-30 23:00:00+00:00,0.0
2007-01-31 00:00:00+00:00,0.0
2007-01-31 01:00:00+00:00,0.0
2007-01-31 02:00:00+00:00,0.0
2007-01-31 03:00:00+00:00,0.0
2007-01-31 04:00:00+00:00,0.0
2007-01-31 05:00:00+00:00,0.0
2007-01-31 06:00:00+00:00,0.0
2007-01-31 07:00:00+00:00,0.0
2007-01-31 08:00:00+00:00,0.0
2007-01-31 09:00:00+00:00,0.0
2007-01-31 10:00:00+00:00,0.0
2007-01-31 11:00:00+00:00,0.0
2007-01-31 12:00:00+00:00,0.0
2007-01-31 13:00:00+00:00,0.0
2007-01-31 14:00:00+00:00,0.4025936
2007-01-31 15:00:00+00:00,0.61091447
2007-01-31 16:00:00+00:00,0.6046566999999999
2007-01-31 17:00:00+00:00,0.43804035
2007-01-31 18:00:00+00:00,0.44261682
2007-01-31 19:00:00+00:00,0.44273028
2007-01-31 20:00:00+00:00,0.39313203
2007-01-31 21:00:00+00:00,0.27113557
2007-01-31 22:00:00+00:00,0.13202715
2007-01-31 23:00:00+00:00,0.0
2007-02-01 00:00:00+00:00,0.0
2007-02-01 01:00:00+00:00,0.0
2007-02-01 02:00:00+00:00,0.0
2007-02-01 03:00:00+00:00,0.0
2007-02-01 04:00:00+00:00,0.0
2007-02-01 05:00:00+00:00,0.0
2007-02-01 06:00:00+00:00,0.0
2007-02-01 07:00:00+00:00,0.0
2007-02-01 08:00:00+00:00,0.0
2007-02-01 09:00:00+00:00,0.0
2007-02-01 10:00:00+00:00,0.0
2007-02-01 11:00:00+00:00,0.0
2007-02-01 12:00:00+00:00,0.0
2007-02-01 13:00:00+00:00,0.0
2007-02-01 14:00:00+00:00,0.0061990498
2007-02-01 15:00:00+00:00,0.032546345
2007-02-01 16:00:00+00:00,0.052367244
2007-02-01 17:00:00+00:00,0.10290471
2007-02-01 18:00:00+00:00,0.08490318
2007-02-01 19:00:00+00:00,0.11550759
2007-02-01 20:00:00+00:00,0.10680350000000001
2007-02-01 21:00:00+00:00,0.05055841
2007-02-01 22:00:00+00:00,0.14834177
2007-02-01 23:00:00+00:00,0.0
2007-02-02 00:00:00+00:00,0.0
2007-02-02 01:00:00+00:00,0.0
2007-02-02 02:00:00+00:00,0.0
2007-02-02 03:00:00+00:00,0.0
2007-02-02 04:00:00+00:00,0.0
2007-02-02 05:00:00+00:00,0.0
2007-02-02 06:00:00+00:00,0.0
2007-02-02 07:00:00+00:00,0.0
2007-02-02 08:00:00+00:00,0.0
2007-02-02 09:00:00+00:00,0.0
2007-02-02 10:00:00+00:00,0.0
2007-02-02 11:00:00+00:00,0.0
2007-02-02 12:00:00+00:00,0.0
2007-02-02 13:00:00+00:00,0.0
2007-02-02 14:00:00+00:00,0.02202033
2007-02-02 15:00:00+00:00,0.035510372000000005
2007-02-02 16:00:00+00:00,0.100227974
2007-02-02 17:00:00+00:00,0.17768697
2007-02-02 18:00:00+00:00,0.14609839
2007-02-02 19:00:00+00:00,0.23390895
2007-02-02 20:00:00+00:00,0.17461878
2007-02-02 21:00:00+00:00,0.07287284
2007-02-02 22:00:00+00:00,0.28675756
2007-02-02 23:00:00+00:00,0.0
2007-02-03 00:00:00+00:00,0.0
2007-02-03 01:00:00+00:00,0.0
2007-02-03 02:00:00+00:00,0.0
2007-02-03 03:00:00+00:00,0.0
2007-02-03 04:00:00+00:00,0.0
2007-02-03 05:00:00+00:00,0.0
2007-02-03 06:00:00+00:00,0.0
2007-02-03 07:00:00+00:00,0.0
2007-02-03 08:00:00+00:00,0.0
2007-02-03 09:00:00+00:00,0.0
2007-02-03 10:00:00+00:00,0.0
2007-02-03 11:00:00+00:00,0.0
2007-02-03 12:00:00+00:00,0.0
2007-02-03 13:00:00+00:00,0.0
2007-02-03 14:00:00+00:00,0.45556965
2007-02-03 15:00:00+00:00,0.66834843
2007-02-03 16:00:00+00:00,0.65620095
2007-02-03 17:00:00+00:00,0.60272044
2007-02-03 18:00:00+00:00,0.57374454
2007-02-03 19:00:00+00:00,0.32745776
2007-02-03 20:00:00+00:00,0.6417354999999999
2007-02-03 21:00:00+00:00,0.6240919
2007-02-03 22:00:00+00:00,0.33845875
2007-02-03 23:00:00+00:00,0.0
2007-02-04 00:00:00+00:00,0.0
2007-02-04 01:00:00+00:00,0.0
2007-02-04 02:00:00+00:00,0.0
2007-02-04 03:00:00+00:00,0.0
2007-02-04 04:00:00+00:00,0.0
2007-02-04 05:00:00+00:00,0.0
2007-02-04 06:00:00+00:00,0.0
2007-02-04 07:00:00+00:00,0.0
2007-02-04 08:00:00+00:00,0.0
2007-02-04 09:00:00+00:00,0.0
2007-02-04 10:00:00+00:00,0.0
2007-02-04 11:00:00+00:00,0.0
2007-02-04 12:00:00+00:00,0.0
2007-02-04 13:00:00+00:00,0.0
2007-02-04 14:00:00+00:00,0.48009807
2007-02-04 15:00:00+00:00,0.69593143
2007-02-04 16:00:00+00:00,0.6799606
2007-02-04 17:00:00+00:00,0.62497634
2007-02-04 18:00:00+00:00,0.60136425
2007-02-04 19:00:00+00:00,0.63002
2007-02-04 20:00:00+00:00,0.6704304
2007-02-04 21:00:00+00:00,0.6468625
2007-02-04 22:00:00+00:00,0.34671983
2007-02-04 23:00:00+00:00,0.0
2007-02-05 00:00:00+00:00,0.0
2007-02-05 01:00:00+00:00,0.0
2007-02-05 02:00:00+00:00,0.0
2007-02-05 03:00:00+00:00,0.0
2007-02-05 04:00:00+00:00,0.0
2007-02-05 05:00:00+00:00,0.0
2007-02-05 06:00:00+00:00,0.0
2007-02-05 07:00:00+00:00,0.0
2007-02-05 08:00:00+00:00,0.0
2007-02-05 09:00:00+00:00,0.0
2007-02-05 10:00:00+00:00,0.0
2007-02-05 11:00:00+00:00,0.0
2007-02-05 12:00:00+00:00,0.0
2007-02-05 13:00:00+00:00,0.0009887744000000001
2007-02-05 14:00:00+00:00,0.48758852
2007-02-05 15:00:00+00:00,0.6918479999999999
2007-02-05 16:00:00+00:00,0.66997457
2007-02-05 17:00:00+00:00,0.62137437
2007-02-05 18:00:00+00:00,0.5967276999999999
2007-02-05 19:00:00+00:00,0.62400585
2007-02-05 20:00:00+00:00,0.6615536
2007-02-05 21:00:00+00:00,0.28398186
2007-02-05 22:00:00+00:00,0.22179966
2007-02-05 23:00:00+00:00,0.0
2007-02-06 00:00:00+00:00,0.0
2007-02-06 01:00:00+00:00,0.0
2007-02-06 02:00:00+00:00,0.0
2007-02-06 03:00:00+00:00,0.0
2007-02-06 04:00:00+00:00,0.0
2007-02-06 05:00:00+00:00,0.0
2007-02-06 06:00:00+00:00,0.0
2007-02-06 07:00:00+00:00,0.0
2007-02-06 08:00:00+00:00,0.0
2007-02-06 09:00:00+00:00,0.0
2007-02-06 10:00:00+00:00,0.0
2007-02-06 11:00:00+00:00,0.0
2007-02-06 12:00:00+00:00,0.0
2007-02-06 13:00:00+00:00,0.0033058259999999996
2007-02-06 14:00:00+00:00,0.056939684000000004
2007-02-06 15:00:00+00:00,0.10342033
2007-02-06 16:00:00+00:00,0.12451071
2007-02-06 17:00:00+00:00,0.5599611999999999
2007-02-06 18:00:00+00:00,0.19230351
2007-02-06 19:00:00+00:00,0.10256171
2007-02-06 20:00:00+00:00,0.08306183
2007-02-06 21:00:00+00:00,0.044008665
2007-02-06 22:00:00+00:00,0.011875146000000001
2007-02-06 23:00:00+00:00,0.0
2007-02-07 00:00:00+00:00,0.0
2007-02-07 01:00:00+00:00,0.0
2007-02-07 02:00:00+00:00,0.0
2007-02-07 03:00:00+00:00,0.0
2007-02-07 04:00:00+00:00,0.0
2007-02-07 05:00:00+00:00,0.0
2007-02-07 06:00:00+00:00,0.0
2007-02-07 07:00:00+00:00,0.0
2007-02-07 08:00:00+00:00,0.0
2007-02-07 09:00:00+00:00,0.0
2007-02-07 10:00:00+00:00,0.0
2007-02-07 11:00:00+00:00,0.0
2007-02-07 12:00:00+00:00,0.0
2007-02-07 13:00:00+00:00,3.4067136e-05
2007-02-07 14:00:00+00:00,0.069516
2007-02-07 15:00:00+00:00,0.30740270000000003
2007-02-07 16:00:00+00:00,0.45838907
2007-02-07 17:00:00+00:00,0.4519308
2007-02-07 18:00:00+00:00,0.46019909999999997
2007-02-07 19:00:00+00:00,0.42234609999999995
2007-02-07 20:00:00+00:00,0.49046728
2007-02-07 21:00:00+00:00,0.41756105
2007-02-07 22:00:00+00:00,0.041590616000000004
2007-02-07 23:00:00+00:00,0.0
2007-02-08 00:00:00+00:00,0.0
2007-02-08 01:00:00+00:00,0.0
2007-02-08 02:00:00+00:00,0.0
2007-02-08 03:00:00+00:00,0.0
2007-02-08 04:00:00+00:00,0.0
2007-02-08 05:00:00+00:00,0.0
2007-02-08 06:00:00+00:00,0.0
2007-02-08 07:00:00+00:00,0.0
2007-02-08 08:00:00+00:00,0.0
2007-02-08 09:00:00+00:00,0.0
2007-02-08 10:00:00+00:00,0.0
2007-02-08 11:00:00+00:00,0.0
2007-02-08 12:00:00+00:00,0.0
2007-02-08 13:00:00+00:00,0.047248285
2007-02-08 14:00:00+00:00,0.48759764
2007-02-08 15:00:00+00:00,0.6702328000000001
2007-02-08 16:00:00+00:00,0.6591333
2007-02-08 17:00:00+00:00,0.614306
2007-02-08 18:00:00+00:00,0.5894455
2007-02-08 19:00:00+00:00,0.6136796999999999
2007-02-08 20:00:00+00:00,0.652465
2007-02-08 21:00:00+00:00,0.63790286
2007-02-08 22:00:00+00:00,0.38121682
2007-02-08 23:00:00+00:00,0.0
2007-02-09 00:00:00+00:00,0.0
2007-02-09 01:00:00+00:00,0.0
2007-02-09 02:00:00+00:00,0.0
2007-02-09 03:00:00+00:00,0.0
2007-02-09 04:00:00+00:00,0.0
2007-02-09 05:00:00+00:00,0.0
2007-02-09 06:00:00+00:00,0.0
2007-02-09 07:00:00+00:00,0.0
2007-02-09 08:00:00+00:00,0.0
2007-02-09 09:00:00+00:00,0.0
2007-02-09 10:00:00+00:00,0.0
2007-02-09 11:00:00+00:00,0.0
2007-02-09 12:00:00+00:00,0.0
2007-02-09 13:00:00+00:00,0.028106302000000003
2007-02-09 14:00:00+00:00,0.40115613
2007-02-09 15:00:00+00:00,0.31583983
2007-02-09 16:00:00+00:00,0.61987805
2007-02-09 17:00:00+00:00,0.5907208
2007-02-09 18:00:00+00:00,0.5740430000000001
2007-02-09 19:00:00+00:00,0.598661
2007-02-09 20:00:00+00:00,0.6293094
2007-02-09 21:00:00+00:00,0.6080441
2007-02-09 22:00:00+00:00,0.35921603
2007-02-09 23:00:00+00:00,0.0
2007-02-10 00:00:00+00:00,0.0
2007-02-10 01:00:00+00:00,0.0
2007-02-10 02:00:00+00:00,0.0
2007-02-10 03:00:00+00:00,0.0
2007-02-10 04:00:00+00:00,0.0
2007-02-10 05:00:00+00:00,0.0
2007-02-10 06:00:00+00:00,0.0
2007-02-10 07:00:00+00:00,0.0
2007-02-10 08:00:00+00:00,0.0
2007-02-10 09:00:00+00:00,0.0
2007-02-10 10:00:00+00:00,0.0
2007-02-10 11:00:00+00:00,0.0
2007-02-10 12:00:00+00:00,0.0
2007-02-10 13:00:00+00:00,0.07178714
2007-02-10 14:00:00+00:00,0.48920074
2007-02-10 15:00:00+00:00,0.6631180999999999
2007-02-10 16:00:00+00:00,0.6444713000000001
2007-02-10 17:00:00+00:00,0.60502106
2007-02-10 18:00:00+00:00,0.58178943
2007-02-10 19:00:00+00:00,0.6066556
2007-02-10 20:00:00+00:00,0.6483539
2007-02-10 21:00:00+00:00,0.63849163
2007-02-10 22:00:00+00:00,0.38852385
2007-02-10 23:00:00+00:00,0.0
2007-02-11 00:00:00+00:00,0.0
2007-02-11 01:00:00+00:00,0.0
2007-02-11 02:00:00+00:00,0.0
2007-02-11 03:00:00+00:00,0.0
2007-02-11 04:00:00+00:00,0.0
2007-02-11 05:00:00+00:00,0.0
2007-02-11 06:00:00+00:00,0.0
2007-02-11 07:00:00+00:00,0.0
2007-02-11 08:00:00+00:00,0.0
2007-02-11 09:00:00+00:00,0.0
2007-02-11 10:00:00+00:00,0.0
2007-02-11 11:00:00+00:00,0.0
2007-02-11 12:00:00+00:00,0.0
2007-02-11 13:00:00+00:00,0.0020740589
2007-02-11 14:00:00+00:00,0.04692524
2007-02-11 15:00:00+00:00,0.10488099999999999
2007-02-11 16:00:00+00:00,0.15922843
2007-02-11 17:00:00+00:00,0.20305462
2007-02-11 18:00:00+00:00,0.20359714
2007-02-11 19:00:00+00:00,0.24095467
2007-02-11 20:00:00+00:00,0.17238629
2007-02-11 21:00:00+00:00,0.18488917
2007-02-11 22:00:00+00:00,0.1924806
2007-02-11 23:00:00+00:00,0.0
2007-02-12 00:00:00+00:00,0.0
2007-02-12 01:00:00+00:00,0.0
2007-02-12 02:00:00+00:00,0.0
2007-02-12 03:00:00+00:00,0.0
2007-02-12 04:00:00+00:00,0.0
2007-02-12 05:00:00+00:00,0.0
2007-02-12 06:00:00+00:00,0.0
2007-02-12 07:00:00+00:00,0.0
2007-02-12 08:00:00+00:00,0.0
2007-02-12 09:00:00+00:00,0.0
2007-02-12 10:00:00+00:00,0.0
2007-02-12 11:00:00+00:00,0.0
2007-02-12 12:00:00+00:00,0.0
2007-02-12 13:00:00+00:00,0.0009152404400000001
2007-02-12 14:00:00+00:00,0.019781108999999998
2007-02-12 15:00:00+00:00,0.10711596
2007-02-12 16:00:00+00:00,0.10220289
2007-02-12 17:00:00+00:00,0.14104408
2007-02-12 18:00:00+00:00,0.0393784
2007-02-12 19:00:00+00:00,0.08375914
2007-02-12 20:00:00+00:00,0.04670408
2007-02-12 21:00:00+00:00,0.03362486
2007-02-12 22:00:00+00:00,0.06327986
2007-02-12 23:00:00+00:00,0.0
2007-02-13 00:00:00+00:00,0.0
2007-02-13 01:00:00+00:00,0.0
2007-02-13 02:00:00+00:00,0.0
2007-02-13 03:00:00+00:00,0.0
2007-02-13 04:00:00+00:00,0.0
2007-02-13 05:00:00+00:00,0.0
2007-02-13 06:00:00+00:00,0.0
2007-02-13 07:00:00+00:00,0.0
2007-02-13 08:00:00+00:00,0.0
2007-02-13 09:00:00+00:00,0.0
2007-02-13 10:00:00+00:00,0.0
2007-02-13 11:00:00+00:00,0.0
2007-02-13 12:00:00+00:00,0.0
2007-02-13 13:00:00+00:00,9.966468500000001e-05
2007-02-13 14:00:00+00:00,0.023064567
2007-02-13 15:00:00+00:00,0.034681857
2007-02-13 16:00:00+00:00,0.06854265
2007-02-13 17:00:00+00:00,0.106892645
2007-02-13 18:00:00+00:00,0.14804527
2007-02-13 19:00:00+00:00,0.10414229
2007-02-13 20:00:00+00:00,0.06067035
2007-02-13 21:00:00+00:00,0.041740835
2007-02-13 22:00:00+00:00,0.00997226
2007-02-13 23:00:00+00:00,0.0
2007-02-14 00:00:00+00:00,0.0
2007-02-14 01:00:00+00:00,0.0
2007-02-14 02:00:00+00:00,0.0
2007-02-14 03:00:00+00:00,0.0
2007-02-14 04:00:00+00:00,0.0
2007-02-14 05:00:00+00:00,0.0
2007-02-14 06:00:00+00:00,0.0
2007-02-14 07:00:00+00:00,0.0
2007-02-14 08:00:00+00:00,0.0
2007-02-14 09:00:00+00:00,0.0
2007-02-14 10:00:00+00:00,0.0
2007-02-14 11:00:00+00:00,0.0
2007-02-14 12:00:00+00:00,0.0
2007-02-14 13:00:00+00:00,0.008810304
2007-02-14 14:00:00+00:00,0.20229182
2007-02-14 15:00:00+00:00,0.39578804
2007-02-14 16:00:00+00:00,0.3522493
2007-02-14 17:00:00+00:00,0.5051920999999999
2007-02-14 18:00:00+00:00,0.4420550999999999
2007-02-14 19:00:00+00:00,0.32001740000000006
2007-02-14 20:00:00+00:00,0.3622514
2007-02-14 21:00:00+00:00,0.28096956
2007-02-14 22:00:00+00:00,0.28230983
2007-02-14 23:00:00+00:00,0.0
2007-02-15 00:00:00+00:00,0.0
2007-02-15 01:00:00+00:00,0.0
2007-02-15 02:00:00+00:00,0.0
2007-02-15 03:00:00+00:00,0.0
2007-02-15 04:00:00+00:00,0.0
2007-02-15 05:00:00+00:00,0.0
2007-02-15 06:00:00+00:00,0.0
2007-02-15 07:00:00+00:00,0.0
2007-02-15 08:00:00+00:00,0.0
2007-02-15 09:00:00+00:00,0.0
2007-02-15 10:00:00+00:00,0.0
2007-02-15 11:00:00+00:00,0.0
2007-02-15 12:00:00+00:00,0.0
2007-02-15 13:00:00+00:00,0.11764102
2007-02-15 14:00:00+00:00,0.5057550000000001
2007-02-15 15:00:00+00:00,0.6313032
2007-02-15 16:00:00+00:00,0.6324491999999999
2007-02-15 17:00:00+00:00,0.49640587
2007-02-15 18:00:00+00:00,0.3966852
2007-02-15 19:00:00+00:00,0.39901868
2007-02-15 20:00:00+00:00,0.30929
2007-02-15 21:00:00+00:00,0.16906838
2007-02-15 22:00:00+00:00,0.10411278
2007-02-15 23:00:00+00:00,0.0
2007-02-16 00:00:00+00:00,0.0
2007-02-16 01:00:00+00:00,0.0
2007-02-16 02:00:00+00:00,0.0
2007-02-16 03:00:00+00:00,0.0
2007-02-16 04:00:00+00:00,0.0
2007-02-16 05:00:00+00:00,0.0
2007-02-16 06:00:00+00:00,0.0
2007-02-16 07:00:00+00:00,0.0
2007-02-16 08:00:00+00:00,0.0
2007-02-16 09:00:00+00:00,0.0
2007-02-16 10:00:00+00:00,0.0
2007-02-16 11:00:00+00:00,0.0
2007-02-16 12:00:00+00:00,0.0
2007-02-16 13:00:00+00:00,0.14254978
2007-02-16 14:00:00+00:00,0.57339615
2007-02-16 15:00:00+00:00,0.7078551
2007-02-16 16:00:00+00:00,0.6868350000000001
2007-02-16 17:00:00+00:00,0.6437455
2007-02-16 18:00:00+00:00,0.62027997
2007-02-16 19:00:00+00:00,0.6421578
2007-02-16 20:00:00+00:00,0.6769252
2007-02-16 21:00:00+00:00,0.67824596
2007-02-16 22:00:00+00:00,0.45296490000000006
2007-02-16 23:00:00+00:00,0.0
2007-02-17 00:00:00+00:00,0.0
2007-02-17 01:00:00+00:00,0.0
2007-02-17 02:00:00+00:00,0.0
2007-02-17 03:00:00+00:00,0.0
2007-02-17 04:00:00+00:00,0.0
2007-02-17 05:00:00+00:00,0.0
2007-02-17 06:00:00+00:00,0.0
2007-02-17 07:00:00+00:00,0.0
2007-02-17 08:00:00+00:00,0.0
2007-02-17 09:00:00+00:00,0.0
2007-02-17 10:00:00+00:00,0.0
2007-02-17 11:00:00+00:00,0.0
2007-02-17 12:00:00+00:00,0.0
2007-02-17 13:00:00+00:00,0.004532862
2007-02-17 14:00:00+00:00,0.015890753
2007-02-17 15:00:00+00:00,0.14045027
2007-02-17 16:00:00+00:00,0.08982189
2007-02-17 17:00:00+00:00,0.13098057
2007-02-17 18:00:00+00:00,0.1482886
2007-02-17 19:00:00+00:00,0.101321556
2007-02-17 20:00:00+00:00,0.04714279
2007-02-17 21:00:00+00:00,0.061715852
2007-02-17 22:00:00+00:00,0.021203196
2007-02-17 23:00:00+00:00,0.0
2007-02-18 00:00:00+00:00,0.0
2007-02-18 01:00:00+00:00,0.0
2007-02-18 02:00:00+00:00,0.0
2007-02-18 03:00:00+00:00,0.0
2007-02-18 04:00:00+00:00,0.0
2007-02-18 05:00:00+00:00,0.0
2007-02-18 06:00:00+00:00,0.0
2007-02-18 07:00:00+00:00,0.0
2007-02-18 08:00:00+00:00,0.0
2007-02-18 09:00:00+00:00,0.0
2007-02-18 10:00:00+00:00,0.0
2007-02-18 11:00:00+00:00,0.0
2007-02-18 12:00:00+00:00,0.0
2007-02-18 13:00:00+00:00,0.12254788
2007-02-18 14:00:00+00:00,0.43956664
2007-02-18 15:00:00+00:00,0.64718676
2007-02-18 16:00:00+00:00,0.60241795
2007-02-18 17:00:00+00:00,0.27261874
2007-02-18 18:00:00+00:00,0.41685513
2007-02-18 19:00:00+00:00,0.43133956
2007-02-18 20:00:00+00:00,0.3967671
2007-02-18 21:00:00+00:00,0.24107836
2007-02-18 22:00:00+00:00,0.42455444
2007-02-18 23:00:00+00:00,0.021265548
2007-02-19 00:00:00+00:00,0.0
2007-02-19 01:00:00+00:00,0.0
2007-02-19 02:00:00+00:00,0.0
2007-02-19 03:00:00+00:00,0.0
2007-02-19 04:00:00+00:00,0.0
2007-02-19 05:00:00+00:00,0.0
2007-02-19 06:00:00+00:00,0.0
2007-02-19 07:00:00+00:00,0.0
2007-02-19 08:00:00+00:00,0.0
2007-02-19 09:00:00+00:00,0.0
2007-02-19 10:00:00+00:00,0.0
2007-02-19 11:00:00+00:00,0.0
2007-02-19 12:00:00+00:00,0.0
2007-02-19 13:00:00+00:00,0.1509199
2007-02-19 14:00:00+00:00,0.54897165
2007-02-19 15:00:00+00:00,0.5182985
2007-02-19 16:00:00+00:00,0.36958465
2007-02-19 17:00:00+00:00,0.6359823
2007-02-19 18:00:00+00:00,0.55072176
2007-02-19 19:00:00+00:00,0.5078208
2007-02-19 20:00:00+00:00,0.45835940000000003
2007-02-19 21:00:00+00:00,0.46276754
2007-02-19 22:00:00+00:00,0.12833972
2007-02-19 23:00:00+00:00,0.005660758399999999
2007-02-20 00:00:00+00:00,0.0
2007-02-20 01:00:00+00:00,0.0
2007-02-20 02:00:00+00:00,0.0
2007-02-20 03:00:00+00:00,0.0
2007-02-20 04:00:00+00:00,0.0
2007-02-20 05:00:00+00:00,0.0
2007-02-20 06:00:00+00:00,0.0
2007-02-20 07:00:00+00:00,0.0
2007-02-20 08:00:00+00:00,0.0
2007-02-20 09:00:00+00:00,0.0
2007-02-20 10:00:00+00:00,0.0
2007-02-20 11:00:00+00:00,0.0
2007-02-20 12:00:00+00:00,0.0
2007-02-20 13:00:00+00:00,0.029217068
2007-02-20 14:00:00+00:00,0.39568272
2007-02-20 15:00:00+00:00,0.52198064
2007-02-20 16:00:00+00:00,0.103534795
2007-02-20 17:00:00+00:00,0.3038088
2007-02-20 18:00:00+00:00,0.26324815
2007-02-20 19:00:00+00:00,0.15506212
2007-02-20 20:00:00+00:00,0.06424959
2007-02-20 21:00:00+00:00,0.07339182
2007-02-20 22:00:00+00:00,0.021035883999999998
2007-02-20 23:00:00+00:00,4.1450716e-05
2007-02-21 00:00:00+00:00,0.0
2007-02-21 01:00:00+00:00,0.0
2007-02-21 02:00:00+00:00,0.0
2007-02-21 03:00:00+00:00,0.0
2007-02-21 04:00:00+00:00,0.0
2007-02-21 05:00:00+00:00,0.0
2007-02-21 06:00:00+00:00,0.0
2007-02-21 07:00:00+00:00,0.0
2007-02-21 08:00:00+00:00,0.0
2007-02-21 09:00:00+00:00,0.0
2007-02-21 10:00:00+00:00,0.0
2007-02-21 11:00:00+00:00,0.0
2007-02-21 12:00:00+00:00,0.0
2007-02-21 13:00:00+00:00,0.074810006
2007-02-21 14:00:00+00:00,0.096035935
2007-02-21 15:00:00+00:00,0.14235634
2007-02-21 16:00:00+00:00,0.14829078
2007-02-21 17:00:00+00:00,0.20045133
2007-02-21 18:00:00+00:00,0.16505799999999998
2007-02-21 19:00:00+00:00,0.18641065
2007-02-21 20:00:00+00:00,0.09227926
2007-02-21 21:00:00+00:00,0.27212963
2007-02-21 22:00:00+00:00,0.36153334
2007-02-21 23:00:00+00:00,0.0423664
2007-02-22 00:00:00+00:00,0.0
2007-02-22 01:00:00+00:00,0.0
2007-02-22 02:00:00+00:00,0.0
2007-02-22 03:00:00+00:00,0.0
2007-02-22 04:00:00+00:00,0.0
2007-02-22 05:00:00+00:00,0.0
2007-02-22 06:00:00+00:00,0.0
2007-02-22 07:00:00+00:00,0.0
2007-02-22 08:00:00+00:00,0.0
2007-02-22 09:00:00+00:00,0.0
2007-02-22 10:00:00+00:00,0.0
2007-02-22 11:00:00+00:00,0.0
2007-02-22 12:00:00+00:00,0.0
2007-02-22 13:00:00+00:00,0.18224001
2007-02-22 14:00:00+00:00,0.58319247
2007-02-22 15:00:00+00:00,0.6899446
2007-02-22 16:00:00+00:00,0.66763616
2007-02-22 17:00:00+00:00,0.6335816999999999
2007-02-22 18:00:00+00:00,0.6168779000000001
2007-02-22 19:00:00+00:00,0.63754076
2007-02-22 20:00:00+00:00,0.67198026
2007-02-22 21:00:00+00:00,0.6597998
2007-02-22 22:00:00+00:00,0.46776503
2007-02-22 23:00:00+00:00,0.07137842
2007-02-23 00:00:00+00:00,0.0
2007-02-23 01:00:00+00:00,0.0
2007-02-23 02:00:00+00:00,0.0
2007-02-23 03:00:00+00:00,0.0
2007-02-23 04:00:00+00:00,0.0
2007-02-23 05:00:00+00:00,0.0
2007-02-23 06:00:00+00:00,0.0
2007-02-23 07:00:00+00:00,0.0
2007-02-23 08:00:00+00:00,0.0
2007-02-23 09:00:00+00:00,0.0
2007-02-23 10:00:00+00:00,0.0
2007-02-23 11:00:00+00:00,0.0
2007-02-23 12:00:00+00:00,0.0
2007-02-23 13:00:00+00:00,0.18978103
2007-02-23 14:00:00+00:00,0.58117586
2007-02-23 15:00:00+00:00,0.6796964
2007-02-23 16:00:00+00:00,0.6598590999999999
2007-02-23 17:00:00+00:00,0.6194403
2007-02-23 18:00:00+00:00,0.6015781
2007-02-23 19:00:00+00:00,0.6188547
2007-02-23 20:00:00+00:00,0.6443175999999999
2007-02-23 21:00:00+00:00,0.6305663
2007-02-23 22:00:00+00:00,0.4537428
2007-02-23 23:00:00+00:00,0.07761647599999999
2007-02-24 00:00:00+00:00,0.0
2007-02-24 01:00:00+00:00,0.0
2007-02-24 02:00:00+00:00,0.0
2007-02-24 03:00:00+00:00,0.0
2007-02-24 04:00:00+00:00,0.0
2007-02-24 05:00:00+00:00,0.0
2007-02-24 06:00:00+00:00,0.0
2007-02-24 07:00:00+00:00,0.0
2007-02-24 08:00:00+00:00,0.0
2007-02-24 09:00:00+00:00,0.0
2007-02-24 10:00:00+00:00,0.0
2007-02-24 11:00:00+00:00,0.0
2007-02-24 12:00:00+00:00,0.0
2007-02-24 13:00:00+00:00,0.032120034
2007-02-24 14:00:00+00:00,0.06937826400000001
2007-02-24 15:00:00+00:00,0.30101067
2007-02-24 16:00:00+00:00,0.45608246
2007-02-24 17:00:00+00:00,0.3070974
2007-02-24 18:00:00+00:00,0.25350586
2007-02-24 19:00:00+00:00,0.114466816
2007-02-24 20:00:00+00:00,0.045668095
2007-02-24 21:00:00+00:00,0.013762342
2007-02-24 22:00:00+00:00,0.01868167
2007-02-24 23:00:00+00:00,0.00034602667
2007-02-25 00:00:00+00:00,0.0
2007-02-25 01:00:00+00:00,0.0
2007-02-25 02:00:00+00:00,0.0
2007-02-25 03:00:00+00:00,0.0
2007-02-25 04:00:00+00:00,0.0
2007-02-25 05:00:00+00:00,0.0
2007-02-25 06:00:00+00:00,0.0
2007-02-25 07:00:00+00:00,0.0
2007-02-25 08:00:00+00:00,0.0
2007-02-25 09:00:00+00:00,0.0
2007-02-25 10:00:00+00:00,0.0
2007-02-25 11:00:00+00:00,0.0
2007-02-25 12:00:00+00:00,0.0
2007-02-25 13:00:00+00:00,0.15535113
2007-02-25 14:00:00+00:00,0.4962868
2007-02-25 15:00:00+00:00,0.4375923
2007-02-25 16:00:00+00:00,0.10596135
2007-02-25 17:00:00+00:00,0.07500794
2007-02-25 18:00:00+00:00,0.06576592
2007-02-25 19:00:00+00:00,0.0760115
2007-02-25 20:00:00+00:00,0.038960102999999996
2007-02-25 21:00:00+00:00,0.024486851
2007-02-25 22:00:00+00:00,0.012623816000000001
2007-02-25 23:00:00+00:00,0.0026231692
2007-02-26 00:00:00+00:00,0.0
2007-02-26 01:00:00+00:00,0.0
2007-02-26 02:00:00+00:00,0.0
2007-02-26 03:00:00+00:00,0.0
2007-02-26 04:00:00+00:00,0.0
2007-02-26 05:00:00+00:00,0.0
2007-02-26 06:00:00+00:00,0.0
2007-02-26 07:00:00+00:00,0.0
2007-02-26 08:00:00+00:00,0.0
2007-02-26 09:00:00+00:00,0.0
2007-02-26 10:00:00+00:00,0.0
2007-02-26 11:00:00+00:00,0.0
2007-02-26 12:00:00+00:00,0.0
2007-02-26 13:00:00+00:00,0.024058454
2007-02-26 14:00:00+00:00,0.052624106
2007-02-26 15:00:00+00:00,0.3938304
2007-02-26 16:00:00+00:00,0.42061538
2007-02-26 17:00:00+00:00,0.4455697
2007-02-26 18:00:00+00:00,0.45716166
2007-02-26 19:00:00+00:00,0.46092463
2007-02-26 20:00:00+00:00,0.59928197
2007-02-26 21:00:00+00:00,0.42526004
2007-02-26 22:00:00+00:00,0.0258387
2007-02-26 23:00:00+00:00,0.001933684
2007-02-27 00:00:00+00:00,0.0
2007-02-27 01:00:00+00:00,0.0
2007-02-27 02:00:00+00:00,0.0
2007-02-27 03:00:00+00:00,0.0
2007-02-27 04:00:00+00:00,0.0
2007-02-27 05:00:00+00:00,0.0
2007-02-27 06:00:00+00:00,0.0
2007-02-27 07:00:00+00:00,0.0
2007-02-27 08:00:00+00:00,0.0
2007-02-27 09:00:00+00:00,0.0
2007-02-27 10:00:00+00:00,0.0
2007-02-27 11:00:00+00:00,0.0
2007-02-27 12:00:00+00:00,0.0
2007-02-27 13:00:00+00:00,0.19921711
2007-02-27 14:00:00+00:00,0.41088417
2007-02-27 15:00:00+00:00,0.65968895
2007-02-27 16:00:00+00:00,0.65282065
2007-02-27 17:00:00+00:00,0.6277045
2007-02-27 18:00:00+00:00,0.61582536
2007-02-27 19:00:00+00:00,0.5194156
2007-02-27 20:00:00+00:00,0.6519468
2007-02-27 21:00:00+00:00,0.6157945
2007-02-27 22:00:00+00:00,0.4187866
2007-02-27 23:00:00+00:00,0.082415745
2007-02-28 00:00:00+00:00,0.0
2007-02-28 01:00:00+00:00,0.0
2007-02-28 02:00:00+00:00,0.0
2007-02-28 03:00:00+00:00,0.0
2007-02-28 04:00:00+00:00,0.0
2007-02-28 05:00:00+00:00,0.0
2007-02-28 06:00:00+00:00,0.0
2007-02-28 07:00:00+00:00,0.0
2007-02-28 08:00:00+00:00,0.0
2007-02-28 09:00:00+00:00,0.0
2007-02-28 10:00:00+00:00,0.0
2007-02-28 11:00:00+00:00,0.0
2007-02-28 12:00:00+00:00,0.0
2007-02-28 13:00:00+00:00,0.19495277
2007-02-28 14:00:00+00:00,0.56633985
2007-02-28 15:00:00+00:00,0.16769914
2007-02-28 16:00:00+00:00,0.04587067
2007-02-28 17:00:00+00:00,0.48042503
2007-02-28 18:00:00+00:00,0.23192558
2007-02-28 19:00:00+00:00,0.5186430000000001
2007-02-28 20:00:00+00:00,0.44461513
2007-02-28 21:00:00+00:00,0.28150159999999996
2007-02-28 22:00:00+00:00,0.19914858
2007-02-28 23:00:00+00:00,0.028846728
2007-03-01 00:00:00+00:00,0.0
2007-03-01 01:00:00+00:00,0.0
2007-03-01 02:00:00+00:00,0.0
2007-03-01 03:00:00+00:00,0.0
2007-03-01 04:00:00+00:00,0.0
2007-03-01 05:00:00+00:00,0.0
2007-03-01 06:00:00+00:00,0.0
2007-03-01 07:00:00+00:00,0.0
2007-03-01 08:00:00+00:00,0.0
2007-03-01 09:00:00+00:00,0.0
2007-03-01 10:00:00+00:00,0.0
2007-03-01 11:00:00+00:00,0.0
2007-03-01 12:00:00+00:00,0.0
2007-03-01 13:00:00+00:00,0.012866053999999998
2007-03-01 14:00:00+00:00,0.009693366
2007-03-01 15:00:00+00:00,0.023137743
2007-03-01 16:00:00+00:00,0.036380965
2007-03-01 17:00:00+00:00,0.049519636
2007-03-01 18:00:00+00:00,0.035718900000000005
2007-03-01 19:00:00+00:00,0.05814375
2007-03-01 20:00:00+00:00,0.04975244
2007-03-01 21:00:00+00:00,0.033873327
2007-03-01 22:00:00+00:00,0.024421777999999998
2007-03-01 23:00:00+00:00,0.00045993754999999997
2007-03-02 00:00:00+00:00,0.0
2007-03-02 01:00:00+00:00,0.0
2007-03-02 02:00:00+00:00,0.0
2007-03-02 03:00:00+00:00,0.0
2007-03-02 04:00:00+00:00,0.0
2007-03-02 05:00:00+00:00,0.0
2007-03-02 06:00:00+00:00,0.0
2007-03-02 07:00:00+00:00,0.0
2007-03-02 08:00:00+00:00,0.0
2007-03-02 09:00:00+00:00,0.0
2007-03-02 10:00:00+00:00,0.0
2007-03-02 11:00:00+00:00,0.0
2007-03-02 12:00:00+00:00,0.0
2007-03-02 13:00:00+00:00,0.26405632
2007-03-02 14:00:00+00:00,0.66430503
2007-03-02 15:00:00+00:00,0.7132049
2007-03-02 16:00:00+00:00,0.6907977
2007-03-02 17:00:00+00:00,0.65713257
2007-03-02 18:00:00+00:00,0.41992828
2007-03-02 19:00:00+00:00,0.27332097
2007-03-02 20:00:00+00:00,0.23449339
2007-03-02 21:00:00+00:00,0.21344781
2007-03-02 22:00:00+00:00,0.10719431
2007-03-02 23:00:00+00:00,0.062467072
2007-03-03 00:00:00+00:00,0.0
2007-03-03 01:00:00+00:00,0.0
2007-03-03 02:00:00+00:00,0.0
2007-03-03 03:00:00+00:00,0.0
2007-03-03 04:00:00+00:00,0.0
2007-03-03 05:00:00+00:00,0.0
2007-03-03 06:00:00+00:00,0.0
2007-03-03 07:00:00+00:00,0.0
2007-03-03 08:00:00+00:00,0.0
2007-03-03 09:00:00+00:00,0.0
2007-03-03 10:00:00+00:00,0.0
2007-03-03 11:00:00+00:00,0.0
2007-03-03 12:00:00+00:00,0.0
2007-03-03 13:00:00+00:00,0.25667682
2007-03-03 14:00:00+00:00,0.6340015
2007-03-03 15:00:00+00:00,0.3251373
2007-03-03 16:00:00+00:00,0.26983029999999997
2007-03-03 17:00:00+00:00,0.16728528
2007-03-03 18:00:00+00:00,0.27501678
2007-03-03 19:00:00+00:00,0.27504116
2007-03-03 20:00:00+00:00,0.3032579
2007-03-03 21:00:00+00:00,0.20112392
2007-03-03 22:00:00+00:00,0.42557615
2007-03-03 23:00:00+00:00,0.13209763
2007-03-04 00:00:00+00:00,0.0
2007-03-04 01:00:00+00:00,0.0
2007-03-04 02:00:00+00:00,0.0
2007-03-04 03:00:00+00:00,0.0
2007-03-04 04:00:00+00:00,0.0
2007-03-04 05:00:00+00:00,0.0
2007-03-04 06:00:00+00:00,0.0
2007-03-04 07:00:00+00:00,0.0
2007-03-04 08:00:00+00:00,0.0
2007-03-04 09:00:00+00:00,0.0
2007-03-04 10:00:00+00:00,0.0
2007-03-04 11:00:00+00:00,0.0
2007-03-04 12:00:00+00:00,0.0
2007-03-04 13:00:00+00:00,0.24870771
2007-03-04 14:00:00+00:00,0.60492986
2007-03-04 15:00:00+00:00,0.40694976
2007-03-04 16:00:00+00:00,0.28128758
2007-03-04 17:00:00+00:00,0.32049015
2007-03-04 18:00:00+00:00,0.23838529
2007-03-04 19:00:00+00:00,0.3380385
2007-03-04 20:00:00+00:00,0.5361373
2007-03-04 21:00:00+00:00,0.70574653
2007-03-04 22:00:00+00:00,0.54815507
2007-03-04 23:00:00+00:00,0.15505551
2007-03-05 00:00:00+00:00,0.0
2007-03-05 01:00:00+00:00,0.0
2007-03-05 02:00:00+00:00,0.0
2007-03-05 03:00:00+00:00,0.0
2007-03-05 04:00:00+00:00,0.0
2007-03-05 05:00:00+00:00,0.0
2007-03-05 06:00:00+00:00,0.0
2007-03-05 07:00:00+00:00,0.0
2007-03-05 08:00:00+00:00,0.0
2007-03-05 09:00:00+00:00,0.0
2007-03-05 10:00:00+00:00,0.0
2007-03-05 11:00:00+00:00,0.0
2007-03-05 12:00:00+00:00,0.0
2007-03-05 13:00:00+00:00,0.29048786
2007-03-05 14:00:00+00:00,0.6593677
2007-03-05 15:00:00+00:00,0.7076494000000001
2007-03-05 16:00:00+00:00,0.6831134
2007-03-05 17:00:00+00:00,0.6475994
2007-03-05 18:00:00+00:00,0.6354993
2007-03-05 19:00:00+00:00,0.6511725
2007-03-05 20:00:00+00:00,0.6743449
2007-03-05 21:00:00+00:00,0.6399166999999999
2007-03-05 22:00:00+00:00,0.48846576
2007-03-05 23:00:00+00:00,0.13027914
2007-03-06 00:00:00+00:00,0.0
2007-03-06 01:00:00+00:00,0.0
2007-03-06 02:00:00+00:00,0.0
2007-03-06 03:00:00+00:00,0.0
2007-03-06 04:00:00+00:00,0.0
2007-03-06 05:00:00+00:00,0.0
2007-03-06 06:00:00+00:00,0.0
2007-03-06 07:00:00+00:00,0.0
2007-03-06 08:00:00+00:00,0.0
2007-03-06 09:00:00+00:00,0.0
2007-03-06 10:00:00+00:00,0.0
2007-03-06 11:00:00+00:00,0.0
2007-03-06 12:00:00+00:00,0.0
2007-03-06 13:00:00+00:00,0.30222625
2007-03-06 14:00:00+00:00,0.66575915
2007-03-06 15:00:00+00:00,0.7208964
2007-03-06 16:00:00+00:00,0.5018477
2007-03-06 17:00:00+00:00,0.5361353
2007-03-06 18:00:00+00:00,0.4806974
2007-03-06 19:00:00+00:00,0.44776413
2007-03-06 20:00:00+00:00,0.59172827
2007-03-06 21:00:00+00:00,0.47061256
2007-03-06 22:00:00+00:00,0.31182924
2007-03-06 23:00:00+00:00,0.077598095
2007-03-07 00:00:00+00:00,0.0
2007-03-07 01:00:00+00:00,0.0
2007-03-07 02:00:00+00:00,0.0
2007-03-07 03:00:00+00:00,0.0
2007-03-07 04:00:00+00:00,0.0
2007-03-07 05:00:00+00:00,0.0
2007-03-07 06:00:00+00:00,0.0
2007-03-07 07:00:00+00:00,0.0
2007-03-07 08:00:00+00:00,0.0
2007-03-07 09:00:00+00:00,0.0
2007-03-07 10:00:00+00:00,0.0
2007-03-07 11:00:00+00:00,0.0
2007-03-07 12:00:00+00:00,0.0
2007-03-07 13:00:00+00:00,0.14167835
2007-03-07 14:00:00+00:00,0.25982997
2007-03-07 15:00:00+00:00,0.25735524
2007-03-07 16:00:00+00:00,0.40770778
2007-03-07 17:00:00+00:00,0.5728934
2007-03-07 18:00:00+00:00,0.52205646
2007-03-07 19:00:00+00:00,0.6169019
2007-03-07 20:00:00+00:00,0.6227881
2007-03-07 21:00:00+00:00,0.58932763
2007-03-07 22:00:00+00:00,0.44337562
2007-03-07 23:00:00+00:00,0.11707578
2007-03-08 00:00:00+00:00,0.0
2007-03-08 01:00:00+00:00,0.0
2007-03-08 02:00:00+00:00,0.0
2007-03-08 03:00:00+00:00,0.0
2007-03-08 04:00:00+00:00,0.0
2007-03-08 05:00:00+00:00,0.0
2007-03-08 06:00:00+00:00,0.0
2007-03-08 07:00:00+00:00,0.0
2007-03-08 08:00:00+00:00,0.0
2007-03-08 09:00:00+00:00,0.0
2007-03-08 10:00:00+00:00,0.0
2007-03-08 11:00:00+00:00,0.0
2007-03-08 12:00:00+00:00,0.0
2007-03-08 13:00:00+00:00,0.30133098
2007-03-08 14:00:00+00:00,0.65995884
2007-03-08 15:00:00+00:00,0.7174778
2007-03-08 16:00:00+00:00,0.69615024
2007-03-08 17:00:00+00:00,0.6661799
2007-03-08 18:00:00+00:00,0.65184313
2007-03-08 19:00:00+00:00,0.66648567
2007-03-08 20:00:00+00:00,0.6918436
2007-03-08 21:00:00+00:00,0.6893352
2007-03-08 22:00:00+00:00,0.5631206999999999
2007-03-08 23:00:00+00:00,0.17934364
2007-03-09 00:00:00+00:00,0.0
2007-03-09 01:00:00+00:00,0.0
2007-03-09 02:00:00+00:00,0.0
2007-03-09 03:00:00+00:00,0.0
2007-03-09 04:00:00+00:00,0.0
2007-03-09 05:00:00+00:00,0.0
2007-03-09 06:00:00+00:00,0.0
2007-03-09 07:00:00+00:00,0.0
2007-03-09 08:00:00+00:00,0.0
2007-03-09 09:00:00+00:00,0.0
2007-03-09 10:00:00+00:00,0.0
2007-03-09 11:00:00+00:00,0.0
2007-03-09 12:00:00+00:00,0.0
2007-03-09 13:00:00+00:00,0.21360804
2007-03-09 14:00:00+00:00,0.5192936
2007-03-09 15:00:00+00:00,0.62336355
2007-03-09 16:00:00+00:00,0.6285607
2007-03-09 17:00:00+00:00,0.6117468
2007-03-09 18:00:00+00:00,0.5985149999999999
2007-03-09 19:00:00+00:00,0.60673726
2007-03-09 20:00:00+00:00,0.6032456
2007-03-09 21:00:00+00:00,0.52864593
2007-03-09 22:00:00+00:00,0.29010075
2007-03-09 23:00:00+00:00,0.06477715
2007-03-10 00:00:00+00:00,0.0
2007-03-10 01:00:00+00:00,0.0
2007-03-10 02:00:00+00:00,0.0
2007-03-10 03:00:00+00:00,0.0
2007-03-10 04:00:00+00:00,0.0
2007-03-10 05:00:00+00:00,0.0
2007-03-10 06:00:00+00:00,0.0
2007-03-10 07:00:00+00:00,0.0
2007-03-10 08:00:00+00:00,0.0
2007-03-10 09:00:00+00:00,0.0
2007-03-10 10:00:00+00:00,0.0
2007-03-10 11:00:00+00:00,0.0
2007-03-10 12:00:00+00:00,0.0
2007-03-10 13:00:00+00:00,0.019978795
2007-03-10 14:00:00+00:00,0.013702546000000001
2007-03-10 15:00:00+00:00,0.031071205
2007-03-10 16:00:00+00:00,0.028770417000000003
2007-03-10 17:00:00+00:00,0.06771773
2007-03-10 18:00:00+00:00,0.20488330000000002
2007-03-10 19:00:00+00:00,0.117323875
2007-03-10 20:00:00+00:00,0.08808716
2007-03-10 21:00:00+00:00,0.1564428
2007-03-10 22:00:00+00:00,0.13062015
2007-03-10 23:00:00+00:00,0.13560726
2007-03-11 00:00:00+00:00,0.0
2007-03-11 01:00:00+00:00,0.0
2007-03-11 02:00:00+00:00,0.0
2007-03-11 03:00:00+00:00,0.0
2007-03-11 04:00:00+00:00,0.0
2007-03-11 05:00:00+00:00,0.0
2007-03-11 06:00:00+00:00,0.0
2007-03-11 07:00:00+00:00,0.0
2007-03-11 08:00:00+00:00,0.0
2007-03-11 09:00:00+00:00,0.0
2007-03-11 10:00:00+00:00,0.0
2007-03-11 11:00:00+00:00,0.0
2007-03-11 12:00:00+00:00,0.0
2007-03-11 13:00:00+00:00,0.34436172
2007-03-11 14:00:00+00:00,0.6864533
2007-03-11 15:00:00+00:00,0.7386534
2007-03-11 16:00:00+00:00,0.7096905
2007-03-11 17:00:00+00:00,0.67852294
2007-03-11 18:00:00+00:00,0.66233504
2007-03-11 19:00:00+00:00,0.6769584
2007-03-11 20:00:00+00:00,0.6397533000000001
2007-03-11 21:00:00+00:00,0.64630234
2007-03-11 22:00:00+00:00,0.52016485
2007-03-11 23:00:00+00:00,0.16904615
2007-03-12 00:00:00+00:00,0.0
2007-03-12 01:00:00+00:00,0.0
2007-03-12 02:00:00+00:00,0.0
2007-03-12 03:00:00+00:00,0.0
2007-03-12 04:00:00+00:00,0.0
2007-03-12 05:00:00+00:00,0.0
2007-03-12 06:00:00+00:00,0.0
2007-03-12 07:00:00+00:00,0.0
2007-03-12 08:00:00+00:00,0.0
2007-03-12 09:00:00+00:00,0.0
2007-03-12 10:00:00+00:00,0.0
2007-03-12 11:00:00+00:00,0.0
2007-03-12 12:00:00+00:00,0.0
2007-03-12 13:00:00+00:00,0.33768842
2007-03-12 14:00:00+00:00,0.60408646
2007-03-12 15:00:00+00:00,0.6275381
2007-03-12 16:00:00+00:00,0.5475715
2007-03-12 17:00:00+00:00,0.43830904
2007-03-12 18:00:00+00:00,0.43664393
2007-03-12 19:00:00+00:00,0.63971555
2007-03-12 20:00:00+00:00,0.6555621
2007-03-12 21:00:00+00:00,0.6423969
2007-03-12 22:00:00+00:00,0.4443005
2007-03-12 23:00:00+00:00,0.15834494
2007-03-13 00:00:00+00:00,0.0
2007-03-13 01:00:00+00:00,0.0
2007-03-13 02:00:00+00:00,0.0
2007-03-13 03:00:00+00:00,0.0
2007-03-13 04:00:00+00:00,0.0
2007-03-13 05:00:00+00:00,0.0
2007-03-13 06:00:00+00:00,0.0
2007-03-13 07:00:00+00:00,0.0
2007-03-13 08:00:00+00:00,0.0
2007-03-13 09:00:00+00:00,0.0
2007-03-13 10:00:00+00:00,0.0
2007-03-13 11:00:00+00:00,0.0
2007-03-13 12:00:00+00:00,0.0
2007-03-13 13:00:00+00:00,0.21010303
2007-03-13 14:00:00+00:00,0.50998944
2007-03-13 15:00:00+00:00,0.6042816999999999
2007-03-13 16:00:00+00:00,0.6173206999999999
2007-03-13 17:00:00+00:00,0.6056545999999999
2007-03-13 18:00:00+00:00,0.49765515
2007-03-13 19:00:00+00:00,0.579908
2007-03-13 20:00:00+00:00,0.6201762
2007-03-13 21:00:00+00:00,0.39823917
2007-03-13 22:00:00+00:00,0.41090479999999996
2007-03-13 23:00:00+00:00,0.10888476
2007-03-14 00:00:00+00:00,0.0
2007-03-14 01:00:00+00:00,0.0
2007-03-14 02:00:00+00:00,0.0
2007-03-14 03:00:00+00:00,0.0
2007-03-14 04:00:00+00:00,0.0
2007-03-14 05:00:00+00:00,0.0
2007-03-14 06:00:00+00:00,0.0
2007-03-14 07:00:00+00:00,0.0
2007-03-14 08:00:00+00:00,0.0
2007-03-14 09:00:00+00:00,0.0
2007-03-14 10:00:00+00:00,0.0
2007-03-14 11:00:00+00:00,0.0
2007-03-14 12:00:00+00:00,0.0
2007-03-14 13:00:00+00:00,0.023359925
2007-03-14 14:00:00+00:00,0.39453572
2007-03-14 15:00:00+00:00,0.35615559999999996
2007-03-14 16:00:00+00:00,0.522329
2007-03-14 17:00:00+00:00,0.27170935
2007-03-14 18:00:00+00:00,0.22458568
2007-03-14 19:00:00+00:00,0.23905693
2007-03-14 20:00:00+00:00,0.065702505
2007-03-14 21:00:00+00:00,0.2967141
2007-03-14 22:00:00+00:00,0.24754703
2007-03-14 23:00:00+00:00,0.026780792999999997
2007-03-15 00:00:00+00:00,0.0
2007-03-15 01:00:00+00:00,0.0
2007-03-15 02:00:00+00:00,0.0
2007-03-15 03:00:00+00:00,0.0
2007-03-15 04:00:00+00:00,0.0
2007-03-15 05:00:00+00:00,0.0
2007-03-15 06:00:00+00:00,0.0
2007-03-15 07:00:00+00:00,0.0
2007-03-15 08:00:00+00:00,0.0
2007-03-15 09:00:00+00:00,0.0
2007-03-15 10:00:00+00:00,0.0
2007-03-15 11:00:00+00:00,0.0
2007-03-15 12:00:00+00:00,0.0
2007-03-15 13:00:00+00:00,0.0069951387
2007-03-15 14:00:00+00:00,0.0133396955
2007-03-15 15:00:00+00:00,0.06569347
2007-03-15 16:00:00+00:00,0.027064052999999998
2007-03-15 17:00:00+00:00,0.08945074
2007-03-15 18:00:00+00:00,0.07541119
2007-03-15 19:00:00+00:00,0.070141025
2007-03-15 20:00:00+00:00,0.05752943
2007-03-15 21:00:00+00:00,0.054364335
2007-03-15 22:00:00+00:00,0.028616332999999997
2007-03-15 23:00:00+00:00,0.00030542392000000004
2007-03-16 00:00:00+00:00,0.0
2007-03-16 01:00:00+00:00,0.0
2007-03-16 02:00:00+00:00,0.0
2007-03-16 03:00:00+00:00,0.0
2007-03-16 04:00:00+00:00,0.0
2007-03-16 05:00:00+00:00,0.0
2007-03-16 06:00:00+00:00,0.0
2007-03-16 07:00:00+00:00,0.0
2007-03-16 08:00:00+00:00,0.0
2007-03-16 09:00:00+00:00,0.0
2007-03-16 10:00:00+00:00,0.0
2007-03-16 11:00:00+00:00,0.0
2007-03-16 12:00:00+00:00,0.0
2007-03-16 13:00:00+00:00,0.018019646
2007-03-16 14:00:00+00:00,0.07613406
2007-03-16 15:00:00+00:00,0.114042304
2007-03-16 16:00:00+00:00,0.13101557
2007-03-16 17:00:00+00:00,0.22661163
2007-03-16 18:00:00+00:00,0.26160583
2007-03-16 19:00:00+00:00,0.29590714
2007-03-16 20:00:00+00:00,0.29227653
2007-03-16 21:00:00+00:00,0.73437184
2007-03-16 22:00:00+00:00,0.6026618
2007-03-16 23:00:00+00:00,0.20043717
2007-03-17 00:00:00+00:00,0.0
2007-03-17 01:00:00+00:00,0.0
2007-03-17 02:00:00+00:00,0.0
2007-03-17 03:00:00+00:00,0.0
2007-03-17 04:00:00+00:00,0.0
2007-03-17 05:00:00+00:00,0.0
2007-03-17 06:00:00+00:00,0.0
2007-03-17 07:00:00+00:00,0.0
2007-03-17 08:00:00+00:00,0.0
2007-03-17 09:00:00+00:00,0.0
2007-03-17 10:00:00+00:00,0.0
2007-03-17 11:00:00+00:00,0.0
2007-03-17 12:00:00+00:00,0.0
2007-03-17 13:00:00+00:00,0.41418558
2007-03-17 14:00:00+00:00,0.7156305000000001
2007-03-17 15:00:00+00:00,0.7544328
2007-03-17 16:00:00+00:00,0.5735939
2007-03-17 17:00:00+00:00,0.61952704
2007-03-17 18:00:00+00:00,0.54873776
2007-03-17 19:00:00+00:00,0.5497707
2007-03-17 20:00:00+00:00,0.7143642
2007-03-17 21:00:00+00:00,0.59493214
2007-03-17 22:00:00+00:00,0.5618858
2007-03-17 23:00:00+00:00,0.22366999
2007-03-18 00:00:00+00:00,0.0
2007-03-18 01:00:00+00:00,0.0
2007-03-18 02:00:00+00:00,0.0
2007-03-18 03:00:00+00:00,0.0
2007-03-18 04:00:00+00:00,0.0
2007-03-18 05:00:00+00:00,0.0
2007-03-18 06:00:00+00:00,0.0
2007-03-18 07:00:00+00:00,0.0
2007-03-18 08:00:00+00:00,0.0
2007-03-18 09:00:00+00:00,0.0
2007-03-18 10:00:00+00:00,0.0
2007-03-18 11:00:00+00:00,0.0
2007-03-18 12:00:00+00:00,0.0
2007-03-18 13:00:00+00:00,0.44138137
2007-03-18 14:00:00+00:00,0.73493123
2007-03-18 15:00:00+00:00,0.7637575
2007-03-18 16:00:00+00:00,0.7389248
2007-03-18 17:00:00+00:00,0.71135366
2007-03-18 18:00:00+00:00,0.69792753
2007-03-18 19:00:00+00:00,0.709108
2007-03-18 20:00:00+00:00,0.7260006999999999
2007-03-18 21:00:00+00:00,0.72037846
2007-03-18 22:00:00+00:00,0.6264272
2007-03-18 23:00:00+00:00,0.23749995
2007-03-19 00:00:00+00:00,0.0
2007-03-19 01:00:00+00:00,0.0
2007-03-19 02:00:00+00:00,0.0
2007-03-19 03:00:00+00:00,0.0
2007-03-19 04:00:00+00:00,0.0
2007-03-19 05:00:00+00:00,0.0
2007-03-19 06:00:00+00:00,0.0
2007-03-19 07:00:00+00:00,0.0
2007-03-19 08:00:00+00:00,0.0
2007-03-19 09:00:00+00:00,0.0
2007-03-19 10:00:00+00:00,0.0
2007-03-19 11:00:00+00:00,0.0
2007-03-19 12:00:00+00:00,0.0
2007-03-19 13:00:00+00:00,0.007473421700000001
2007-03-19 14:00:00+00:00,0.09130705
2007-03-19 15:00:00+00:00,0.11107351
2007-03-19 16:00:00+00:00,0.35546255
2007-03-19 17:00:00+00:00,0.23276626
2007-03-19 18:00:00+00:00,0.13528334
2007-03-19 19:00:00+00:00,0.062156983
2007-03-19 20:00:00+00:00,0.18771329999999997
2007-03-19 21:00:00+00:00,0.033987306
2007-03-19 22:00:00+00:00,0.052617005999999994
2007-03-19 23:00:00+00:00,0.013563391000000001
2007-03-20 00:00:00+00:00,0.0
2007-03-20 01:00:00+00:00,0.0
2007-03-20 02:00:00+00:00,0.0
2007-03-20 03:00:00+00:00,0.0
2007-03-20 04:00:00+00:00,0.0
2007-03-20 05:00:00+00:00,0.0
2007-03-20 06:00:00+00:00,0.0
2007-03-20 07:00:00+00:00,0.0
2007-03-20 08:00:00+00:00,0.0
2007-03-20 09:00:00+00:00,0.0
2007-03-20 10:00:00+00:00,0.0
2007-03-20 11:00:00+00:00,0.0
2007-03-20 12:00:00+00:00,0.0
2007-03-20 13:00:00+00:00,0.01250419
2007-03-20 14:00:00+00:00,0.14087532
2007-03-20 15:00:00+00:00,0.1475595
2007-03-20 16:00:00+00:00,0.17773417
2007-03-20 17:00:00+00:00,0.21884671
2007-03-20 18:00:00+00:00,0.27641293
2007-03-20 19:00:00+00:00,0.21098834
2007-03-20 20:00:00+00:00,0.22784613
2007-03-20 21:00:00+00:00,0.3234994
2007-03-20 22:00:00+00:00,0.27513292
2007-03-20 23:00:00+00:00,0.057990808
2007-03-21 00:00:00+00:00,0.0
2007-03-21 01:00:00+00:00,0.0
2007-03-21 02:00:00+00:00,0.0
2007-03-21 03:00:00+00:00,0.0
2007-03-21 04:00:00+00:00,0.0
2007-03-21 05:00:00+00:00,0.0
2007-03-21 06:00:00+00:00,0.0
2007-03-21 07:00:00+00:00,0.0
2007-03-21 08:00:00+00:00,0.0
2007-03-21 09:00:00+00:00,0.0
2007-03-21 10:00:00+00:00,0.0
2007-03-21 11:00:00+00:00,0.0
2007-03-21 12:00:00+00:00,0.0
2007-03-21 13:00:00+00:00,0.31443259999999995
2007-03-21 14:00:00+00:00,0.4534368
2007-03-21 15:00:00+00:00,0.6153267
2007-03-21 16:00:00+00:00,0.64452344
2007-03-21 17:00:00+00:00,0.6328298000000001
2007-03-21 18:00:00+00:00,0.56895673
2007-03-21 19:00:00+00:00,0.539693
2007-03-21 20:00:00+00:00,0.5075832
2007-03-21 21:00:00+00:00,0.48784077
2007-03-21 22:00:00+00:00,0.29408365
2007-03-21 23:00:00+00:00,0.042741813
2007-03-22 00:00:00+00:00,0.0
2007-03-22 01:00:00+00:00,0.0
2007-03-22 02:00:00+00:00,0.0
2007-03-22 03:00:00+00:00,0.0
2007-03-22 04:00:00+00:00,0.0
2007-03-22 05:00:00+00:00,0.0
2007-03-22 06:00:00+00:00,0.0
2007-03-22 07:00:00+00:00,0.0
2007-03-22 08:00:00+00:00,0.0
2007-03-22 09:00:00+00:00,0.0
2007-03-22 10:00:00+00:00,0.0
2007-03-22 11:00:00+00:00,0.0
2007-03-22 12:00:00+00:00,0.00955071
2007-03-22 13:00:00+00:00,0.34489748
2007-03-22 14:00:00+00:00,0.40658578
2007-03-22 15:00:00+00:00,0.33355463
2007-03-22 16:00:00+00:00,0.14650922
2007-03-22 17:00:00+00:00,0.081331
2007-03-22 18:00:00+00:00,0.07383237
2007-03-22 19:00:00+00:00,0.27738512
2007-03-22 20:00:00+00:00,0.1604026
2007-03-22 21:00:00+00:00,0.36017540000000003
2007-03-22 22:00:00+00:00,0.26195999999999997
2007-03-22 23:00:00+00:00,0.12338679999999999
2007-03-23 00:00:00+00:00,0.0
2007-03-23 01:00:00+00:00,0.0
2007-03-23 02:00:00+00:00,0.0
2007-03-23 03:00:00+00:00,0.0
2007-03-23 04:00:00+00:00,0.0
2007-03-23 05:00:00+00:00,0.0
2007-03-23 06:00:00+00:00,0.0
2007-03-23 07:00:00+00:00,0.0
2007-03-23 08:00:00+00:00,0.0
2007-03-23 09:00:00+00:00,0.0
2007-03-23 10:00:00+00:00,0.0
2007-03-23 11:00:00+00:00,0.0
2007-03-23 12:00:00+00:00,0.0005493553
2007-03-23 13:00:00+00:00,0.10395769
2007-03-23 14:00:00+00:00,0.44367766
2007-03-23 15:00:00+00:00,0.6670518
2007-03-23 16:00:00+00:00,0.6564431
2007-03-23 17:00:00+00:00,0.4781329000000001
2007-03-23 18:00:00+00:00,0.44105354
2007-03-23 19:00:00+00:00,0.27355456
2007-03-23 20:00:00+00:00,0.11655109999999999
2007-03-23 21:00:00+00:00,0.08456732
2007-03-23 22:00:00+00:00,0.059675127
2007-03-23 23:00:00+00:00,0.0034440062
2007-03-24 00:00:00+00:00,0.0
2007-03-24 01:00:00+00:00,0.0
2007-03-24 02:00:00+00:00,0.0
2007-03-24 03:00:00+00:00,0.0
2007-03-24 04:00:00+00:00,0.0
2007-03-24 05:00:00+00:00,0.0
2007-03-24 06:00:00+00:00,0.0
2007-03-24 07:00:00+00:00,0.0
2007-03-24 08:00:00+00:00,0.0
2007-03-24 09:00:00+00:00,0.0
2007-03-24 10:00:00+00:00,0.0
2007-03-24 11:00:00+00:00,0.0
2007-03-24 12:00:00+00:00,0.029929629
2007-03-24 13:00:00+00:00,0.34491992
2007-03-24 14:00:00+00:00,0.5788803000000001
2007-03-24 15:00:00+00:00,0.62963057
2007-03-24 16:00:00+00:00,0.63242936
2007-03-24 17:00:00+00:00,0.59073657
2007-03-24 18:00:00+00:00,0.49704319999999996
2007-03-24 19:00:00+00:00,0.54690754
2007-03-24 20:00:00+00:00,0.42596257
2007-03-24 21:00:00+00:00,0.23448145
2007-03-24 22:00:00+00:00,0.26453740000000003
2007-03-24 23:00:00+00:00,0.11561585
2007-03-25 00:00:00+00:00,0.0
2007-03-25 01:00:00+00:00,0.0
2007-03-25 02:00:00+00:00,0.0
2007-03-25 03:00:00+00:00,0.0
2007-03-25 04:00:00+00:00,0.0
2007-03-25 05:00:00+00:00,0.0
2007-03-25 06:00:00+00:00,0.0
2007-03-25 07:00:00+00:00,0.0
2007-03-25 08:00:00+00:00,0.0
2007-03-25 09:00:00+00:00,0.0
2007-03-25 10:00:00+00:00,0.0
2007-03-25 11:00:00+00:00,0.0
2007-03-25 12:00:00+00:00,0.03965998
2007-03-25 13:00:00+00:00,0.34808192
2007-03-25 14:00:00+00:00,0.567729
2007-03-25 15:00:00+00:00,0.6444751
2007-03-25 16:00:00+00:00,0.6375466
2007-03-25 17:00:00+00:00,0.6246583
2007-03-25 18:00:00+00:00,0.60572207
2007-03-25 19:00:00+00:00,0.5373684
2007-03-25 20:00:00+00:00,0.64311296
2007-03-25 21:00:00+00:00,0.5550028
2007-03-25 22:00:00+00:00,0.4951152
2007-03-25 23:00:00+00:00,0.10898242
2007-03-26 00:00:00+00:00,0.0
2007-03-26 01:00:00+00:00,0.0
2007-03-26 02:00:00+00:00,0.0
2007-03-26 03:00:00+00:00,0.0
2007-03-26 04:00:00+00:00,0.0
2007-03-26 05:00:00+00:00,0.0
2007-03-26 06:00:00+00:00,0.0
2007-03-26 07:00:00+00:00,0.0
2007-03-26 08:00:00+00:00,0.0
2007-03-26 09:00:00+00:00,0.0
2007-03-26 10:00:00+00:00,0.0
2007-03-26 11:00:00+00:00,0.0
2007-03-26 12:00:00+00:00,0.01049789
2007-03-26 13:00:00+00:00,0.18826045
2007-03-26 14:00:00+00:00,0.36302847
2007-03-26 15:00:00+00:00,0.33462095
2007-03-26 16:00:00+00:00,0.47136816
2007-03-26 17:00:00+00:00,0.5251132
2007-03-26 18:00:00+00:00,0.54380023
2007-03-26 19:00:00+00:00,0.50345916
2007-03-26 20:00:00+00:00,0.39365429999999996
2007-03-26 21:00:00+00:00,0.18078795
2007-03-26 22:00:00+00:00,0.08478377
2007-03-26 23:00:00+00:00,0.043819513
2007-03-27 00:00:00+00:00,0.0
2007-03-27 01:00:00+00:00,0.0
2007-03-27 02:00:00+00:00,0.0
2007-03-27 03:00:00+00:00,0.0
2007-03-27 04:00:00+00:00,0.0
2007-03-27 05:00:00+00:00,0.0
2007-03-27 06:00:00+00:00,0.0
2007-03-27 07:00:00+00:00,0.0
2007-03-27 08:00:00+00:00,0.0
2007-03-27 09:00:00+00:00,0.0
2007-03-27 10:00:00+00:00,0.0
2007-03-27 11:00:00+00:00,0.0
2007-03-27 12:00:00+00:00,0.02284661
2007-03-27 13:00:00+00:00,0.17208065
2007-03-27 14:00:00+00:00,0.5175936
2007-03-27 15:00:00+00:00,0.54396474
2007-03-27 16:00:00+00:00,0.61345345
2007-03-27 17:00:00+00:00,0.5005054
2007-03-27 18:00:00+00:00,0.423849
2007-03-27 19:00:00+00:00,0.47539794
2007-03-27 20:00:00+00:00,0.51245284
2007-03-27 21:00:00+00:00,0.38743743
2007-03-27 22:00:00+00:00,0.2619598
2007-03-27 23:00:00+00:00,0.049606204
2007-03-28 00:00:00+00:00,0.0
2007-03-28 01:00:00+00:00,0.0
2007-03-28 02:00:00+00:00,0.0
2007-03-28 03:00:00+00:00,0.0
2007-03-28 04:00:00+00:00,0.0
2007-03-28 05:00:00+00:00,0.0
2007-03-28 06:00:00+00:00,0.0
2007-03-28 07:00:00+00:00,0.0
2007-03-28 08:00:00+00:00,0.0
2007-03-28 09:00:00+00:00,0.0
2007-03-28 10:00:00+00:00,0.0
2007-03-28 11:00:00+00:00,0.0
2007-03-28 12:00:00+00:00,8.0351514e-05
2007-03-28 13:00:00+00:00,0.0026266195
2007-03-28 14:00:00+00:00,0.011009072
2007-03-28 15:00:00+00:00,0.07010844
2007-03-28 16:00:00+00:00,0.037306707
2007-03-28 17:00:00+00:00,0.13137178
2007-03-28 18:00:00+00:00,0.32876667
2007-03-28 19:00:00+00:00,0.33766338
2007-03-28 20:00:00+00:00,0.37558338
2007-03-28 21:00:00+00:00,0.43908423
2007-03-28 22:00:00+00:00,0.45725724
2007-03-28 23:00:00+00:00,0.18094102
2007-03-29 00:00:00+00:00,0.0
2007-03-29 01:00:00+00:00,0.0
2007-03-29 02:00:00+00:00,0.0
2007-03-29 03:00:00+00:00,0.0
2007-03-29 04:00:00+00:00,0.0
2007-03-29 05:00:00+00:00,0.0
2007-03-29 06:00:00+00:00,0.0
2007-03-29 07:00:00+00:00,0.0
2007-03-29 08:00:00+00:00,0.0
2007-03-29 09:00:00+00:00,0.0
2007-03-29 10:00:00+00:00,0.0
2007-03-29 11:00:00+00:00,0.0
2007-03-29 12:00:00+00:00,0.073646024
2007-03-29 13:00:00+00:00,0.031282517999999995
2007-03-29 14:00:00+00:00,0.09953099
2007-03-29 15:00:00+00:00,0.1347102
2007-03-29 16:00:00+00:00,0.19390394
2007-03-29 17:00:00+00:00,0.25602835
2007-03-29 18:00:00+00:00,0.32830676
2007-03-29 19:00:00+00:00,0.28277929999999996
2007-03-29 20:00:00+00:00,0.18794270000000002
2007-03-29 21:00:00+00:00,0.21754052
2007-03-29 22:00:00+00:00,0.34174734
2007-03-29 23:00:00+00:00,0.08526868
2007-03-30 00:00:00+00:00,0.0
2007-03-30 01:00:00+00:00,0.0
2007-03-30 02:00:00+00:00,0.0
2007-03-30 03:00:00+00:00,0.0
2007-03-30 04:00:00+00:00,0.0
2007-03-30 05:00:00+00:00,0.0
2007-03-30 06:00:00+00:00,0.0
2007-03-30 07:00:00+00:00,0.0
2007-03-30 08:00:00+00:00,0.0
2007-03-30 09:00:00+00:00,0.0
2007-03-30 10:00:00+00:00,0.0
2007-03-30 11:00:00+00:00,0.0
2007-03-30 12:00:00+00:00,0.077320166
2007-03-30 13:00:00+00:00,0.35316655
2007-03-30 14:00:00+00:00,0.50823236
2007-03-30 15:00:00+00:00,0.5431646
2007-03-30 16:00:00+00:00,0.5307986
2007-03-30 17:00:00+00:00,0.5339409
2007-03-30 18:00:00+00:00,0.60188997
2007-03-30 19:00:00+00:00,0.6082496999999999
2007-03-30 20:00:00+00:00,0.58972794
2007-03-30 21:00:00+00:00,0.41552052
2007-03-30 22:00:00+00:00,0.30900140000000004
2007-03-30 23:00:00+00:00,0.08780717
2007-03-31 00:00:00+00:00,0.0
2007-03-31 01:00:00+00:00,0.0
2007-03-31 02:00:00+00:00,0.0
2007-03-31 03:00:00+00:00,0.0
2007-03-31 04:00:00+00:00,0.0
2007-03-31 05:00:00+00:00,0.0
2007-03-31 06:00:00+00:00,0.0
2007-03-31 07:00:00+00:00,0.0
2007-03-31 08:00:00+00:00,0.0
2007-03-31 09:00:00+00:00,0.0
2007-03-31 10:00:00+00:00,0.0
2007-03-31 11:00:00+00:00,0.0
2007-03-31 12:00:00+00:00,0.0047240998
2007-03-31 13:00:00+00:00,0.042859025
2007-03-31 14:00:00+00:00,0.21993400000000002
2007-03-31 15:00:00+00:00,0.36994812
2007-03-31 16:00:00+00:00,0.44290343
2007-03-31 17:00:00+00:00,0.41589016
2007-03-31 18:00:00+00:00,0.49197179999999996
2007-03-31 19:00:00+00:00,0.49214667
2007-03-31 20:00:00+00:00,0.3362367
2007-03-31 21:00:00+00:00,0.43917920000000005
2007-03-31 22:00:00+00:00,0.3894785
2007-03-31 23:00:00+00:00,0.10267191
2007-04-01 00:00:00+00:00,0.0
2007-04-01 01:00:00+00:00,0.0
2007-04-01 02:00:00+00:00,0.0
2007-04-01 03:00:00+00:00,0.0
2007-04-01 04:00:00+00:00,0.0
2007-04-01 05:00:00+00:00,0.0
2007-04-01 06:00:00+00:00,0.0
2007-04-01 07:00:00+00:00,0.0
2007-04-01 08:00:00+00:00,0.0
2007-04-01 09:00:00+00:00,0.0
2007-04-01 10:00:00+00:00,0.0
2007-04-01 11:00:00+00:00,0.0
2007-04-01 12:00:00+00:00,0.07713449
2007-04-01 13:00:00+00:00,0.07769097400000001
2007-04-01 14:00:00+00:00,0.6128252
2007-04-01 15:00:00+00:00,0.72778517
2007-04-01 16:00:00+00:00,0.39639083
2007-04-01 17:00:00+00:00,0.527162
2007-04-01 18:00:00+00:00,0.6795318
2007-04-01 19:00:00+00:00,0.6699246
2007-04-01 20:00:00+00:00,0.69026357
2007-04-01 21:00:00+00:00,0.70725626
2007-04-01 22:00:00+00:00,0.6316823
2007-04-01 23:00:00+00:00,0.29824564
2007-04-02 00:00:00+00:00,0.0
2007-04-02 01:00:00+00:00,0.0
2007-04-02 02:00:00+00:00,0.0
2007-04-02 03:00:00+00:00,0.0
2007-04-02 04:00:00+00:00,0.0
2007-04-02 05:00:00+00:00,0.0
2007-04-02 06:00:00+00:00,0.0
2007-04-02 07:00:00+00:00,0.0
2007-04-02 08:00:00+00:00,0.0
2007-04-02 09:00:00+00:00,0.0
2007-04-02 10:00:00+00:00,0.0
2007-04-02 11:00:00+00:00,0.0
2007-04-02 12:00:00+00:00,0.13855132
2007-04-02 13:00:00+00:00,0.5110587000000001
2007-04-02 14:00:00+00:00,0.681585
2007-04-02 15:00:00+00:00,0.7134709
2007-04-02 16:00:00+00:00,0.69852734
2007-04-02 17:00:00+00:00,0.68365556
2007-04-02 18:00:00+00:00,0.6784998999999999
2007-04-02 19:00:00+00:00,0.6869295999999999
2007-04-02 20:00:00+00:00,0.69608724
2007-04-02 21:00:00+00:00,0.68792653
2007-04-02 22:00:00+00:00,0.6094904000000001
2007-04-02 23:00:00+00:00,0.28944203
2007-04-03 00:00:00+00:00,0.0
2007-04-03 01:00:00+00:00,0.0
2007-04-03 02:00:00+00:00,0.0
2007-04-03 03:00:00+00:00,0.0
2007-04-03 04:00:00+00:00,0.0
2007-04-03 05:00:00+00:00,0.0
2007-04-03 06:00:00+00:00,0.0
2007-04-03 07:00:00+00:00,0.0
2007-04-03 08:00:00+00:00,0.0
2007-04-03 09:00:00+00:00,0.0
2007-04-03 10:00:00+00:00,0.0
2007-04-03 11:00:00+00:00,0.0
2007-04-03 12:00:00+00:00,0.14415641
2007-04-03 13:00:00+00:00,0.5108482
2007-04-03 14:00:00+00:00,0.6726198
2007-04-03 15:00:00+00:00,0.69974256
2007-04-03 16:00:00+00:00,0.6856350999999999
2007-04-03 17:00:00+00:00,0.6752756
2007-04-03 18:00:00+00:00,0.6699970999999999
2007-04-03 19:00:00+00:00,0.6773016
2007-04-03 20:00:00+00:00,0.67102283
2007-04-03 21:00:00+00:00,0.62393034
2007-04-03 22:00:00+00:00,0.26389948
2007-04-03 23:00:00+00:00,0.029137721000000002
2007-04-04 00:00:00+00:00,0.0
2007-04-04 01:00:00+00:00,0.0
2007-04-04 02:00:00+00:00,0.0
2007-04-04 03:00:00+00:00,0.0
2007-04-04 04:00:00+00:00,0.0
2007-04-04 05:00:00+00:00,0.0
2007-04-04 06:00:00+00:00,0.0
2007-04-04 07:00:00+00:00,0.0
2007-04-04 08:00:00+00:00,0.0
2007-04-04 09:00:00+00:00,0.0
2007-04-04 10:00:00+00:00,0.0
2007-04-04 11:00:00+00:00,0.0
2007-04-04 12:00:00+00:00,0.16958249
2007-04-04 13:00:00+00:00,0.078966275
2007-04-04 14:00:00+00:00,0.32604970000000005
2007-04-04 15:00:00+00:00,0.23937245
2007-04-04 16:00:00+00:00,0.19845991
2007-04-04 17:00:00+00:00,0.5661996
2007-04-04 18:00:00+00:00,0.6383456000000001
2007-04-04 19:00:00+00:00,0.710298
2007-04-04 20:00:00+00:00,0.65776104
2007-04-04 21:00:00+00:00,0.5713153
2007-04-04 22:00:00+00:00,0.22360082
2007-04-04 23:00:00+00:00,0.15018689999999998
2007-04-05 00:00:00+00:00,0.0
2007-04-05 01:00:00+00:00,0.0
2007-04-05 02:00:00+00:00,0.0
2007-04-05 03:00:00+00:00,0.0
2007-04-05 04:00:00+00:00,0.0
2007-04-05 05:00:00+00:00,0.0
2007-04-05 06:00:00+00:00,0.0
2007-04-05 07:00:00+00:00,0.0
2007-04-05 08:00:00+00:00,0.0
2007-04-05 09:00:00+00:00,0.0
2007-04-05 10:00:00+00:00,0.0
2007-04-05 11:00:00+00:00,0.0
2007-04-05 12:00:00+00:00,0.0074366224
2007-04-05 13:00:00+00:00,0.054017335
2007-04-05 14:00:00+00:00,0.10886794
2007-04-05 15:00:00+00:00,0.17789727
2007-04-05 16:00:00+00:00,0.20352419
2007-04-05 17:00:00+00:00,0.34728646
2007-04-05 18:00:00+00:00,0.39847675
2007-04-05 19:00:00+00:00,0.47530258
2007-04-05 20:00:00+00:00,0.39336434
2007-04-05 21:00:00+00:00,0.27082595
2007-04-05 22:00:00+00:00,0.25177255
2007-04-05 23:00:00+00:00,0.19778892
2007-04-06 00:00:00+00:00,0.0
2007-04-06 01:00:00+00:00,0.0
2007-04-06 02:00:00+00:00,0.0
2007-04-06 03:00:00+00:00,0.0
2007-04-06 04:00:00+00:00,0.0
2007-04-06 05:00:00+00:00,0.0
2007-04-06 06:00:00+00:00,0.0
2007-04-06 07:00:00+00:00,0.0
2007-04-06 08:00:00+00:00,0.0
2007-04-06 09:00:00+00:00,0.0
2007-04-06 10:00:00+00:00,0.0
2007-04-06 11:00:00+00:00,0.0
2007-04-06 12:00:00+00:00,0.18422942
2007-04-06 13:00:00+00:00,0.48089308
2007-04-06 14:00:00+00:00,0.71852696
2007-04-06 15:00:00+00:00,0.3741153
2007-04-06 16:00:00+00:00,0.46093702
2007-04-06 17:00:00+00:00,0.43677136
2007-04-06 18:00:00+00:00,0.4254893
2007-04-06 19:00:00+00:00,0.31349593
2007-04-06 20:00:00+00:00,0.409317
2007-04-06 21:00:00+00:00,0.16207413
2007-04-06 22:00:00+00:00,0.2120283
2007-04-06 23:00:00+00:00,0.06810859
2007-04-07 00:00:00+00:00,0.0
2007-04-07 01:00:00+00:00,0.0
2007-04-07 02:00:00+00:00,0.0
2007-04-07 03:00:00+00:00,0.0
2007-04-07 04:00:00+00:00,0.0
2007-04-07 05:00:00+00:00,0.0
2007-04-07 06:00:00+00:00,0.0
2007-04-07 07:00:00+00:00,0.0
2007-04-07 08:00:00+00:00,0.0
2007-04-07 09:00:00+00:00,0.0
2007-04-07 10:00:00+00:00,0.0
2007-04-07 11:00:00+00:00,0.0
2007-04-07 12:00:00+00:00,0.22065546
2007-04-07 13:00:00+00:00,0.657768
2007-04-07 14:00:00+00:00,0.66097265
2007-04-07 15:00:00+00:00,0.46107695
2007-04-07 16:00:00+00:00,0.5396631
2007-04-07 17:00:00+00:00,0.45150992
2007-04-07 18:00:00+00:00,0.48742529999999995
2007-04-07 19:00:00+00:00,0.5771081
2007-04-07 20:00:00+00:00,0.5033515000000001
2007-04-07 21:00:00+00:00,0.4817906
2007-04-07 22:00:00+00:00,0.2684205
2007-04-07 23:00:00+00:00,0.075915694
2007-04-08 00:00:00+00:00,0.0
2007-04-08 01:00:00+00:00,0.0
2007-04-08 02:00:00+00:00,0.0
2007-04-08 03:00:00+00:00,0.0
2007-04-08 04:00:00+00:00,0.0
2007-04-08 05:00:00+00:00,0.0
2007-04-08 06:00:00+00:00,0.0
2007-04-08 07:00:00+00:00,0.0
2007-04-08 08:00:00+00:00,0.0
2007-04-08 09:00:00+00:00,0.0
2007-04-08 10:00:00+00:00,0.0
2007-04-08 11:00:00+00:00,0.0
2007-04-08 12:00:00+00:00,0.012050056000000002
2007-04-08 13:00:00+00:00,0.19758889
2007-04-08 14:00:00+00:00,0.7100856
2007-04-08 15:00:00+00:00,0.33574724
2007-04-08 16:00:00+00:00,0.23342220000000002
2007-04-08 17:00:00+00:00,0.30245182
2007-04-08 18:00:00+00:00,0.35494536
2007-04-08 19:00:00+00:00,0.29647863
2007-04-08 20:00:00+00:00,0.16219594
2007-04-08 21:00:00+00:00,0.23471309
2007-04-08 22:00:00+00:00,0.09173482
2007-04-08 23:00:00+00:00,0.03465403
2007-04-09 00:00:00+00:00,0.0
2007-04-09 01:00:00+00:00,0.0
2007-04-09 02:00:00+00:00,0.0
2007-04-09 03:00:00+00:00,0.0
2007-04-09 04:00:00+00:00,0.0
2007-04-09 05:00:00+00:00,0.0
2007-04-09 06:00:00+00:00,0.0
2007-04-09 07:00:00+00:00,0.0
2007-04-09 08:00:00+00:00,0.0
2007-04-09 09:00:00+00:00,0.0
2007-04-09 10:00:00+00:00,0.0
2007-04-09 11:00:00+00:00,0.0
2007-04-09 12:00:00+00:00,0.20854907
2007-04-09 13:00:00+00:00,0.6055345
2007-04-09 14:00:00+00:00,0.6527383000000001
2007-04-09 15:00:00+00:00,0.760638
2007-04-09 16:00:00+00:00,0.5177437
2007-04-09 17:00:00+00:00,0.52193654
2007-04-09 18:00:00+00:00,0.50921786
2007-04-09 19:00:00+00:00,0.59063286
2007-04-09 20:00:00+00:00,0.36757872
2007-04-09 21:00:00+00:00,0.30093400000000003
2007-04-09 22:00:00+00:00,0.24642934
2007-04-09 23:00:00+00:00,0.1138856
2007-04-10 00:00:00+00:00,0.0
2007-04-10 01:00:00+00:00,0.0
2007-04-10 02:00:00+00:00,0.0
2007-04-10 03:00:00+00:00,0.0
2007-04-10 04:00:00+00:00,0.0
2007-04-10 05:00:00+00:00,0.0
2007-04-10 06:00:00+00:00,0.0
2007-04-10 07:00:00+00:00,0.0
2007-04-10 08:00:00+00:00,0.0
2007-04-10 09:00:00+00:00,0.0
2007-04-10 10:00:00+00:00,0.0
2007-04-10 11:00:00+00:00,0.0
2007-04-10 12:00:00+00:00,0.20060122
2007-04-10 13:00:00+00:00,0.57920516
2007-04-10 14:00:00+00:00,0.7119342
2007-04-10 15:00:00+00:00,0.7383274000000001
2007-04-10 16:00:00+00:00,0.719738
2007-04-10 17:00:00+00:00,0.7036256
2007-04-10 18:00:00+00:00,0.69221705
2007-04-10 19:00:00+00:00,0.7109022
2007-04-10 20:00:00+00:00,0.7194385999999999
2007-04-10 21:00:00+00:00,0.65734714
2007-04-10 22:00:00+00:00,0.35475868
2007-04-10 23:00:00+00:00,0.2568165
2007-04-11 00:00:00+00:00,0.0
2007-04-11 01:00:00+00:00,0.0
2007-04-11 02:00:00+00:00,0.0
2007-04-11 03:00:00+00:00,0.0
2007-04-11 04:00:00+00:00,0.0
2007-04-11 05:00:00+00:00,0.0
2007-04-11 06:00:00+00:00,0.0
2007-04-11 07:00:00+00:00,0.0
2007-04-11 08:00:00+00:00,0.0
2007-04-11 09:00:00+00:00,0.0
2007-04-11 10:00:00+00:00,0.0
2007-04-11 11:00:00+00:00,0.0
2007-04-11 12:00:00+00:00,0.03624909
2007-04-11 13:00:00+00:00,0.0033462876
2007-04-11 14:00:00+00:00,0.02887519
2007-04-11 15:00:00+00:00,0.05471945
2007-04-11 16:00:00+00:00,0.18801746
2007-04-11 17:00:00+00:00,0.50172526
2007-04-11 18:00:00+00:00,0.27244657
2007-04-11 19:00:00+00:00,0.061035186
2007-04-11 20:00:00+00:00,0.077741235
2007-04-11 21:00:00+00:00,0.07071854
2007-04-11 22:00:00+00:00,0.22129405
2007-04-11 23:00:00+00:00,0.32784557
2007-04-12 00:00:00+00:00,0.0
2007-04-12 01:00:00+00:00,0.0
2007-04-12 02:00:00+00:00,0.0
2007-04-12 03:00:00+00:00,0.0
2007-04-12 04:00:00+00:00,0.0
2007-04-12 05:00:00+00:00,0.0
2007-04-12 06:00:00+00:00,0.0
2007-04-12 07:00:00+00:00,0.0
2007-04-12 08:00:00+00:00,0.0
2007-04-12 09:00:00+00:00,0.0
2007-04-12 10:00:00+00:00,0.0
2007-04-12 11:00:00+00:00,0.0
2007-04-12 12:00:00+00:00,7.957681e-05
2007-04-12 13:00:00+00:00,0.010027483
2007-04-12 14:00:00+00:00,0.049055867
2007-04-12 15:00:00+00:00,0.12857549
2007-04-12 16:00:00+00:00,0.20193182
2007-04-12 17:00:00+00:00,0.22944006
2007-04-12 18:00:00+00:00,0.20653136
2007-04-12 19:00:00+00:00,0.16202821
2007-04-12 20:00:00+00:00,0.07936001
2007-04-12 21:00:00+00:00,0.07450599999999999
2007-04-12 22:00:00+00:00,0.06849754599999999
2007-04-12 23:00:00+00:00,0.058477725999999994
2007-04-13 00:00:00+00:00,0.0
2007-04-13 01:00:00+00:00,0.0
2007-04-13 02:00:00+00:00,0.0
2007-04-13 03:00:00+00:00,0.0
2007-04-13 04:00:00+00:00,0.0
2007-04-13 05:00:00+00:00,0.0
2007-04-13 06:00:00+00:00,0.0
2007-04-13 07:00:00+00:00,0.0
2007-04-13 08:00:00+00:00,0.0
2007-04-13 09:00:00+00:00,0.0
2007-04-13 10:00:00+00:00,0.0
2007-04-13 11:00:00+00:00,0.0
2007-04-13 12:00:00+00:00,0.066353254
2007-04-13 13:00:00+00:00,0.5079097
2007-04-13 14:00:00+00:00,0.72257525
2007-04-13 15:00:00+00:00,0.75481087
2007-04-13 16:00:00+00:00,0.746627
2007-04-13 17:00:00+00:00,0.729038
2007-04-13 18:00:00+00:00,0.7100463
2007-04-13 19:00:00+00:00,0.6588745
2007-04-13 20:00:00+00:00,0.71064633
2007-04-13 21:00:00+00:00,0.6615469
2007-04-13 22:00:00+00:00,0.31072134
2007-04-13 23:00:00+00:00,0.046580177
2007-04-14 00:00:00+00:00,0.0
2007-04-14 01:00:00+00:00,0.0
2007-04-14 02:00:00+00:00,0.0
2007-04-14 03:00:00+00:00,0.0
2007-04-14 04:00:00+00:00,0.0
2007-04-14 05:00:00+00:00,0.0
2007-04-14 06:00:00+00:00,0.0
2007-04-14 07:00:00+00:00,0.0
2007-04-14 08:00:00+00:00,0.0
2007-04-14 09:00:00+00:00,0.0
2007-04-14 10:00:00+00:00,0.0
2007-04-14 11:00:00+00:00,0.0
2007-04-14 12:00:00+00:00,0.00085689535
2007-04-14 13:00:00+00:00,0.011528209
2007-04-14 14:00:00+00:00,0.027037377999999997
2007-04-14 15:00:00+00:00,0.090926446
2007-04-14 16:00:00+00:00,0.113868065
2007-04-14 17:00:00+00:00,0.11067129
2007-04-14 18:00:00+00:00,0.18908206
2007-04-14 19:00:00+00:00,0.33834958
2007-04-14 20:00:00+00:00,0.082814805
2007-04-14 21:00:00+00:00,0.04193596
2007-04-14 22:00:00+00:00,0.031603657
2007-04-14 23:00:00+00:00,0.046337225
2007-04-15 00:00:00+00:00,0.0
2007-04-15 01:00:00+00:00,0.0
2007-04-15 02:00:00+00:00,0.0
2007-04-15 03:00:00+00:00,0.0
2007-04-15 04:00:00+00:00,0.0
2007-04-15 05:00:00+00:00,0.0
2007-04-15 06:00:00+00:00,0.0
2007-04-15 07:00:00+00:00,0.0
2007-04-15 08:00:00+00:00,0.0
2007-04-15 09:00:00+00:00,0.0
2007-04-15 10:00:00+00:00,0.0
2007-04-15 11:00:00+00:00,0.0
2007-04-15 12:00:00+00:00,0.15353662
2007-04-15 13:00:00+00:00,0.0087338025
2007-04-15 14:00:00+00:00,0.027694982000000003
2007-04-15 15:00:00+00:00,0.04590069
2007-04-15 16:00:00+00:00,0.0840255
2007-04-15 17:00:00+00:00,0.19107739999999998
2007-04-15 18:00:00+00:00,0.30119118
2007-04-15 19:00:00+00:00,0.37944844
2007-04-15 20:00:00+00:00,0.41826504
2007-04-15 21:00:00+00:00,0.43219775
2007-04-15 22:00:00+00:00,0.14219913
2007-04-15 23:00:00+00:00,0.056973338
2007-04-16 00:00:00+00:00,0.0
2007-04-16 01:00:00+00:00,0.0
2007-04-16 02:00:00+00:00,0.0
2007-04-16 03:00:00+00:00,0.0
2007-04-16 04:00:00+00:00,0.0
2007-04-16 05:00:00+00:00,0.0
2007-04-16 06:00:00+00:00,0.0
2007-04-16 07:00:00+00:00,0.0
2007-04-16 08:00:00+00:00,0.0
2007-04-16 09:00:00+00:00,0.0
2007-04-16 10:00:00+00:00,0.0
2007-04-16 11:00:00+00:00,0.0
2007-04-16 12:00:00+00:00,0.28541535
2007-04-16 13:00:00+00:00,0.68907845
2007-04-16 14:00:00+00:00,0.769
2007-04-16 15:00:00+00:00,0.769
2007-04-16 16:00:00+00:00,0.769
2007-04-16 17:00:00+00:00,0.769
2007-04-16 18:00:00+00:00,0.769
2007-04-16 19:00:00+00:00,0.769
2007-04-16 20:00:00+00:00,0.769
2007-04-16 21:00:00+00:00,0.769
2007-04-16 22:00:00+00:00,0.696009
2007-04-16 23:00:00+00:00,0.3846657
2007-04-17 00:00:00+00:00,0.0
2007-04-17 01:00:00+00:00,0.0
2007-04-17 02:00:00+00:00,0.0
2007-04-17 03:00:00+00:00,0.0
2007-04-17 04:00:00+00:00,0.0
2007-04-17 05:00:00+00:00,0.0
2007-04-17 06:00:00+00:00,0.0
2007-04-17 07:00:00+00:00,0.0
2007-04-17 08:00:00+00:00,0.0
2007-04-17 09:00:00+00:00,0.0
2007-04-17 10:00:00+00:00,0.0
2007-04-17 11:00:00+00:00,0.0
2007-04-17 12:00:00+00:00,0.27124918
2007-04-17 13:00:00+00:00,0.64350766
2007-04-17 14:00:00+00:00,0.7374458
2007-04-17 15:00:00+00:00,0.7654689
2007-04-17 16:00:00+00:00,0.74859416
2007-04-17 17:00:00+00:00,0.7337184
2007-04-17 18:00:00+00:00,0.7271781
2007-04-17 19:00:00+00:00,0.72859967
2007-04-17 20:00:00+00:00,0.7244449000000001
2007-04-17 21:00:00+00:00,0.70081633
2007-04-17 22:00:00+00:00,0.49875405
2007-04-17 23:00:00+00:00,0.30935648
2007-04-18 00:00:00+00:00,0.0
2007-04-18 01:00:00+00:00,0.0
2007-04-18 02:00:00+00:00,0.0
2007-04-18 03:00:00+00:00,0.0
2007-04-18 04:00:00+00:00,0.0
2007-04-18 05:00:00+00:00,0.0
2007-04-18 06:00:00+00:00,0.0
2007-04-18 07:00:00+00:00,0.0
2007-04-18 08:00:00+00:00,0.0
2007-04-18 09:00:00+00:00,0.0
2007-04-18 10:00:00+00:00,0.0
2007-04-18 11:00:00+00:00,0.0
2007-04-18 12:00:00+00:00,0.01825296
2007-04-18 13:00:00+00:00,0.15726852
2007-04-18 14:00:00+00:00,0.06529717
2007-04-18 15:00:00+00:00,0.13480073
2007-04-18 16:00:00+00:00,0.58342975
2007-04-18 17:00:00+00:00,0.5542535
2007-04-18 18:00:00+00:00,0.44508874
2007-04-18 19:00:00+00:00,0.5251312
2007-04-18 20:00:00+00:00,0.29952964
2007-04-18 21:00:00+00:00,0.31196055
2007-04-18 22:00:00+00:00,0.35390317
2007-04-18 23:00:00+00:00,0.041951045
2007-04-19 00:00:00+00:00,0.0
2007-04-19 01:00:00+00:00,0.0
2007-04-19 02:00:00+00:00,0.0
2007-04-19 03:00:00+00:00,0.0
2007-04-19 04:00:00+00:00,0.0
2007-04-19 05:00:00+00:00,0.0
2007-04-19 06:00:00+00:00,0.0
2007-04-19 07:00:00+00:00,0.0
2007-04-19 08:00:00+00:00,0.0
2007-04-19 09:00:00+00:00,0.0
2007-04-19 10:00:00+00:00,0.0
2007-04-19 11:00:00+00:00,0.0
2007-04-19 12:00:00+00:00,0.100296855
2007-04-19 13:00:00+00:00,0.08174751
2007-04-19 14:00:00+00:00,0.09159764
2007-04-19 15:00:00+00:00,0.09131173
2007-04-19 16:00:00+00:00,0.06928528
2007-04-19 17:00:00+00:00,0.098656945
2007-04-19 18:00:00+00:00,0.12633155
2007-04-19 19:00:00+00:00,0.11317329
2007-04-19 20:00:00+00:00,0.22944722
2007-04-19 21:00:00+00:00,0.17014126
2007-04-19 22:00:00+00:00,0.054183032
2007-04-19 23:00:00+00:00,0.016085963999999998
2007-04-20 00:00:00+00:00,0.0
2007-04-20 01:00:00+00:00,0.0
2007-04-20 02:00:00+00:00,0.0
2007-04-20 03:00:00+00:00,0.0
2007-04-20 04:00:00+00:00,0.0
2007-04-20 05:00:00+00:00,0.0
2007-04-20 06:00:00+00:00,0.0
2007-04-20 07:00:00+00:00,0.0
2007-04-20 08:00:00+00:00,0.0
2007-04-20 09:00:00+00:00,0.0
2007-04-20 10:00:00+00:00,0.0
2007-04-20 11:00:00+00:00,0.0
2007-04-20 12:00:00+00:00,0.26900655
2007-04-20 13:00:00+00:00,0.6113059000000001
2007-04-20 14:00:00+00:00,0.7180711999999999
2007-04-20 15:00:00+00:00,0.74778914
2007-04-20 16:00:00+00:00,0.7415107
2007-04-20 17:00:00+00:00,0.7271755999999999
2007-04-20 18:00:00+00:00,0.7202424
2007-04-20 19:00:00+00:00,0.7279778
2007-04-20 20:00:00+00:00,0.73269284
2007-04-20 21:00:00+00:00,0.71626085
2007-04-20 22:00:00+00:00,0.6349137
2007-04-20 23:00:00+00:00,0.36666602
2007-04-21 00:00:00+00:00,0.0023599914000000002
2007-04-21 01:00:00+00:00,0.0
2007-04-21 02:00:00+00:00,0.0
2007-04-21 03:00:00+00:00,0.0
2007-04-21 04:00:00+00:00,0.0
2007-04-21 05:00:00+00:00,0.0
2007-04-21 06:00:00+00:00,0.0
2007-04-21 07:00:00+00:00,0.0
2007-04-21 08:00:00+00:00,0.0
2007-04-21 09:00:00+00:00,0.0
2007-04-21 10:00:00+00:00,0.0
2007-04-21 11:00:00+00:00,0.0
2007-04-21 12:00:00+00:00,0.30586490000000005
2007-04-21 13:00:00+00:00,0.6375898
2007-04-21 14:00:00+00:00,0.7050566999999999
2007-04-21 15:00:00+00:00,0.71693027
2007-04-21 16:00:00+00:00,0.7022043
2007-04-21 17:00:00+00:00,0.6934096
2007-04-21 18:00:00+00:00,0.6921363
2007-04-21 19:00:00+00:00,0.6994519
2007-04-21 20:00:00+00:00,0.709393
2007-04-21 21:00:00+00:00,0.69566727
2007-04-21 22:00:00+00:00,0.6263249
2007-04-21 23:00:00+00:00,0.37339377
2007-04-22 00:00:00+00:00,0.012682752
2007-04-22 01:00:00+00:00,0.0
2007-04-22 02:00:00+00:00,0.0
2007-04-22 03:00:00+00:00,0.0
2007-04-22 04:00:00+00:00,0.0
2007-04-22 05:00:00+00:00,0.0
2007-04-22 06:00:00+00:00,0.0
2007-04-22 07:00:00+00:00,0.0
2007-04-22 08:00:00+00:00,0.0
2007-04-22 09:00:00+00:00,0.0
2007-04-22 10:00:00+00:00,0.0
2007-04-22 11:00:00+00:00,0.0
2007-04-22 12:00:00+00:00,0.29056129999999997
2007-04-22 13:00:00+00:00,0.6192257
2007-04-22 14:00:00+00:00,0.71159357
2007-04-22 15:00:00+00:00,0.7230597
2007-04-22 16:00:00+00:00,0.7195099
2007-04-22 17:00:00+00:00,0.7095772
2007-04-22 18:00:00+00:00,0.70205677
2007-04-22 19:00:00+00:00,0.7098922
2007-04-22 20:00:00+00:00,0.7136956999999999
2007-04-22 21:00:00+00:00,0.69724
2007-04-22 22:00:00+00:00,0.6173003
2007-04-22 23:00:00+00:00,0.36586764
2007-04-23 00:00:00+00:00,0.021433367999999998
2007-04-23 01:00:00+00:00,0.0
2007-04-23 02:00:00+00:00,0.0
2007-04-23 03:00:00+00:00,0.0
2007-04-23 04:00:00+00:00,0.0
2007-04-23 05:00:00+00:00,0.0
2007-04-23 06:00:00+00:00,0.0
2007-04-23 07:00:00+00:00,0.0
2007-04-23 08:00:00+00:00,0.0
2007-04-23 09:00:00+00:00,0.0
2007-04-23 10:00:00+00:00,0.0
2007-04-23 11:00:00+00:00,0.0
2007-04-23 12:00:00+00:00,0.152815
2007-04-23 13:00:00+00:00,0.19413447
2007-04-23 14:00:00+00:00,0.42945266
2007-04-23 15:00:00+00:00,0.60536045
2007-04-23 16:00:00+00:00,0.08580768
2007-04-23 17:00:00+00:00,0.081380785
2007-04-23 18:00:00+00:00,0.43235329999999994
2007-04-23 19:00:00+00:00,0.21749259999999998
2007-04-23 20:00:00+00:00,0.41781428
2007-04-23 21:00:00+00:00,0.34973356
2007-04-23 22:00:00+00:00,0.5134071
2007-04-23 23:00:00+00:00,0.22404566
2007-04-24 00:00:00+00:00,0.007033193
2007-04-24 01:00:00+00:00,0.0
2007-04-24 02:00:00+00:00,0.0
2007-04-24 03:00:00+00:00,0.0
2007-04-24 04:00:00+00:00,0.0
2007-04-24 05:00:00+00:00,0.0
2007-04-24 06:00:00+00:00,0.0
2007-04-24 07:00:00+00:00,0.0
2007-04-24 08:00:00+00:00,0.0
2007-04-24 09:00:00+00:00,0.0
2007-04-24 10:00:00+00:00,0.0
2007-04-24 11:00:00+00:00,0.0
2007-04-24 12:00:00+00:00,0.13042669
2007-04-24 13:00:00+00:00,0.37896723
2007-04-24 14:00:00+00:00,0.46338606
2007-04-24 15:00:00+00:00,0.69037575
2007-04-24 16:00:00+00:00,0.54567456
2007-04-24 17:00:00+00:00,0.36588016
2007-04-24 18:00:00+00:00,0.68085384
2007-04-24 19:00:00+00:00,0.52188504
2007-04-24 20:00:00+00:00,0.6035140999999999
2007-04-24 21:00:00+00:00,0.6437728
2007-04-24 22:00:00+00:00,0.41824716
2007-04-24 23:00:00+00:00,0.05802423
2007-04-25 00:00:00+00:00,0.00019590468000000002
2007-04-25 01:00:00+00:00,0.0
2007-04-25 02:00:00+00:00,0.0
2007-04-25 03:00:00+00:00,0.0
2007-04-25 04:00:00+00:00,0.0
2007-04-25 05:00:00+00:00,0.0
2007-04-25 06:00:00+00:00,0.0
2007-04-25 07:00:00+00:00,0.0
2007-04-25 08:00:00+00:00,0.0
2007-04-25 09:00:00+00:00,0.0
2007-04-25 10:00:00+00:00,0.0
2007-04-25 11:00:00+00:00,0.0
2007-04-25 12:00:00+00:00,0.022337982000000003
2007-04-25 13:00:00+00:00,0.37638918
2007-04-25 14:00:00+00:00,0.6624251
2007-04-25 15:00:00+00:00,0.6737145
2007-04-25 16:00:00+00:00,0.5797566
2007-04-25 17:00:00+00:00,0.5838926999999999
2007-04-25 18:00:00+00:00,0.41089633
2007-04-25 19:00:00+00:00,0.48368952
2007-04-25 20:00:00+00:00,0.20430331
2007-04-25 21:00:00+00:00,0.35540712
2007-04-25 22:00:00+00:00,0.49235955
2007-04-25 23:00:00+00:00,0.18565969
2007-04-26 00:00:00+00:00,0.0053798887
2007-04-26 01:00:00+00:00,0.0
2007-04-26 02:00:00+00:00,0.0
2007-04-26 03:00:00+00:00,0.0
2007-04-26 04:00:00+00:00,0.0
2007-04-26 05:00:00+00:00,0.0
2007-04-26 06:00:00+00:00,0.0
2007-04-26 07:00:00+00:00,0.0
2007-04-26 08:00:00+00:00,0.0
2007-04-26 09:00:00+00:00,0.0
2007-04-26 10:00:00+00:00,0.0
2007-04-26 11:00:00+00:00,0.0
2007-04-26 12:00:00+00:00,0.0040352005
2007-04-26 13:00:00+00:00,0.026805926
2007-04-26 14:00:00+00:00,0.050716445
2007-04-26 15:00:00+00:00,0.68687373
2007-04-26 16:00:00+00:00,0.36399227
2007-04-26 17:00:00+00:00,0.22789113
2007-04-26 18:00:00+00:00,0.09345673
2007-04-26 19:00:00+00:00,0.2737332
2007-04-26 20:00:00+00:00,0.12854037
2007-04-26 21:00:00+00:00,0.46046814
2007-04-26 22:00:00+00:00,0.22313875
2007-04-26 23:00:00+00:00,0.31918108
2007-04-27 00:00:00+00:00,0.03860799
2007-04-27 01:00:00+00:00,0.0
2007-04-27 02:00:00+00:00,0.0
2007-04-27 03:00:00+00:00,0.0
2007-04-27 04:00:00+00:00,0.0
2007-04-27 05:00:00+00:00,0.0
2007-04-27 06:00:00+00:00,0.0
2007-04-27 07:00:00+00:00,0.0
2007-04-27 08:00:00+00:00,0.0
2007-04-27 09:00:00+00:00,0.0
2007-04-27 10:00:00+00:00,0.0
2007-04-27 11:00:00+00:00,0.0
2007-04-27 12:00:00+00:00,0.024935585
2007-04-27 13:00:00+00:00,0.029642696
2007-04-27 14:00:00+00:00,0.11407282
2007-04-27 15:00:00+00:00,0.18720415
2007-04-27 16:00:00+00:00,0.10727364
2007-04-27 17:00:00+00:00,0.14531498
2007-04-27 18:00:00+00:00,0.12882575
2007-04-27 19:00:00+00:00,0.19960739
2007-04-27 20:00:00+00:00,0.11967803
2007-04-27 21:00:00+00:00,0.07099537
2007-04-27 22:00:00+00:00,0.13832678
2007-04-27 23:00:00+00:00,0.022396388
2007-04-28 00:00:00+00:00,0.00036914547999999996
2007-04-28 01:00:00+00:00,0.0
2007-04-28 02:00:00+00:00,0.0
2007-04-28 03:00:00+00:00,0.0
2007-04-28 04:00:00+00:00,0.0
2007-04-28 05:00:00+00:00,0.0
2007-04-28 06:00:00+00:00,0.0
2007-04-28 07:00:00+00:00,0.0
2007-04-28 08:00:00+00:00,0.0
2007-04-28 09:00:00+00:00,0.0
2007-04-28 10:00:00+00:00,0.0
2007-04-28 11:00:00+00:00,0.0
2007-04-28 12:00:00+00:00,0.023972275
2007-04-28 13:00:00+00:00,0.34204638
2007-04-28 14:00:00+00:00,0.6046464
2007-04-28 15:00:00+00:00,0.7280047
2007-04-28 16:00:00+00:00,0.611438
2007-04-28 17:00:00+00:00,0.49879968
2007-04-28 18:00:00+00:00,0.6903666
2007-04-28 19:00:00+00:00,0.6902362
2007-04-28 20:00:00+00:00,0.38452685
2007-04-28 21:00:00+00:00,0.13071842
2007-04-28 22:00:00+00:00,0.29656264
2007-04-28 23:00:00+00:00,0.14148563
2007-04-29 00:00:00+00:00,0.03254842
2007-04-29 01:00:00+00:00,0.0
2007-04-29 02:00:00+00:00,0.0
2007-04-29 03:00:00+00:00,0.0
2007-04-29 04:00:00+00:00,0.0
2007-04-29 05:00:00+00:00,0.0
2007-04-29 06:00:00+00:00,0.0
2007-04-29 07:00:00+00:00,0.0
2007-04-29 08:00:00+00:00,0.0
2007-04-29 09:00:00+00:00,0.0
2007-04-29 10:00:00+00:00,0.0
2007-04-29 11:00:00+00:00,0.0
2007-04-29 12:00:00+00:00,0.35921457
2007-04-29 13:00:00+00:00,0.66017956
2007-04-29 14:00:00+00:00,0.73283714
2007-04-29 15:00:00+00:00,0.74068487
2007-04-29 16:00:00+00:00,0.7320613
2007-04-29 17:00:00+00:00,0.7189506999999999
2007-04-29 18:00:00+00:00,0.71119374
2007-04-29 19:00:00+00:00,0.7127306
2007-04-29 20:00:00+00:00,0.70857006
2007-04-29 21:00:00+00:00,0.47183004
2007-04-29 22:00:00+00:00,0.5930155
2007-04-29 23:00:00+00:00,0.35996863
2007-04-30 00:00:00+00:00,0.054395102
2007-04-30 01:00:00+00:00,0.0
2007-04-30 02:00:00+00:00,0.0
2007-04-30 03:00:00+00:00,0.0
2007-04-30 04:00:00+00:00,0.0
2007-04-30 05:00:00+00:00,0.0
2007-04-30 06:00:00+00:00,0.0
2007-04-30 07:00:00+00:00,0.0
2007-04-30 08:00:00+00:00,0.0
2007-04-30 09:00:00+00:00,0.0
2007-04-30 10:00:00+00:00,0.0
2007-04-30 11:00:00+00:00,0.0
2007-04-30 12:00:00+00:00,0.2150739
2007-04-30 13:00:00+00:00,0.6027418999999999
2007-04-30 14:00:00+00:00,0.63916963
2007-04-30 15:00:00+00:00,0.71972984
2007-04-30 16:00:00+00:00,0.7164664000000001
2007-04-30 17:00:00+00:00,0.7034545999999999
2007-04-30 18:00:00+00:00,0.70382476
2007-04-30 19:00:00+00:00,0.70643234
2007-04-30 20:00:00+00:00,0.71273273
2007-04-30 21:00:00+00:00,0.69431645
2007-04-30 22:00:00+00:00,0.6250251
2007-04-30 23:00:00+00:00,0.39480197
2007-05-01 00:00:00+00:00,0.07403407
2007-05-01 01:00:00+00:00,0.0
2007-05-01 02:00:00+00:00,0.0
2007-05-01 03:00:00+00:00,0.0
2007-05-01 04:00:00+00:00,0.0
2007-05-01 05:00:00+00:00,0.0
2007-05-01 06:00:00+00:00,0.0
2007-05-01 07:00:00+00:00,0.0
2007-05-01 08:00:00+00:00,0.0
2007-05-01 09:00:00+00:00,0.0
2007-05-01 10:00:00+00:00,0.0
2007-05-01 11:00:00+00:00,0.0
2007-05-01 12:00:00+00:00,0.18938978
2007-05-01 13:00:00+00:00,0.33997855
2007-05-01 14:00:00+00:00,0.5899966
2007-05-01 15:00:00+00:00,0.5942765999999999
2007-05-01 16:00:00+00:00,0.62491107
2007-05-01 17:00:00+00:00,0.6008498000000001
2007-05-01 18:00:00+00:00,0.5864385
2007-05-01 19:00:00+00:00,0.52979976
2007-05-01 20:00:00+00:00,0.52894384
2007-05-01 21:00:00+00:00,0.58404
2007-05-01 22:00:00+00:00,0.46283859999999993
2007-05-01 23:00:00+00:00,0.27548826
2007-05-02 00:00:00+00:00,0.023851567999999997
2007-05-02 01:00:00+00:00,0.0
2007-05-02 02:00:00+00:00,0.0
2007-05-02 03:00:00+00:00,0.0
2007-05-02 04:00:00+00:00,0.0
2007-05-02 05:00:00+00:00,0.0
2007-05-02 06:00:00+00:00,0.0
2007-05-02 07:00:00+00:00,0.0
2007-05-02 08:00:00+00:00,0.0
2007-05-02 09:00:00+00:00,0.0
2007-05-02 10:00:00+00:00,0.0
2007-05-02 11:00:00+00:00,0.0
2007-05-02 12:00:00+00:00,0.18067245
2007-05-02 13:00:00+00:00,0.124576055
2007-05-02 14:00:00+00:00,0.34980859999999997
2007-05-02 15:00:00+00:00,0.42455447
2007-05-02 16:00:00+00:00,0.5106863
2007-05-02 17:00:00+00:00,0.48763782
2007-05-02 18:00:00+00:00,0.28563806
2007-05-02 19:00:00+00:00,0.17403124
2007-05-02 20:00:00+00:00,0.26270273
2007-05-02 21:00:00+00:00,0.2222439
2007-05-02 22:00:00+00:00,0.11396291
2007-05-02 23:00:00+00:00,0.137996
2007-05-03 00:00:00+00:00,0.008390414
2007-05-03 01:00:00+00:00,0.0
2007-05-03 02:00:00+00:00,0.0
2007-05-03 03:00:00+00:00,0.0
2007-05-03 04:00:00+00:00,0.0
2007-05-03 05:00:00+00:00,0.0
2007-05-03 06:00:00+00:00,0.0
2007-05-03 07:00:00+00:00,0.0
2007-05-03 08:00:00+00:00,0.0
2007-05-03 09:00:00+00:00,0.0
2007-05-03 10:00:00+00:00,0.0
2007-05-03 11:00:00+00:00,0.0
2007-05-03 12:00:00+00:00,0.020030722
2007-05-03 13:00:00+00:00,0.05862881
2007-05-03 14:00:00+00:00,0.017178113000000002
2007-05-03 15:00:00+00:00,0.100337945
2007-05-03 16:00:00+00:00,0.17797008
2007-05-03 17:00:00+00:00,0.18587354
2007-05-03 18:00:00+00:00,0.20356402
2007-05-03 19:00:00+00:00,0.17727415
2007-05-03 20:00:00+00:00,0.2800818
2007-05-03 21:00:00+00:00,0.30603302
2007-05-03 22:00:00+00:00,0.3134511
2007-05-03 23:00:00+00:00,0.27547187
2007-05-04 00:00:00+00:00,0.03126929
2007-05-04 01:00:00+00:00,0.0
2007-05-04 02:00:00+00:00,0.0
2007-05-04 03:00:00+00:00,0.0
2007-05-04 04:00:00+00:00,0.0
2007-05-04 05:00:00+00:00,0.0
2007-05-04 06:00:00+00:00,0.0
2007-05-04 07:00:00+00:00,0.0
2007-05-04 08:00:00+00:00,0.0
2007-05-04 09:00:00+00:00,0.0
2007-05-04 10:00:00+00:00,0.0
2007-05-04 11:00:00+00:00,0.0
2007-05-04 12:00:00+00:00,0.09168951
2007-05-04 13:00:00+00:00,0.095517166
2007-05-04 14:00:00+00:00,0.16267182
2007-05-04 15:00:00+00:00,0.074212395
2007-05-04 16:00:00+00:00,0.27936357
2007-05-04 17:00:00+00:00,0.52246636
2007-05-04 18:00:00+00:00,0.5755215
2007-05-04 19:00:00+00:00,0.5354044
2007-05-04 20:00:00+00:00,0.48968053
2007-05-04 21:00:00+00:00,0.05586745
2007-05-04 22:00:00+00:00,0.024785176000000003
2007-05-04 23:00:00+00:00,0.032394346
2007-05-05 00:00:00+00:00,0.0013801767000000001
2007-05-05 01:00:00+00:00,0.0
2007-05-05 02:00:00+00:00,0.0
2007-05-05 03:00:00+00:00,0.0
2007-05-05 04:00:00+00:00,0.0
2007-05-05 05:00:00+00:00,0.0
2007-05-05 06:00:00+00:00,0.0
2007-05-05 07:00:00+00:00,0.0
2007-05-05 08:00:00+00:00,0.0
2007-05-05 09:00:00+00:00,0.0
2007-05-05 10:00:00+00:00,0.0
2007-05-05 11:00:00+00:00,0.0
2007-05-05 12:00:00+00:00,0.08342530599999999
2007-05-05 13:00:00+00:00,0.13483946
2007-05-05 14:00:00+00:00,0.3449232
2007-05-05 15:00:00+00:00,0.22131488
2007-05-05 16:00:00+00:00,0.35673973
2007-05-05 17:00:00+00:00,0.2534966
2007-05-05 18:00:00+00:00,0.5042022
2007-05-05 19:00:00+00:00,0.2585964
2007-05-05 20:00:00+00:00,0.23518054
2007-05-05 21:00:00+00:00,0.26787448
2007-05-05 22:00:00+00:00,0.05470972
2007-05-05 23:00:00+00:00,0.04007165
2007-05-06 00:00:00+00:00,0.008926334000000001
2007-05-06 01:00:00+00:00,0.0
2007-05-06 02:00:00+00:00,0.0
2007-05-06 03:00:00+00:00,0.0
2007-05-06 04:00:00+00:00,0.0
2007-05-06 05:00:00+00:00,0.0
2007-05-06 06:00:00+00:00,0.0
2007-05-06 07:00:00+00:00,0.0
2007-05-06 08:00:00+00:00,0.0
2007-05-06 09:00:00+00:00,0.0
2007-05-06 10:00:00+00:00,0.0
2007-05-06 11:00:00+00:00,0.024869607999999998
2007-05-06 12:00:00+00:00,0.38991064
2007-05-06 13:00:00+00:00,0.6796831
2007-05-06 14:00:00+00:00,0.76400495
2007-05-06 15:00:00+00:00,0.769
2007-05-06 16:00:00+00:00,0.7688395
2007-05-06 17:00:00+00:00,0.7688259
2007-05-06 18:00:00+00:00,0.7688288000000001
2007-05-06 19:00:00+00:00,0.76432735
2007-05-06 20:00:00+00:00,0.66774297
2007-05-06 21:00:00+00:00,0.7147206
2007-05-06 22:00:00+00:00,0.637249
2007-05-06 23:00:00+00:00,0.21658869
2007-05-07 00:00:00+00:00,0.096837014
2007-05-07 01:00:00+00:00,0.0
2007-05-07 02:00:00+00:00,0.0
2007-05-07 03:00:00+00:00,0.0
2007-05-07 04:00:00+00:00,0.0
2007-05-07 05:00:00+00:00,0.0
2007-05-07 06:00:00+00:00,0.0
2007-05-07 07:00:00+00:00,0.0
2007-05-07 08:00:00+00:00,0.0
2007-05-07 09:00:00+00:00,0.0
2007-05-07 10:00:00+00:00,0.0
2007-05-07 11:00:00+00:00,0.006546273399999999
2007-05-07 12:00:00+00:00,0.42547122
2007-05-07 13:00:00+00:00,0.6938463
2007-05-07 14:00:00+00:00,0.76499206
2007-05-07 15:00:00+00:00,0.7636042
2007-05-07 16:00:00+00:00,0.7474321999999999
2007-05-07 17:00:00+00:00,0.7280925
2007-05-07 18:00:00+00:00,0.7243368
2007-05-07 19:00:00+00:00,0.73608905
2007-05-07 20:00:00+00:00,0.744258
2007-05-07 21:00:00+00:00,0.7434849
2007-05-07 22:00:00+00:00,0.6806296
2007-05-07 23:00:00+00:00,0.47527084
2007-05-08 00:00:00+00:00,0.12156056
2007-05-08 01:00:00+00:00,0.0
2007-05-08 02:00:00+00:00,0.0
2007-05-08 03:00:00+00:00,0.0
2007-05-08 04:00:00+00:00,0.0
2007-05-08 05:00:00+00:00,0.0
2007-05-08 06:00:00+00:00,0.0
2007-05-08 07:00:00+00:00,0.0
2007-05-08 08:00:00+00:00,0.0
2007-05-08 09:00:00+00:00,0.0
2007-05-08 10:00:00+00:00,0.0
2007-05-08 11:00:00+00:00,0.043791763
2007-05-08 12:00:00+00:00,0.39252925
2007-05-08 13:00:00+00:00,0.6474249
2007-05-08 14:00:00+00:00,0.71346086
2007-05-08 15:00:00+00:00,0.71361655
2007-05-08 16:00:00+00:00,0.62247753
2007-05-08 17:00:00+00:00,0.710865
2007-05-08 18:00:00+00:00,0.71050364
2007-05-08 19:00:00+00:00,0.7165672
2007-05-08 20:00:00+00:00,0.7237561
2007-05-08 21:00:00+00:00,0.7067578
2007-05-08 22:00:00+00:00,0.6408073000000001
2007-05-08 23:00:00+00:00,0.43880662
2007-05-09 00:00:00+00:00,0.1122641
2007-05-09 01:00:00+00:00,0.0
2007-05-09 02:00:00+00:00,0.0
2007-05-09 03:00:00+00:00,0.0
2007-05-09 04:00:00+00:00,0.0
2007-05-09 05:00:00+00:00,0.0
2007-05-09 06:00:00+00:00,0.0
2007-05-09 07:00:00+00:00,0.0
2007-05-09 08:00:00+00:00,0.0
2007-05-09 09:00:00+00:00,0.0
2007-05-09 10:00:00+00:00,0.0
2007-05-09 11:00:00+00:00,0.0037676857
2007-05-09 12:00:00+00:00,0.2521864
2007-05-09 13:00:00+00:00,0.6470541
2007-05-09 14:00:00+00:00,0.62211543
2007-05-09 15:00:00+00:00,0.6261246
2007-05-09 16:00:00+00:00,0.7127123000000001
2007-05-09 17:00:00+00:00,0.6965128
2007-05-09 18:00:00+00:00,0.69625133
2007-05-09 19:00:00+00:00,0.69322926
2007-05-09 20:00:00+00:00,0.6396375
2007-05-09 21:00:00+00:00,0.5748333000000001
2007-05-09 22:00:00+00:00,0.3093303
2007-05-09 23:00:00+00:00,0.26184323
2007-05-10 00:00:00+00:00,0.055244666
2007-05-10 01:00:00+00:00,0.0
2007-05-10 02:00:00+00:00,0.0
2007-05-10 03:00:00+00:00,0.0
2007-05-10 04:00:00+00:00,0.0
2007-05-10 05:00:00+00:00,0.0
2007-05-10 06:00:00+00:00,0.0
2007-05-10 07:00:00+00:00,0.0
2007-05-10 08:00:00+00:00,0.0
2007-05-10 09:00:00+00:00,0.0
2007-05-10 10:00:00+00:00,0.0
2007-05-10 11:00:00+00:00,0.015351668999999998
2007-05-10 12:00:00+00:00,0.300589
2007-05-10 13:00:00+00:00,0.53765655
2007-05-10 14:00:00+00:00,0.64595574
2007-05-10 15:00:00+00:00,0.6796325
2007-05-10 16:00:00+00:00,0.6786986999999999
2007-05-10 17:00:00+00:00,0.6729251
2007-05-10 18:00:00+00:00,0.67062753
2007-05-10 19:00:00+00:00,0.6724569
2007-05-10 20:00:00+00:00,0.5052066
2007-05-10 21:00:00+00:00,0.6150399000000001
2007-05-10 22:00:00+00:00,0.46205443
2007-05-10 23:00:00+00:00,0.26222172
2007-05-11 00:00:00+00:00,0.06121156
2007-05-11 01:00:00+00:00,0.0
2007-05-11 02:00:00+00:00,0.0
2007-05-11 03:00:00+00:00,0.0
2007-05-11 04:00:00+00:00,0.0
2007-05-11 05:00:00+00:00,0.0
2007-05-11 06:00:00+00:00,0.0
2007-05-11 07:00:00+00:00,0.0
2007-05-11 08:00:00+00:00,0.0
2007-05-11 09:00:00+00:00,0.0
2007-05-11 10:00:00+00:00,0.0
2007-05-11 11:00:00+00:00,0.017448157
2007-05-11 12:00:00+00:00,0.24177247
2007-05-11 13:00:00+00:00,0.3011886
2007-05-11 14:00:00+00:00,0.07327965
2007-05-11 15:00:00+00:00,0.21893345
2007-05-11 16:00:00+00:00,0.28978184
2007-05-11 17:00:00+00:00,0.34451914
2007-05-11 18:00:00+00:00,0.33139634
2007-05-11 19:00:00+00:00,0.50633264
2007-05-11 20:00:00+00:00,0.6272144000000001
2007-05-11 21:00:00+00:00,0.6342800999999999
2007-05-11 22:00:00+00:00,0.18530302
2007-05-11 23:00:00+00:00,0.15112591
2007-05-12 00:00:00+00:00,0.015477544
2007-05-12 01:00:00+00:00,0.0
2007-05-12 02:00:00+00:00,0.0
2007-05-12 03:00:00+00:00,0.0
2007-05-12 04:00:00+00:00,0.0
2007-05-12 05:00:00+00:00,0.0
2007-05-12 06:00:00+00:00,0.0
2007-05-12 07:00:00+00:00,0.0
2007-05-12 08:00:00+00:00,0.0
2007-05-12 09:00:00+00:00,0.0
2007-05-12 10:00:00+00:00,0.0
2007-05-12 11:00:00+00:00,0.0121788
2007-05-12 12:00:00+00:00,0.2901646
2007-05-12 13:00:00+00:00,0.48435730000000005
2007-05-12 14:00:00+00:00,0.61771494
2007-05-12 15:00:00+00:00,0.68779296
2007-05-12 16:00:00+00:00,0.66524255
2007-05-12 17:00:00+00:00,0.6946093000000001
2007-05-12 18:00:00+00:00,0.68210423
2007-05-12 19:00:00+00:00,0.54110783
2007-05-12 20:00:00+00:00,0.5663743
2007-05-12 21:00:00+00:00,0.6658098000000001
2007-05-12 22:00:00+00:00,0.57243586
2007-05-12 23:00:00+00:00,0.37616172
2007-05-13 00:00:00+00:00,0.08882687
2007-05-13 01:00:00+00:00,0.0
2007-05-13 02:00:00+00:00,0.0
2007-05-13 03:00:00+00:00,0.0
2007-05-13 04:00:00+00:00,0.0
2007-05-13 05:00:00+00:00,0.0
2007-05-13 06:00:00+00:00,0.0
2007-05-13 07:00:00+00:00,0.0
2007-05-13 08:00:00+00:00,0.0
2007-05-13 09:00:00+00:00,0.0
2007-05-13 10:00:00+00:00,0.0
2007-05-13 11:00:00+00:00,0.08379360000000001
2007-05-13 12:00:00+00:00,0.448171
2007-05-13 13:00:00+00:00,0.6993653000000001
2007-05-13 14:00:00+00:00,0.769
2007-05-13 15:00:00+00:00,0.769
2007-05-13 16:00:00+00:00,0.769
2007-05-13 17:00:00+00:00,0.769
2007-05-13 18:00:00+00:00,0.7685166
2007-05-13 19:00:00+00:00,0.7673760000000001
2007-05-13 20:00:00+00:00,0.76897097
2007-05-13 21:00:00+00:00,0.7533491999999999
2007-05-13 22:00:00+00:00,0.6823701
2007-05-13 23:00:00+00:00,0.4760964
2007-05-14 00:00:00+00:00,0.13190532
2007-05-14 01:00:00+00:00,0.0
2007-05-14 02:00:00+00:00,0.0
2007-05-14 03:00:00+00:00,0.0
2007-05-14 04:00:00+00:00,0.0
2007-05-14 05:00:00+00:00,0.0
2007-05-14 06:00:00+00:00,0.0
2007-05-14 07:00:00+00:00,0.0
2007-05-14 08:00:00+00:00,0.0
2007-05-14 09:00:00+00:00,0.0
2007-05-14 10:00:00+00:00,0.0
2007-05-14 11:00:00+00:00,0.08224029
2007-05-14 12:00:00+00:00,0.4218093
2007-05-14 13:00:00+00:00,0.6572983
2007-05-14 14:00:00+00:00,0.72639847
2007-05-14 15:00:00+00:00,0.7435308
2007-05-14 16:00:00+00:00,0.73389196
2007-05-14 17:00:00+00:00,0.7254661
2007-05-14 18:00:00+00:00,0.7210848000000001
2007-05-14 19:00:00+00:00,0.7236060000000001
2007-05-14 20:00:00+00:00,0.7203808
2007-05-14 21:00:00+00:00,0.6990254
2007-05-14 22:00:00+00:00,0.62704235
2007-05-14 23:00:00+00:00,0.43872547
2007-05-15 00:00:00+00:00,0.124287315
2007-05-15 01:00:00+00:00,0.0
2007-05-15 02:00:00+00:00,0.0
2007-05-15 03:00:00+00:00,0.0
2007-05-15 04:00:00+00:00,0.0
2007-05-15 05:00:00+00:00,0.0
2007-05-15 06:00:00+00:00,0.0
2007-05-15 07:00:00+00:00,0.0
2007-05-15 08:00:00+00:00,0.0
2007-05-15 09:00:00+00:00,0.0
2007-05-15 10:00:00+00:00,0.0
2007-05-15 11:00:00+00:00,0.05329024
2007-05-15 12:00:00+00:00,0.31531087
2007-05-15 13:00:00+00:00,0.5620897
2007-05-15 14:00:00+00:00,0.67087156
2007-05-15 15:00:00+00:00,0.5968876999999999
2007-05-15 16:00:00+00:00,0.59003985
2007-05-15 17:00:00+00:00,0.7124746999999999
2007-05-15 18:00:00+00:00,0.71025646
2007-05-15 19:00:00+00:00,0.71263194
2007-05-15 20:00:00+00:00,0.7095374
2007-05-15 21:00:00+00:00,0.67495626
2007-05-15 22:00:00+00:00,0.56200796
2007-05-15 23:00:00+00:00,0.33072537
2007-05-16 00:00:00+00:00,0.06272516
2007-05-16 01:00:00+00:00,0.0
2007-05-16 02:00:00+00:00,0.0
2007-05-16 03:00:00+00:00,0.0
2007-05-16 04:00:00+00:00,0.0
2007-05-16 05:00:00+00:00,0.0
2007-05-16 06:00:00+00:00,0.0
2007-05-16 07:00:00+00:00,0.0
2007-05-16 08:00:00+00:00,0.0
2007-05-16 09:00:00+00:00,0.0
2007-05-16 10:00:00+00:00,0.0
2007-05-16 11:00:00+00:00,0.0
2007-05-16 12:00:00+00:00,0.02243499
2007-05-16 13:00:00+00:00,0.047820892000000004
2007-05-16 14:00:00+00:00,0.16640316
2007-05-16 15:00:00+00:00,0.560928
2007-05-16 16:00:00+00:00,0.5857131
2007-05-16 17:00:00+00:00,0.5433216
2007-05-16 18:00:00+00:00,0.5742229999999999
2007-05-16 19:00:00+00:00,0.7154835999999999
2007-05-16 20:00:00+00:00,0.65862525
2007-05-16 21:00:00+00:00,0.7143778000000001
2007-05-16 22:00:00+00:00,0.63555425
2007-05-16 23:00:00+00:00,0.44209918
2007-05-17 00:00:00+00:00,0.1300953
2007-05-17 01:00:00+00:00,0.0
2007-05-17 02:00:00+00:00,0.0
2007-05-17 03:00:00+00:00,0.0
2007-05-17 04:00:00+00:00,0.0
2007-05-17 05:00:00+00:00,0.0
2007-05-17 06:00:00+00:00,0.0
2007-05-17 07:00:00+00:00,0.0
2007-05-17 08:00:00+00:00,0.0
2007-05-17 09:00:00+00:00,0.0
2007-05-17 10:00:00+00:00,0.0
2007-05-17 11:00:00+00:00,2.423295e-05
2007-05-17 12:00:00+00:00,0.07938774
2007-05-17 13:00:00+00:00,0.53005475
2007-05-17 14:00:00+00:00,0.45168763
2007-05-17 15:00:00+00:00,0.7563569
2007-05-17 16:00:00+00:00,0.7360173000000001
2007-05-17 17:00:00+00:00,0.42061928
2007-05-17 18:00:00+00:00,0.31579193
2007-05-17 19:00:00+00:00,0.32582772
2007-05-17 20:00:00+00:00,0.22980364
2007-05-17 21:00:00+00:00,0.37129018
2007-05-17 22:00:00+00:00,0.32314128
2007-05-17 23:00:00+00:00,0.42657495
2007-05-18 00:00:00+00:00,0.13670427
2007-05-18 01:00:00+00:00,0.0
2007-05-18 02:00:00+00:00,0.0
2007-05-18 03:00:00+00:00,0.0
2007-05-18 04:00:00+00:00,0.0
2007-05-18 05:00:00+00:00,0.0
2007-05-18 06:00:00+00:00,0.0
2007-05-18 07:00:00+00:00,0.0
2007-05-18 08:00:00+00:00,0.0
2007-05-18 09:00:00+00:00,0.0
2007-05-18 10:00:00+00:00,0.0
2007-05-18 11:00:00+00:00,0.07758119
2007-05-18 12:00:00+00:00,0.4030742
2007-05-18 13:00:00+00:00,0.65625787
2007-05-18 14:00:00+00:00,0.75523907
2007-05-18 15:00:00+00:00,0.769
2007-05-18 16:00:00+00:00,0.62744725
2007-05-18 17:00:00+00:00,0.58064884
2007-05-18 18:00:00+00:00,0.52977395
2007-05-18 19:00:00+00:00,0.56210667
2007-05-18 20:00:00+00:00,0.5313815
2007-05-18 21:00:00+00:00,0.7314206
2007-05-18 22:00:00+00:00,0.6790075
2007-05-18 23:00:00+00:00,0.49102214
2007-05-19 00:00:00+00:00,0.14940862
2007-05-19 01:00:00+00:00,0.0
2007-05-19 02:00:00+00:00,0.0
2007-05-19 03:00:00+00:00,0.0
2007-05-19 04:00:00+00:00,0.0
2007-05-19 05:00:00+00:00,0.0
2007-05-19 06:00:00+00:00,0.0
2007-05-19 07:00:00+00:00,0.0
2007-05-19 08:00:00+00:00,0.0
2007-05-19 09:00:00+00:00,0.0
2007-05-19 10:00:00+00:00,0.0
2007-05-19 11:00:00+00:00,0.029877382999999997
2007-05-19 12:00:00+00:00,0.41579232
2007-05-19 13:00:00+00:00,0.6469659000000001
2007-05-19 14:00:00+00:00,0.73053265
2007-05-19 15:00:00+00:00,0.75246733
2007-05-19 16:00:00+00:00,0.7403721999999999
2007-05-19 17:00:00+00:00,0.7342835
2007-05-19 18:00:00+00:00,0.7327057
2007-05-19 19:00:00+00:00,0.73901945
2007-05-19 20:00:00+00:00,0.7359051999999999
2007-05-19 21:00:00+00:00,0.71501863
2007-05-19 22:00:00+00:00,0.5591034
2007-05-19 23:00:00+00:00,0.37646163
2007-05-20 00:00:00+00:00,0.120100476
2007-05-20 01:00:00+00:00,0.0
2007-05-20 02:00:00+00:00,0.0
2007-05-20 03:00:00+00:00,0.0
2007-05-20 04:00:00+00:00,0.0
2007-05-20 05:00:00+00:00,0.0
2007-05-20 06:00:00+00:00,0.0
2007-05-20 07:00:00+00:00,0.0
2007-05-20 08:00:00+00:00,0.0
2007-05-20 09:00:00+00:00,0.0
2007-05-20 10:00:00+00:00,0.0
2007-05-20 11:00:00+00:00,0.10319412
2007-05-20 12:00:00+00:00,0.44253182
2007-05-20 13:00:00+00:00,0.66937613
2007-05-20 14:00:00+00:00,0.74430466
2007-05-20 15:00:00+00:00,0.76444244
2007-05-20 16:00:00+00:00,0.7535426
2007-05-20 17:00:00+00:00,0.74598086
2007-05-20 18:00:00+00:00,0.73924494
2007-05-20 19:00:00+00:00,0.7416763000000001
2007-05-20 20:00:00+00:00,0.7397295
2007-05-20 21:00:00+00:00,0.7203670999999999
2007-05-20 22:00:00+00:00,0.6445925
2007-05-20 23:00:00+00:00,0.46051803
2007-05-21 00:00:00+00:00,0.14055978
2007-05-21 01:00:00+00:00,0.0
2007-05-21 02:00:00+00:00,0.0
2007-05-21 03:00:00+00:00,0.0
2007-05-21 04:00:00+00:00,0.0
2007-05-21 05:00:00+00:00,0.0
2007-05-21 06:00:00+00:00,0.0
2007-05-21 07:00:00+00:00,0.0
2007-05-21 08:00:00+00:00,0.0
2007-05-21 09:00:00+00:00,0.0
2007-05-21 10:00:00+00:00,0.0
2007-05-21 11:00:00+00:00,0.09663158
2007-05-21 12:00:00+00:00,0.40769362
2007-05-21 13:00:00+00:00,0.62666607
2007-05-21 14:00:00+00:00,0.70178276
2007-05-21 15:00:00+00:00,0.71611106
2007-05-21 16:00:00+00:00,0.7173151999999999
2007-05-21 17:00:00+00:00,0.71596426
2007-05-21 18:00:00+00:00,0.71906525
2007-05-21 19:00:00+00:00,0.7226259
2007-05-21 20:00:00+00:00,0.71974725
2007-05-21 21:00:00+00:00,0.69878787
2007-05-21 22:00:00+00:00,0.62933177
2007-05-21 23:00:00+00:00,0.46386635
2007-05-22 00:00:00+00:00,0.1463247
2007-05-22 01:00:00+00:00,0.0
2007-05-22 02:00:00+00:00,0.0
2007-05-22 03:00:00+00:00,0.0
2007-05-22 04:00:00+00:00,0.0
2007-05-22 05:00:00+00:00,0.0
2007-05-22 06:00:00+00:00,0.0
2007-05-22 07:00:00+00:00,0.0
2007-05-22 08:00:00+00:00,0.0
2007-05-22 09:00:00+00:00,0.0
2007-05-22 10:00:00+00:00,0.0
2007-05-22 11:00:00+00:00,0.10319514
2007-05-22 12:00:00+00:00,0.42657024
2007-05-22 13:00:00+00:00,0.6388651
2007-05-22 14:00:00+00:00,0.69741213
2007-05-22 15:00:00+00:00,0.71695185
2007-05-22 16:00:00+00:00,0.72151566
2007-05-22 17:00:00+00:00,0.7179963
2007-05-22 18:00:00+00:00,0.71540576
2007-05-22 19:00:00+00:00,0.71993333
2007-05-22 20:00:00+00:00,0.7147014
2007-05-22 21:00:00+00:00,0.6924189000000001
2007-05-22 22:00:00+00:00,0.6180788
2007-05-22 23:00:00+00:00,0.44731920000000003
2007-05-23 00:00:00+00:00,0.14242987
2007-05-23 01:00:00+00:00,0.0
2007-05-23 02:00:00+00:00,0.0
2007-05-23 03:00:00+00:00,0.0
2007-05-23 04:00:00+00:00,0.0
2007-05-23 05:00:00+00:00,0.0
2007-05-23 06:00:00+00:00,0.0
2007-05-23 07:00:00+00:00,0.0
2007-05-23 08:00:00+00:00,0.0
2007-05-23 09:00:00+00:00,0.0
2007-05-23 10:00:00+00:00,0.0
2007-05-23 11:00:00+00:00,0.053574983
2007-05-23 12:00:00+00:00,0.29549116
2007-05-23 13:00:00+00:00,0.48574868
2007-05-23 14:00:00+00:00,0.59889907
2007-05-23 15:00:00+00:00,0.65364426
2007-05-23 16:00:00+00:00,0.67867607
2007-05-23 17:00:00+00:00,0.6811454
2007-05-23 18:00:00+00:00,0.6711938000000001
2007-05-23 19:00:00+00:00,0.6732708000000001
2007-05-23 20:00:00+00:00,0.6181207
2007-05-23 21:00:00+00:00,0.61719173
2007-05-23 22:00:00+00:00,0.53288656
2007-05-23 23:00:00+00:00,0.35873365
2007-05-24 00:00:00+00:00,0.10653665
2007-05-24 01:00:00+00:00,0.0
2007-05-24 02:00:00+00:00,0.0
2007-05-24 03:00:00+00:00,0.0
2007-05-24 04:00:00+00:00,0.0
2007-05-24 05:00:00+00:00,0.0
2007-05-24 06:00:00+00:00,0.0
2007-05-24 07:00:00+00:00,0.0
2007-05-24 08:00:00+00:00,0.0
2007-05-24 09:00:00+00:00,0.0
2007-05-24 10:00:00+00:00,0.0
2007-05-24 11:00:00+00:00,0.0010514043
2007-05-24 12:00:00+00:00,0.040518599999999995
2007-05-24 13:00:00+00:00,0.20294502
2007-05-24 14:00:00+00:00,0.31028658
2007-05-24 15:00:00+00:00,0.66549367
2007-05-24 16:00:00+00:00,0.685304
2007-05-24 17:00:00+00:00,0.6845599
2007-05-24 18:00:00+00:00,0.6654675999999999
2007-05-24 19:00:00+00:00,0.6753306
2007-05-24 20:00:00+00:00,0.53891116
2007-05-24 21:00:00+00:00,0.6226483
2007-05-24 22:00:00+00:00,0.54575044
2007-05-24 23:00:00+00:00,0.377294
2007-05-25 00:00:00+00:00,0.10092597
2007-05-25 01:00:00+00:00,0.0
2007-05-25 02:00:00+00:00,0.0
2007-05-25 03:00:00+00:00,0.0
2007-05-25 04:00:00+00:00,0.0
2007-05-25 05:00:00+00:00,0.0
2007-05-25 06:00:00+00:00,0.0
2007-05-25 07:00:00+00:00,0.0
2007-05-25 08:00:00+00:00,0.0
2007-05-25 09:00:00+00:00,0.0
2007-05-25 10:00:00+00:00,0.0
2007-05-25 11:00:00+00:00,0.10391188400000001
2007-05-25 12:00:00+00:00,0.41974583
2007-05-25 13:00:00+00:00,0.63281184
2007-05-25 14:00:00+00:00,0.7094419
2007-05-25 15:00:00+00:00,0.7290641
2007-05-25 16:00:00+00:00,0.72657174
2007-05-25 17:00:00+00:00,0.71439713
2007-05-25 18:00:00+00:00,0.7121390000000001
2007-05-25 19:00:00+00:00,0.65967304
2007-05-25 20:00:00+00:00,0.538862
2007-05-25 21:00:00+00:00,0.6947315
2007-05-25 22:00:00+00:00,0.58704716
2007-05-25 23:00:00+00:00,0.47530746
2007-05-26 00:00:00+00:00,0.15764228
2007-05-26 01:00:00+00:00,0.0
2007-05-26 02:00:00+00:00,0.0
2007-05-26 03:00:00+00:00,0.0
2007-05-26 04:00:00+00:00,0.0
2007-05-26 05:00:00+00:00,0.0
2007-05-26 06:00:00+00:00,0.0
2007-05-26 07:00:00+00:00,0.0
2007-05-26 08:00:00+00:00,0.0
2007-05-26 09:00:00+00:00,0.0
2007-05-26 10:00:00+00:00,0.0
2007-05-26 11:00:00+00:00,0.09253242
2007-05-26 12:00:00+00:00,0.3906338
2007-05-26 13:00:00+00:00,0.471333
2007-05-26 14:00:00+00:00,0.61754245
2007-05-26 15:00:00+00:00,0.70116884
2007-05-26 16:00:00+00:00,0.6469726
2007-05-26 17:00:00+00:00,0.60624504
2007-05-26 18:00:00+00:00,0.5882083
2007-05-26 19:00:00+00:00,0.5579014
2007-05-26 20:00:00+00:00,0.54749846
2007-05-26 21:00:00+00:00,0.6122279
2007-05-26 22:00:00+00:00,0.48251277
2007-05-26 23:00:00+00:00,0.20409328
2007-05-27 00:00:00+00:00,0.07310791
2007-05-27 01:00:00+00:00,0.0
2007-05-27 02:00:00+00:00,0.0
2007-05-27 03:00:00+00:00,0.0
2007-05-27 04:00:00+00:00,0.0
2007-05-27 05:00:00+00:00,0.0
2007-05-27 06:00:00+00:00,0.0
2007-05-27 07:00:00+00:00,0.0
2007-05-27 08:00:00+00:00,0.0
2007-05-27 09:00:00+00:00,0.0
2007-05-27 10:00:00+00:00,0.0
2007-05-27 11:00:00+00:00,0.07553466
2007-05-27 12:00:00+00:00,0.31843182
2007-05-27 13:00:00+00:00,0.540575
2007-05-27 14:00:00+00:00,0.6059726
2007-05-27 15:00:00+00:00,0.6198945
2007-05-27 16:00:00+00:00,0.6307395
2007-05-27 17:00:00+00:00,0.59885883
2007-05-27 18:00:00+00:00,0.58653665
2007-05-27 19:00:00+00:00,0.53482014
2007-05-27 20:00:00+00:00,0.5739385
2007-05-27 21:00:00+00:00,0.59645545
2007-05-27 22:00:00+00:00,0.44158837
2007-05-27 23:00:00+00:00,0.24976884
2007-05-28 00:00:00+00:00,0.07159759
2007-05-28 01:00:00+00:00,0.0
2007-05-28 02:00:00+00:00,0.0
2007-05-28 03:00:00+00:00,0.0
2007-05-28 04:00:00+00:00,0.0
2007-05-28 05:00:00+00:00,0.0
2007-05-28 06:00:00+00:00,0.0
2007-05-28 07:00:00+00:00,0.0
2007-05-28 08:00:00+00:00,0.0
2007-05-28 09:00:00+00:00,0.0
2007-05-28 10:00:00+00:00,0.0
2007-05-28 11:00:00+00:00,0.0203273
2007-05-28 12:00:00+00:00,0.27249584
2007-05-28 13:00:00+00:00,0.47468862
2007-05-28 14:00:00+00:00,0.56605816
2007-05-28 15:00:00+00:00,0.52669436
2007-05-28 16:00:00+00:00,0.6471599
2007-05-28 17:00:00+00:00,0.65605396
2007-05-28 18:00:00+00:00,0.51255286
2007-05-28 19:00:00+00:00,0.50583184
2007-05-28 20:00:00+00:00,0.51695305
2007-05-28 21:00:00+00:00,0.4555782
2007-05-28 22:00:00+00:00,0.44791642
2007-05-28 23:00:00+00:00,0.2932663
2007-05-29 00:00:00+00:00,0.07449888
2007-05-29 01:00:00+00:00,0.0
2007-05-29 02:00:00+00:00,0.0
2007-05-29 03:00:00+00:00,0.0
2007-05-29 04:00:00+00:00,0.0
2007-05-29 05:00:00+00:00,0.0
2007-05-29 06:00:00+00:00,0.0
2007-05-29 07:00:00+00:00,0.0
2007-05-29 08:00:00+00:00,0.0
2007-05-29 09:00:00+00:00,0.0
2007-05-29 10:00:00+00:00,0.0
2007-05-29 11:00:00+00:00,0.04856352
2007-05-29 12:00:00+00:00,0.19192703
2007-05-29 13:00:00+00:00,0.40016633
2007-05-29 14:00:00+00:00,0.5887845
2007-05-29 15:00:00+00:00,0.63068235
2007-05-29 16:00:00+00:00,0.6530478
2007-05-29 17:00:00+00:00,0.64817286
2007-05-29 18:00:00+00:00,0.6673661
2007-05-29 19:00:00+00:00,0.6739012
2007-05-29 20:00:00+00:00,0.6671588
2007-05-29 21:00:00+00:00,0.6254284000000001
2007-05-29 22:00:00+00:00,0.54531705
2007-05-29 23:00:00+00:00,0.39449725
2007-05-30 00:00:00+00:00,0.123177655
2007-05-30 01:00:00+00:00,0.0
2007-05-30 02:00:00+00:00,0.0
2007-05-30 03:00:00+00:00,0.0
2007-05-30 04:00:00+00:00,0.0
2007-05-30 05:00:00+00:00,0.0
2007-05-30 06:00:00+00:00,0.0
2007-05-30 07:00:00+00:00,0.0
2007-05-30 08:00:00+00:00,0.0
2007-05-30 09:00:00+00:00,0.0
2007-05-30 10:00:00+00:00,0.0
2007-05-30 11:00:00+00:00,0.109531105
2007-05-30 12:00:00+00:00,0.32605934
2007-05-30 13:00:00+00:00,0.52765703
2007-05-30 14:00:00+00:00,0.5414943
2007-05-30 15:00:00+00:00,0.5993105
2007-05-30 16:00:00+00:00,0.5986185
2007-05-30 17:00:00+00:00,0.61225945
2007-05-30 18:00:00+00:00,0.6347453000000001
2007-05-30 19:00:00+00:00,0.6457712
2007-05-30 20:00:00+00:00,0.68371344
2007-05-30 21:00:00+00:00,0.63916016
2007-05-30 22:00:00+00:00,0.51880616
2007-05-30 23:00:00+00:00,0.43672296
2007-05-31 00:00:00+00:00,0.12920928
2007-05-31 01:00:00+00:00,0.0
2007-05-31 02:00:00+00:00,0.0
2007-05-31 03:00:00+00:00,0.0
2007-05-31 04:00:00+00:00,0.0
2007-05-31 05:00:00+00:00,0.0
2007-05-31 06:00:00+00:00,0.0
2007-05-31 07:00:00+00:00,0.0
2007-05-31 08:00:00+00:00,0.0
2007-05-31 09:00:00+00:00,0.0
2007-05-31 10:00:00+00:00,0.0
2007-05-31 11:00:00+00:00,0.046438545
2007-05-31 12:00:00+00:00,0.32889348
2007-05-31 13:00:00+00:00,0.43778533
2007-05-31 14:00:00+00:00,0.4887795999999999
2007-05-31 15:00:00+00:00,0.4313781
2007-05-31 16:00:00+00:00,0.3005375
2007-05-31 17:00:00+00:00,0.48524556
2007-05-31 18:00:00+00:00,0.35692576
2007-05-31 19:00:00+00:00,0.5600761
2007-05-31 20:00:00+00:00,0.6576454
2007-05-31 21:00:00+00:00,0.39773327
2007-05-31 22:00:00+00:00,0.44667673
2007-05-31 23:00:00+00:00,0.17700043
2007-06-01 00:00:00+00:00,0.019989263
2007-06-01 01:00:00+00:00,0.0
2007-06-01 02:00:00+00:00,0.0
2007-06-01 03:00:00+00:00,0.0
2007-06-01 04:00:00+00:00,0.0
2007-06-01 05:00:00+00:00,0.0
2007-06-01 06:00:00+00:00,0.0
2007-06-01 07:00:00+00:00,0.0
2007-06-01 08:00:00+00:00,0.0
2007-06-01 09:00:00+00:00,0.0
2007-06-01 10:00:00+00:00,0.0
2007-06-01 11:00:00+00:00,0.048270658
2007-06-01 12:00:00+00:00,0.2655677
2007-06-01 13:00:00+00:00,0.46381453
2007-06-01 14:00:00+00:00,0.47985303
2007-06-01 15:00:00+00:00,0.59453434
2007-06-01 16:00:00+00:00,0.5352343
2007-06-01 17:00:00+00:00,0.43106377
2007-06-01 18:00:00+00:00,0.50982535
2007-06-01 19:00:00+00:00,0.52567035
2007-06-01 20:00:00+00:00,0.4854062
2007-06-01 21:00:00+00:00,0.57431144
2007-06-01 22:00:00+00:00,0.47583976
2007-06-01 23:00:00+00:00,0.31962895
2007-06-02 00:00:00+00:00,0.091941126
2007-06-02 01:00:00+00:00,0.0
2007-06-02 02:00:00+00:00,0.0
2007-06-02 03:00:00+00:00,0.0
2007-06-02 04:00:00+00:00,0.0
2007-06-02 05:00:00+00:00,0.0
2007-06-02 06:00:00+00:00,0.0
2007-06-02 07:00:00+00:00,0.0
2007-06-02 08:00:00+00:00,0.0
2007-06-02 09:00:00+00:00,0.0
2007-06-02 10:00:00+00:00,0.0
2007-06-02 11:00:00+00:00,0.03752396
2007-06-02 12:00:00+00:00,0.29478842
2007-06-02 13:00:00+00:00,0.46981308
2007-06-02 14:00:00+00:00,0.48190358
2007-06-02 15:00:00+00:00,0.5205185
2007-06-02 16:00:00+00:00,0.3648304
2007-06-02 17:00:00+00:00,0.23246370000000002
2007-06-02 18:00:00+00:00,0.48898625
2007-06-02 19:00:00+00:00,0.42756492
2007-06-02 20:00:00+00:00,0.41192749999999995
2007-06-02 21:00:00+00:00,0.37993494
2007-06-02 22:00:00+00:00,0.22489996
2007-06-02 23:00:00+00:00,0.09020326
2007-06-03 00:00:00+00:00,0.029084357
2007-06-03 01:00:00+00:00,0.0
2007-06-03 02:00:00+00:00,0.0
2007-06-03 03:00:00+00:00,0.0
2007-06-03 04:00:00+00:00,0.0
2007-06-03 05:00:00+00:00,0.0
2007-06-03 06:00:00+00:00,0.0
2007-06-03 07:00:00+00:00,0.0
2007-06-03 08:00:00+00:00,0.0
2007-06-03 09:00:00+00:00,0.0
2007-06-03 10:00:00+00:00,0.0
2007-06-03 11:00:00+00:00,0.0067924005
2007-06-03 12:00:00+00:00,0.15440941
2007-06-03 13:00:00+00:00,0.35942873
2007-06-03 14:00:00+00:00,0.44647749999999997
2007-06-03 15:00:00+00:00,0.47398072
2007-06-03 16:00:00+00:00,0.42667845
2007-06-03 17:00:00+00:00,0.52728134
2007-06-03 18:00:00+00:00,0.55639684
2007-06-03 19:00:00+00:00,0.3775955
2007-06-03 20:00:00+00:00,0.42504928
2007-06-03 21:00:00+00:00,0.2287193
2007-06-03 22:00:00+00:00,0.52152455
2007-06-03 23:00:00+00:00,0.37444347
2007-06-04 00:00:00+00:00,0.12633409
2007-06-04 01:00:00+00:00,0.0
2007-06-04 02:00:00+00:00,0.0
2007-06-04 03:00:00+00:00,0.0
2007-06-04 04:00:00+00:00,0.0
2007-06-04 05:00:00+00:00,0.0
2007-06-04 06:00:00+00:00,0.0
2007-06-04 07:00:00+00:00,0.0
2007-06-04 08:00:00+00:00,0.0
2007-06-04 09:00:00+00:00,0.0
2007-06-04 10:00:00+00:00,0.0
2007-06-04 11:00:00+00:00,0.13432512
2007-06-04 12:00:00+00:00,0.46422133
2007-06-04 13:00:00+00:00,0.6523475999999999
2007-06-04 14:00:00+00:00,0.7176733000000001
2007-06-04 15:00:00+00:00,0.4242964
2007-06-04 16:00:00+00:00,0.45989627
2007-06-04 17:00:00+00:00,0.6617826
2007-06-04 18:00:00+00:00,0.5239527
2007-06-04 19:00:00+00:00,0.40110052
2007-06-04 20:00:00+00:00,0.6086465
2007-06-04 21:00:00+00:00,0.18868415
2007-06-04 22:00:00+00:00,0.6037134
2007-06-04 23:00:00+00:00,0.41525823
2007-06-05 00:00:00+00:00,0.07891383
2007-06-05 01:00:00+00:00,0.0
2007-06-05 02:00:00+00:00,0.0
2007-06-05 03:00:00+00:00,0.0
2007-06-05 04:00:00+00:00,0.0
2007-06-05 05:00:00+00:00,0.0
2007-06-05 06:00:00+00:00,0.0
2007-06-05 07:00:00+00:00,0.0
2007-06-05 08:00:00+00:00,0.0
2007-06-05 09:00:00+00:00,0.0
2007-06-05 10:00:00+00:00,0.0
2007-06-05 11:00:00+00:00,0.12765017
2007-06-05 12:00:00+00:00,0.44831857
2007-06-05 13:00:00+00:00,0.6036309
2007-06-05 14:00:00+00:00,0.19441960000000003
2007-06-05 15:00:00+00:00,0.1529808
2007-06-05 16:00:00+00:00,0.2805273
2007-06-05 17:00:00+00:00,0.5220914000000001
2007-06-05 18:00:00+00:00,0.55941075
2007-06-05 19:00:00+00:00,0.7190304
2007-06-05 20:00:00+00:00,0.5084966
2007-06-05 21:00:00+00:00,0.07502127
2007-06-05 22:00:00+00:00,0.41675302
2007-06-05 23:00:00+00:00,0.45389187
2007-06-06 00:00:00+00:00,0.17044342
2007-06-06 01:00:00+00:00,0.0
2007-06-06 02:00:00+00:00,0.0
2007-06-06 03:00:00+00:00,0.0
2007-06-06 04:00:00+00:00,0.0
2007-06-06 05:00:00+00:00,0.0
2007-06-06 06:00:00+00:00,0.0
2007-06-06 07:00:00+00:00,0.0
2007-06-06 08:00:00+00:00,0.0
2007-06-06 09:00:00+00:00,0.0
2007-06-06 10:00:00+00:00,0.0
2007-06-06 11:00:00+00:00,0.12977950000000002
2007-06-06 12:00:00+00:00,0.45503846
2007-06-06 13:00:00+00:00,0.6451514
2007-06-06 14:00:00+00:00,0.71588767
2007-06-06 15:00:00+00:00,0.74017525
2007-06-06 16:00:00+00:00,0.6992436
2007-06-06 17:00:00+00:00,0.59453195
2007-06-06 18:00:00+00:00,0.6696129
2007-06-06 19:00:00+00:00,0.73428184
2007-06-06 20:00:00+00:00,0.7289846
2007-06-06 21:00:00+00:00,0.6678546999999999
2007-06-06 22:00:00+00:00,0.59066725
2007-06-06 23:00:00+00:00,0.44858690000000007
2007-06-07 00:00:00+00:00,0.1816848
2007-06-07 01:00:00+00:00,0.0
2007-06-07 02:00:00+00:00,0.0
2007-06-07 03:00:00+00:00,0.0
2007-06-07 04:00:00+00:00,0.0
2007-06-07 05:00:00+00:00,0.0
2007-06-07 06:00:00+00:00,0.0
2007-06-07 07:00:00+00:00,0.0
2007-06-07 08:00:00+00:00,0.0
2007-06-07 09:00:00+00:00,0.0
2007-06-07 10:00:00+00:00,0.0
2007-06-07 11:00:00+00:00,0.12932095
2007-06-07 12:00:00+00:00,0.44857025
2007-06-07 13:00:00+00:00,0.62882215
2007-06-07 14:00:00+00:00,0.6999046
2007-06-07 15:00:00+00:00,0.7168993
2007-06-07 16:00:00+00:00,0.676292
2007-06-07 17:00:00+00:00,0.6322846999999999
2007-06-07 18:00:00+00:00,0.6791643
2007-06-07 19:00:00+00:00,0.55948174
2007-06-07 20:00:00+00:00,0.53704864
2007-06-07 21:00:00+00:00,0.47072965
2007-06-07 22:00:00+00:00,0.28464770000000006
2007-06-07 23:00:00+00:00,0.39213896
2007-06-08 00:00:00+00:00,0.16496365
2007-06-08 01:00:00+00:00,0.0
2007-06-08 02:00:00+00:00,0.0
2007-06-08 03:00:00+00:00,0.0
2007-06-08 04:00:00+00:00,0.0
2007-06-08 05:00:00+00:00,0.0
2007-06-08 06:00:00+00:00,0.0
2007-06-08 07:00:00+00:00,0.0
2007-06-08 08:00:00+00:00,0.0
2007-06-08 09:00:00+00:00,0.0
2007-06-08 10:00:00+00:00,0.0
2007-06-08 11:00:00+00:00,0.08779897
2007-06-08 12:00:00+00:00,0.3495331
2007-06-08 13:00:00+00:00,0.5424569
2007-06-08 14:00:00+00:00,0.59824705
2007-06-08 15:00:00+00:00,0.43121853
2007-06-08 16:00:00+00:00,0.36564824
2007-06-08 17:00:00+00:00,0.36037195
2007-06-08 18:00:00+00:00,0.05785358
2007-06-08 19:00:00+00:00,0.1852402
2007-06-08 20:00:00+00:00,0.47112837
2007-06-08 21:00:00+00:00,0.564056
2007-06-08 22:00:00+00:00,0.43986937
2007-06-08 23:00:00+00:00,0.4487196
2007-06-09 00:00:00+00:00,0.12271779
2007-06-09 01:00:00+00:00,0.0
2007-06-09 02:00:00+00:00,0.0
2007-06-09 03:00:00+00:00,0.0
2007-06-09 04:00:00+00:00,0.0
2007-06-09 05:00:00+00:00,0.0
2007-06-09 06:00:00+00:00,0.0
2007-06-09 07:00:00+00:00,0.0
2007-06-09 08:00:00+00:00,0.0
2007-06-09 09:00:00+00:00,0.0
2007-06-09 10:00:00+00:00,0.0
2007-06-09 11:00:00+00:00,0.12370493
2007-06-09 12:00:00+00:00,0.22914875
2007-06-09 13:00:00+00:00,0.60413533
2007-06-09 14:00:00+00:00,0.6901465999999999
2007-06-09 15:00:00+00:00,0.7122746999999999
2007-06-09 16:00:00+00:00,0.7196206999999999
2007-06-09 17:00:00+00:00,0.69596416
2007-06-09 18:00:00+00:00,0.5948619
2007-06-09 19:00:00+00:00,0.6733927
2007-06-09 20:00:00+00:00,0.6838637
2007-06-09 21:00:00+00:00,0.7164959
2007-06-09 22:00:00+00:00,0.6644361
2007-06-09 23:00:00+00:00,0.53958064
2007-06-10 00:00:00+00:00,0.21495624
2007-06-10 01:00:00+00:00,0.0
2007-06-10 02:00:00+00:00,0.0
2007-06-10 03:00:00+00:00,0.0
2007-06-10 04:00:00+00:00,0.0
2007-06-10 05:00:00+00:00,0.0
2007-06-10 06:00:00+00:00,0.0
2007-06-10 07:00:00+00:00,0.0
2007-06-10 08:00:00+00:00,0.0
2007-06-10 09:00:00+00:00,0.0
2007-06-10 10:00:00+00:00,0.0
2007-06-10 11:00:00+00:00,0.14463710000000002
2007-06-10 12:00:00+00:00,0.48869209999999996
2007-06-10 13:00:00+00:00,0.67447025
2007-06-10 14:00:00+00:00,0.7455457
2007-06-10 15:00:00+00:00,0.6987039
2007-06-10 16:00:00+00:00,0.62367165
2007-06-10 17:00:00+00:00,0.6322565
2007-06-10 18:00:00+00:00,0.61712897
2007-06-10 19:00:00+00:00,0.47585255
2007-06-10 20:00:00+00:00,0.64461106
2007-06-10 21:00:00+00:00,0.61276823
2007-06-10 22:00:00+00:00,0.46877596
2007-06-10 23:00:00+00:00,0.41762653
2007-06-11 00:00:00+00:00,0.14451064
2007-06-11 01:00:00+00:00,0.0
2007-06-11 02:00:00+00:00,0.0
2007-06-11 03:00:00+00:00,0.0
2007-06-11 04:00:00+00:00,0.0
2007-06-11 05:00:00+00:00,0.0
2007-06-11 06:00:00+00:00,0.0
2007-06-11 07:00:00+00:00,0.0
2007-06-11 08:00:00+00:00,0.0
2007-06-11 09:00:00+00:00,0.0
2007-06-11 10:00:00+00:00,0.0
2007-06-11 11:00:00+00:00,0.03130849
2007-06-11 12:00:00+00:00,0.021777485
2007-06-11 13:00:00+00:00,0.256573
2007-06-11 14:00:00+00:00,0.24361017
2007-06-11 15:00:00+00:00,0.69043934
2007-06-11 16:00:00+00:00,0.6372004
2007-06-11 17:00:00+00:00,0.71780515
2007-06-11 18:00:00+00:00,0.7122757
2007-06-11 19:00:00+00:00,0.7162345999999999
2007-06-11 20:00:00+00:00,0.72173923
2007-06-11 21:00:00+00:00,0.7070875
2007-06-11 22:00:00+00:00,0.65499413
2007-06-11 23:00:00+00:00,0.5309951
2007-06-12 00:00:00+00:00,0.21036682
2007-06-12 01:00:00+00:00,0.0
2007-06-12 02:00:00+00:00,0.0
2007-06-12 03:00:00+00:00,0.0
2007-06-12 04:00:00+00:00,0.0
2007-06-12 05:00:00+00:00,0.0
2007-06-12 06:00:00+00:00,0.0
2007-06-12 07:00:00+00:00,0.0
2007-06-12 08:00:00+00:00,0.0
2007-06-12 09:00:00+00:00,0.0
2007-06-12 10:00:00+00:00,0.0
2007-06-12 11:00:00+00:00,0.13006304
2007-06-12 12:00:00+00:00,0.45765036
2007-06-12 13:00:00+00:00,0.64860374
2007-06-12 14:00:00+00:00,0.71767837
2007-06-12 15:00:00+00:00,0.7344757
2007-06-12 16:00:00+00:00,0.7346264
2007-06-12 17:00:00+00:00,0.7259555
2007-06-12 18:00:00+00:00,0.70293504
2007-06-12 19:00:00+00:00,0.7248811
2007-06-12 20:00:00+00:00,0.7213341
2007-06-12 21:00:00+00:00,0.6729483
2007-06-12 22:00:00+00:00,0.6517535
2007-06-12 23:00:00+00:00,0.5270771
2007-06-13 00:00:00+00:00,0.21006832
2007-06-13 01:00:00+00:00,0.0
2007-06-13 02:00:00+00:00,0.0
2007-06-13 03:00:00+00:00,0.0
2007-06-13 04:00:00+00:00,0.0
2007-06-13 05:00:00+00:00,0.0
2007-06-13 06:00:00+00:00,0.0
2007-06-13 07:00:00+00:00,0.0
2007-06-13 08:00:00+00:00,0.0
2007-06-13 09:00:00+00:00,0.0
2007-06-13 10:00:00+00:00,0.0
2007-06-13 11:00:00+00:00,0.12894867
2007-06-13 12:00:00+00:00,0.44020423
2007-06-13 13:00:00+00:00,0.61975974
2007-06-13 14:00:00+00:00,0.68912286
2007-06-13 15:00:00+00:00,0.7142869000000001
2007-06-13 16:00:00+00:00,0.7099694999999999
2007-06-13 17:00:00+00:00,0.63236403
2007-06-13 18:00:00+00:00,0.53108764
2007-06-13 19:00:00+00:00,0.6274562
2007-06-13 20:00:00+00:00,0.5963371000000001
2007-06-13 21:00:00+00:00,0.5079452999999999
2007-06-13 22:00:00+00:00,0.51061624
2007-06-13 23:00:00+00:00,0.43127054
2007-06-14 00:00:00+00:00,0.1602606
2007-06-14 01:00:00+00:00,0.0
2007-06-14 02:00:00+00:00,0.0
2007-06-14 03:00:00+00:00,0.0
2007-06-14 04:00:00+00:00,0.0
2007-06-14 05:00:00+00:00,0.0
2007-06-14 06:00:00+00:00,0.0
2007-06-14 07:00:00+00:00,0.0
2007-06-14 08:00:00+00:00,0.0
2007-06-14 09:00:00+00:00,0.0
2007-06-14 10:00:00+00:00,0.0
2007-06-14 11:00:00+00:00,0.11372901
2007-06-14 12:00:00+00:00,0.40054005
2007-06-14 13:00:00+00:00,0.58738774
2007-06-14 14:00:00+00:00,0.66872513
2007-06-14 15:00:00+00:00,0.69828117
2007-06-14 16:00:00+00:00,0.70472646
2007-06-14 17:00:00+00:00,0.69679105
2007-06-14 18:00:00+00:00,0.6944806
2007-06-14 19:00:00+00:00,0.6788009
2007-06-14 20:00:00+00:00,0.5947495
2007-06-14 21:00:00+00:00,0.53332645
2007-06-14 22:00:00+00:00,0.49010533
2007-06-14 23:00:00+00:00,0.39755023
2007-06-15 00:00:00+00:00,0.14130979999999999
2007-06-15 01:00:00+00:00,0.0
2007-06-15 02:00:00+00:00,0.0
2007-06-15 03:00:00+00:00,0.0
2007-06-15 04:00:00+00:00,0.0
2007-06-15 05:00:00+00:00,0.0
2007-06-15 06:00:00+00:00,0.0
2007-06-15 07:00:00+00:00,0.0
2007-06-15 08:00:00+00:00,0.0
2007-06-15 09:00:00+00:00,0.0
2007-06-15 10:00:00+00:00,0.0
2007-06-15 11:00:00+00:00,0.13346694
2007-06-15 12:00:00+00:00,0.45667967
2007-06-15 13:00:00+00:00,0.63965774
2007-06-15 14:00:00+00:00,0.63120824
2007-06-15 15:00:00+00:00,0.7313784999999999
2007-06-15 16:00:00+00:00,0.60156333
2007-06-15 17:00:00+00:00,0.6672789000000001
2007-06-15 18:00:00+00:00,0.72471327
2007-06-15 19:00:00+00:00,0.7239611
2007-06-15 20:00:00+00:00,0.7166443
2007-06-15 21:00:00+00:00,0.70466954
2007-06-15 22:00:00+00:00,0.63280094
2007-06-15 23:00:00+00:00,0.49998993
2007-06-16 00:00:00+00:00,0.21364075
2007-06-16 01:00:00+00:00,0.0
2007-06-16 02:00:00+00:00,0.0
2007-06-16 03:00:00+00:00,0.0
2007-06-16 04:00:00+00:00,0.0
2007-06-16 05:00:00+00:00,0.0
2007-06-16 06:00:00+00:00,0.0
2007-06-16 07:00:00+00:00,0.0
2007-06-16 08:00:00+00:00,0.0
2007-06-16 09:00:00+00:00,0.0
2007-06-16 10:00:00+00:00,0.0
2007-06-16 11:00:00+00:00,0.06591321
2007-06-16 12:00:00+00:00,0.32296515
2007-06-16 13:00:00+00:00,0.58538496
2007-06-16 14:00:00+00:00,0.70267564
2007-06-16 15:00:00+00:00,0.71941775
2007-06-16 16:00:00+00:00,0.72098315
2007-06-16 17:00:00+00:00,0.7130286
2007-06-16 18:00:00+00:00,0.7060852
2007-06-16 19:00:00+00:00,0.70531183
2007-06-16 20:00:00+00:00,0.6961576
2007-06-16 21:00:00+00:00,0.67278755
2007-06-16 22:00:00+00:00,0.6016293
2007-06-16 23:00:00+00:00,0.4586105
2007-06-17 00:00:00+00:00,0.17374715
2007-06-17 01:00:00+00:00,0.0
2007-06-17 02:00:00+00:00,0.0
2007-06-17 03:00:00+00:00,0.0
2007-06-17 04:00:00+00:00,0.0
2007-06-17 05:00:00+00:00,0.0
2007-06-17 06:00:00+00:00,0.0
2007-06-17 07:00:00+00:00,0.0
2007-06-17 08:00:00+00:00,0.0
2007-06-17 09:00:00+00:00,0.0
2007-06-17 10:00:00+00:00,0.0
2007-06-17 11:00:00+00:00,0.09394017
2007-06-17 12:00:00+00:00,0.3669567
2007-06-17 13:00:00+00:00,0.5506328
2007-06-17 14:00:00+00:00,0.6397529000000001
2007-06-17 15:00:00+00:00,0.67489713
2007-06-17 16:00:00+00:00,0.6823696
2007-06-17 17:00:00+00:00,0.6788234000000001
2007-06-17 18:00:00+00:00,0.5332169
2007-06-17 19:00:00+00:00,0.663697
2007-06-17 20:00:00+00:00,0.55646217
2007-06-17 21:00:00+00:00,0.53463817
2007-06-17 22:00:00+00:00,0.55697423
2007-06-17 23:00:00+00:00,0.42191887
2007-06-18 00:00:00+00:00,0.1560723
2007-06-18 01:00:00+00:00,0.0
2007-06-18 02:00:00+00:00,0.0
2007-06-18 03:00:00+00:00,0.0
2007-06-18 04:00:00+00:00,0.0
2007-06-18 05:00:00+00:00,0.0
2007-06-18 06:00:00+00:00,0.0
2007-06-18 07:00:00+00:00,0.0
2007-06-18 08:00:00+00:00,0.0
2007-06-18 09:00:00+00:00,0.0
2007-06-18 10:00:00+00:00,0.0
2007-06-18 11:00:00+00:00,0.118556425
2007-06-18 12:00:00+00:00,0.40996766
2007-06-18 13:00:00+00:00,0.5938427
2007-06-18 14:00:00+00:00,0.6653443
2007-06-18 15:00:00+00:00,0.66528517
2007-06-18 16:00:00+00:00,0.46509796
2007-06-18 17:00:00+00:00,0.44530213
2007-06-18 18:00:00+00:00,0.19177659
2007-06-18 19:00:00+00:00,0.14427897
2007-06-18 20:00:00+00:00,0.32844803
2007-06-18 21:00:00+00:00,0.57766414
2007-06-18 22:00:00+00:00,0.44881350000000003
2007-06-18 23:00:00+00:00,0.27918390000000004
2007-06-19 00:00:00+00:00,0.07709461
2007-06-19 01:00:00+00:00,0.0
2007-06-19 02:00:00+00:00,0.0
2007-06-19 03:00:00+00:00,0.0
2007-06-19 04:00:00+00:00,0.0
2007-06-19 05:00:00+00:00,0.0
2007-06-19 06:00:00+00:00,0.0
2007-06-19 07:00:00+00:00,0.0
2007-06-19 08:00:00+00:00,0.0
2007-06-19 09:00:00+00:00,0.0
2007-06-19 10:00:00+00:00,0.0
2007-06-19 11:00:00+00:00,0.027036848
2007-06-19 12:00:00+00:00,0.14668603
2007-06-19 13:00:00+00:00,0.30111656
2007-06-19 14:00:00+00:00,0.115576
2007-06-19 15:00:00+00:00,0.37713385
2007-06-19 16:00:00+00:00,0.29532143
2007-06-19 17:00:00+00:00,0.48204333
2007-06-19 18:00:00+00:00,0.43204220000000004
2007-06-19 19:00:00+00:00,0.37118867
2007-06-19 20:00:00+00:00,0.32448444
2007-06-19 21:00:00+00:00,0.28901878
2007-06-19 22:00:00+00:00,0.02565056
2007-06-19 23:00:00+00:00,0.03836941
2007-06-20 00:00:00+00:00,0.02343189
2007-06-20 01:00:00+00:00,0.0
2007-06-20 02:00:00+00:00,0.0
2007-06-20 03:00:00+00:00,0.0
2007-06-20 04:00:00+00:00,0.0
2007-06-20 05:00:00+00:00,0.0
2007-06-20 06:00:00+00:00,0.0
2007-06-20 07:00:00+00:00,0.0
2007-06-20 08:00:00+00:00,0.0
2007-06-20 09:00:00+00:00,0.0
2007-06-20 10:00:00+00:00,0.0
2007-06-20 11:00:00+00:00,0.13895498
2007-06-20 12:00:00+00:00,0.47514457
2007-06-20 13:00:00+00:00,0.66481405
2007-06-20 14:00:00+00:00,0.73025167
2007-06-20 15:00:00+00:00,0.7291576999999999
2007-06-20 16:00:00+00:00,0.6764161
2007-06-20 17:00:00+00:00,0.6486398
2007-06-20 18:00:00+00:00,0.73123896
2007-06-20 19:00:00+00:00,0.73545486
2007-06-20 20:00:00+00:00,0.7342366
2007-06-20 21:00:00+00:00,0.7283826999999999
2007-06-20 22:00:00+00:00,0.65615344
2007-06-20 23:00:00+00:00,0.4073682
2007-06-21 00:00:00+00:00,0.15468064
2007-06-21 01:00:00+00:00,0.0
2007-06-21 02:00:00+00:00,0.0
2007-06-21 03:00:00+00:00,0.0
2007-06-21 04:00:00+00:00,0.0
2007-06-21 05:00:00+00:00,0.0
2007-06-21 06:00:00+00:00,0.0
2007-06-21 07:00:00+00:00,0.0
2007-06-21 08:00:00+00:00,0.0
2007-06-21 09:00:00+00:00,0.0
2007-06-21 10:00:00+00:00,0.0
2007-06-21 11:00:00+00:00,0.13142173
2007-06-21 12:00:00+00:00,0.45238075
2007-06-21 13:00:00+00:00,0.63089246
2007-06-21 14:00:00+00:00,0.7025234
2007-06-21 15:00:00+00:00,0.71822935
2007-06-21 16:00:00+00:00,0.71830225
2007-06-21 17:00:00+00:00,0.7096316999999999
2007-06-21 18:00:00+00:00,0.7060920999999999
2007-06-21 19:00:00+00:00,0.71165025
2007-06-21 20:00:00+00:00,0.71039987
2007-06-21 21:00:00+00:00,0.7020651
2007-06-21 22:00:00+00:00,0.65340734
2007-06-21 23:00:00+00:00,0.5368448
2007-06-22 00:00:00+00:00,0.2301946
2007-06-22 01:00:00+00:00,0.0
2007-06-22 02:00:00+00:00,0.0
2007-06-22 03:00:00+00:00,0.0
2007-06-22 04:00:00+00:00,0.0
2007-06-22 05:00:00+00:00,0.0
2007-06-22 06:00:00+00:00,0.0
2007-06-22 07:00:00+00:00,0.0
2007-06-22 08:00:00+00:00,0.0
2007-06-22 09:00:00+00:00,0.0
2007-06-22 10:00:00+00:00,0.0
2007-06-22 11:00:00+00:00,0.018680189
2007-06-22 12:00:00+00:00,0.08230777
2007-06-22 13:00:00+00:00,0.24222316
2007-06-22 14:00:00+00:00,0.15596662
2007-06-22 15:00:00+00:00,0.1325522
2007-06-22 16:00:00+00:00,0.15217847
2007-06-22 17:00:00+00:00,0.23743229999999999
2007-06-22 18:00:00+00:00,0.4781323
2007-06-22 19:00:00+00:00,0.37834959999999995
2007-06-22 20:00:00+00:00,0.44910944
2007-06-22 21:00:00+00:00,0.4067302
2007-06-22 22:00:00+00:00,0.33246592
2007-06-22 23:00:00+00:00,0.26705033
2007-06-23 00:00:00+00:00,0.13577987
2007-06-23 01:00:00+00:00,0.0
2007-06-23 02:00:00+00:00,0.0
2007-06-23 03:00:00+00:00,0.0
2007-06-23 04:00:00+00:00,0.0
2007-06-23 05:00:00+00:00,0.0
2007-06-23 06:00:00+00:00,0.0
2007-06-23 07:00:00+00:00,0.0
2007-06-23 08:00:00+00:00,0.0
2007-06-23 09:00:00+00:00,0.0
2007-06-23 10:00:00+00:00,0.0
2007-06-23 11:00:00+00:00,0.019380575
2007-06-23 12:00:00+00:00,0.028383426
2007-06-23 13:00:00+00:00,0.10370311
2007-06-23 14:00:00+00:00,0.22795948
2007-06-23 15:00:00+00:00,0.5777239000000001
2007-06-23 16:00:00+00:00,0.5029300999999999
2007-06-23 17:00:00+00:00,0.5963033
2007-06-23 18:00:00+00:00,0.43865484
2007-06-23 19:00:00+00:00,0.16055834
2007-06-23 20:00:00+00:00,0.50737923
2007-06-23 21:00:00+00:00,0.6658961999999999
2007-06-23 22:00:00+00:00,0.552401
2007-06-23 23:00:00+00:00,0.14975551
2007-06-24 00:00:00+00:00,0.13416767
2007-06-24 01:00:00+00:00,0.0
2007-06-24 02:00:00+00:00,0.0
2007-06-24 03:00:00+00:00,0.0
2007-06-24 04:00:00+00:00,0.0
2007-06-24 05:00:00+00:00,0.0
2007-06-24 06:00:00+00:00,0.0
2007-06-24 07:00:00+00:00,0.0
2007-06-24 08:00:00+00:00,0.0
2007-06-24 09:00:00+00:00,0.0
2007-06-24 10:00:00+00:00,0.0
2007-06-24 11:00:00+00:00,0.015714737
2007-06-24 12:00:00+00:00,0.22592762
2007-06-24 13:00:00+00:00,0.15745337
2007-06-24 14:00:00+00:00,0.24613456
2007-06-24 15:00:00+00:00,0.41879785
2007-06-24 16:00:00+00:00,0.3851232
2007-06-24 17:00:00+00:00,0.45834464
2007-06-24 18:00:00+00:00,0.42475802
2007-06-24 19:00:00+00:00,0.5519303000000001
2007-06-24 20:00:00+00:00,0.5976735
2007-06-24 21:00:00+00:00,0.4943215999999999
2007-06-24 22:00:00+00:00,0.12425888
2007-06-24 23:00:00+00:00,0.018480108999999998
2007-06-25 00:00:00+00:00,0.037096854
2007-06-25 01:00:00+00:00,0.0
2007-06-25 02:00:00+00:00,0.0
2007-06-25 03:00:00+00:00,0.0
2007-06-25 04:00:00+00:00,0.0
2007-06-25 05:00:00+00:00,0.0
2007-06-25 06:00:00+00:00,0.0
2007-06-25 07:00:00+00:00,0.0
2007-06-25 08:00:00+00:00,0.0
2007-06-25 09:00:00+00:00,0.0
2007-06-25 10:00:00+00:00,0.0
2007-06-25 11:00:00+00:00,0.0107439235
2007-06-25 12:00:00+00:00,0.13271697
2007-06-25 13:00:00+00:00,0.47016907
2007-06-25 14:00:00+00:00,0.57783574
2007-06-25 15:00:00+00:00,0.67603177
2007-06-25 16:00:00+00:00,0.68946904
2007-06-25 17:00:00+00:00,0.67669696
2007-06-25 18:00:00+00:00,0.5082437
2007-06-25 19:00:00+00:00,0.26922873
2007-06-25 20:00:00+00:00,0.49487114
2007-06-25 21:00:00+00:00,0.532263
2007-06-25 22:00:00+00:00,0.23626402
2007-06-25 23:00:00+00:00,0.14466442
2007-06-26 00:00:00+00:00,0.11460472
2007-06-26 01:00:00+00:00,0.0
2007-06-26 02:00:00+00:00,0.0
2007-06-26 03:00:00+00:00,0.0
2007-06-26 04:00:00+00:00,0.0
2007-06-26 05:00:00+00:00,0.0
2007-06-26 06:00:00+00:00,0.0
2007-06-26 07:00:00+00:00,0.0
2007-06-26 08:00:00+00:00,0.0
2007-06-26 09:00:00+00:00,0.0
2007-06-26 10:00:00+00:00,0.0
2007-06-26 11:00:00+00:00,0.08137777
2007-06-26 12:00:00+00:00,0.3417235
2007-06-26 13:00:00+00:00,0.5325981
2007-06-26 14:00:00+00:00,0.5895779999999999
2007-06-26 15:00:00+00:00,0.6600898000000001
2007-06-26 16:00:00+00:00,0.66901165
2007-06-26 17:00:00+00:00,0.595453
2007-06-26 18:00:00+00:00,0.6307075
2007-06-26 19:00:00+00:00,0.43731758
2007-06-26 20:00:00+00:00,0.5068703
2007-06-26 21:00:00+00:00,0.2820355
2007-06-26 22:00:00+00:00,0.11587923
2007-06-26 23:00:00+00:00,0.24204339999999996
2007-06-27 00:00:00+00:00,0.12139552
2007-06-27 01:00:00+00:00,0.0
2007-06-27 02:00:00+00:00,0.0
2007-06-27 03:00:00+00:00,0.0
2007-06-27 04:00:00+00:00,0.0
2007-06-27 05:00:00+00:00,0.0
2007-06-27 06:00:00+00:00,0.0
2007-06-27 07:00:00+00:00,0.0
2007-06-27 08:00:00+00:00,0.0
2007-06-27 09:00:00+00:00,0.0
2007-06-27 10:00:00+00:00,0.0
2007-06-27 11:00:00+00:00,0.0016757367000000002
2007-06-27 12:00:00+00:00,0.009668311
2007-06-27 13:00:00+00:00,0.18954936
2007-06-27 14:00:00+00:00,0.423811
2007-06-27 15:00:00+00:00,0.62463284
2007-06-27 16:00:00+00:00,0.6740341
2007-06-27 17:00:00+00:00,0.67563623
2007-06-27 18:00:00+00:00,0.6481044
2007-06-27 19:00:00+00:00,0.60576725
2007-06-27 20:00:00+00:00,0.5699053000000001
2007-06-27 21:00:00+00:00,0.46773050000000005
2007-06-27 22:00:00+00:00,0.057984787999999995
2007-06-27 23:00:00+00:00,0.10706542
2007-06-28 00:00:00+00:00,0.12356409
2007-06-28 01:00:00+00:00,0.0
2007-06-28 02:00:00+00:00,0.0
2007-06-28 03:00:00+00:00,0.0
2007-06-28 04:00:00+00:00,0.0
2007-06-28 05:00:00+00:00,0.0
2007-06-28 06:00:00+00:00,0.0
2007-06-28 07:00:00+00:00,0.0
2007-06-28 08:00:00+00:00,0.0
2007-06-28 09:00:00+00:00,0.0
2007-06-28 10:00:00+00:00,0.0
2007-06-28 11:00:00+00:00,0.05874993
2007-06-28 12:00:00+00:00,0.28968003
2007-06-28 13:00:00+00:00,0.5148159000000001
2007-06-28 14:00:00+00:00,0.61407703
2007-06-28 15:00:00+00:00,0.49407843
2007-06-28 16:00:00+00:00,0.46410346
2007-06-28 17:00:00+00:00,0.30069575
2007-06-28 18:00:00+00:00,0.18467401
2007-06-28 19:00:00+00:00,0.3360745
2007-06-28 20:00:00+00:00,0.1529897
2007-06-28 21:00:00+00:00,0.32474774
2007-06-28 22:00:00+00:00,0.19300154
2007-06-28 23:00:00+00:00,0.16208768
2007-06-29 00:00:00+00:00,0.05810849
2007-06-29 01:00:00+00:00,0.0
2007-06-29 02:00:00+00:00,0.0
2007-06-29 03:00:00+00:00,0.0
2007-06-29 04:00:00+00:00,0.0
2007-06-29 05:00:00+00:00,0.0
2007-06-29 06:00:00+00:00,0.0
2007-06-29 07:00:00+00:00,0.0
2007-06-29 08:00:00+00:00,0.0
2007-06-29 09:00:00+00:00,0.0
2007-06-29 10:00:00+00:00,0.0
2007-06-29 11:00:00+00:00,0.0138798375
2007-06-29 12:00:00+00:00,0.26237854
2007-06-29 13:00:00+00:00,0.30594087
2007-06-29 14:00:00+00:00,0.5835140000000001
2007-06-29 15:00:00+00:00,0.6756423
2007-06-29 16:00:00+00:00,0.67465556
2007-06-29 17:00:00+00:00,0.40406966
2007-06-29 18:00:00+00:00,0.41697407
2007-06-29 19:00:00+00:00,0.50478446
2007-06-29 20:00:00+00:00,0.09937493
2007-06-29 21:00:00+00:00,0.36217126
2007-06-29 22:00:00+00:00,0.24379160000000002
2007-06-29 23:00:00+00:00,0.1221712
2007-06-30 00:00:00+00:00,0.07119923
2007-06-30 01:00:00+00:00,0.0
2007-06-30 02:00:00+00:00,0.0
2007-06-30 03:00:00+00:00,0.0
2007-06-30 04:00:00+00:00,0.0
2007-06-30 05:00:00+00:00,0.0
2007-06-30 06:00:00+00:00,0.0
2007-06-30 07:00:00+00:00,0.0
2007-06-30 08:00:00+00:00,0.0
2007-06-30 09:00:00+00:00,0.0
2007-06-30 10:00:00+00:00,0.0
2007-06-30 11:00:00+00:00,0.015495878000000001
2007-06-30 12:00:00+00:00,0.14010267
2007-06-30 13:00:00+00:00,0.21905644
2007-06-30 14:00:00+00:00,0.1651513
2007-06-30 15:00:00+00:00,0.33922246
2007-06-30 16:00:00+00:00,0.3686282
2007-06-30 17:00:00+00:00,0.37348953
2007-06-30 18:00:00+00:00,0.40146145
2007-06-30 19:00:00+00:00,0.5613274
2007-06-30 20:00:00+00:00,0.3769933
2007-06-30 21:00:00+00:00,0.5571116
2007-06-30 22:00:00+00:00,0.48816750000000003
2007-06-30 23:00:00+00:00,0.30013764
2007-07-01 00:00:00+00:00,0.14997129
2007-07-01 01:00:00+00:00,0.0
2007-07-01 02:00:00+00:00,0.0
2007-07-01 03:00:00+00:00,0.0
2007-07-01 04:00:00+00:00,0.0
2007-07-01 05:00:00+00:00,0.0
2007-07-01 06:00:00+00:00,0.0
2007-07-01 07:00:00+00:00,0.0
2007-07-01 08:00:00+00:00,0.0
2007-07-01 09:00:00+00:00,0.0
2007-07-01 10:00:00+00:00,0.0
2007-07-01 11:00:00+00:00,0.028131457000000002
2007-07-01 12:00:00+00:00,0.2517624
2007-07-01 13:00:00+00:00,0.582208
2007-07-01 14:00:00+00:00,0.58455116
2007-07-01 15:00:00+00:00,0.43371516
2007-07-01 16:00:00+00:00,0.49319732
2007-07-01 17:00:00+00:00,0.53798527
2007-07-01 18:00:00+00:00,0.5238961
2007-07-01 19:00:00+00:00,0.5442772
2007-07-01 20:00:00+00:00,0.573973
2007-07-01 21:00:00+00:00,0.42070076
2007-07-01 22:00:00+00:00,0.37086698
2007-07-01 23:00:00+00:00,0.22389597
2007-07-02 00:00:00+00:00,0.07072544
2007-07-02 01:00:00+00:00,0.0
2007-07-02 02:00:00+00:00,0.0
2007-07-02 03:00:00+00:00,0.0
2007-07-02 04:00:00+00:00,0.0
2007-07-02 05:00:00+00:00,0.0
2007-07-02 06:00:00+00:00,0.0
2007-07-02 07:00:00+00:00,0.0
2007-07-02 08:00:00+00:00,0.0
2007-07-02 09:00:00+00:00,0.0
2007-07-02 10:00:00+00:00,0.0
2007-07-02 11:00:00+00:00,0.12723236
2007-07-02 12:00:00+00:00,0.47106695
2007-07-02 13:00:00+00:00,0.676739
2007-07-02 14:00:00+00:00,0.7470026
2007-07-02 15:00:00+00:00,0.7523236999999999
2007-07-02 16:00:00+00:00,0.7494854000000001
2007-07-02 17:00:00+00:00,0.7383276
2007-07-02 18:00:00+00:00,0.73008734
2007-07-02 19:00:00+00:00,0.72758824
2007-07-02 20:00:00+00:00,0.72548383
2007-07-02 21:00:00+00:00,0.5780793000000001
2007-07-02 22:00:00+00:00,0.6298005999999999
2007-07-02 23:00:00+00:00,0.5607441
2007-07-03 00:00:00+00:00,0.24638842
2007-07-03 01:00:00+00:00,0.0
2007-07-03 02:00:00+00:00,0.0
2007-07-03 03:00:00+00:00,0.0
2007-07-03 04:00:00+00:00,0.0
2007-07-03 05:00:00+00:00,0.0
2007-07-03 06:00:00+00:00,0.0
2007-07-03 07:00:00+00:00,0.0
2007-07-03 08:00:00+00:00,0.0
2007-07-03 09:00:00+00:00,0.0
2007-07-03 10:00:00+00:00,0.0
2007-07-03 11:00:00+00:00,0.10233011
2007-07-03 12:00:00+00:00,0.2584387
2007-07-03 13:00:00+00:00,0.40523878
2007-07-03 14:00:00+00:00,0.5580655
2007-07-03 15:00:00+00:00,0.69313043
2007-07-03 16:00:00+00:00,0.66563046
2007-07-03 17:00:00+00:00,0.5746926
2007-07-03 18:00:00+00:00,0.6248551999999999
2007-07-03 19:00:00+00:00,0.6272681999999999
2007-07-03 20:00:00+00:00,0.6074635
2007-07-03 21:00:00+00:00,0.5336877
2007-07-03 22:00:00+00:00,0.57210976
2007-07-03 23:00:00+00:00,0.4689365
2007-07-04 00:00:00+00:00,0.18340197
2007-07-04 01:00:00+00:00,0.0
2007-07-04 02:00:00+00:00,0.0
2007-07-04 03:00:00+00:00,0.0
2007-07-04 04:00:00+00:00,0.0
2007-07-04 05:00:00+00:00,0.0
2007-07-04 06:00:00+00:00,0.0
2007-07-04 07:00:00+00:00,0.0
2007-07-04 08:00:00+00:00,0.0
2007-07-04 09:00:00+00:00,0.0
2007-07-04 10:00:00+00:00,0.0
2007-07-04 11:00:00+00:00,0.06151965
2007-07-04 12:00:00+00:00,0.19984762
2007-07-04 13:00:00+00:00,0.3207781
2007-07-04 14:00:00+00:00,0.3579299
2007-07-04 15:00:00+00:00,0.46704683
2007-07-04 16:00:00+00:00,0.33556540000000007
2007-07-04 17:00:00+00:00,0.26520884
2007-07-04 18:00:00+00:00,0.43524113
2007-07-04 19:00:00+00:00,0.5805526999999999
2007-07-04 20:00:00+00:00,0.5079055
2007-07-04 21:00:00+00:00,0.42124987
2007-07-04 22:00:00+00:00,0.12601978
2007-07-04 23:00:00+00:00,0.09494077
2007-07-05 00:00:00+00:00,0.031546723
2007-07-05 01:00:00+00:00,0.0
2007-07-05 02:00:00+00:00,0.0
2007-07-05 03:00:00+00:00,0.0
2007-07-05 04:00:00+00:00,0.0
2007-07-05 05:00:00+00:00,0.0
2007-07-05 06:00:00+00:00,0.0
2007-07-05 07:00:00+00:00,0.0
2007-07-05 08:00:00+00:00,0.0
2007-07-05 09:00:00+00:00,0.0
2007-07-05 10:00:00+00:00,0.0
2007-07-05 11:00:00+00:00,0.00080593064
2007-07-05 12:00:00+00:00,0.0049629356
2007-07-05 13:00:00+00:00,0.033955302
2007-07-05 14:00:00+00:00,0.16805227
2007-07-05 15:00:00+00:00,0.21894825
2007-07-05 16:00:00+00:00,0.33494959999999996
2007-07-05 17:00:00+00:00,0.4660369000000001
2007-07-05 18:00:00+00:00,0.4097415
2007-07-05 19:00:00+00:00,0.55197024
2007-07-05 20:00:00+00:00,0.5631819
2007-07-05 21:00:00+00:00,0.49230209999999996
2007-07-05 22:00:00+00:00,0.3333793
2007-07-05 23:00:00+00:00,0.25777516
2007-07-06 00:00:00+00:00,0.12270957
2007-07-06 01:00:00+00:00,0.0
2007-07-06 02:00:00+00:00,0.0
2007-07-06 03:00:00+00:00,0.0
2007-07-06 04:00:00+00:00,0.0
2007-07-06 05:00:00+00:00,0.0
2007-07-06 06:00:00+00:00,0.0
2007-07-06 07:00:00+00:00,0.0
2007-07-06 08:00:00+00:00,0.0
2007-07-06 09:00:00+00:00,0.0
2007-07-06 10:00:00+00:00,0.0
2007-07-06 11:00:00+00:00,0.101930164
2007-07-06 12:00:00+00:00,0.41518867
2007-07-06 13:00:00+00:00,0.50732565
2007-07-06 14:00:00+00:00,0.6965020000000001
2007-07-06 15:00:00+00:00,0.7061818
2007-07-06 16:00:00+00:00,0.706727
2007-07-06 17:00:00+00:00,0.7019279
2007-07-06 18:00:00+00:00,0.69903624
2007-07-06 19:00:00+00:00,0.69023407
2007-07-06 20:00:00+00:00,0.6200095999999999
2007-07-06 21:00:00+00:00,0.610262
2007-07-06 22:00:00+00:00,0.5741995
2007-07-06 23:00:00+00:00,0.5227858
2007-07-07 00:00:00+00:00,0.15759161
2007-07-07 01:00:00+00:00,0.0
2007-07-07 02:00:00+00:00,0.0
2007-07-07 03:00:00+00:00,0.0
2007-07-07 04:00:00+00:00,0.0
2007-07-07 05:00:00+00:00,0.0
2007-07-07 06:00:00+00:00,0.0
2007-07-07 07:00:00+00:00,0.0
2007-07-07 08:00:00+00:00,0.0
2007-07-07 09:00:00+00:00,0.0
2007-07-07 10:00:00+00:00,0.0
2007-07-07 11:00:00+00:00,0.10278949999999999
2007-07-07 12:00:00+00:00,0.41314065
2007-07-07 13:00:00+00:00,0.6084984999999999
2007-07-07 14:00:00+00:00,0.66267264
2007-07-07 15:00:00+00:00,0.6847502
2007-07-07 16:00:00+00:00,0.5780598000000001
2007-07-07 17:00:00+00:00,0.5008060999999999
2007-07-07 18:00:00+00:00,0.63653207
2007-07-07 19:00:00+00:00,0.5693226
2007-07-07 20:00:00+00:00,0.70349485
2007-07-07 21:00:00+00:00,0.6875357
2007-07-07 22:00:00+00:00,0.6362581
2007-07-07 23:00:00+00:00,0.52102166
2007-07-08 00:00:00+00:00,0.22085354
2007-07-08 01:00:00+00:00,0.0
2007-07-08 02:00:00+00:00,0.0
2007-07-08 03:00:00+00:00,0.0
2007-07-08 04:00:00+00:00,0.0
2007-07-08 05:00:00+00:00,0.0
2007-07-08 06:00:00+00:00,0.0
2007-07-08 07:00:00+00:00,0.0
2007-07-08 08:00:00+00:00,0.0
2007-07-08 09:00:00+00:00,0.0
2007-07-08 10:00:00+00:00,0.0
2007-07-08 11:00:00+00:00,0.101214714
2007-07-08 12:00:00+00:00,0.40672020000000003
2007-07-08 13:00:00+00:00,0.6051639
2007-07-08 14:00:00+00:00,0.68033546
2007-07-08 15:00:00+00:00,0.7052453000000001
2007-07-08 16:00:00+00:00,0.6870829
2007-07-08 17:00:00+00:00,0.70057845
2007-07-08 18:00:00+00:00,0.6811977
2007-07-08 19:00:00+00:00,0.69937074
2007-07-08 20:00:00+00:00,0.69832534
2007-07-08 21:00:00+00:00,0.6835032
2007-07-08 22:00:00+00:00,0.6370191999999999
2007-07-08 23:00:00+00:00,0.5208734
2007-07-09 00:00:00+00:00,0.22067738
2007-07-09 01:00:00+00:00,0.0
2007-07-09 02:00:00+00:00,0.0
2007-07-09 03:00:00+00:00,0.0
2007-07-09 04:00:00+00:00,0.0
2007-07-09 05:00:00+00:00,0.0
2007-07-09 06:00:00+00:00,0.0
2007-07-09 07:00:00+00:00,0.0
2007-07-09 08:00:00+00:00,0.0
2007-07-09 09:00:00+00:00,0.0
2007-07-09 10:00:00+00:00,0.0
2007-07-09 11:00:00+00:00,0.08256345
2007-07-09 12:00:00+00:00,0.35780916
2007-07-09 13:00:00+00:00,0.56525123
2007-07-09 14:00:00+00:00,0.49155837
2007-07-09 15:00:00+00:00,0.6049465999999999
2007-07-09 16:00:00+00:00,0.5701688
2007-07-09 17:00:00+00:00,0.5434645
2007-07-09 18:00:00+00:00,0.57999146
2007-07-09 19:00:00+00:00,0.63950026
2007-07-09 20:00:00+00:00,0.53606194
2007-07-09 21:00:00+00:00,0.62216955
2007-07-09 22:00:00+00:00,0.55555534
2007-07-09 23:00:00+00:00,0.33830140000000003
2007-07-10 00:00:00+00:00,0.16581027
2007-07-10 01:00:00+00:00,0.0
2007-07-10 02:00:00+00:00,0.0
2007-07-10 03:00:00+00:00,0.0
2007-07-10 04:00:00+00:00,0.0
2007-07-10 05:00:00+00:00,0.0
2007-07-10 06:00:00+00:00,0.0
2007-07-10 07:00:00+00:00,0.0
2007-07-10 08:00:00+00:00,0.0
2007-07-10 09:00:00+00:00,0.0
2007-07-10 10:00:00+00:00,0.0
2007-07-10 11:00:00+00:00,0.0049444977
2007-07-10 12:00:00+00:00,0.022217018999999998
2007-07-10 13:00:00+00:00,0.07431132
2007-07-10 14:00:00+00:00,0.2911474
2007-07-10 15:00:00+00:00,0.6661965
2007-07-10 16:00:00+00:00,0.57685447
2007-07-10 17:00:00+00:00,0.45759517
2007-07-10 18:00:00+00:00,0.19554988
2007-07-10 19:00:00+00:00,0.38344553
2007-07-10 20:00:00+00:00,0.36037734
2007-07-10 21:00:00+00:00,0.599013
2007-07-10 22:00:00+00:00,0.57339287
2007-07-10 23:00:00+00:00,0.4752571
2007-07-11 00:00:00+00:00,0.18529804
2007-07-11 01:00:00+00:00,0.0
2007-07-11 02:00:00+00:00,0.0
2007-07-11 03:00:00+00:00,0.0
2007-07-11 04:00:00+00:00,0.0
2007-07-11 05:00:00+00:00,0.0
2007-07-11 06:00:00+00:00,0.0
2007-07-11 07:00:00+00:00,0.0
2007-07-11 08:00:00+00:00,0.0
2007-07-11 09:00:00+00:00,0.0
2007-07-11 10:00:00+00:00,0.0
2007-07-11 11:00:00+00:00,0.00023573417
2007-07-11 12:00:00+00:00,0.09737570599999999
2007-07-11 13:00:00+00:00,0.29800677
2007-07-11 14:00:00+00:00,0.28928086
2007-07-11 15:00:00+00:00,0.5446622
2007-07-11 16:00:00+00:00,0.6265679
2007-07-11 17:00:00+00:00,0.614392
2007-07-11 18:00:00+00:00,0.6276233
2007-07-11 19:00:00+00:00,0.7356835
2007-07-11 20:00:00+00:00,0.74120486
2007-07-11 21:00:00+00:00,0.734595
2007-07-11 22:00:00+00:00,0.66921633
2007-07-11 23:00:00+00:00,0.44478379999999995
2007-07-12 00:00:00+00:00,0.25854412
2007-07-12 01:00:00+00:00,0.0
2007-07-12 02:00:00+00:00,0.0
2007-07-12 03:00:00+00:00,0.0
2007-07-12 04:00:00+00:00,0.0
2007-07-12 05:00:00+00:00,0.0
2007-07-12 06:00:00+00:00,0.0
2007-07-12 07:00:00+00:00,0.0
2007-07-12 08:00:00+00:00,0.0
2007-07-12 09:00:00+00:00,0.0
2007-07-12 10:00:00+00:00,0.0
2007-07-12 11:00:00+00:00,0.10154079
2007-07-12 12:00:00+00:00,0.42430127
2007-07-12 13:00:00+00:00,0.63894683
2007-07-12 14:00:00+00:00,0.7138125
2007-07-12 15:00:00+00:00,0.7298278
2007-07-12 16:00:00+00:00,0.56233084
2007-07-12 17:00:00+00:00,0.43171835
2007-07-12 18:00:00+00:00,0.4767575
2007-07-12 19:00:00+00:00,0.62699056
2007-07-12 20:00:00+00:00,0.57500196
2007-07-12 21:00:00+00:00,0.26033303
2007-07-12 22:00:00+00:00,0.497996
2007-07-12 23:00:00+00:00,0.46450657
2007-07-13 00:00:00+00:00,0.11796376
2007-07-13 01:00:00+00:00,0.0
2007-07-13 02:00:00+00:00,0.0
2007-07-13 03:00:00+00:00,0.0
2007-07-13 04:00:00+00:00,0.0
2007-07-13 05:00:00+00:00,0.0
2007-07-13 06:00:00+00:00,0.0
2007-07-13 07:00:00+00:00,0.0
2007-07-13 08:00:00+00:00,0.0
2007-07-13 09:00:00+00:00,0.0
2007-07-13 10:00:00+00:00,0.0
2007-07-13 11:00:00+00:00,0.075810365
2007-07-13 12:00:00+00:00,0.2030432
2007-07-13 13:00:00+00:00,0.32836040000000005
2007-07-13 14:00:00+00:00,0.060445745
2007-07-13 15:00:00+00:00,0.10054115
2007-07-13 16:00:00+00:00,0.22709832
2007-07-13 17:00:00+00:00,0.0886181
2007-07-13 18:00:00+00:00,0.40550166
2007-07-13 19:00:00+00:00,0.43031868
2007-07-13 20:00:00+00:00,0.33457896
2007-07-13 21:00:00+00:00,0.24769232
2007-07-13 22:00:00+00:00,0.43477362
2007-07-13 23:00:00+00:00,0.37604553
2007-07-14 00:00:00+00:00,0.1844554
2007-07-14 01:00:00+00:00,0.0
2007-07-14 02:00:00+00:00,0.0
2007-07-14 03:00:00+00:00,0.0
2007-07-14 04:00:00+00:00,0.0
2007-07-14 05:00:00+00:00,0.0
2007-07-14 06:00:00+00:00,0.0
2007-07-14 07:00:00+00:00,0.0
2007-07-14 08:00:00+00:00,0.0
2007-07-14 09:00:00+00:00,0.0
2007-07-14 10:00:00+00:00,0.0
2007-07-14 11:00:00+00:00,0.07727818
2007-07-14 12:00:00+00:00,0.36005479999999995
2007-07-14 13:00:00+00:00,0.58759385
2007-07-14 14:00:00+00:00,0.6752328000000001
2007-07-14 15:00:00+00:00,0.6968309
2007-07-14 16:00:00+00:00,0.7037555
2007-07-14 17:00:00+00:00,0.6853991
2007-07-14 18:00:00+00:00,0.6247755
2007-07-14 19:00:00+00:00,0.69695085
2007-07-14 20:00:00+00:00,0.69086295
2007-07-14 21:00:00+00:00,0.63255477
2007-07-14 22:00:00+00:00,0.60630506
2007-07-14 23:00:00+00:00,0.44116703
2007-07-15 00:00:00+00:00,0.18213454
2007-07-15 01:00:00+00:00,0.0
2007-07-15 02:00:00+00:00,0.0
2007-07-15 03:00:00+00:00,0.0
2007-07-15 04:00:00+00:00,0.0
2007-07-15 05:00:00+00:00,0.0
2007-07-15 06:00:00+00:00,0.0
2007-07-15 07:00:00+00:00,0.0
2007-07-15 08:00:00+00:00,0.0
2007-07-15 09:00:00+00:00,0.0
2007-07-15 10:00:00+00:00,0.0
2007-07-15 11:00:00+00:00,0.07447187599999999
2007-07-15 12:00:00+00:00,0.3545712
2007-07-15 13:00:00+00:00,0.5819175999999999
2007-07-15 14:00:00+00:00,0.6676094
2007-07-15 15:00:00+00:00,0.69343585
2007-07-15 16:00:00+00:00,0.68424773
2007-07-15 17:00:00+00:00,0.6943978
2007-07-15 18:00:00+00:00,0.677629
2007-07-15 19:00:00+00:00,0.52250713
2007-07-15 20:00:00+00:00,0.46591198
2007-07-15 21:00:00+00:00,0.23600553
2007-07-15 22:00:00+00:00,0.047523685
2007-07-15 23:00:00+00:00,0.19921602
2007-07-16 00:00:00+00:00,0.08376868
2007-07-16 01:00:00+00:00,0.0
2007-07-16 02:00:00+00:00,0.0
2007-07-16 03:00:00+00:00,0.0
2007-07-16 04:00:00+00:00,0.0
2007-07-16 05:00:00+00:00,0.0
2007-07-16 06:00:00+00:00,0.0
2007-07-16 07:00:00+00:00,0.0
2007-07-16 08:00:00+00:00,0.0
2007-07-16 09:00:00+00:00,0.0
2007-07-16 10:00:00+00:00,0.0
2007-07-16 11:00:00+00:00,0.072719045
2007-07-16 12:00:00+00:00,0.37963474
2007-07-16 13:00:00+00:00,0.6159982
2007-07-16 14:00:00+00:00,0.69983774
2007-07-16 15:00:00+00:00,0.71630895
2007-07-16 16:00:00+00:00,0.71516514
2007-07-16 17:00:00+00:00,0.7113191
2007-07-16 18:00:00+00:00,0.706
2007-07-16 19:00:00+00:00,0.7054387
2007-07-16 20:00:00+00:00,0.707075
2007-07-16 21:00:00+00:00,0.68907166
2007-07-16 22:00:00+00:00,0.63950473
2007-07-16 23:00:00+00:00,0.47547853
2007-07-17 00:00:00+00:00,0.20542085
2007-07-17 01:00:00+00:00,0.0
2007-07-17 02:00:00+00:00,0.0
2007-07-17 03:00:00+00:00,0.0
2007-07-17 04:00:00+00:00,0.0
2007-07-17 05:00:00+00:00,0.0
2007-07-17 06:00:00+00:00,0.0
2007-07-17 07:00:00+00:00,0.0
2007-07-17 08:00:00+00:00,0.0
2007-07-17 09:00:00+00:00,0.0
2007-07-17 10:00:00+00:00,0.0
2007-07-17 11:00:00+00:00,0.049691565
2007-07-17 12:00:00+00:00,0.31634983
2007-07-17 13:00:00+00:00,0.5345194000000001
2007-07-17 14:00:00+00:00,0.6378911
2007-07-17 15:00:00+00:00,0.67638636
2007-07-17 16:00:00+00:00,0.56377155
2007-07-17 17:00:00+00:00,0.5236464
2007-07-17 18:00:00+00:00,0.35198313
2007-07-17 19:00:00+00:00,0.5906551999999999
2007-07-17 20:00:00+00:00,0.5549021
2007-07-17 21:00:00+00:00,0.51285654
2007-07-17 22:00:00+00:00,0.3242253
2007-07-17 23:00:00+00:00,0.15768887
2007-07-18 00:00:00+00:00,0.024062872000000003
2007-07-18 01:00:00+00:00,0.0
2007-07-18 02:00:00+00:00,0.0
2007-07-18 03:00:00+00:00,0.0
2007-07-18 04:00:00+00:00,0.0
2007-07-18 05:00:00+00:00,0.0
2007-07-18 06:00:00+00:00,0.0
2007-07-18 07:00:00+00:00,0.0
2007-07-18 08:00:00+00:00,0.0
2007-07-18 09:00:00+00:00,0.0
2007-07-18 10:00:00+00:00,0.0
2007-07-18 11:00:00+00:00,0.03173531
2007-07-18 12:00:00+00:00,0.23809583
2007-07-18 13:00:00+00:00,0.08015016
2007-07-18 14:00:00+00:00,0.5514734
2007-07-18 15:00:00+00:00,0.49114534
2007-07-18 16:00:00+00:00,0.54953563
2007-07-18 17:00:00+00:00,0.11469334
2007-07-18 18:00:00+00:00,0.42306477
2007-07-18 19:00:00+00:00,0.52017784
2007-07-18 20:00:00+00:00,0.4717542
2007-07-18 21:00:00+00:00,0.38939664
2007-07-18 22:00:00+00:00,0.13483252
2007-07-18 23:00:00+00:00,0.005393254
2007-07-19 00:00:00+00:00,0.013193108
2007-07-19 01:00:00+00:00,0.0
2007-07-19 02:00:00+00:00,0.0
2007-07-19 03:00:00+00:00,0.0
2007-07-19 04:00:00+00:00,0.0
2007-07-19 05:00:00+00:00,0.0
2007-07-19 06:00:00+00:00,0.0
2007-07-19 07:00:00+00:00,0.0
2007-07-19 08:00:00+00:00,0.0
2007-07-19 09:00:00+00:00,0.0
2007-07-19 10:00:00+00:00,0.0
2007-07-19 11:00:00+00:00,0.012959146999999999
2007-07-19 12:00:00+00:00,0.10381783
2007-07-19 13:00:00+00:00,0.22537617
2007-07-19 14:00:00+00:00,0.44402072
2007-07-19 15:00:00+00:00,0.5527578000000001
2007-07-19 16:00:00+00:00,0.5686153
2007-07-19 17:00:00+00:00,0.46207964
2007-07-19 18:00:00+00:00,0.56233656
2007-07-19 19:00:00+00:00,0.5851061
2007-07-19 20:00:00+00:00,0.6389286
2007-07-19 21:00:00+00:00,0.5661935
2007-07-19 22:00:00+00:00,0.08483122
2007-07-19 23:00:00+00:00,0.025129115
2007-07-20 00:00:00+00:00,0.021395092999999997
2007-07-20 01:00:00+00:00,0.0
2007-07-20 02:00:00+00:00,0.0
2007-07-20 03:00:00+00:00,0.0
2007-07-20 04:00:00+00:00,0.0
2007-07-20 05:00:00+00:00,0.0
2007-07-20 06:00:00+00:00,0.0
2007-07-20 07:00:00+00:00,0.0
2007-07-20 08:00:00+00:00,0.0
2007-07-20 09:00:00+00:00,0.0
2007-07-20 10:00:00+00:00,0.0
2007-07-20 11:00:00+00:00,0.03968762
2007-07-20 12:00:00+00:00,0.38884786
2007-07-20 13:00:00+00:00,0.61699384
2007-07-20 14:00:00+00:00,0.7272689
2007-07-20 15:00:00+00:00,0.6531425000000001
2007-07-20 16:00:00+00:00,0.72311074
2007-07-20 17:00:00+00:00,0.70091414
2007-07-20 18:00:00+00:00,0.70560116
2007-07-20 19:00:00+00:00,0.7323978
2007-07-20 20:00:00+00:00,0.73187566
2007-07-20 21:00:00+00:00,0.73167115
2007-07-20 22:00:00+00:00,0.6897572
2007-07-20 23:00:00+00:00,0.5816060000000001
2007-07-21 00:00:00+00:00,0.23867913
2007-07-21 01:00:00+00:00,0.0
2007-07-21 02:00:00+00:00,0.0
2007-07-21 03:00:00+00:00,0.0
2007-07-21 04:00:00+00:00,0.0
2007-07-21 05:00:00+00:00,0.0
2007-07-21 06:00:00+00:00,0.0
2007-07-21 07:00:00+00:00,0.0
2007-07-21 08:00:00+00:00,0.0
2007-07-21 09:00:00+00:00,0.0
2007-07-21 10:00:00+00:00,0.0
2007-07-21 11:00:00+00:00,0.063576385
2007-07-21 12:00:00+00:00,0.39658627
2007-07-21 13:00:00+00:00,0.5640743
2007-07-21 14:00:00+00:00,0.73092383
2007-07-21 15:00:00+00:00,0.74577504
2007-07-21 16:00:00+00:00,0.53159887
2007-07-21 17:00:00+00:00,0.58673227
2007-07-21 18:00:00+00:00,0.61117554
2007-07-21 19:00:00+00:00,0.6204448
2007-07-21 20:00:00+00:00,0.5638141
2007-07-21 21:00:00+00:00,0.73301905
2007-07-21 22:00:00+00:00,0.68243825
2007-07-21 23:00:00+00:00,0.5816621
2007-07-22 00:00:00+00:00,0.23776186
2007-07-22 01:00:00+00:00,0.0
2007-07-22 02:00:00+00:00,0.0
2007-07-22 03:00:00+00:00,0.0
2007-07-22 04:00:00+00:00,0.0
2007-07-22 05:00:00+00:00,0.0
2007-07-22 06:00:00+00:00,0.0
2007-07-22 07:00:00+00:00,0.0
2007-07-22 08:00:00+00:00,0.0
2007-07-22 09:00:00+00:00,0.0
2007-07-22 10:00:00+00:00,0.0
2007-07-22 11:00:00+00:00,0.056404613
2007-07-22 12:00:00+00:00,0.39947024
2007-07-22 13:00:00+00:00,0.6506751999999999
2007-07-22 14:00:00+00:00,0.727811
2007-07-22 15:00:00+00:00,0.7445246
2007-07-22 16:00:00+00:00,0.74051887
2007-07-22 17:00:00+00:00,0.73351353
2007-07-22 18:00:00+00:00,0.7271694000000001
2007-07-22 19:00:00+00:00,0.7265568
2007-07-22 20:00:00+00:00,0.7257623000000001
2007-07-22 21:00:00+00:00,0.7211795
2007-07-22 22:00:00+00:00,0.67065454
2007-07-22 23:00:00+00:00,0.53985864
2007-07-23 00:00:00+00:00,0.16610543
2007-07-23 01:00:00+00:00,0.0
2007-07-23 02:00:00+00:00,0.0
2007-07-23 03:00:00+00:00,0.0
2007-07-23 04:00:00+00:00,0.0
2007-07-23 05:00:00+00:00,0.0
2007-07-23 06:00:00+00:00,0.0
2007-07-23 07:00:00+00:00,0.0
2007-07-23 08:00:00+00:00,0.0
2007-07-23 09:00:00+00:00,0.0
2007-07-23 10:00:00+00:00,0.0
2007-07-23 11:00:00+00:00,0.045455284000000006
2007-07-23 12:00:00+00:00,0.37935784
2007-07-23 13:00:00+00:00,0.6247691
2007-07-23 14:00:00+00:00,0.6885017
2007-07-23 15:00:00+00:00,0.67109835
2007-07-23 16:00:00+00:00,0.6196789
2007-07-23 17:00:00+00:00,0.607571
2007-07-23 18:00:00+00:00,0.5718175999999999
2007-07-23 19:00:00+00:00,0.45517328
2007-07-23 20:00:00+00:00,0.47753856
2007-07-23 21:00:00+00:00,0.37256226
2007-07-23 22:00:00+00:00,0.5747098
2007-07-23 23:00:00+00:00,0.41792570000000007
2007-07-24 00:00:00+00:00,0.14788094
2007-07-24 01:00:00+00:00,0.0
2007-07-24 02:00:00+00:00,0.0
2007-07-24 03:00:00+00:00,0.0
2007-07-24 04:00:00+00:00,0.0
2007-07-24 05:00:00+00:00,0.0
2007-07-24 06:00:00+00:00,0.0
2007-07-24 07:00:00+00:00,0.0
2007-07-24 08:00:00+00:00,0.0
2007-07-24 09:00:00+00:00,0.0
2007-07-24 10:00:00+00:00,0.0
2007-07-24 11:00:00+00:00,0.0
2007-07-24 12:00:00+00:00,0.05314138
2007-07-24 13:00:00+00:00,0.14984548
2007-07-24 14:00:00+00:00,0.459187
2007-07-24 15:00:00+00:00,0.41846700000000003
2007-07-24 16:00:00+00:00,0.40672624
2007-07-24 17:00:00+00:00,0.20314056
2007-07-24 18:00:00+00:00,0.350171
2007-07-24 19:00:00+00:00,0.4399774
2007-07-24 20:00:00+00:00,0.40555137
2007-07-24 21:00:00+00:00,0.46125862
2007-07-24 22:00:00+00:00,0.53348196
2007-07-24 23:00:00+00:00,0.37341735
2007-07-25 00:00:00+00:00,0.11726269
2007-07-25 01:00:00+00:00,0.0
2007-07-25 02:00:00+00:00,0.0
2007-07-25 03:00:00+00:00,0.0
2007-07-25 04:00:00+00:00,0.0
2007-07-25 05:00:00+00:00,0.0
2007-07-25 06:00:00+00:00,0.0
2007-07-25 07:00:00+00:00,0.0
2007-07-25 08:00:00+00:00,0.0
2007-07-25 09:00:00+00:00,0.0
2007-07-25 10:00:00+00:00,0.0
2007-07-25 11:00:00+00:00,0.0025888865
2007-07-25 12:00:00+00:00,0.1741447
2007-07-25 13:00:00+00:00,0.35238478
2007-07-25 14:00:00+00:00,0.59958166
2007-07-25 15:00:00+00:00,0.6812305999999999
2007-07-25 16:00:00+00:00,0.69383067
2007-07-25 17:00:00+00:00,0.68882686
2007-07-25 18:00:00+00:00,0.6803486
2007-07-25 19:00:00+00:00,0.68255484
2007-07-25 20:00:00+00:00,0.6636916
2007-07-25 21:00:00+00:00,0.53296953
2007-07-25 22:00:00+00:00,0.59615594
2007-07-25 23:00:00+00:00,0.45792615
2007-07-26 00:00:00+00:00,0.16530143
2007-07-26 01:00:00+00:00,0.0
2007-07-26 02:00:00+00:00,0.0
2007-07-26 03:00:00+00:00,0.0
2007-07-26 04:00:00+00:00,0.0
2007-07-26 05:00:00+00:00,0.0
2007-07-26 06:00:00+00:00,0.0
2007-07-26 07:00:00+00:00,0.0
2007-07-26 08:00:00+00:00,0.0
2007-07-26 09:00:00+00:00,0.0
2007-07-26 10:00:00+00:00,0.0
2007-07-26 11:00:00+00:00,0.0010360625
2007-07-26 12:00:00+00:00,0.21055281
2007-07-26 13:00:00+00:00,0.42489743
2007-07-26 14:00:00+00:00,0.5853618
2007-07-26 15:00:00+00:00,0.6092019000000001
2007-07-26 16:00:00+00:00,0.6705886999999999
2007-07-26 17:00:00+00:00,0.63471985
2007-07-26 18:00:00+00:00,0.6044483
2007-07-26 19:00:00+00:00,0.60811263
2007-07-26 20:00:00+00:00,0.44991675
2007-07-26 21:00:00+00:00,0.26641497
2007-07-26 22:00:00+00:00,0.49712163
2007-07-26 23:00:00+00:00,0.35164887
2007-07-27 00:00:00+00:00,0.08729635
2007-07-27 01:00:00+00:00,0.0
2007-07-27 02:00:00+00:00,0.0
2007-07-27 03:00:00+00:00,0.0
2007-07-27 04:00:00+00:00,0.0
2007-07-27 05:00:00+00:00,0.0
2007-07-27 06:00:00+00:00,0.0
2007-07-27 07:00:00+00:00,0.0
2007-07-27 08:00:00+00:00,0.0
2007-07-27 09:00:00+00:00,0.0
2007-07-27 10:00:00+00:00,0.0
2007-07-27 11:00:00+00:00,0.0
2007-07-27 12:00:00+00:00,0.023134694
2007-07-27 13:00:00+00:00,0.0092218015
2007-07-27 14:00:00+00:00,0.43670420000000004
2007-07-27 15:00:00+00:00,0.47875717
2007-07-27 16:00:00+00:00,0.44155625
2007-07-27 17:00:00+00:00,0.25486672
2007-07-27 18:00:00+00:00,0.4143246
2007-07-27 19:00:00+00:00,0.43488762
2007-07-27 20:00:00+00:00,0.22911417
2007-07-27 21:00:00+00:00,0.046039805
2007-07-27 22:00:00+00:00,0.05538984
2007-07-27 23:00:00+00:00,0.014347055
2007-07-28 00:00:00+00:00,0.012009565
2007-07-28 01:00:00+00:00,0.0
2007-07-28 02:00:00+00:00,0.0
2007-07-28 03:00:00+00:00,0.0
2007-07-28 04:00:00+00:00,0.0
2007-07-28 05:00:00+00:00,0.0
2007-07-28 06:00:00+00:00,0.0
2007-07-28 07:00:00+00:00,0.0
2007-07-28 08:00:00+00:00,0.0
2007-07-28 09:00:00+00:00,0.0
2007-07-28 10:00:00+00:00,0.0
2007-07-28 11:00:00+00:00,0.011043418000000001
2007-07-28 12:00:00+00:00,0.28991556
2007-07-28 13:00:00+00:00,0.07609673
2007-07-28 14:00:00+00:00,0.06067317
2007-07-28 15:00:00+00:00,0.06089966
2007-07-28 16:00:00+00:00,0.060130924
2007-07-28 17:00:00+00:00,0.15471366
2007-07-28 18:00:00+00:00,0.11303754
2007-07-28 19:00:00+00:00,0.109386876
2007-07-28 20:00:00+00:00,0.29652572
2007-07-28 21:00:00+00:00,0.2724018
2007-07-28 22:00:00+00:00,0.11220639
2007-07-28 23:00:00+00:00,0.1047038
2007-07-29 00:00:00+00:00,0.13272317
2007-07-29 01:00:00+00:00,0.0
2007-07-29 02:00:00+00:00,0.0
2007-07-29 03:00:00+00:00,0.0
2007-07-29 04:00:00+00:00,0.0
2007-07-29 05:00:00+00:00,0.0
2007-07-29 06:00:00+00:00,0.0
2007-07-29 07:00:00+00:00,0.0
2007-07-29 08:00:00+00:00,0.0
2007-07-29 09:00:00+00:00,0.0
2007-07-29 10:00:00+00:00,0.0
2007-07-29 11:00:00+00:00,0.0
2007-07-29 12:00:00+00:00,0.01798643
2007-07-29 13:00:00+00:00,0.078079455
2007-07-29 14:00:00+00:00,0.19801581
2007-07-29 15:00:00+00:00,0.42982948
2007-07-29 16:00:00+00:00,0.40856403
2007-07-29 17:00:00+00:00,0.47944552
2007-07-29 18:00:00+00:00,0.39908940000000004
2007-07-29 19:00:00+00:00,0.29698375
2007-07-29 20:00:00+00:00,0.34409717
2007-07-29 21:00:00+00:00,0.2719487
2007-07-29 22:00:00+00:00,0.48509493
2007-07-29 23:00:00+00:00,0.28992490000000004
2007-07-30 00:00:00+00:00,0.07808413
2007-07-30 01:00:00+00:00,0.0
2007-07-30 02:00:00+00:00,0.0
2007-07-30 03:00:00+00:00,0.0
2007-07-30 04:00:00+00:00,0.0
2007-07-30 05:00:00+00:00,0.0
2007-07-30 06:00:00+00:00,0.0
2007-07-30 07:00:00+00:00,0.0
2007-07-30 08:00:00+00:00,0.0
2007-07-30 09:00:00+00:00,0.0
2007-07-30 10:00:00+00:00,0.0
2007-07-30 11:00:00+00:00,0.0
2007-07-30 12:00:00+00:00,0.24442339999999999
2007-07-30 13:00:00+00:00,0.48781326
2007-07-30 14:00:00+00:00,0.58923876
2007-07-30 15:00:00+00:00,0.5881509
2007-07-30 16:00:00+00:00,0.62274826
2007-07-30 17:00:00+00:00,0.63492167
2007-07-30 18:00:00+00:00,0.5775974
2007-07-30 19:00:00+00:00,0.6045024999999999
2007-07-30 20:00:00+00:00,0.6147373
2007-07-30 21:00:00+00:00,0.49701476
2007-07-30 22:00:00+00:00,0.46400052
2007-07-30 23:00:00+00:00,0.29747543
2007-07-31 00:00:00+00:00,0.08678830400000001
2007-07-31 01:00:00+00:00,0.0
2007-07-31 02:00:00+00:00,0.0
2007-07-31 03:00:00+00:00,0.0
2007-07-31 04:00:00+00:00,0.0
2007-07-31 05:00:00+00:00,0.0
2007-07-31 06:00:00+00:00,0.0
2007-07-31 07:00:00+00:00,0.0
2007-07-31 08:00:00+00:00,0.0
2007-07-31 09:00:00+00:00,0.0
2007-07-31 10:00:00+00:00,0.0
2007-07-31 11:00:00+00:00,0.0
2007-07-31 12:00:00+00:00,0.23931561
2007-07-31 13:00:00+00:00,0.49354413
2007-07-31 14:00:00+00:00,0.60293376
2007-07-31 15:00:00+00:00,0.6357397
2007-07-31 16:00:00+00:00,0.66182494
2007-07-31 17:00:00+00:00,0.6655761
2007-07-31 18:00:00+00:00,0.664833
2007-07-31 19:00:00+00:00,0.6727753000000001
2007-07-31 20:00:00+00:00,0.67303693
2007-07-31 21:00:00+00:00,0.6572735
2007-07-31 22:00:00+00:00,0.5993194000000001
2007-07-31 23:00:00+00:00,0.44868755
2007-08-01 00:00:00+00:00,0.15476458
2007-08-01 01:00:00+00:00,0.0
2007-08-01 02:00:00+00:00,0.0
2007-08-01 03:00:00+00:00,0.0
2007-08-01 04:00:00+00:00,0.0
2007-08-01 05:00:00+00:00,0.0
2007-08-01 06:00:00+00:00,0.0
2007-08-01 07:00:00+00:00,0.0
2007-08-01 08:00:00+00:00,0.0
2007-08-01 09:00:00+00:00,0.0
2007-08-01 10:00:00+00:00,0.0
2007-08-01 11:00:00+00:00,0.0
2007-08-01 12:00:00+00:00,0.33167493
2007-08-01 13:00:00+00:00,0.59588325
2007-08-01 14:00:00+00:00,0.6698347
2007-08-01 15:00:00+00:00,0.6789594
2007-08-01 16:00:00+00:00,0.68128675
2007-08-01 17:00:00+00:00,0.67448664
2007-08-01 18:00:00+00:00,0.6655496999999999
2007-08-01 19:00:00+00:00,0.66757053
2007-08-01 20:00:00+00:00,0.66590613
2007-08-01 21:00:00+00:00,0.6351321
2007-08-01 22:00:00+00:00,0.56281143
2007-08-01 23:00:00+00:00,0.40977759999999996
2007-08-02 00:00:00+00:00,0.12354000000000001
2007-08-02 01:00:00+00:00,0.0
2007-08-02 02:00:00+00:00,0.0
2007-08-02 03:00:00+00:00,0.0
2007-08-02 04:00:00+00:00,0.0
2007-08-02 05:00:00+00:00,0.0
2007-08-02 06:00:00+00:00,0.0
2007-08-02 07:00:00+00:00,0.0
2007-08-02 08:00:00+00:00,0.0
2007-08-02 09:00:00+00:00,0.0
2007-08-02 10:00:00+00:00,0.0
2007-08-02 11:00:00+00:00,0.0
2007-08-02 12:00:00+00:00,0.25571498
2007-08-02 13:00:00+00:00,0.50481325
2007-08-02 14:00:00+00:00,0.609518
2007-08-02 15:00:00+00:00,0.65033823
2007-08-02 16:00:00+00:00,0.6589803000000001
2007-08-02 17:00:00+00:00,0.6560005999999999
2007-08-02 18:00:00+00:00,0.58212453
2007-08-02 19:00:00+00:00,0.6423174
2007-08-02 20:00:00+00:00,0.62758255
2007-08-02 21:00:00+00:00,0.58533925
2007-08-02 22:00:00+00:00,0.48836654
2007-08-02 23:00:00+00:00,0.32480359999999997
2007-08-03 00:00:00+00:00,0.07972216
2007-08-03 01:00:00+00:00,0.0
2007-08-03 02:00:00+00:00,0.0
2007-08-03 03:00:00+00:00,0.0
2007-08-03 04:00:00+00:00,0.0
2007-08-03 05:00:00+00:00,0.0
2007-08-03 06:00:00+00:00,0.0
2007-08-03 07:00:00+00:00,0.0
2007-08-03 08:00:00+00:00,0.0
2007-08-03 09:00:00+00:00,0.0
2007-08-03 10:00:00+00:00,0.0
2007-08-03 11:00:00+00:00,0.0
2007-08-03 12:00:00+00:00,0.17920259
2007-08-03 13:00:00+00:00,0.42415693
2007-08-03 14:00:00+00:00,0.5582305999999999
2007-08-03 15:00:00+00:00,0.57817286
2007-08-03 16:00:00+00:00,0.51998353
2007-08-03 17:00:00+00:00,0.53501165
2007-08-03 18:00:00+00:00,0.5392475999999999
2007-08-03 19:00:00+00:00,0.5280147
2007-08-03 20:00:00+00:00,0.53562695
2007-08-03 21:00:00+00:00,0.5993090999999999
2007-08-03 22:00:00+00:00,0.51834595
2007-08-03 23:00:00+00:00,0.34618455
2007-08-04 00:00:00+00:00,0.101083584
2007-08-04 01:00:00+00:00,0.0
2007-08-04 02:00:00+00:00,0.0
2007-08-04 03:00:00+00:00,0.0
2007-08-04 04:00:00+00:00,0.0
2007-08-04 05:00:00+00:00,0.0
2007-08-04 06:00:00+00:00,0.0
2007-08-04 07:00:00+00:00,0.0
2007-08-04 08:00:00+00:00,0.0
2007-08-04 09:00:00+00:00,0.0
2007-08-04 10:00:00+00:00,0.0
2007-08-04 11:00:00+00:00,0.0
2007-08-04 12:00:00+00:00,0.22504157
2007-08-04 13:00:00+00:00,0.46995082
2007-08-04 14:00:00+00:00,0.5668425
2007-08-04 15:00:00+00:00,0.6168064999999999
2007-08-04 16:00:00+00:00,0.6121733
2007-08-04 17:00:00+00:00,0.43334395
2007-08-04 18:00:00+00:00,0.45998988
2007-08-04 19:00:00+00:00,0.5832930000000001
2007-08-04 20:00:00+00:00,0.44464445
2007-08-04 21:00:00+00:00,0.5326794
2007-08-04 22:00:00+00:00,0.24458608
2007-08-04 23:00:00+00:00,0.07083431
2007-08-05 00:00:00+00:00,0.009490265500000001
2007-08-05 01:00:00+00:00,0.0
2007-08-05 02:00:00+00:00,0.0
2007-08-05 03:00:00+00:00,0.0
2007-08-05 04:00:00+00:00,0.0
2007-08-05 05:00:00+00:00,0.0
2007-08-05 06:00:00+00:00,0.0
2007-08-05 07:00:00+00:00,0.0
2007-08-05 08:00:00+00:00,0.0
2007-08-05 09:00:00+00:00,0.0
2007-08-05 10:00:00+00:00,0.0
2007-08-05 11:00:00+00:00,0.0
2007-08-05 12:00:00+00:00,0.0054054459999999995
2007-08-05 13:00:00+00:00,0.23196198
2007-08-05 14:00:00+00:00,0.22899431
2007-08-05 15:00:00+00:00,0.5460349
2007-08-05 16:00:00+00:00,0.6243405
2007-08-05 17:00:00+00:00,0.6223213000000001
2007-08-05 18:00:00+00:00,0.61820096
2007-08-05 19:00:00+00:00,0.4998791
2007-08-05 20:00:00+00:00,0.57023907
2007-08-05 21:00:00+00:00,0.5759228
2007-08-05 22:00:00+00:00,0.48827070000000006
2007-08-05 23:00:00+00:00,0.32357588
2007-08-06 00:00:00+00:00,0.08809807
2007-08-06 01:00:00+00:00,0.0
2007-08-06 02:00:00+00:00,0.0
2007-08-06 03:00:00+00:00,0.0
2007-08-06 04:00:00+00:00,0.0
2007-08-06 05:00:00+00:00,0.0
2007-08-06 06:00:00+00:00,0.0
2007-08-06 07:00:00+00:00,0.0
2007-08-06 08:00:00+00:00,0.0
2007-08-06 09:00:00+00:00,0.0
2007-08-06 10:00:00+00:00,0.0
2007-08-06 11:00:00+00:00,0.0
2007-08-06 12:00:00+00:00,0.21664514
2007-08-06 13:00:00+00:00,0.41840756
2007-08-06 14:00:00+00:00,0.50263244
2007-08-06 15:00:00+00:00,0.54340017
2007-08-06 16:00:00+00:00,0.53948206
2007-08-06 17:00:00+00:00,0.63852435
2007-08-06 18:00:00+00:00,0.46411926
2007-08-06 19:00:00+00:00,0.399412
2007-08-06 20:00:00+00:00,0.5500065
2007-08-06 21:00:00+00:00,0.5166662000000001
2007-08-06 22:00:00+00:00,0.47821873
2007-08-06 23:00:00+00:00,0.3378839
2007-08-07 00:00:00+00:00,0.08493803400000001
2007-08-07 01:00:00+00:00,0.0
2007-08-07 02:00:00+00:00,0.0
2007-08-07 03:00:00+00:00,0.0
2007-08-07 04:00:00+00:00,0.0
2007-08-07 05:00:00+00:00,0.0
2007-08-07 06:00:00+00:00,0.0
2007-08-07 07:00:00+00:00,0.0
2007-08-07 08:00:00+00:00,0.0
2007-08-07 09:00:00+00:00,0.0
2007-08-07 10:00:00+00:00,0.0
2007-08-07 11:00:00+00:00,0.0
2007-08-07 12:00:00+00:00,0.17122939999999998
2007-08-07 13:00:00+00:00,0.49951
2007-08-07 14:00:00+00:00,0.6034095
2007-08-07 15:00:00+00:00,0.6314416
2007-08-07 16:00:00+00:00,0.56561124
2007-08-07 17:00:00+00:00,0.5778300000000001
2007-08-07 18:00:00+00:00,0.6008720999999999
2007-08-07 19:00:00+00:00,0.5697843
2007-08-07 20:00:00+00:00,0.64421374
2007-08-07 21:00:00+00:00,0.6116377
2007-08-07 22:00:00+00:00,0.49902746
2007-08-07 23:00:00+00:00,0.36977902
2007-08-08 00:00:00+00:00,0.09413957
2007-08-08 01:00:00+00:00,0.0
2007-08-08 02:00:00+00:00,0.0
2007-08-08 03:00:00+00:00,0.0
2007-08-08 04:00:00+00:00,0.0
2007-08-08 05:00:00+00:00,0.0
2007-08-08 06:00:00+00:00,0.0
2007-08-08 07:00:00+00:00,0.0
2007-08-08 08:00:00+00:00,0.0
2007-08-08 09:00:00+00:00,0.0
2007-08-08 10:00:00+00:00,0.0
2007-08-08 11:00:00+00:00,0.0
2007-08-08 12:00:00+00:00,0.26850146
2007-08-08 13:00:00+00:00,0.5493108
2007-08-08 14:00:00+00:00,0.6446609000000001
2007-08-08 15:00:00+00:00,0.6647345
2007-08-08 16:00:00+00:00,0.6696045999999999
2007-08-08 17:00:00+00:00,0.59775066
2007-08-08 18:00:00+00:00,0.46737164
2007-08-08 19:00:00+00:00,0.6512348000000001
2007-08-08 20:00:00+00:00,0.37378776
2007-08-08 21:00:00+00:00,0.5956924
2007-08-08 22:00:00+00:00,0.5430554
2007-08-08 23:00:00+00:00,0.36697468
2007-08-09 00:00:00+00:00,0.08643426
2007-08-09 01:00:00+00:00,0.0
2007-08-09 02:00:00+00:00,0.0
2007-08-09 03:00:00+00:00,0.0
2007-08-09 04:00:00+00:00,0.0
2007-08-09 05:00:00+00:00,0.0
2007-08-09 06:00:00+00:00,0.0
2007-08-09 07:00:00+00:00,0.0
2007-08-09 08:00:00+00:00,0.0
2007-08-09 09:00:00+00:00,0.0
2007-08-09 10:00:00+00:00,0.0
2007-08-09 11:00:00+00:00,0.0
2007-08-09 12:00:00+00:00,0.27677944
2007-08-09 13:00:00+00:00,0.56666183
2007-08-09 14:00:00+00:00,0.6546324
2007-08-09 15:00:00+00:00,0.684138
2007-08-09 16:00:00+00:00,0.67671615
2007-08-09 17:00:00+00:00,0.66847175
2007-08-09 18:00:00+00:00,0.57914937
2007-08-09 19:00:00+00:00,0.5161933
2007-08-09 20:00:00+00:00,0.6238881
2007-08-09 21:00:00+00:00,0.39315079999999997
2007-08-09 22:00:00+00:00,0.48012435
2007-08-09 23:00:00+00:00,0.32367715
2007-08-10 00:00:00+00:00,0.09109969999999999
2007-08-10 01:00:00+00:00,0.0
2007-08-10 02:00:00+00:00,0.0
2007-08-10 03:00:00+00:00,0.0
2007-08-10 04:00:00+00:00,0.0
2007-08-10 05:00:00+00:00,0.0
2007-08-10 06:00:00+00:00,0.0
2007-08-10 07:00:00+00:00,0.0
2007-08-10 08:00:00+00:00,0.0
2007-08-10 09:00:00+00:00,0.0
2007-08-10 10:00:00+00:00,0.0
2007-08-10 11:00:00+00:00,0.0
2007-08-10 12:00:00+00:00,0.24257283
2007-08-10 13:00:00+00:00,0.3970842
2007-08-10 14:00:00+00:00,0.6641210999999999
2007-08-10 15:00:00+00:00,0.6644956999999999
2007-08-10 16:00:00+00:00,0.6399744
2007-08-10 17:00:00+00:00,0.65621614
2007-08-10 18:00:00+00:00,0.61075926
2007-08-10 19:00:00+00:00,0.6442648
2007-08-10 20:00:00+00:00,0.65390784
2007-08-10 21:00:00+00:00,0.63166124
2007-08-10 22:00:00+00:00,0.62614757
2007-08-10 23:00:00+00:00,0.44568563
2007-08-11 00:00:00+00:00,0.12630977
2007-08-11 01:00:00+00:00,0.0
2007-08-11 02:00:00+00:00,0.0
2007-08-11 03:00:00+00:00,0.0
2007-08-11 04:00:00+00:00,0.0
2007-08-11 05:00:00+00:00,0.0
2007-08-11 06:00:00+00:00,0.0
2007-08-11 07:00:00+00:00,0.0
2007-08-11 08:00:00+00:00,0.0
2007-08-11 09:00:00+00:00,0.0
2007-08-11 10:00:00+00:00,0.0
2007-08-11 11:00:00+00:00,0.0
2007-08-11 12:00:00+00:00,0.2859969
2007-08-11 13:00:00+00:00,0.5882634
2007-08-11 14:00:00+00:00,0.67846364
2007-08-11 15:00:00+00:00,0.70555687
2007-08-11 16:00:00+00:00,0.69613695
2007-08-11 17:00:00+00:00,0.6873461
2007-08-11 18:00:00+00:00,0.6801693
2007-08-11 19:00:00+00:00,0.604535
2007-08-11 20:00:00+00:00,0.5922196
2007-08-11 21:00:00+00:00,0.68064725
2007-08-11 22:00:00+00:00,0.62101316
2007-08-11 23:00:00+00:00,0.29182112
2007-08-12 00:00:00+00:00,0.091871545
2007-08-12 01:00:00+00:00,0.0
2007-08-12 02:00:00+00:00,0.0
2007-08-12 03:00:00+00:00,0.0
2007-08-12 04:00:00+00:00,0.0
2007-08-12 05:00:00+00:00,0.0
2007-08-12 06:00:00+00:00,0.0
2007-08-12 07:00:00+00:00,0.0
2007-08-12 08:00:00+00:00,0.0
2007-08-12 09:00:00+00:00,0.0
2007-08-12 10:00:00+00:00,0.0
2007-08-12 11:00:00+00:00,0.0
2007-08-12 12:00:00+00:00,0.2881366
2007-08-12 13:00:00+00:00,0.57520413
2007-08-12 14:00:00+00:00,0.65680856
2007-08-12 15:00:00+00:00,0.6781824000000001
2007-08-12 16:00:00+00:00,0.666467
2007-08-12 17:00:00+00:00,0.6602359
2007-08-12 18:00:00+00:00,0.65443027
2007-08-12 19:00:00+00:00,0.6589539000000001
2007-08-12 20:00:00+00:00,0.6593666
2007-08-12 21:00:00+00:00,0.6469649000000001
2007-08-12 22:00:00+00:00,0.5795897
2007-08-12 23:00:00+00:00,0.38332343
2007-08-13 00:00:00+00:00,0.099979065
2007-08-13 01:00:00+00:00,0.0
2007-08-13 02:00:00+00:00,0.0
2007-08-13 03:00:00+00:00,0.0
2007-08-13 04:00:00+00:00,0.0
2007-08-13 05:00:00+00:00,0.0
2007-08-13 06:00:00+00:00,0.0
2007-08-13 07:00:00+00:00,0.0
2007-08-13 08:00:00+00:00,0.0
2007-08-13 09:00:00+00:00,0.0
2007-08-13 10:00:00+00:00,0.0
2007-08-13 11:00:00+00:00,0.0
2007-08-13 12:00:00+00:00,0.21219835
2007-08-13 13:00:00+00:00,0.4159487
2007-08-13 14:00:00+00:00,0.4799969
2007-08-13 15:00:00+00:00,0.564336
2007-08-13 16:00:00+00:00,0.56832224
2007-08-13 17:00:00+00:00,0.5248086999999999
2007-08-13 18:00:00+00:00,0.6384191
2007-08-13 19:00:00+00:00,0.6543594
2007-08-13 20:00:00+00:00,0.65879726
2007-08-13 21:00:00+00:00,0.64469135
2007-08-13 22:00:00+00:00,0.5797824
2007-08-13 23:00:00+00:00,0.38313928
2007-08-14 00:00:00+00:00,0.09637357
2007-08-14 01:00:00+00:00,0.0
2007-08-14 02:00:00+00:00,0.0
2007-08-14 03:00:00+00:00,0.0
2007-08-14 04:00:00+00:00,0.0
2007-08-14 05:00:00+00:00,0.0
2007-08-14 06:00:00+00:00,0.0
2007-08-14 07:00:00+00:00,0.0
2007-08-14 08:00:00+00:00,0.0
2007-08-14 09:00:00+00:00,0.0
2007-08-14 10:00:00+00:00,0.0
2007-08-14 11:00:00+00:00,0.0
2007-08-14 12:00:00+00:00,0.034751367000000005
2007-08-14 13:00:00+00:00,0.3777018
2007-08-14 14:00:00+00:00,0.53635657
2007-08-14 15:00:00+00:00,0.6631125
2007-08-14 16:00:00+00:00,0.6184512
2007-08-14 17:00:00+00:00,0.5631899
2007-08-14 18:00:00+00:00,0.5702748000000001
2007-08-14 19:00:00+00:00,0.5504745
2007-08-14 20:00:00+00:00,0.6487683000000001
2007-08-14 21:00:00+00:00,0.5481187
2007-08-14 22:00:00+00:00,0.49954227
2007-08-14 23:00:00+00:00,0.23427589
2007-08-15 00:00:00+00:00,0.057463325999999995
2007-08-15 01:00:00+00:00,0.0
2007-08-15 02:00:00+00:00,0.0
2007-08-15 03:00:00+00:00,0.0
2007-08-15 04:00:00+00:00,0.0
2007-08-15 05:00:00+00:00,0.0
2007-08-15 06:00:00+00:00,0.0
2007-08-15 07:00:00+00:00,0.0
2007-08-15 08:00:00+00:00,0.0
2007-08-15 09:00:00+00:00,0.0
2007-08-15 10:00:00+00:00,0.0
2007-08-15 11:00:00+00:00,0.0
2007-08-15 12:00:00+00:00,0.17005901
2007-08-15 13:00:00+00:00,0.3861288
2007-08-15 14:00:00+00:00,0.5536398
2007-08-15 15:00:00+00:00,0.5636602
2007-08-15 16:00:00+00:00,0.59638965
2007-08-15 17:00:00+00:00,0.60218877
2007-08-15 18:00:00+00:00,0.5855345999999999
2007-08-15 19:00:00+00:00,0.5851352
2007-08-15 20:00:00+00:00,0.56408757
2007-08-15 21:00:00+00:00,0.5092906
2007-08-15 22:00:00+00:00,0.4105776
2007-08-15 23:00:00+00:00,0.20548964
2007-08-16 00:00:00+00:00,0.024226846
2007-08-16 01:00:00+00:00,0.0
2007-08-16 02:00:00+00:00,0.0
2007-08-16 03:00:00+00:00,0.0
2007-08-16 04:00:00+00:00,0.0
2007-08-16 05:00:00+00:00,0.0
2007-08-16 06:00:00+00:00,0.0
2007-08-16 07:00:00+00:00,0.0
2007-08-16 08:00:00+00:00,0.0
2007-08-16 09:00:00+00:00,0.0
2007-08-16 10:00:00+00:00,0.0
2007-08-16 11:00:00+00:00,0.0
2007-08-16 12:00:00+00:00,0.0047681127
2007-08-16 13:00:00+00:00,0.1360097
2007-08-16 14:00:00+00:00,0.28553429999999996
2007-08-16 15:00:00+00:00,0.40096274
2007-08-16 16:00:00+00:00,0.6280071
2007-08-16 17:00:00+00:00,0.56365967
2007-08-16 18:00:00+00:00,0.5243369000000001
2007-08-16 19:00:00+00:00,0.49208516
2007-08-16 20:00:00+00:00,0.5773956
2007-08-16 21:00:00+00:00,0.31481305
2007-08-16 22:00:00+00:00,0.039096347999999996
2007-08-16 23:00:00+00:00,0.041162282
2007-08-17 00:00:00+00:00,0.0011718814
2007-08-17 01:00:00+00:00,0.0
2007-08-17 02:00:00+00:00,0.0
2007-08-17 03:00:00+00:00,0.0
2007-08-17 04:00:00+00:00,0.0
2007-08-17 05:00:00+00:00,0.0
2007-08-17 06:00:00+00:00,0.0
2007-08-17 07:00:00+00:00,0.0
2007-08-17 08:00:00+00:00,0.0
2007-08-17 09:00:00+00:00,0.0
2007-08-17 10:00:00+00:00,0.0
2007-08-17 11:00:00+00:00,0.0
2007-08-17 12:00:00+00:00,0.17463939
2007-08-17 13:00:00+00:00,0.14610565
2007-08-17 14:00:00+00:00,0.34664807
2007-08-17 15:00:00+00:00,0.64069134
2007-08-17 16:00:00+00:00,0.65691316
2007-08-17 17:00:00+00:00,0.64507467
2007-08-17 18:00:00+00:00,0.6411876999999999
2007-08-17 19:00:00+00:00,0.64102006
2007-08-17 20:00:00+00:00,0.62782276
2007-08-17 21:00:00+00:00,0.5903268
2007-08-17 22:00:00+00:00,0.5088083999999999
2007-08-17 23:00:00+00:00,0.29870185
2007-08-18 00:00:00+00:00,0.051795345
2007-08-18 01:00:00+00:00,0.0
2007-08-18 02:00:00+00:00,0.0
2007-08-18 03:00:00+00:00,0.0
2007-08-18 04:00:00+00:00,0.0
2007-08-18 05:00:00+00:00,0.0
2007-08-18 06:00:00+00:00,0.0
2007-08-18 07:00:00+00:00,0.0
2007-08-18 08:00:00+00:00,0.0
2007-08-18 09:00:00+00:00,0.0
2007-08-18 10:00:00+00:00,0.0
2007-08-18 11:00:00+00:00,0.0
2007-08-18 12:00:00+00:00,0.1836689
2007-08-18 13:00:00+00:00,0.44310249999999995
2007-08-18 14:00:00+00:00,0.5696036999999999
2007-08-18 15:00:00+00:00,0.62180513
2007-08-18 16:00:00+00:00,0.63740593
2007-08-18 17:00:00+00:00,0.5939873
2007-08-18 18:00:00+00:00,0.6236608
2007-08-18 19:00:00+00:00,0.6217693
2007-08-18 20:00:00+00:00,0.61000913
2007-08-18 21:00:00+00:00,0.5770155
2007-08-18 22:00:00+00:00,0.48666190000000004
2007-08-18 23:00:00+00:00,0.26941088
2007-08-19 00:00:00+00:00,0.034187775
2007-08-19 01:00:00+00:00,0.0
2007-08-19 02:00:00+00:00,0.0
2007-08-19 03:00:00+00:00,0.0
2007-08-19 04:00:00+00:00,0.0
2007-08-19 05:00:00+00:00,0.0
2007-08-19 06:00:00+00:00,0.0
2007-08-19 07:00:00+00:00,0.0
2007-08-19 08:00:00+00:00,0.0
2007-08-19 09:00:00+00:00,0.0
2007-08-19 10:00:00+00:00,0.0
2007-08-19 11:00:00+00:00,0.0
2007-08-19 12:00:00+00:00,0.12776724
2007-08-19 13:00:00+00:00,0.34948352
2007-08-19 14:00:00+00:00,0.3251033
2007-08-19 15:00:00+00:00,0.16874082
2007-08-19 16:00:00+00:00,0.24679512
2007-08-19 17:00:00+00:00,0.22237304
2007-08-19 18:00:00+00:00,0.46223688
2007-08-19 19:00:00+00:00,0.51864815
2007-08-19 20:00:00+00:00,0.41338637
2007-08-19 21:00:00+00:00,0.43167788
2007-08-19 22:00:00+00:00,0.28992823
2007-08-19 23:00:00+00:00,0.022858637999999997
2007-08-20 00:00:00+00:00,6.9376714e-05
2007-08-20 01:00:00+00:00,0.0
2007-08-20 02:00:00+00:00,0.0
2007-08-20 03:00:00+00:00,0.0
2007-08-20 04:00:00+00:00,0.0
2007-08-20 05:00:00+00:00,0.0
2007-08-20 06:00:00+00:00,0.0
2007-08-20 07:00:00+00:00,0.0
2007-08-20 08:00:00+00:00,0.0
2007-08-20 09:00:00+00:00,0.0
2007-08-20 10:00:00+00:00,0.0
2007-08-20 11:00:00+00:00,0.0
2007-08-20 12:00:00+00:00,0.027052457999999998
2007-08-20 13:00:00+00:00,0.25356203
2007-08-20 14:00:00+00:00,0.44257244
2007-08-20 15:00:00+00:00,0.50524485
2007-08-20 16:00:00+00:00,0.61480635
2007-08-20 17:00:00+00:00,0.5175517
2007-08-20 18:00:00+00:00,0.4807197
2007-08-20 19:00:00+00:00,0.48903725
2007-08-20 20:00:00+00:00,0.44113392
2007-08-20 21:00:00+00:00,0.45224315
2007-08-20 22:00:00+00:00,0.48817920000000004
2007-08-20 23:00:00+00:00,0.30154327
2007-08-21 00:00:00+00:00,0.05075475
2007-08-21 01:00:00+00:00,0.0
2007-08-21 02:00:00+00:00,0.0
2007-08-21 03:00:00+00:00,0.0
2007-08-21 04:00:00+00:00,0.0
2007-08-21 05:00:00+00:00,0.0
2007-08-21 06:00:00+00:00,0.0
2007-08-21 07:00:00+00:00,0.0
2007-08-21 08:00:00+00:00,0.0
2007-08-21 09:00:00+00:00,0.0
2007-08-21 10:00:00+00:00,0.0
2007-08-21 11:00:00+00:00,0.0
2007-08-21 12:00:00+00:00,0.1168205
2007-08-21 13:00:00+00:00,0.10112549
2007-08-21 14:00:00+00:00,0.032230496000000004
2007-08-21 15:00:00+00:00,0.022725206
2007-08-21 16:00:00+00:00,0.048940994
2007-08-21 17:00:00+00:00,0.0634329
2007-08-21 18:00:00+00:00,0.1084723
2007-08-21 19:00:00+00:00,0.51497823
2007-08-21 20:00:00+00:00,0.45243370000000005
2007-08-21 21:00:00+00:00,0.20022489
2007-08-21 22:00:00+00:00,0.07905186
2007-08-21 23:00:00+00:00,0.11228531
2007-08-22 00:00:00+00:00,0.0007696837400000001
2007-08-22 01:00:00+00:00,0.0
2007-08-22 02:00:00+00:00,0.0
2007-08-22 03:00:00+00:00,0.0
2007-08-22 04:00:00+00:00,0.0
2007-08-22 05:00:00+00:00,0.0
2007-08-22 06:00:00+00:00,0.0
2007-08-22 07:00:00+00:00,0.0
2007-08-22 08:00:00+00:00,0.0
2007-08-22 09:00:00+00:00,0.0
2007-08-22 10:00:00+00:00,0.0
2007-08-22 11:00:00+00:00,0.0
2007-08-22 12:00:00+00:00,0.1820503
2007-08-22 13:00:00+00:00,0.48820767
2007-08-22 14:00:00+00:00,0.5856834
2007-08-22 15:00:00+00:00,0.6375953000000001
2007-08-22 16:00:00+00:00,0.638215
2007-08-22 17:00:00+00:00,0.57564163
2007-08-22 18:00:00+00:00,0.6244308000000001
2007-08-22 19:00:00+00:00,0.5858604000000001
2007-08-22 20:00:00+00:00,0.4976349
2007-08-22 21:00:00+00:00,0.61374253
2007-08-22 22:00:00+00:00,0.53858066
2007-08-22 23:00:00+00:00,0.31435686
2007-08-23 00:00:00+00:00,0.030125564
2007-08-23 01:00:00+00:00,0.0
2007-08-23 02:00:00+00:00,0.0
2007-08-23 03:00:00+00:00,0.0
2007-08-23 04:00:00+00:00,0.0
2007-08-23 05:00:00+00:00,0.0
2007-08-23 06:00:00+00:00,0.0
2007-08-23 07:00:00+00:00,0.0
2007-08-23 08:00:00+00:00,0.0
2007-08-23 09:00:00+00:00,0.0
2007-08-23 10:00:00+00:00,0.0
2007-08-23 11:00:00+00:00,0.0
2007-08-23 12:00:00+00:00,0.2184881
2007-08-23 13:00:00+00:00,0.5348480999999999
2007-08-23 14:00:00+00:00,0.6267365
2007-08-23 15:00:00+00:00,0.6492826
2007-08-23 16:00:00+00:00,0.6517082
2007-08-23 17:00:00+00:00,0.45806706
2007-08-23 18:00:00+00:00,0.6283736
2007-08-23 19:00:00+00:00,0.5811202
2007-08-23 20:00:00+00:00,0.6310766
2007-08-23 21:00:00+00:00,0.63276756
2007-08-23 22:00:00+00:00,0.5576626
2007-08-23 23:00:00+00:00,0.3202813
2007-08-24 00:00:00+00:00,0.0250014
2007-08-24 01:00:00+00:00,0.0
2007-08-24 02:00:00+00:00,0.0
2007-08-24 03:00:00+00:00,0.0
2007-08-24 04:00:00+00:00,0.0
2007-08-24 05:00:00+00:00,0.0
2007-08-24 06:00:00+00:00,0.0
2007-08-24 07:00:00+00:00,0.0
2007-08-24 08:00:00+00:00,0.0
2007-08-24 09:00:00+00:00,0.0
2007-08-24 10:00:00+00:00,0.0
2007-08-24 11:00:00+00:00,0.0
2007-08-24 12:00:00+00:00,0.19228458
2007-08-24 13:00:00+00:00,0.48369628
2007-08-24 14:00:00+00:00,0.6023929
2007-08-24 15:00:00+00:00,0.63983345
2007-08-24 16:00:00+00:00,0.64674425
2007-08-24 17:00:00+00:00,0.6400879
2007-08-24 18:00:00+00:00,0.63641727
2007-08-24 19:00:00+00:00,0.64622647
2007-08-24 20:00:00+00:00,0.6502463
2007-08-24 21:00:00+00:00,0.62365407
2007-08-24 22:00:00+00:00,0.5350921
2007-08-24 23:00:00+00:00,0.3013229
2007-08-25 00:00:00+00:00,0.007935035
2007-08-25 01:00:00+00:00,0.0
2007-08-25 02:00:00+00:00,0.0
2007-08-25 03:00:00+00:00,0.0
2007-08-25 04:00:00+00:00,0.0
2007-08-25 05:00:00+00:00,0.0
2007-08-25 06:00:00+00:00,0.0
2007-08-25 07:00:00+00:00,0.0
2007-08-25 08:00:00+00:00,0.0
2007-08-25 09:00:00+00:00,0.0
2007-08-25 10:00:00+00:00,0.0
2007-08-25 11:00:00+00:00,0.0
2007-08-25 12:00:00+00:00,0.12908816
2007-08-25 13:00:00+00:00,0.3815799
2007-08-25 14:00:00+00:00,0.5852911999999999
2007-08-25 15:00:00+00:00,0.56031126
2007-08-25 16:00:00+00:00,0.6416715000000001
2007-08-25 17:00:00+00:00,0.38792127
2007-08-25 18:00:00+00:00,0.46760055
2007-08-25 19:00:00+00:00,0.40208309999999997
2007-08-25 20:00:00+00:00,0.599979
2007-08-25 21:00:00+00:00,0.29535368
2007-08-25 22:00:00+00:00,0.13993055
2007-08-25 23:00:00+00:00,0.29171574
2007-08-26 00:00:00+00:00,0.0
2007-08-26 01:00:00+00:00,0.0
2007-08-26 02:00:00+00:00,0.0
2007-08-26 03:00:00+00:00,0.0
2007-08-26 04:00:00+00:00,0.0
2007-08-26 05:00:00+00:00,0.0
2007-08-26 06:00:00+00:00,0.0
2007-08-26 07:00:00+00:00,0.0
2007-08-26 08:00:00+00:00,0.0
2007-08-26 09:00:00+00:00,0.0
2007-08-26 10:00:00+00:00,0.0
2007-08-26 11:00:00+00:00,0.0
2007-08-26 12:00:00+00:00,0.08575725
2007-08-26 13:00:00+00:00,0.5348869
2007-08-26 14:00:00+00:00,0.6467036999999999
2007-08-26 15:00:00+00:00,0.68088704
2007-08-26 16:00:00+00:00,0.6630902
2007-08-26 17:00:00+00:00,0.6590975
2007-08-26 18:00:00+00:00,0.64861757
2007-08-26 19:00:00+00:00,0.6238191999999999
2007-08-26 20:00:00+00:00,0.6381492
2007-08-26 21:00:00+00:00,0.6546046
2007-08-26 22:00:00+00:00,0.59444803
2007-08-26 23:00:00+00:00,0.34152666
2007-08-27 00:00:00+00:00,0.0
2007-08-27 01:00:00+00:00,0.0
2007-08-27 02:00:00+00:00,0.0
2007-08-27 03:00:00+00:00,0.0
2007-08-27 04:00:00+00:00,0.0
2007-08-27 05:00:00+00:00,0.0
2007-08-27 06:00:00+00:00,0.0
2007-08-27 07:00:00+00:00,0.0
2007-08-27 08:00:00+00:00,0.0
2007-08-27 09:00:00+00:00,0.0
2007-08-27 10:00:00+00:00,0.0
2007-08-27 11:00:00+00:00,0.0
2007-08-27 12:00:00+00:00,0.22224699
2007-08-27 13:00:00+00:00,0.56231636
2007-08-27 14:00:00+00:00,0.6532825
2007-08-27 15:00:00+00:00,0.6697852
2007-08-27 16:00:00+00:00,0.6590796999999999
2007-08-27 17:00:00+00:00,0.6441135
2007-08-27 18:00:00+00:00,0.5234917
2007-08-27 19:00:00+00:00,0.6479906
2007-08-27 20:00:00+00:00,0.65207666
2007-08-27 21:00:00+00:00,0.6413348000000001
2007-08-27 22:00:00+00:00,0.57584304
2007-08-27 23:00:00+00:00,0.32456404
2007-08-28 00:00:00+00:00,0.0
2007-08-28 01:00:00+00:00,0.0
2007-08-28 02:00:00+00:00,0.0
2007-08-28 03:00:00+00:00,0.0
2007-08-28 04:00:00+00:00,0.0
2007-08-28 05:00:00+00:00,0.0
2007-08-28 06:00:00+00:00,0.0
2007-08-28 07:00:00+00:00,0.0
2007-08-28 08:00:00+00:00,0.0
2007-08-28 09:00:00+00:00,0.0
2007-08-28 10:00:00+00:00,0.0
2007-08-28 11:00:00+00:00,0.0
2007-08-28 12:00:00+00:00,0.21761020000000003
2007-08-28 13:00:00+00:00,0.54822433
2007-08-28 14:00:00+00:00,0.6368295
2007-08-28 15:00:00+00:00,0.64499193
2007-08-28 16:00:00+00:00,0.59556407
2007-08-28 17:00:00+00:00,0.62615913
2007-08-28 18:00:00+00:00,0.61208093
2007-08-28 19:00:00+00:00,0.61894226
2007-08-28 20:00:00+00:00,0.48082939999999996
2007-08-28 21:00:00+00:00,0.35328484
2007-08-28 22:00:00+00:00,0.39681023
2007-08-28 23:00:00+00:00,0.27344778
2007-08-29 00:00:00+00:00,0.0
2007-08-29 01:00:00+00:00,0.0
2007-08-29 02:00:00+00:00,0.0
2007-08-29 03:00:00+00:00,0.0
2007-08-29 04:00:00+00:00,0.0
2007-08-29 05:00:00+00:00,0.0
2007-08-29 06:00:00+00:00,0.0
2007-08-29 07:00:00+00:00,0.0
2007-08-29 08:00:00+00:00,0.0
2007-08-29 09:00:00+00:00,0.0
2007-08-29 10:00:00+00:00,0.0
2007-08-29 11:00:00+00:00,0.0
2007-08-29 12:00:00+00:00,0.121459715
2007-08-29 13:00:00+00:00,0.40746197
2007-08-29 14:00:00+00:00,0.5457801999999999
2007-08-29 15:00:00+00:00,0.5963227
2007-08-29 16:00:00+00:00,0.56416386
2007-08-29 17:00:00+00:00,0.49307296
2007-08-29 18:00:00+00:00,0.34505633
2007-08-29 19:00:00+00:00,0.46794707
2007-08-29 20:00:00+00:00,0.59910375
2007-08-29 21:00:00+00:00,0.50653976
2007-08-29 22:00:00+00:00,0.25186179999999997
2007-08-29 23:00:00+00:00,0.19705807
2007-08-30 00:00:00+00:00,0.0
2007-08-30 01:00:00+00:00,0.0
2007-08-30 02:00:00+00:00,0.0
2007-08-30 03:00:00+00:00,0.0
2007-08-30 04:00:00+00:00,0.0
2007-08-30 05:00:00+00:00,0.0
2007-08-30 06:00:00+00:00,0.0
2007-08-30 07:00:00+00:00,0.0
2007-08-30 08:00:00+00:00,0.0
2007-08-30 09:00:00+00:00,0.0
2007-08-30 10:00:00+00:00,0.0
2007-08-30 11:00:00+00:00,0.0
2007-08-30 12:00:00+00:00,0.008989928000000001
2007-08-30 13:00:00+00:00,0.098136775
2007-08-30 14:00:00+00:00,0.17701523
2007-08-30 15:00:00+00:00,0.25427565
2007-08-30 16:00:00+00:00,0.49488509999999997
2007-08-30 17:00:00+00:00,0.51207995
2007-08-30 18:00:00+00:00,0.49870494
2007-08-30 19:00:00+00:00,0.5331753
2007-08-30 20:00:00+00:00,0.25558400000000003
2007-08-30 21:00:00+00:00,0.048042126
2007-08-30 22:00:00+00:00,0.037897937
2007-08-30 23:00:00+00:00,0.05970249
2007-08-31 00:00:00+00:00,0.0
2007-08-31 01:00:00+00:00,0.0
2007-08-31 02:00:00+00:00,0.0
2007-08-31 03:00:00+00:00,0.0
2007-08-31 04:00:00+00:00,0.0
2007-08-31 05:00:00+00:00,0.0
2007-08-31 06:00:00+00:00,0.0
2007-08-31 07:00:00+00:00,0.0
2007-08-31 08:00:00+00:00,0.0
2007-08-31 09:00:00+00:00,0.0
2007-08-31 10:00:00+00:00,0.0
2007-08-31 11:00:00+00:00,0.0
2007-08-31 12:00:00+00:00,0.118930615
2007-08-31 13:00:00+00:00,0.40986574
2007-08-31 14:00:00+00:00,0.57328683
2007-08-31 15:00:00+00:00,0.6503033
2007-08-31 16:00:00+00:00,0.49790385
2007-08-31 17:00:00+00:00,0.34882796
2007-08-31 18:00:00+00:00,0.2758576
2007-08-31 19:00:00+00:00,0.34424368
2007-08-31 20:00:00+00:00,0.57524174
2007-08-31 21:00:00+00:00,0.5545248
2007-08-31 22:00:00+00:00,0.3487026
2007-08-31 23:00:00+00:00,0.18584466
2007-09-01 00:00:00+00:00,0.0
2007-09-01 01:00:00+00:00,0.0
2007-09-01 02:00:00+00:00,0.0
2007-09-01 03:00:00+00:00,0.0
2007-09-01 04:00:00+00:00,0.0
2007-09-01 05:00:00+00:00,0.0
2007-09-01 06:00:00+00:00,0.0
2007-09-01 07:00:00+00:00,0.0
2007-09-01 08:00:00+00:00,0.0
2007-09-01 09:00:00+00:00,0.0
2007-09-01 10:00:00+00:00,0.0
2007-09-01 11:00:00+00:00,0.0
2007-09-01 12:00:00+00:00,0.20794949999999998
2007-09-01 13:00:00+00:00,0.5656886
2007-09-01 14:00:00+00:00,0.6737894
2007-09-01 15:00:00+00:00,0.6904526
2007-09-01 16:00:00+00:00,0.6835988000000001
2007-09-01 17:00:00+00:00,0.669031
2007-09-01 18:00:00+00:00,0.66363406
2007-09-01 19:00:00+00:00,0.6737175
2007-09-01 20:00:00+00:00,0.6883446
2007-09-01 21:00:00+00:00,0.68235576
2007-09-01 22:00:00+00:00,0.61438566
2007-09-01 23:00:00+00:00,0.32077074
2007-09-02 00:00:00+00:00,0.0
2007-09-02 01:00:00+00:00,0.0
2007-09-02 02:00:00+00:00,0.0
2007-09-02 03:00:00+00:00,0.0
2007-09-02 04:00:00+00:00,0.0
2007-09-02 05:00:00+00:00,0.0
2007-09-02 06:00:00+00:00,0.0
2007-09-02 07:00:00+00:00,0.0
2007-09-02 08:00:00+00:00,0.0
2007-09-02 09:00:00+00:00,0.0
2007-09-02 10:00:00+00:00,0.0
2007-09-02 11:00:00+00:00,0.0
2007-09-02 12:00:00+00:00,0.11292213
2007-09-02 13:00:00+00:00,0.35776353
2007-09-02 14:00:00+00:00,0.5369034
2007-09-02 15:00:00+00:00,0.5619265999999999
2007-09-02 16:00:00+00:00,0.58727187
2007-09-02 17:00:00+00:00,0.58720547
2007-09-02 18:00:00+00:00,0.5306483000000001
2007-09-02 19:00:00+00:00,0.58935714
2007-09-02 20:00:00+00:00,0.44640604
2007-09-02 21:00:00+00:00,0.5166533
2007-09-02 22:00:00+00:00,0.4072728
2007-09-02 23:00:00+00:00,0.17739367
2007-09-03 00:00:00+00:00,0.0
2007-09-03 01:00:00+00:00,0.0
2007-09-03 02:00:00+00:00,0.0
2007-09-03 03:00:00+00:00,0.0
2007-09-03 04:00:00+00:00,0.0
2007-09-03 05:00:00+00:00,0.0
2007-09-03 06:00:00+00:00,0.0
2007-09-03 07:00:00+00:00,0.0
2007-09-03 08:00:00+00:00,0.0
2007-09-03 09:00:00+00:00,0.0
2007-09-03 10:00:00+00:00,0.0
2007-09-03 11:00:00+00:00,0.0
2007-09-03 12:00:00+00:00,0.18155538
2007-09-03 13:00:00+00:00,0.5290793
2007-09-03 14:00:00+00:00,0.65268344
2007-09-03 15:00:00+00:00,0.67562133
2007-09-03 16:00:00+00:00,0.6629145000000001
2007-09-03 17:00:00+00:00,0.6510613000000001
2007-09-03 18:00:00+00:00,0.6423505
2007-09-03 19:00:00+00:00,0.6551155
2007-09-03 20:00:00+00:00,0.6642329
2007-09-03 21:00:00+00:00,0.65176255
2007-09-03 22:00:00+00:00,0.5789383
2007-09-03 23:00:00+00:00,0.28880447
2007-09-04 00:00:00+00:00,0.0
2007-09-04 01:00:00+00:00,0.0
2007-09-04 02:00:00+00:00,0.0
2007-09-04 03:00:00+00:00,0.0
2007-09-04 04:00:00+00:00,0.0
2007-09-04 05:00:00+00:00,0.0
2007-09-04 06:00:00+00:00,0.0
2007-09-04 07:00:00+00:00,0.0
2007-09-04 08:00:00+00:00,0.0
2007-09-04 09:00:00+00:00,0.0
2007-09-04 10:00:00+00:00,0.0
2007-09-04 11:00:00+00:00,0.0
2007-09-04 12:00:00+00:00,0.21075428
2007-09-04 13:00:00+00:00,0.56648564
2007-09-04 14:00:00+00:00,0.64552677
2007-09-04 15:00:00+00:00,0.65861404
2007-09-04 16:00:00+00:00,0.6448278000000001
2007-09-04 17:00:00+00:00,0.63173497
2007-09-04 18:00:00+00:00,0.6252337
2007-09-04 19:00:00+00:00,0.63679814
2007-09-04 20:00:00+00:00,0.64420605
2007-09-04 21:00:00+00:00,0.63167113
2007-09-04 22:00:00+00:00,0.54726136
2007-09-04 23:00:00+00:00,0.25846764
2007-09-05 00:00:00+00:00,0.0
2007-09-05 01:00:00+00:00,0.0
2007-09-05 02:00:00+00:00,0.0
2007-09-05 03:00:00+00:00,0.0
2007-09-05 04:00:00+00:00,0.0
2007-09-05 05:00:00+00:00,0.0
2007-09-05 06:00:00+00:00,0.0
2007-09-05 07:00:00+00:00,0.0
2007-09-05 08:00:00+00:00,0.0
2007-09-05 09:00:00+00:00,0.0
2007-09-05 10:00:00+00:00,0.0
2007-09-05 11:00:00+00:00,0.0
2007-09-05 12:00:00+00:00,0.17639466
2007-09-05 13:00:00+00:00,0.28732267
2007-09-05 14:00:00+00:00,0.6226493000000001
2007-09-05 15:00:00+00:00,0.64536655
2007-09-05 16:00:00+00:00,0.63737935
2007-09-05 17:00:00+00:00,0.6033877
2007-09-05 18:00:00+00:00,0.61660653
2007-09-05 19:00:00+00:00,0.6122533
2007-09-05 20:00:00+00:00,0.630085
2007-09-05 21:00:00+00:00,0.4110045
2007-09-05 22:00:00+00:00,0.40342742
2007-09-05 23:00:00+00:00,0.23204455
2007-09-06 00:00:00+00:00,0.0
2007-09-06 01:00:00+00:00,0.0
2007-09-06 02:00:00+00:00,0.0
2007-09-06 03:00:00+00:00,0.0
2007-09-06 04:00:00+00:00,0.0
2007-09-06 05:00:00+00:00,0.0
2007-09-06 06:00:00+00:00,0.0
2007-09-06 07:00:00+00:00,0.0
2007-09-06 08:00:00+00:00,0.0
2007-09-06 09:00:00+00:00,0.0
2007-09-06 10:00:00+00:00,0.0
2007-09-06 11:00:00+00:00,0.0
2007-09-06 12:00:00+00:00,0.017609216
2007-09-06 13:00:00+00:00,0.085876785
2007-09-06 14:00:00+00:00,0.12612031
2007-09-06 15:00:00+00:00,0.2568421
2007-09-06 16:00:00+00:00,0.24532345
2007-09-06 17:00:00+00:00,0.43087566
2007-09-06 18:00:00+00:00,0.43811530000000004
2007-09-06 19:00:00+00:00,0.2830522
2007-09-06 20:00:00+00:00,0.26505682
2007-09-06 21:00:00+00:00,0.32623267
2007-09-06 22:00:00+00:00,0.18337701
2007-09-06 23:00:00+00:00,0.048123583
2007-09-07 00:00:00+00:00,0.0
2007-09-07 01:00:00+00:00,0.0
2007-09-07 02:00:00+00:00,0.0
2007-09-07 03:00:00+00:00,0.0
2007-09-07 04:00:00+00:00,0.0
2007-09-07 05:00:00+00:00,0.0
2007-09-07 06:00:00+00:00,0.0
2007-09-07 07:00:00+00:00,0.0
2007-09-07 08:00:00+00:00,0.0
2007-09-07 09:00:00+00:00,0.0
2007-09-07 10:00:00+00:00,0.0
2007-09-07 11:00:00+00:00,0.0
2007-09-07 12:00:00+00:00,0.08141253
2007-09-07 13:00:00+00:00,0.3145348
2007-09-07 14:00:00+00:00,0.5677375
2007-09-07 15:00:00+00:00,0.18166344
2007-09-07 16:00:00+00:00,0.34662881
2007-09-07 17:00:00+00:00,0.20805697
2007-09-07 18:00:00+00:00,0.34574062
2007-09-07 19:00:00+00:00,0.44309390000000004
2007-09-07 20:00:00+00:00,0.46867412
2007-09-07 21:00:00+00:00,0.4309295
2007-09-07 22:00:00+00:00,0.30830395
2007-09-07 23:00:00+00:00,0.17238687
2007-09-08 00:00:00+00:00,0.0
2007-09-08 01:00:00+00:00,0.0
2007-09-08 02:00:00+00:00,0.0
2007-09-08 03:00:00+00:00,0.0
2007-09-08 04:00:00+00:00,0.0
2007-09-08 05:00:00+00:00,0.0
2007-09-08 06:00:00+00:00,0.0
2007-09-08 07:00:00+00:00,0.0
2007-09-08 08:00:00+00:00,0.0
2007-09-08 09:00:00+00:00,0.0
2007-09-08 10:00:00+00:00,0.0
2007-09-08 11:00:00+00:00,0.0
2007-09-08 12:00:00+00:00,0.13406144
2007-09-08 13:00:00+00:00,0.26115915
2007-09-08 14:00:00+00:00,0.5403405
2007-09-08 15:00:00+00:00,0.58622015
2007-09-08 16:00:00+00:00,0.598617
2007-09-08 17:00:00+00:00,0.54354244
2007-09-08 18:00:00+00:00,0.45988274
2007-09-08 19:00:00+00:00,0.536328
2007-09-08 20:00:00+00:00,0.47426346
2007-09-08 21:00:00+00:00,0.41396672
2007-09-08 22:00:00+00:00,0.20448993
2007-09-08 23:00:00+00:00,0.030011034
2007-09-09 00:00:00+00:00,0.0
2007-09-09 01:00:00+00:00,0.0
2007-09-09 02:00:00+00:00,0.0
2007-09-09 03:00:00+00:00,0.0
2007-09-09 04:00:00+00:00,0.0
2007-09-09 05:00:00+00:00,0.0
2007-09-09 06:00:00+00:00,0.0
2007-09-09 07:00:00+00:00,0.0
2007-09-09 08:00:00+00:00,0.0
2007-09-09 09:00:00+00:00,0.0
2007-09-09 10:00:00+00:00,0.0
2007-09-09 11:00:00+00:00,0.0
2007-09-09 12:00:00+00:00,0.014545401999999999
2007-09-09 13:00:00+00:00,0.023996733
2007-09-09 14:00:00+00:00,0.02559028
2007-09-09 15:00:00+00:00,0.10476122
2007-09-09 16:00:00+00:00,0.13165109
2007-09-09 17:00:00+00:00,0.08158937
2007-09-09 18:00:00+00:00,0.15397605
2007-09-09 19:00:00+00:00,0.23678942
2007-09-09 20:00:00+00:00,0.09025865
2007-09-09 21:00:00+00:00,0.38509324
2007-09-09 22:00:00+00:00,0.16671589
2007-09-09 23:00:00+00:00,0.09623009
2007-09-10 00:00:00+00:00,0.0
2007-09-10 01:00:00+00:00,0.0
2007-09-10 02:00:00+00:00,0.0
2007-09-10 03:00:00+00:00,0.0
2007-09-10 04:00:00+00:00,0.0
2007-09-10 05:00:00+00:00,0.0
2007-09-10 06:00:00+00:00,0.0
2007-09-10 07:00:00+00:00,0.0
2007-09-10 08:00:00+00:00,0.0
2007-09-10 09:00:00+00:00,0.0
2007-09-10 10:00:00+00:00,0.0
2007-09-10 11:00:00+00:00,0.0
2007-09-10 12:00:00+00:00,0.0
2007-09-10 13:00:00+00:00,0.012022386999999999
2007-09-10 14:00:00+00:00,0.1322527
2007-09-10 15:00:00+00:00,0.07667105
2007-09-10 16:00:00+00:00,0.10371667
2007-09-10 17:00:00+00:00,0.10679799
2007-09-10 18:00:00+00:00,0.14376174
2007-09-10 19:00:00+00:00,0.18482052
2007-09-10 20:00:00+00:00,0.27167603
2007-09-10 21:00:00+00:00,0.19246288
2007-09-10 22:00:00+00:00,0.12634405
2007-09-10 23:00:00+00:00,0.026392218
2007-09-11 00:00:00+00:00,0.0
2007-09-11 01:00:00+00:00,0.0
2007-09-11 02:00:00+00:00,0.0
2007-09-11 03:00:00+00:00,0.0
2007-09-11 04:00:00+00:00,0.0
2007-09-11 05:00:00+00:00,0.0
2007-09-11 06:00:00+00:00,0.0
2007-09-11 07:00:00+00:00,0.0
2007-09-11 08:00:00+00:00,0.0
2007-09-11 09:00:00+00:00,0.0
2007-09-11 10:00:00+00:00,0.0
2007-09-11 11:00:00+00:00,0.0
2007-09-11 12:00:00+00:00,0.021395665
2007-09-11 13:00:00+00:00,0.30742598
2007-09-11 14:00:00+00:00,0.41629505
2007-09-11 15:00:00+00:00,0.19187032
2007-09-11 16:00:00+00:00,0.38821918
2007-09-11 17:00:00+00:00,0.19161195
2007-09-11 18:00:00+00:00,0.4754852
2007-09-11 19:00:00+00:00,0.5417459
2007-09-11 20:00:00+00:00,0.6410901
2007-09-11 21:00:00+00:00,0.679131
2007-09-11 22:00:00+00:00,0.6027663000000001
2007-09-11 23:00:00+00:00,0.2519331
2007-09-12 00:00:00+00:00,0.0
2007-09-12 01:00:00+00:00,0.0
2007-09-12 02:00:00+00:00,0.0
2007-09-12 03:00:00+00:00,0.0
2007-09-12 04:00:00+00:00,0.0
2007-09-12 05:00:00+00:00,0.0
2007-09-12 06:00:00+00:00,0.0
2007-09-12 07:00:00+00:00,0.0
2007-09-12 08:00:00+00:00,0.0
2007-09-12 09:00:00+00:00,0.0
2007-09-12 10:00:00+00:00,0.0
2007-09-12 11:00:00+00:00,0.0
2007-09-12 12:00:00+00:00,0.18858907
2007-09-12 13:00:00+00:00,0.56042665
2007-09-12 14:00:00+00:00,0.67112494
2007-09-12 15:00:00+00:00,0.679161
2007-09-12 16:00:00+00:00,0.66786695
2007-09-12 17:00:00+00:00,0.65366775
2007-09-12 18:00:00+00:00,0.6515983
2007-09-12 19:00:00+00:00,0.66645217
2007-09-12 20:00:00+00:00,0.683096
2007-09-12 21:00:00+00:00,0.6772295
2007-09-12 22:00:00+00:00,0.6076159999999999
2007-09-12 23:00:00+00:00,0.24510963
2007-09-13 00:00:00+00:00,0.0
2007-09-13 01:00:00+00:00,0.0
2007-09-13 02:00:00+00:00,0.0
2007-09-13 03:00:00+00:00,0.0
2007-09-13 04:00:00+00:00,0.0
2007-09-13 05:00:00+00:00,0.0
2007-09-13 06:00:00+00:00,0.0
2007-09-13 07:00:00+00:00,0.0
2007-09-13 08:00:00+00:00,0.0
2007-09-13 09:00:00+00:00,0.0
2007-09-13 10:00:00+00:00,0.0
2007-09-13 11:00:00+00:00,0.0
2007-09-13 12:00:00+00:00,0.16410887
2007-09-13 13:00:00+00:00,0.52167714
2007-09-13 14:00:00+00:00,0.6736276999999999
2007-09-13 15:00:00+00:00,0.67395777
2007-09-13 16:00:00+00:00,0.6152696999999999
2007-09-13 17:00:00+00:00,0.617185
2007-09-13 18:00:00+00:00,0.6302852
2007-09-13 19:00:00+00:00,0.62397224
2007-09-13 20:00:00+00:00,0.6583839
2007-09-13 21:00:00+00:00,0.6521197
2007-09-13 22:00:00+00:00,0.5733725000000001
2007-09-13 23:00:00+00:00,0.22767885
2007-09-14 00:00:00+00:00,0.0
2007-09-14 01:00:00+00:00,0.0
2007-09-14 02:00:00+00:00,0.0
2007-09-14 03:00:00+00:00,0.0
2007-09-14 04:00:00+00:00,0.0
2007-09-14 05:00:00+00:00,0.0
2007-09-14 06:00:00+00:00,0.0
2007-09-14 07:00:00+00:00,0.0
2007-09-14 08:00:00+00:00,0.0
2007-09-14 09:00:00+00:00,0.0
2007-09-14 10:00:00+00:00,0.0
2007-09-14 11:00:00+00:00,0.0
2007-09-14 12:00:00+00:00,0.013499138
2007-09-14 13:00:00+00:00,0.036744818
2007-09-14 14:00:00+00:00,0.1531201
2007-09-14 15:00:00+00:00,0.47930320000000004
2007-09-14 16:00:00+00:00,0.44973397
2007-09-14 17:00:00+00:00,0.37030137
2007-09-14 18:00:00+00:00,0.45478850000000004
2007-09-14 19:00:00+00:00,0.42884496
2007-09-14 20:00:00+00:00,0.4927289000000001
2007-09-14 21:00:00+00:00,0.60836124
2007-09-14 22:00:00+00:00,0.45013222
2007-09-14 23:00:00+00:00,0.13186316
2007-09-15 00:00:00+00:00,0.0
2007-09-15 01:00:00+00:00,0.0
2007-09-15 02:00:00+00:00,0.0
2007-09-15 03:00:00+00:00,0.0
2007-09-15 04:00:00+00:00,0.0
2007-09-15 05:00:00+00:00,0.0
2007-09-15 06:00:00+00:00,0.0
2007-09-15 07:00:00+00:00,0.0
2007-09-15 08:00:00+00:00,0.0
2007-09-15 09:00:00+00:00,0.0
2007-09-15 10:00:00+00:00,0.0
2007-09-15 11:00:00+00:00,0.0
2007-09-15 12:00:00+00:00,0.17762671
2007-09-15 13:00:00+00:00,0.57129776
2007-09-15 14:00:00+00:00,0.7224904999999999
2007-09-15 15:00:00+00:00,0.7309886
2007-09-15 16:00:00+00:00,0.70809406
2007-09-15 17:00:00+00:00,0.6852520000000001
2007-09-15 18:00:00+00:00,0.6803566
2007-09-15 19:00:00+00:00,0.69374317
2007-09-15 20:00:00+00:00,0.71117157
2007-09-15 21:00:00+00:00,0.7011970000000001
2007-09-15 22:00:00+00:00,0.608937
2007-09-15 23:00:00+00:00,0.22923307
2007-09-16 00:00:00+00:00,0.0
2007-09-16 01:00:00+00:00,0.0
2007-09-16 02:00:00+00:00,0.0
2007-09-16 03:00:00+00:00,0.0
2007-09-16 04:00:00+00:00,0.0
2007-09-16 05:00:00+00:00,0.0
2007-09-16 06:00:00+00:00,0.0
2007-09-16 07:00:00+00:00,0.0
2007-09-16 08:00:00+00:00,0.0
2007-09-16 09:00:00+00:00,0.0
2007-09-16 10:00:00+00:00,0.0
2007-09-16 11:00:00+00:00,0.0
2007-09-16 12:00:00+00:00,0.061307587000000004
2007-09-16 13:00:00+00:00,0.49750740000000004
2007-09-16 14:00:00+00:00,0.4228241
2007-09-16 15:00:00+00:00,0.36292455
2007-09-16 16:00:00+00:00,0.55673283
2007-09-16 17:00:00+00:00,0.6216418
2007-09-16 18:00:00+00:00,0.6303664000000001
2007-09-16 19:00:00+00:00,0.641865
2007-09-16 20:00:00+00:00,0.6608071
2007-09-16 21:00:00+00:00,0.64561397
2007-09-16 22:00:00+00:00,0.5411009
2007-09-16 23:00:00+00:00,0.19231276
2007-09-17 00:00:00+00:00,0.0
2007-09-17 01:00:00+00:00,0.0
2007-09-17 02:00:00+00:00,0.0
2007-09-17 03:00:00+00:00,0.0
2007-09-17 04:00:00+00:00,0.0
2007-09-17 05:00:00+00:00,0.0
2007-09-17 06:00:00+00:00,0.0
2007-09-17 07:00:00+00:00,0.0
2007-09-17 08:00:00+00:00,0.0
2007-09-17 09:00:00+00:00,0.0
2007-09-17 10:00:00+00:00,0.0
2007-09-17 11:00:00+00:00,0.0
2007-09-17 12:00:00+00:00,0.1586017
2007-09-17 13:00:00+00:00,0.5272770999999999
2007-09-17 14:00:00+00:00,0.6580159999999999
2007-09-17 15:00:00+00:00,0.6512794
2007-09-17 16:00:00+00:00,0.55443925
2007-09-17 17:00:00+00:00,0.5288126
2007-09-17 18:00:00+00:00,0.53781885
2007-09-17 19:00:00+00:00,0.5630835
2007-09-17 20:00:00+00:00,0.44148904
2007-09-17 21:00:00+00:00,0.42066053
2007-09-17 22:00:00+00:00,0.5149937
2007-09-17 23:00:00+00:00,0.14930955
2007-09-18 00:00:00+00:00,0.0
2007-09-18 01:00:00+00:00,0.0
2007-09-18 02:00:00+00:00,0.0
2007-09-18 03:00:00+00:00,0.0
2007-09-18 04:00:00+00:00,0.0
2007-09-18 05:00:00+00:00,0.0
2007-09-18 06:00:00+00:00,0.0
2007-09-18 07:00:00+00:00,0.0
2007-09-18 08:00:00+00:00,0.0
2007-09-18 09:00:00+00:00,0.0
2007-09-18 10:00:00+00:00,0.0
2007-09-18 11:00:00+00:00,0.0
2007-09-18 12:00:00+00:00,0.12011075
2007-09-18 13:00:00+00:00,0.43069682
2007-09-18 14:00:00+00:00,0.5907204
2007-09-18 15:00:00+00:00,0.60139763
2007-09-18 16:00:00+00:00,0.5983461999999999
2007-09-18 17:00:00+00:00,0.55953497
2007-09-18 18:00:00+00:00,0.4508062
2007-09-18 19:00:00+00:00,0.5104871
2007-09-18 20:00:00+00:00,0.44857120000000006
2007-09-18 21:00:00+00:00,0.51636523
2007-09-18 22:00:00+00:00,0.37122914
2007-09-18 23:00:00+00:00,0.10997422
2007-09-19 00:00:00+00:00,0.0
2007-09-19 01:00:00+00:00,0.0
2007-09-19 02:00:00+00:00,0.0
2007-09-19 03:00:00+00:00,0.0
2007-09-19 04:00:00+00:00,0.0
2007-09-19 05:00:00+00:00,0.0
2007-09-19 06:00:00+00:00,0.0
2007-09-19 07:00:00+00:00,0.0
2007-09-19 08:00:00+00:00,0.0
2007-09-19 09:00:00+00:00,0.0
2007-09-19 10:00:00+00:00,0.0
2007-09-19 11:00:00+00:00,0.0
2007-09-19 12:00:00+00:00,0.09774938
2007-09-19 13:00:00+00:00,0.40307388
2007-09-19 14:00:00+00:00,0.56302994
2007-09-19 15:00:00+00:00,0.60607356
2007-09-19 16:00:00+00:00,0.59958774
2007-09-19 17:00:00+00:00,0.58465075
2007-09-19 18:00:00+00:00,0.58160126
2007-09-19 19:00:00+00:00,0.594426
2007-09-19 20:00:00+00:00,0.60060674
2007-09-19 21:00:00+00:00,0.5704579000000001
2007-09-19 22:00:00+00:00,0.43218264
2007-09-19 23:00:00+00:00,0.1342703
2007-09-20 00:00:00+00:00,0.0
2007-09-20 01:00:00+00:00,0.0
2007-09-20 02:00:00+00:00,0.0
2007-09-20 03:00:00+00:00,0.0
2007-09-20 04:00:00+00:00,0.0
2007-09-20 05:00:00+00:00,0.0
2007-09-20 06:00:00+00:00,0.0
2007-09-20 07:00:00+00:00,0.0
2007-09-20 08:00:00+00:00,0.0
2007-09-20 09:00:00+00:00,0.0
2007-09-20 10:00:00+00:00,0.0
2007-09-20 11:00:00+00:00,0.0
2007-09-20 12:00:00+00:00,0.11292932
2007-09-20 13:00:00+00:00,0.42413837
2007-09-20 14:00:00+00:00,0.59210473
2007-09-20 15:00:00+00:00,0.6223485
2007-09-20 16:00:00+00:00,0.6178391
2007-09-20 17:00:00+00:00,0.6028066
2007-09-20 18:00:00+00:00,0.5948842
2007-09-20 19:00:00+00:00,0.6054510000000001
2007-09-20 20:00:00+00:00,0.6100911
2007-09-20 21:00:00+00:00,0.57639027
2007-09-20 22:00:00+00:00,0.42826270000000005
2007-09-20 23:00:00+00:00,0.13045827
2007-09-21 00:00:00+00:00,0.0
2007-09-21 01:00:00+00:00,0.0
2007-09-21 02:00:00+00:00,0.0
2007-09-21 03:00:00+00:00,0.0
2007-09-21 04:00:00+00:00,0.0
2007-09-21 05:00:00+00:00,0.0
2007-09-21 06:00:00+00:00,0.0
2007-09-21 07:00:00+00:00,0.0
2007-09-21 08:00:00+00:00,0.0
2007-09-21 09:00:00+00:00,0.0
2007-09-21 10:00:00+00:00,0.0
2007-09-21 11:00:00+00:00,0.0
2007-09-21 12:00:00+00:00,0.13773683
2007-09-21 13:00:00+00:00,0.48845118
2007-09-21 14:00:00+00:00,0.63302124
2007-09-21 15:00:00+00:00,0.6383976
2007-09-21 16:00:00+00:00,0.61860454
2007-09-21 17:00:00+00:00,0.599537
2007-09-21 18:00:00+00:00,0.5923968000000001
2007-09-21 19:00:00+00:00,0.6066949
2007-09-21 20:00:00+00:00,0.62139124
2007-09-21 21:00:00+00:00,0.6123208
2007-09-21 22:00:00+00:00,0.48067898
2007-09-21 23:00:00+00:00,0.1489007
2007-09-22 00:00:00+00:00,0.0
2007-09-22 01:00:00+00:00,0.0
2007-09-22 02:00:00+00:00,0.0
2007-09-22 03:00:00+00:00,0.0
2007-09-22 04:00:00+00:00,0.0
2007-09-22 05:00:00+00:00,0.0
2007-09-22 06:00:00+00:00,0.0
2007-09-22 07:00:00+00:00,0.0
2007-09-22 08:00:00+00:00,0.0
2007-09-22 09:00:00+00:00,0.0
2007-09-22 10:00:00+00:00,0.0
2007-09-22 11:00:00+00:00,0.0
2007-09-22 12:00:00+00:00,0.0066595790000000005
2007-09-22 13:00:00+00:00,0.033312548
2007-09-22 14:00:00+00:00,0.40767992
2007-09-22 15:00:00+00:00,0.4542394
2007-09-22 16:00:00+00:00,0.57337266
2007-09-22 17:00:00+00:00,0.58706266
2007-09-22 18:00:00+00:00,0.57733077
2007-09-22 19:00:00+00:00,0.5876735
2007-09-22 20:00:00+00:00,0.5355158
2007-09-22 21:00:00+00:00,0.48967537
2007-09-22 22:00:00+00:00,0.41796672
2007-09-22 23:00:00+00:00,0.115126304
2007-09-23 00:00:00+00:00,0.0
2007-09-23 01:00:00+00:00,0.0
2007-09-23 02:00:00+00:00,0.0
2007-09-23 03:00:00+00:00,0.0
2007-09-23 04:00:00+00:00,0.0
2007-09-23 05:00:00+00:00,0.0
2007-09-23 06:00:00+00:00,0.0
2007-09-23 07:00:00+00:00,0.0
2007-09-23 08:00:00+00:00,0.0
2007-09-23 09:00:00+00:00,0.0
2007-09-23 10:00:00+00:00,0.0
2007-09-23 11:00:00+00:00,0.0
2007-09-23 12:00:00+00:00,0.10553842
2007-09-23 13:00:00+00:00,0.4238495
2007-09-23 14:00:00+00:00,0.5794953
2007-09-23 15:00:00+00:00,0.5962904
2007-09-23 16:00:00+00:00,0.571213
2007-09-23 17:00:00+00:00,0.5601889
2007-09-23 18:00:00+00:00,0.57435256
2007-09-23 19:00:00+00:00,0.58774877
2007-09-23 20:00:00+00:00,0.59951675
2007-09-23 21:00:00+00:00,0.37884486
2007-09-23 22:00:00+00:00,0.42196324
2007-09-23 23:00:00+00:00,0.11262335
2007-09-24 00:00:00+00:00,0.0
2007-09-24 01:00:00+00:00,0.0
2007-09-24 02:00:00+00:00,0.0
2007-09-24 03:00:00+00:00,0.0
2007-09-24 04:00:00+00:00,0.0
2007-09-24 05:00:00+00:00,0.0
2007-09-24 06:00:00+00:00,0.0
2007-09-24 07:00:00+00:00,0.0
2007-09-24 08:00:00+00:00,0.0
2007-09-24 09:00:00+00:00,0.0
2007-09-24 10:00:00+00:00,0.0
2007-09-24 11:00:00+00:00,0.0
2007-09-24 12:00:00+00:00,0.10950585
2007-09-24 13:00:00+00:00,0.44413936
2007-09-24 14:00:00+00:00,0.5986748000000001
2007-09-24 15:00:00+00:00,0.6056937
2007-09-24 16:00:00+00:00,0.58899283
2007-09-24 17:00:00+00:00,0.44597292
2007-09-24 18:00:00+00:00,0.48985857
2007-09-24 19:00:00+00:00,0.47149146
2007-09-24 20:00:00+00:00,0.29601859999999997
2007-09-24 21:00:00+00:00,0.48201540000000004
2007-09-24 22:00:00+00:00,0.39874503
2007-09-24 23:00:00+00:00,0.1005645
2007-09-25 00:00:00+00:00,0.0
2007-09-25 01:00:00+00:00,0.0
2007-09-25 02:00:00+00:00,0.0
2007-09-25 03:00:00+00:00,0.0
2007-09-25 04:00:00+00:00,0.0
2007-09-25 05:00:00+00:00,0.0
2007-09-25 06:00:00+00:00,0.0
2007-09-25 07:00:00+00:00,0.0
2007-09-25 08:00:00+00:00,0.0
2007-09-25 09:00:00+00:00,0.0
2007-09-25 10:00:00+00:00,0.0
2007-09-25 11:00:00+00:00,0.0
2007-09-25 12:00:00+00:00,0.08856875
2007-09-25 13:00:00+00:00,0.38326147
2007-09-25 14:00:00+00:00,0.55983055
2007-09-25 15:00:00+00:00,0.5741329000000001
2007-09-25 16:00:00+00:00,0.27208546
2007-09-25 17:00:00+00:00,0.20788175
2007-09-25 18:00:00+00:00,0.40063125
2007-09-25 19:00:00+00:00,0.567136
2007-09-25 20:00:00+00:00,0.56781805
2007-09-25 21:00:00+00:00,0.49797120000000006
2007-09-25 22:00:00+00:00,0.30778602
2007-09-25 23:00:00+00:00,0.04961031
2007-09-26 00:00:00+00:00,0.0
2007-09-26 01:00:00+00:00,0.0
2007-09-26 02:00:00+00:00,0.0
2007-09-26 03:00:00+00:00,0.0
2007-09-26 04:00:00+00:00,0.0
2007-09-26 05:00:00+00:00,0.0
2007-09-26 06:00:00+00:00,0.0
2007-09-26 07:00:00+00:00,0.0
2007-09-26 08:00:00+00:00,0.0
2007-09-26 09:00:00+00:00,0.0
2007-09-26 10:00:00+00:00,0.0
2007-09-26 11:00:00+00:00,0.0
2007-09-26 12:00:00+00:00,0.0042617726
2007-09-26 13:00:00+00:00,0.04975873
2007-09-26 14:00:00+00:00,0.2336006
2007-09-26 15:00:00+00:00,0.46629184
2007-09-26 16:00:00+00:00,0.47949895
2007-09-26 17:00:00+00:00,0.3681472
2007-09-26 18:00:00+00:00,0.41357532
2007-09-26 19:00:00+00:00,0.2346552
2007-09-26 20:00:00+00:00,0.048599083
2007-09-26 21:00:00+00:00,0.07795679999999999
2007-09-26 22:00:00+00:00,0.0860096
2007-09-26 23:00:00+00:00,0.0134880245
2007-09-27 00:00:00+00:00,0.0
2007-09-27 01:00:00+00:00,0.0
2007-09-27 02:00:00+00:00,0.0
2007-09-27 03:00:00+00:00,0.0
2007-09-27 04:00:00+00:00,0.0
2007-09-27 05:00:00+00:00,0.0
2007-09-27 06:00:00+00:00,0.0
2007-09-27 07:00:00+00:00,0.0
2007-09-27 08:00:00+00:00,0.0
2007-09-27 09:00:00+00:00,0.0
2007-09-27 10:00:00+00:00,0.0
2007-09-27 11:00:00+00:00,0.0
2007-09-27 12:00:00+00:00,0.0009089603
2007-09-27 13:00:00+00:00,0.026465686000000002
2007-09-27 14:00:00+00:00,0.14455138
2007-09-27 15:00:00+00:00,0.29053023
2007-09-27 16:00:00+00:00,0.3633726
2007-09-27 17:00:00+00:00,0.1453713
2007-09-27 18:00:00+00:00,0.083456896
2007-09-27 19:00:00+00:00,0.3538428
2007-09-27 20:00:00+00:00,0.19985409
2007-09-27 21:00:00+00:00,0.27341035
2007-09-27 22:00:00+00:00,0.19439507
2007-09-27 23:00:00+00:00,0.06399097
2007-09-28 00:00:00+00:00,0.0
2007-09-28 01:00:00+00:00,0.0
2007-09-28 02:00:00+00:00,0.0
2007-09-28 03:00:00+00:00,0.0
2007-09-28 04:00:00+00:00,0.0
2007-09-28 05:00:00+00:00,0.0
2007-09-28 06:00:00+00:00,0.0
2007-09-28 07:00:00+00:00,0.0
2007-09-28 08:00:00+00:00,0.0
2007-09-28 09:00:00+00:00,0.0
2007-09-28 10:00:00+00:00,0.0
2007-09-28 11:00:00+00:00,0.0
2007-09-28 12:00:00+00:00,0.101303264
2007-09-28 13:00:00+00:00,0.47235096
2007-09-28 14:00:00+00:00,0.6556915
2007-09-28 15:00:00+00:00,0.67003304
2007-09-28 16:00:00+00:00,0.6493071
2007-09-28 17:00:00+00:00,0.62907135
2007-09-28 18:00:00+00:00,0.6262728
2007-09-28 19:00:00+00:00,0.64293283
2007-09-28 20:00:00+00:00,0.66012394
2007-09-28 21:00:00+00:00,0.6436970000000001
2007-09-28 22:00:00+00:00,0.45178
2007-09-28 23:00:00+00:00,0.09318974
2007-09-29 00:00:00+00:00,0.0
2007-09-29 01:00:00+00:00,0.0
2007-09-29 02:00:00+00:00,0.0
2007-09-29 03:00:00+00:00,0.0
2007-09-29 04:00:00+00:00,0.0
2007-09-29 05:00:00+00:00,0.0
2007-09-29 06:00:00+00:00,0.0
2007-09-29 07:00:00+00:00,0.0
2007-09-29 08:00:00+00:00,0.0
2007-09-29 09:00:00+00:00,0.0
2007-09-29 10:00:00+00:00,0.0
2007-09-29 11:00:00+00:00,0.0
2007-09-29 12:00:00+00:00,0.09912313
2007-09-29 13:00:00+00:00,0.47772154
2007-09-29 14:00:00+00:00,0.66124487
2007-09-29 15:00:00+00:00,0.6700209
2007-09-29 16:00:00+00:00,0.6463644000000001
2007-09-29 17:00:00+00:00,0.6248604999999999
2007-09-29 18:00:00+00:00,0.6207362
2007-09-29 19:00:00+00:00,0.6360316999999999
2007-09-29 20:00:00+00:00,0.6583102
2007-09-29 21:00:00+00:00,0.52187383
2007-09-29 22:00:00+00:00,0.31123692
2007-09-29 23:00:00+00:00,0.07835345
2007-09-30 00:00:00+00:00,0.0
2007-09-30 01:00:00+00:00,0.0
2007-09-30 02:00:00+00:00,0.0
2007-09-30 03:00:00+00:00,0.0
2007-09-30 04:00:00+00:00,0.0
2007-09-30 05:00:00+00:00,0.0
2007-09-30 06:00:00+00:00,0.0
2007-09-30 07:00:00+00:00,0.0
2007-09-30 08:00:00+00:00,0.0
2007-09-30 09:00:00+00:00,0.0
2007-09-30 10:00:00+00:00,0.0
2007-09-30 11:00:00+00:00,0.0
2007-09-30 12:00:00+00:00,0.089811936
2007-09-30 13:00:00+00:00,0.46863836
2007-09-30 14:00:00+00:00,0.6575191999999999
2007-09-30 15:00:00+00:00,0.6639258000000001
2007-09-30 16:00:00+00:00,0.6340102
2007-09-30 17:00:00+00:00,0.5923189
2007-09-30 18:00:00+00:00,0.6036967
2007-09-30 19:00:00+00:00,0.62002844
2007-09-30 20:00:00+00:00,0.63700646
2007-09-30 21:00:00+00:00,0.6198145
2007-09-30 22:00:00+00:00,0.42698362
2007-09-30 23:00:00+00:00,0.06411326
2007-10-01 00:00:00+00:00,0.0
2007-10-01 01:00:00+00:00,0.0
2007-10-01 02:00:00+00:00,0.0
2007-10-01 03:00:00+00:00,0.0
2007-10-01 04:00:00+00:00,0.0
2007-10-01 05:00:00+00:00,0.0
2007-10-01 06:00:00+00:00,0.0
2007-10-01 07:00:00+00:00,0.0
2007-10-01 08:00:00+00:00,0.0
2007-10-01 09:00:00+00:00,0.0
2007-10-01 10:00:00+00:00,0.0
2007-10-01 11:00:00+00:00,0.0
2007-10-01 12:00:00+00:00,0.075689495
2007-10-01 13:00:00+00:00,0.3157512
2007-10-01 14:00:00+00:00,0.6110194999999999
2007-10-01 15:00:00+00:00,0.33694533
2007-10-01 16:00:00+00:00,0.19955912
2007-10-01 17:00:00+00:00,0.19994070000000003
2007-10-01 18:00:00+00:00,0.20945387
2007-10-01 19:00:00+00:00,0.30773535
2007-10-01 20:00:00+00:00,0.46129367
2007-10-01 21:00:00+00:00,0.5973822
2007-10-01 22:00:00+00:00,0.3903061
2007-10-01 23:00:00+00:00,0.041312046
2007-10-02 00:00:00+00:00,0.0
2007-10-02 01:00:00+00:00,0.0
2007-10-02 02:00:00+00:00,0.0
2007-10-02 03:00:00+00:00,0.0
2007-10-02 04:00:00+00:00,0.0
2007-10-02 05:00:00+00:00,0.0
2007-10-02 06:00:00+00:00,0.0
2007-10-02 07:00:00+00:00,0.0
2007-10-02 08:00:00+00:00,0.0
2007-10-02 09:00:00+00:00,0.0
2007-10-02 10:00:00+00:00,0.0
2007-10-02 11:00:00+00:00,0.0
2007-10-02 12:00:00+00:00,0.04213088
2007-10-02 13:00:00+00:00,0.35253727
2007-10-02 14:00:00+00:00,0.5595659000000001
2007-10-02 15:00:00+00:00,0.60748863
2007-10-02 16:00:00+00:00,0.6042041
2007-10-02 17:00:00+00:00,0.5854916
2007-10-02 18:00:00+00:00,0.5852313
2007-10-02 19:00:00+00:00,0.6058393
2007-10-02 20:00:00+00:00,0.52477705
2007-10-02 21:00:00+00:00,0.46980864
2007-10-02 22:00:00+00:00,0.36572933
2007-10-02 23:00:00+00:00,0.025848575
2007-10-03 00:00:00+00:00,0.0
2007-10-03 01:00:00+00:00,0.0
2007-10-03 02:00:00+00:00,0.0
2007-10-03 03:00:00+00:00,0.0
2007-10-03 04:00:00+00:00,0.0
2007-10-03 05:00:00+00:00,0.0
2007-10-03 06:00:00+00:00,0.0
2007-10-03 07:00:00+00:00,0.0
2007-10-03 08:00:00+00:00,0.0
2007-10-03 09:00:00+00:00,0.0
2007-10-03 10:00:00+00:00,0.0
2007-10-03 11:00:00+00:00,0.0
2007-10-03 12:00:00+00:00,0.028659951
2007-10-03 13:00:00+00:00,0.31429850000000004
2007-10-03 14:00:00+00:00,0.38612688
2007-10-03 15:00:00+00:00,0.4458049
2007-10-03 16:00:00+00:00,0.4974582
2007-10-03 17:00:00+00:00,0.43684715
2007-10-03 18:00:00+00:00,0.41463554
2007-10-03 19:00:00+00:00,0.43015337
2007-10-03 20:00:00+00:00,0.44139144
2007-10-03 21:00:00+00:00,0.30522743
2007-10-03 22:00:00+00:00,0.12854634
2007-10-03 23:00:00+00:00,0.0
2007-10-04 00:00:00+00:00,0.0
2007-10-04 01:00:00+00:00,0.0
2007-10-04 02:00:00+00:00,0.0
2007-10-04 03:00:00+00:00,0.0
2007-10-04 04:00:00+00:00,0.0
2007-10-04 05:00:00+00:00,0.0
2007-10-04 06:00:00+00:00,0.0
2007-10-04 07:00:00+00:00,0.0
2007-10-04 08:00:00+00:00,0.0
2007-10-04 09:00:00+00:00,0.0
2007-10-04 10:00:00+00:00,0.0
2007-10-04 11:00:00+00:00,0.0
2007-10-04 12:00:00+00:00,0.0027435873999999997
2007-10-04 13:00:00+00:00,0.095834
2007-10-04 14:00:00+00:00,0.13765782
2007-10-04 15:00:00+00:00,0.30298856
2007-10-04 16:00:00+00:00,0.44711414
2007-10-04 17:00:00+00:00,0.45180306
2007-10-04 18:00:00+00:00,0.39587703
2007-10-04 19:00:00+00:00,0.49101537
2007-10-04 20:00:00+00:00,0.41143066
2007-10-04 21:00:00+00:00,0.30496275
2007-10-04 22:00:00+00:00,0.3354566
2007-10-04 23:00:00+00:00,0.0
2007-10-05 00:00:00+00:00,0.0
2007-10-05 01:00:00+00:00,0.0
2007-10-05 02:00:00+00:00,0.0
2007-10-05 03:00:00+00:00,0.0
2007-10-05 04:00:00+00:00,0.0
2007-10-05 05:00:00+00:00,0.0
2007-10-05 06:00:00+00:00,0.0
2007-10-05 07:00:00+00:00,0.0
2007-10-05 08:00:00+00:00,0.0
2007-10-05 09:00:00+00:00,0.0
2007-10-05 10:00:00+00:00,0.0
2007-10-05 11:00:00+00:00,0.0
2007-10-05 12:00:00+00:00,0.00028485362
2007-10-05 13:00:00+00:00,0.030778523999999998
2007-10-05 14:00:00+00:00,0.30023479999999997
2007-10-05 15:00:00+00:00,0.3436407
2007-10-05 16:00:00+00:00,0.12867738
2007-10-05 17:00:00+00:00,0.17236918
2007-10-05 18:00:00+00:00,0.47916332
2007-10-05 19:00:00+00:00,0.56263924
2007-10-05 20:00:00+00:00,0.5752713
2007-10-05 21:00:00+00:00,0.54501015
2007-10-05 22:00:00+00:00,0.33139774
2007-10-05 23:00:00+00:00,0.0
2007-10-06 00:00:00+00:00,0.0
2007-10-06 01:00:00+00:00,0.0
2007-10-06 02:00:00+00:00,0.0
2007-10-06 03:00:00+00:00,0.0
2007-10-06 04:00:00+00:00,0.0
2007-10-06 05:00:00+00:00,0.0
2007-10-06 06:00:00+00:00,0.0
2007-10-06 07:00:00+00:00,0.0
2007-10-06 08:00:00+00:00,0.0
2007-10-06 09:00:00+00:00,0.0
2007-10-06 10:00:00+00:00,0.0
2007-10-06 11:00:00+00:00,0.0
2007-10-06 12:00:00+00:00,0.02505713
2007-10-06 13:00:00+00:00,0.36952898
2007-10-06 14:00:00+00:00,0.56314224
2007-10-06 15:00:00+00:00,0.5819757
2007-10-06 16:00:00+00:00,0.55663294
2007-10-06 17:00:00+00:00,0.50350654
2007-10-06 18:00:00+00:00,0.39722997
2007-10-06 19:00:00+00:00,0.5415541
2007-10-06 20:00:00+00:00,0.55934733
2007-10-06 21:00:00+00:00,0.5195995
2007-10-06 22:00:00+00:00,0.30476254
2007-10-06 23:00:00+00:00,0.0
2007-10-07 00:00:00+00:00,0.0
2007-10-07 01:00:00+00:00,0.0
2007-10-07 02:00:00+00:00,0.0
2007-10-07 03:00:00+00:00,0.0
2007-10-07 04:00:00+00:00,0.0
2007-10-07 05:00:00+00:00,0.0
2007-10-07 06:00:00+00:00,0.0
2007-10-07 07:00:00+00:00,0.0
2007-10-07 08:00:00+00:00,0.0
2007-10-07 09:00:00+00:00,0.0
2007-10-07 10:00:00+00:00,0.0
2007-10-07 11:00:00+00:00,0.0
2007-10-07 12:00:00+00:00,0.014472928000000001
2007-10-07 13:00:00+00:00,0.35075262
2007-10-07 14:00:00+00:00,0.5386028
2007-10-07 15:00:00+00:00,0.5661204000000001
2007-10-07 16:00:00+00:00,0.55069447
2007-10-07 17:00:00+00:00,0.53466505
2007-10-07 18:00:00+00:00,0.53545487
2007-10-07 19:00:00+00:00,0.5549069999999999
2007-10-07 20:00:00+00:00,0.5704329
2007-10-07 21:00:00+00:00,0.5326703
2007-10-07 22:00:00+00:00,0.3081874
2007-10-07 23:00:00+00:00,0.0
2007-10-08 00:00:00+00:00,0.0
2007-10-08 01:00:00+00:00,0.0
2007-10-08 02:00:00+00:00,0.0
2007-10-08 03:00:00+00:00,0.0
2007-10-08 04:00:00+00:00,0.0
2007-10-08 05:00:00+00:00,0.0
2007-10-08 06:00:00+00:00,0.0
2007-10-08 07:00:00+00:00,0.0
2007-10-08 08:00:00+00:00,0.0
2007-10-08 09:00:00+00:00,0.0
2007-10-08 10:00:00+00:00,0.0
2007-10-08 11:00:00+00:00,0.0
2007-10-08 12:00:00+00:00,0.0044852374
2007-10-08 13:00:00+00:00,0.37569883
2007-10-08 14:00:00+00:00,0.5740203
2007-10-08 15:00:00+00:00,0.59007794
2007-10-08 16:00:00+00:00,0.56450254
2007-10-08 17:00:00+00:00,0.5419102
2007-10-08 18:00:00+00:00,0.53649205
2007-10-08 19:00:00+00:00,0.5186050999999999
2007-10-08 20:00:00+00:00,0.36609640000000004
2007-10-08 21:00:00+00:00,0.49299788
2007-10-08 22:00:00+00:00,0.30466798
2007-10-08 23:00:00+00:00,0.0
2007-10-09 00:00:00+00:00,0.0
2007-10-09 01:00:00+00:00,0.0
2007-10-09 02:00:00+00:00,0.0
2007-10-09 03:00:00+00:00,0.0
2007-10-09 04:00:00+00:00,0.0
2007-10-09 05:00:00+00:00,0.0
2007-10-09 06:00:00+00:00,0.0
2007-10-09 07:00:00+00:00,0.0
2007-10-09 08:00:00+00:00,0.0
2007-10-09 09:00:00+00:00,0.0
2007-10-09 10:00:00+00:00,0.0
2007-10-09 11:00:00+00:00,0.0
2007-10-09 12:00:00+00:00,0.0
2007-10-09 13:00:00+00:00,0.009566655
2007-10-09 14:00:00+00:00,0.06423528
2007-10-09 15:00:00+00:00,0.22156399999999998
2007-10-09 16:00:00+00:00,0.14188543
2007-10-09 17:00:00+00:00,0.28804064
2007-10-09 18:00:00+00:00,0.4337287
2007-10-09 19:00:00+00:00,0.58296615
2007-10-09 20:00:00+00:00,0.6128216999999999
2007-10-09 21:00:00+00:00,0.5944722
2007-10-09 22:00:00+00:00,0.34722406
2007-10-09 23:00:00+00:00,0.0
2007-10-10 00:00:00+00:00,0.0
2007-10-10 01:00:00+00:00,0.0
2007-10-10 02:00:00+00:00,0.0
2007-10-10 03:00:00+00:00,0.0
2007-10-10 04:00:00+00:00,0.0
2007-10-10 05:00:00+00:00,0.0
2007-10-10 06:00:00+00:00,0.0
2007-10-10 07:00:00+00:00,0.0
2007-10-10 08:00:00+00:00,0.0
2007-10-10 09:00:00+00:00,0.0
2007-10-10 10:00:00+00:00,0.0
2007-10-10 11:00:00+00:00,0.0
2007-10-10 12:00:00+00:00,0.0
2007-10-10 13:00:00+00:00,0.41754147
2007-10-10 14:00:00+00:00,0.65069366
2007-10-10 15:00:00+00:00,0.57756966
2007-10-10 16:00:00+00:00,0.6362521
2007-10-10 17:00:00+00:00,0.6112913000000001
2007-10-10 18:00:00+00:00,0.5884016
2007-10-10 19:00:00+00:00,0.50027174
2007-10-10 20:00:00+00:00,0.16499520000000004
2007-10-10 21:00:00+00:00,0.08760895
2007-10-10 22:00:00+00:00,0.022292843
2007-10-10 23:00:00+00:00,0.0
2007-10-11 00:00:00+00:00,0.0
2007-10-11 01:00:00+00:00,0.0
2007-10-11 02:00:00+00:00,0.0
2007-10-11 03:00:00+00:00,0.0
2007-10-11 04:00:00+00:00,0.0
2007-10-11 05:00:00+00:00,0.0
2007-10-11 06:00:00+00:00,0.0
2007-10-11 07:00:00+00:00,0.0
2007-10-11 08:00:00+00:00,0.0
2007-10-11 09:00:00+00:00,0.0
2007-10-11 10:00:00+00:00,0.0
2007-10-11 11:00:00+00:00,0.0
2007-10-11 12:00:00+00:00,0.0
2007-10-11 13:00:00+00:00,0.076245755
2007-10-11 14:00:00+00:00,0.061508905
2007-10-11 15:00:00+00:00,0.2032537
2007-10-11 16:00:00+00:00,0.27528656
2007-10-11 17:00:00+00:00,0.36470202
2007-10-11 18:00:00+00:00,0.3004388
2007-10-11 19:00:00+00:00,0.24571237
2007-10-11 20:00:00+00:00,0.08072521
2007-10-11 21:00:00+00:00,0.11423742
2007-10-11 22:00:00+00:00,0.09809769
2007-10-11 23:00:00+00:00,0.0
2007-10-12 00:00:00+00:00,0.0
2007-10-12 01:00:00+00:00,0.0
2007-10-12 02:00:00+00:00,0.0
2007-10-12 03:00:00+00:00,0.0
2007-10-12 04:00:00+00:00,0.0
2007-10-12 05:00:00+00:00,0.0
2007-10-12 06:00:00+00:00,0.0
2007-10-12 07:00:00+00:00,0.0
2007-10-12 08:00:00+00:00,0.0
2007-10-12 09:00:00+00:00,0.0
2007-10-12 10:00:00+00:00,0.0
2007-10-12 11:00:00+00:00,0.0
2007-10-12 12:00:00+00:00,0.0
2007-10-12 13:00:00+00:00,0.017412294
2007-10-12 14:00:00+00:00,0.04962346
2007-10-12 15:00:00+00:00,0.19887581
2007-10-12 16:00:00+00:00,0.27011207
2007-10-12 17:00:00+00:00,0.2742673
2007-10-12 18:00:00+00:00,0.38897583
2007-10-12 19:00:00+00:00,0.45727295
2007-10-12 20:00:00+00:00,0.5090663
2007-10-12 21:00:00+00:00,0.4730942
2007-10-12 22:00:00+00:00,0.31385207
2007-10-12 23:00:00+00:00,0.0
2007-10-13 00:00:00+00:00,0.0
2007-10-13 01:00:00+00:00,0.0
2007-10-13 02:00:00+00:00,0.0
2007-10-13 03:00:00+00:00,0.0
2007-10-13 04:00:00+00:00,0.0
2007-10-13 05:00:00+00:00,0.0
2007-10-13 06:00:00+00:00,0.0
2007-10-13 07:00:00+00:00,0.0
2007-10-13 08:00:00+00:00,0.0
2007-10-13 09:00:00+00:00,0.0
2007-10-13 10:00:00+00:00,0.0
2007-10-13 11:00:00+00:00,0.0
2007-10-13 12:00:00+00:00,0.0
2007-10-13 13:00:00+00:00,0.3661013
2007-10-13 14:00:00+00:00,0.5951319
2007-10-13 15:00:00+00:00,0.6144363
2007-10-13 16:00:00+00:00,0.5848468000000001
2007-10-13 17:00:00+00:00,0.5599876
2007-10-13 18:00:00+00:00,0.5601263000000001
2007-10-13 19:00:00+00:00,0.575763
2007-10-13 20:00:00+00:00,0.57557285
2007-10-13 21:00:00+00:00,0.52605003
2007-10-13 22:00:00+00:00,0.2527558
2007-10-13 23:00:00+00:00,0.0
2007-10-14 00:00:00+00:00,0.0
2007-10-14 01:00:00+00:00,0.0
2007-10-14 02:00:00+00:00,0.0
2007-10-14 03:00:00+00:00,0.0
2007-10-14 04:00:00+00:00,0.0
2007-10-14 05:00:00+00:00,0.0
2007-10-14 06:00:00+00:00,0.0
2007-10-14 07:00:00+00:00,0.0
2007-10-14 08:00:00+00:00,0.0
2007-10-14 09:00:00+00:00,0.0
2007-10-14 10:00:00+00:00,0.0
2007-10-14 11:00:00+00:00,0.0
2007-10-14 12:00:00+00:00,0.0
2007-10-14 13:00:00+00:00,0.22195806
2007-10-14 14:00:00+00:00,0.46586257
2007-10-14 15:00:00+00:00,0.39021704
2007-10-14 16:00:00+00:00,0.4904302
2007-10-14 17:00:00+00:00,0.5398010999999999
2007-10-14 18:00:00+00:00,0.45974302
2007-10-14 19:00:00+00:00,0.46537185
2007-10-14 20:00:00+00:00,0.47828063
2007-10-14 21:00:00+00:00,0.40068612
2007-10-14 22:00:00+00:00,0.1960257
2007-10-14 23:00:00+00:00,0.0
2007-10-15 00:00:00+00:00,0.0
2007-10-15 01:00:00+00:00,0.0
2007-10-15 02:00:00+00:00,0.0
2007-10-15 03:00:00+00:00,0.0
2007-10-15 04:00:00+00:00,0.0
2007-10-15 05:00:00+00:00,0.0
2007-10-15 06:00:00+00:00,0.0
2007-10-15 07:00:00+00:00,0.0
2007-10-15 08:00:00+00:00,0.0
2007-10-15 09:00:00+00:00,0.0
2007-10-15 10:00:00+00:00,0.0
2007-10-15 11:00:00+00:00,0.0
2007-10-15 12:00:00+00:00,0.0
2007-10-15 13:00:00+00:00,0.20101961
2007-10-15 14:00:00+00:00,0.39822793
2007-10-15 15:00:00+00:00,0.40149012
2007-10-15 16:00:00+00:00,0.5745408000000001
2007-10-15 17:00:00+00:00,0.45033705
2007-10-15 18:00:00+00:00,0.42688059999999994
2007-10-15 19:00:00+00:00,0.43350512
2007-10-15 20:00:00+00:00,0.40270066
2007-10-15 21:00:00+00:00,0.32783356
2007-10-15 22:00:00+00:00,0.22561109999999998
2007-10-15 23:00:00+00:00,0.0
2007-10-16 00:00:00+00:00,0.0
2007-10-16 01:00:00+00:00,0.0
2007-10-16 02:00:00+00:00,0.0
2007-10-16 03:00:00+00:00,0.0
2007-10-16 04:00:00+00:00,0.0
2007-10-16 05:00:00+00:00,0.0
2007-10-16 06:00:00+00:00,0.0
2007-10-16 07:00:00+00:00,0.0
2007-10-16 08:00:00+00:00,0.0
2007-10-16 09:00:00+00:00,0.0
2007-10-16 10:00:00+00:00,0.0
2007-10-16 11:00:00+00:00,0.0
2007-10-16 12:00:00+00:00,0.0
2007-10-16 13:00:00+00:00,0.039181296000000004
2007-10-16 14:00:00+00:00,0.041389182000000004
2007-10-16 15:00:00+00:00,0.079722136
2007-10-16 16:00:00+00:00,0.10907529
2007-10-16 17:00:00+00:00,0.11449593
2007-10-16 18:00:00+00:00,0.18459165
2007-10-16 19:00:00+00:00,0.24594632
2007-10-16 20:00:00+00:00,0.052250754
2007-10-16 21:00:00+00:00,0.45089129999999994
2007-10-16 22:00:00+00:00,0.22366682
2007-10-16 23:00:00+00:00,0.0
2007-10-17 00:00:00+00:00,0.0
2007-10-17 01:00:00+00:00,0.0
2007-10-17 02:00:00+00:00,0.0
2007-10-17 03:00:00+00:00,0.0
2007-10-17 04:00:00+00:00,0.0
2007-10-17 05:00:00+00:00,0.0
2007-10-17 06:00:00+00:00,0.0
2007-10-17 07:00:00+00:00,0.0
2007-10-17 08:00:00+00:00,0.0
2007-10-17 09:00:00+00:00,0.0
2007-10-17 10:00:00+00:00,0.0
2007-10-17 11:00:00+00:00,0.0
2007-10-17 12:00:00+00:00,0.0
2007-10-17 13:00:00+00:00,0.22860163
2007-10-17 14:00:00+00:00,0.064332284
2007-10-17 15:00:00+00:00,0.3317448
2007-10-17 16:00:00+00:00,0.30259407
2007-10-17 17:00:00+00:00,0.38847092
2007-10-17 18:00:00+00:00,0.25169593
2007-10-17 19:00:00+00:00,0.28655204
2007-10-17 20:00:00+00:00,0.5058988
2007-10-17 21:00:00+00:00,0.48788115
2007-10-17 22:00:00+00:00,0.21534051
2007-10-17 23:00:00+00:00,0.0
2007-10-18 00:00:00+00:00,0.0
2007-10-18 01:00:00+00:00,0.0
2007-10-18 02:00:00+00:00,0.0
2007-10-18 03:00:00+00:00,0.0
2007-10-18 04:00:00+00:00,0.0
2007-10-18 05:00:00+00:00,0.0
2007-10-18 06:00:00+00:00,0.0
2007-10-18 07:00:00+00:00,0.0
2007-10-18 08:00:00+00:00,0.0
2007-10-18 09:00:00+00:00,0.0
2007-10-18 10:00:00+00:00,0.0
2007-10-18 11:00:00+00:00,0.0
2007-10-18 12:00:00+00:00,0.0
2007-10-18 13:00:00+00:00,0.15028894
2007-10-18 14:00:00+00:00,0.2537998
2007-10-18 15:00:00+00:00,0.29953986
2007-10-18 16:00:00+00:00,0.19842970000000001
2007-10-18 17:00:00+00:00,0.21374325
2007-10-18 18:00:00+00:00,0.32119825
2007-10-18 19:00:00+00:00,0.19059289999999998
2007-10-18 20:00:00+00:00,0.38462934
2007-10-18 21:00:00+00:00,0.38327825
2007-10-18 22:00:00+00:00,0.23039345
2007-10-18 23:00:00+00:00,0.0
2007-10-19 00:00:00+00:00,0.0
2007-10-19 01:00:00+00:00,0.0
2007-10-19 02:00:00+00:00,0.0
2007-10-19 03:00:00+00:00,0.0
2007-10-19 04:00:00+00:00,0.0
2007-10-19 05:00:00+00:00,0.0
2007-10-19 06:00:00+00:00,0.0
2007-10-19 07:00:00+00:00,0.0
2007-10-19 08:00:00+00:00,0.0
2007-10-19 09:00:00+00:00,0.0
2007-10-19 10:00:00+00:00,0.0
2007-10-19 11:00:00+00:00,0.0
2007-10-19 12:00:00+00:00,0.0
2007-10-19 13:00:00+00:00,0.337029
2007-10-19 14:00:00+00:00,0.59676975
2007-10-19 15:00:00+00:00,0.49192175
2007-10-19 16:00:00+00:00,0.5013488
2007-10-19 17:00:00+00:00,0.49305317
2007-10-19 18:00:00+00:00,0.37576750000000003
2007-10-19 19:00:00+00:00,0.25792298
2007-10-19 20:00:00+00:00,0.19776745
2007-10-19 21:00:00+00:00,0.28883415
2007-10-19 22:00:00+00:00,0.15872598
2007-10-19 23:00:00+00:00,0.0
2007-10-20 00:00:00+00:00,0.0
2007-10-20 01:00:00+00:00,0.0
2007-10-20 02:00:00+00:00,0.0
2007-10-20 03:00:00+00:00,0.0
2007-10-20 04:00:00+00:00,0.0
2007-10-20 05:00:00+00:00,0.0
2007-10-20 06:00:00+00:00,0.0
2007-10-20 07:00:00+00:00,0.0
2007-10-20 08:00:00+00:00,0.0
2007-10-20 09:00:00+00:00,0.0
2007-10-20 10:00:00+00:00,0.0
2007-10-20 11:00:00+00:00,0.0
2007-10-20 12:00:00+00:00,0.0
2007-10-20 13:00:00+00:00,0.35641605
2007-10-20 14:00:00+00:00,0.6208102
2007-10-20 15:00:00+00:00,0.6298765000000001
2007-10-20 16:00:00+00:00,0.5921881999999999
2007-10-20 17:00:00+00:00,0.56149375
2007-10-20 18:00:00+00:00,0.56149584
2007-10-20 19:00:00+00:00,0.5853618
2007-10-20 20:00:00+00:00,0.60474885
2007-10-20 21:00:00+00:00,0.5648249
2007-10-20 22:00:00+00:00,0.25141868
2007-10-20 23:00:00+00:00,0.0
2007-10-21 00:00:00+00:00,0.0
2007-10-21 01:00:00+00:00,0.0
2007-10-21 02:00:00+00:00,0.0
2007-10-21 03:00:00+00:00,0.0
2007-10-21 04:00:00+00:00,0.0
2007-10-21 05:00:00+00:00,0.0
2007-10-21 06:00:00+00:00,0.0
2007-10-21 07:00:00+00:00,0.0
2007-10-21 08:00:00+00:00,0.0
2007-10-21 09:00:00+00:00,0.0
2007-10-21 10:00:00+00:00,0.0
2007-10-21 11:00:00+00:00,0.0
2007-10-21 12:00:00+00:00,0.0
2007-10-21 13:00:00+00:00,0.35060024
2007-10-21 14:00:00+00:00,0.61414903
2007-10-21 15:00:00+00:00,0.622424
2007-10-21 16:00:00+00:00,0.5858932
2007-10-21 17:00:00+00:00,0.55613965
2007-10-21 18:00:00+00:00,0.5575946999999999
2007-10-21 19:00:00+00:00,0.5844286999999999
2007-10-21 20:00:00+00:00,0.60865456
2007-10-21 21:00:00+00:00,0.5746416999999999
2007-10-21 22:00:00+00:00,0.2547123
2007-10-21 23:00:00+00:00,0.0
2007-10-22 00:00:00+00:00,0.0
2007-10-22 01:00:00+00:00,0.0
2007-10-22 02:00:00+00:00,0.0
2007-10-22 03:00:00+00:00,0.0
2007-10-22 04:00:00+00:00,0.0
2007-10-22 05:00:00+00:00,0.0
2007-10-22 06:00:00+00:00,0.0
2007-10-22 07:00:00+00:00,0.0
2007-10-22 08:00:00+00:00,0.0
2007-10-22 09:00:00+00:00,0.0
2007-10-22 10:00:00+00:00,0.0
2007-10-22 11:00:00+00:00,0.0
2007-10-22 12:00:00+00:00,0.0
2007-10-22 13:00:00+00:00,0.21383892
2007-10-22 14:00:00+00:00,0.42434648
2007-10-22 15:00:00+00:00,0.49729085
2007-10-22 16:00:00+00:00,0.22109766
2007-10-22 17:00:00+00:00,0.0834485
2007-10-22 18:00:00+00:00,0.061869535999999996
2007-10-22 19:00:00+00:00,0.06681337
2007-10-22 20:00:00+00:00,0.05009999
2007-10-22 21:00:00+00:00,0.02152639
2007-10-22 22:00:00+00:00,0.060437325
2007-10-22 23:00:00+00:00,0.0
2007-10-23 00:00:00+00:00,0.0
2007-10-23 01:00:00+00:00,0.0
2007-10-23 02:00:00+00:00,0.0
2007-10-23 03:00:00+00:00,0.0
2007-10-23 04:00:00+00:00,0.0
2007-10-23 05:00:00+00:00,0.0
2007-10-23 06:00:00+00:00,0.0
2007-10-23 07:00:00+00:00,0.0
2007-10-23 08:00:00+00:00,0.0
2007-10-23 09:00:00+00:00,0.0
2007-10-23 10:00:00+00:00,0.0
2007-10-23 11:00:00+00:00,0.0
2007-10-23 12:00:00+00:00,0.0
2007-10-23 13:00:00+00:00,0.020697713
2007-10-23 14:00:00+00:00,0.057136793
2007-10-23 15:00:00+00:00,0.024479859
2007-10-23 16:00:00+00:00,0.024737626000000002
2007-10-23 17:00:00+00:00,0.03118047
2007-10-23 18:00:00+00:00,0.033035178
2007-10-23 19:00:00+00:00,0.065871865
2007-10-23 20:00:00+00:00,0.04336523
2007-10-23 21:00:00+00:00,0.01631575
2007-10-23 22:00:00+00:00,0.005265629
2007-10-23 23:00:00+00:00,0.0
2007-10-24 00:00:00+00:00,0.0
2007-10-24 01:00:00+00:00,0.0
2007-10-24 02:00:00+00:00,0.0
2007-10-24 03:00:00+00:00,0.0
2007-10-24 04:00:00+00:00,0.0
2007-10-24 05:00:00+00:00,0.0
2007-10-24 06:00:00+00:00,0.0
2007-10-24 07:00:00+00:00,0.0
2007-10-24 08:00:00+00:00,0.0
2007-10-24 09:00:00+00:00,0.0
2007-10-24 10:00:00+00:00,0.0
2007-10-24 11:00:00+00:00,0.0
2007-10-24 12:00:00+00:00,0.0
2007-10-24 13:00:00+00:00,0.0007239592999999999
2007-10-24 14:00:00+00:00,0.012393535
2007-10-24 15:00:00+00:00,0.016207756
2007-10-24 16:00:00+00:00,0.029602603999999998
2007-10-24 17:00:00+00:00,0.057524987
2007-10-24 18:00:00+00:00,0.06821591
2007-10-24 19:00:00+00:00,0.050924446
2007-10-24 20:00:00+00:00,0.025694154
2007-10-24 21:00:00+00:00,0.03472209
2007-10-24 22:00:00+00:00,0.007292045699999999
2007-10-24 23:00:00+00:00,0.0
2007-10-25 00:00:00+00:00,0.0
2007-10-25 01:00:00+00:00,0.0
2007-10-25 02:00:00+00:00,0.0
2007-10-25 03:00:00+00:00,0.0
2007-10-25 04:00:00+00:00,0.0
2007-10-25 05:00:00+00:00,0.0
2007-10-25 06:00:00+00:00,0.0
2007-10-25 07:00:00+00:00,0.0
2007-10-25 08:00:00+00:00,0.0
2007-10-25 09:00:00+00:00,0.0
2007-10-25 10:00:00+00:00,0.0
2007-10-25 11:00:00+00:00,0.0
2007-10-25 12:00:00+00:00,0.0
2007-10-25 13:00:00+00:00,0.27022454
2007-10-25 14:00:00+00:00,0.15862371
2007-10-25 15:00:00+00:00,0.032706916
2007-10-25 16:00:00+00:00,0.105679676
2007-10-25 17:00:00+00:00,0.15030062
2007-10-25 18:00:00+00:00,0.035418395
2007-10-25 19:00:00+00:00,0.12395159
2007-10-25 20:00:00+00:00,0.037973646
2007-10-25 21:00:00+00:00,0.030266214
2007-10-25 22:00:00+00:00,0.058483038
2007-10-25 23:00:00+00:00,0.0
2007-10-26 00:00:00+00:00,0.0
2007-10-26 01:00:00+00:00,0.0
2007-10-26 02:00:00+00:00,0.0
2007-10-26 03:00:00+00:00,0.0
2007-10-26 04:00:00+00:00,0.0
2007-10-26 05:00:00+00:00,0.0
2007-10-26 06:00:00+00:00,0.0
2007-10-26 07:00:00+00:00,0.0
2007-10-26 08:00:00+00:00,0.0
2007-10-26 09:00:00+00:00,0.0
2007-10-26 10:00:00+00:00,0.0
2007-10-26 11:00:00+00:00,0.0
2007-10-26 12:00:00+00:00,0.0
2007-10-26 13:00:00+00:00,0.2718295
2007-10-26 14:00:00+00:00,0.5616725
2007-10-26 15:00:00+00:00,0.5108275
2007-10-26 16:00:00+00:00,0.55069095
2007-10-26 17:00:00+00:00,0.5261232
2007-10-26 18:00:00+00:00,0.17735966
2007-10-26 19:00:00+00:00,0.042765196
2007-10-26 20:00:00+00:00,0.08485565
2007-10-26 21:00:00+00:00,0.010720617
2007-10-26 22:00:00+00:00,0.007734094699999999
2007-10-26 23:00:00+00:00,0.0
2007-10-27 00:00:00+00:00,0.0
2007-10-27 01:00:00+00:00,0.0
2007-10-27 02:00:00+00:00,0.0
2007-10-27 03:00:00+00:00,0.0
2007-10-27 04:00:00+00:00,0.0
2007-10-27 05:00:00+00:00,0.0
2007-10-27 06:00:00+00:00,0.0
2007-10-27 07:00:00+00:00,0.0
2007-10-27 08:00:00+00:00,0.0
2007-10-27 09:00:00+00:00,0.0
2007-10-27 10:00:00+00:00,0.0
2007-10-27 11:00:00+00:00,0.0
2007-10-27 12:00:00+00:00,0.0
2007-10-27 13:00:00+00:00,0.014764544
2007-10-27 14:00:00+00:00,0.043171886
2007-10-27 15:00:00+00:00,0.05147603
2007-10-27 16:00:00+00:00,0.09290605
2007-10-27 17:00:00+00:00,0.1386059
2007-10-27 18:00:00+00:00,0.05846731
2007-10-27 19:00:00+00:00,0.08533069
2007-10-27 20:00:00+00:00,0.06785511
2007-10-27 21:00:00+00:00,0.014953399999999999
2007-10-27 22:00:00+00:00,0.12800811
2007-10-27 23:00:00+00:00,0.0
2007-10-28 00:00:00+00:00,0.0
2007-10-28 01:00:00+00:00,0.0
2007-10-28 02:00:00+00:00,0.0
2007-10-28 03:00:00+00:00,0.0
2007-10-28 04:00:00+00:00,0.0
2007-10-28 05:00:00+00:00,0.0
2007-10-28 06:00:00+00:00,0.0
2007-10-28 07:00:00+00:00,0.0
2007-10-28 08:00:00+00:00,0.0
2007-10-28 09:00:00+00:00,0.0
2007-10-28 10:00:00+00:00,0.0
2007-10-28 11:00:00+00:00,0.0
2007-10-28 12:00:00+00:00,0.0
2007-10-28 13:00:00+00:00,0.30516446
2007-10-28 14:00:00+00:00,0.61668223
2007-10-28 15:00:00+00:00,0.63561547
2007-10-28 16:00:00+00:00,0.5984956
2007-10-28 17:00:00+00:00,0.5654300999999999
2007-10-28 18:00:00+00:00,0.5689405
2007-10-28 19:00:00+00:00,0.6005756999999999
2007-10-28 20:00:00+00:00,0.6270176
2007-10-28 21:00:00+00:00,0.43221596
2007-10-28 22:00:00+00:00,0.20438406
2007-10-28 23:00:00+00:00,0.0
2007-10-29 00:00:00+00:00,0.0
2007-10-29 01:00:00+00:00,0.0
2007-10-29 02:00:00+00:00,0.0
2007-10-29 03:00:00+00:00,0.0
2007-10-29 04:00:00+00:00,0.0
2007-10-29 05:00:00+00:00,0.0
2007-10-29 06:00:00+00:00,0.0
2007-10-29 07:00:00+00:00,0.0
2007-10-29 08:00:00+00:00,0.0
2007-10-29 09:00:00+00:00,0.0
2007-10-29 10:00:00+00:00,0.0
2007-10-29 11:00:00+00:00,0.0
2007-10-29 12:00:00+00:00,0.0
2007-10-29 13:00:00+00:00,0.29749200000000003
2007-10-29 14:00:00+00:00,0.6075073000000001
2007-10-29 15:00:00+00:00,0.6218526
2007-10-29 16:00:00+00:00,0.5817127
2007-10-29 17:00:00+00:00,0.5426384
2007-10-29 18:00:00+00:00,0.5418206
2007-10-29 19:00:00+00:00,0.5712093
2007-10-29 20:00:00+00:00,0.59690493
2007-10-29 21:00:00+00:00,0.5489814000000001
2007-10-29 22:00:00+00:00,0.1949287
2007-10-29 23:00:00+00:00,0.0
2007-10-30 00:00:00+00:00,0.0
2007-10-30 01:00:00+00:00,0.0
2007-10-30 02:00:00+00:00,0.0
2007-10-30 03:00:00+00:00,0.0
2007-10-30 04:00:00+00:00,0.0
2007-10-30 05:00:00+00:00,0.0
2007-10-30 06:00:00+00:00,0.0
2007-10-30 07:00:00+00:00,0.0
2007-10-30 08:00:00+00:00,0.0
2007-10-30 09:00:00+00:00,0.0
2007-10-30 10:00:00+00:00,0.0
2007-10-30 11:00:00+00:00,0.0
2007-10-30 12:00:00+00:00,0.0
2007-10-30 13:00:00+00:00,0.29498315
2007-10-30 14:00:00+00:00,0.60825086
2007-10-30 15:00:00+00:00,0.61445445
2007-10-30 16:00:00+00:00,0.57443154
2007-10-30 17:00:00+00:00,0.5414515999999999
2007-10-30 18:00:00+00:00,0.54343414
2007-10-30 19:00:00+00:00,0.5746793
2007-10-30 20:00:00+00:00,0.5973389
2007-10-30 21:00:00+00:00,0.5398604
2007-10-30 22:00:00+00:00,0.18836387
2007-10-30 23:00:00+00:00,0.0
2007-10-31 00:00:00+00:00,0.0
2007-10-31 01:00:00+00:00,0.0
2007-10-31 02:00:00+00:00,0.0
2007-10-31 03:00:00+00:00,0.0
2007-10-31 04:00:00+00:00,0.0
2007-10-31 05:00:00+00:00,0.0
2007-10-31 06:00:00+00:00,0.0
2007-10-31 07:00:00+00:00,0.0
2007-10-31 08:00:00+00:00,0.0
2007-10-31 09:00:00+00:00,0.0
2007-10-31 10:00:00+00:00,0.0
2007-10-31 11:00:00+00:00,0.0
2007-10-31 12:00:00+00:00,0.0
2007-10-31 13:00:00+00:00,0.27462795
2007-10-31 14:00:00+00:00,0.57302624
2007-10-31 15:00:00+00:00,0.5925045
2007-10-31 16:00:00+00:00,0.55570877
2007-10-31 17:00:00+00:00,0.5207526
2007-10-31 18:00:00+00:00,0.5208904000000001
2007-10-31 19:00:00+00:00,0.5492071999999999
2007-10-31 20:00:00+00:00,0.5600877
2007-10-31 21:00:00+00:00,0.4758942
2007-10-31 22:00:00+00:00,0.14641796
2007-10-31 23:00:00+00:00,0.0
2007-11-01 00:00:00+00:00,0.0
2007-11-01 01:00:00+00:00,0.0
2007-11-01 02:00:00+00:00,0.0
2007-11-01 03:00:00+00:00,0.0
2007-11-01 04:00:00+00:00,0.0
2007-11-01 05:00:00+00:00,0.0
2007-11-01 06:00:00+00:00,0.0
2007-11-01 07:00:00+00:00,0.0
2007-11-01 08:00:00+00:00,0.0
2007-11-01 09:00:00+00:00,0.0
2007-11-01 10:00:00+00:00,0.0
2007-11-01 11:00:00+00:00,0.0
2007-11-01 12:00:00+00:00,0.0
2007-11-01 13:00:00+00:00,0.0656926
2007-11-01 14:00:00+00:00,0.5529835
2007-11-01 15:00:00+00:00,0.60465425
2007-11-01 16:00:00+00:00,0.57340777
2007-11-01 17:00:00+00:00,0.54238504
2007-11-01 18:00:00+00:00,0.546982
2007-11-01 19:00:00+00:00,0.5810383000000001
2007-11-01 20:00:00+00:00,0.60460573
2007-11-01 21:00:00+00:00,0.53530467
2007-11-01 22:00:00+00:00,0.17456323
2007-11-01 23:00:00+00:00,0.0
2007-11-02 00:00:00+00:00,0.0
2007-11-02 01:00:00+00:00,0.0
2007-11-02 02:00:00+00:00,0.0
2007-11-02 03:00:00+00:00,0.0
2007-11-02 04:00:00+00:00,0.0
2007-11-02 05:00:00+00:00,0.0
2007-11-02 06:00:00+00:00,0.0
2007-11-02 07:00:00+00:00,0.0
2007-11-02 08:00:00+00:00,0.0
2007-11-02 09:00:00+00:00,0.0
2007-11-02 10:00:00+00:00,0.0
2007-11-02 11:00:00+00:00,0.0
2007-11-02 12:00:00+00:00,0.0
2007-11-02 13:00:00+00:00,0.2742136
2007-11-02 14:00:00+00:00,0.60224074
2007-11-02 15:00:00+00:00,0.61945295
2007-11-02 16:00:00+00:00,0.5782102
2007-11-02 17:00:00+00:00,0.54020715
2007-11-02 18:00:00+00:00,0.5435755999999999
2007-11-02 19:00:00+00:00,0.57727385
2007-11-02 20:00:00+00:00,0.6021201
2007-11-02 21:00:00+00:00,0.5290713
2007-11-02 22:00:00+00:00,0.16979605
2007-11-02 23:00:00+00:00,0.0
2007-11-03 00:00:00+00:00,0.0
2007-11-03 01:00:00+00:00,0.0
2007-11-03 02:00:00+00:00,0.0
2007-11-03 03:00:00+00:00,0.0
2007-11-03 04:00:00+00:00,0.0
2007-11-03 05:00:00+00:00,0.0
2007-11-03 06:00:00+00:00,0.0
2007-11-03 07:00:00+00:00,0.0
2007-11-03 08:00:00+00:00,0.0
2007-11-03 09:00:00+00:00,0.0
2007-11-03 10:00:00+00:00,0.0
2007-11-03 11:00:00+00:00,0.0
2007-11-03 12:00:00+00:00,0.0
2007-11-03 13:00:00+00:00,0.255418
2007-11-03 14:00:00+00:00,0.55655456
2007-11-03 15:00:00+00:00,0.543312
2007-11-03 16:00:00+00:00,0.40719473
2007-11-03 17:00:00+00:00,0.33695963
2007-11-03 18:00:00+00:00,0.46084926
2007-11-03 19:00:00+00:00,0.5321988000000001
2007-11-03 20:00:00+00:00,0.5477510999999999
2007-11-03 21:00:00+00:00,0.43766505
2007-11-03 22:00:00+00:00,0.13009998
2007-11-03 23:00:00+00:00,0.0
2007-11-04 00:00:00+00:00,0.0
2007-11-04 01:00:00+00:00,0.0
2007-11-04 02:00:00+00:00,0.0
2007-11-04 03:00:00+00:00,0.0
2007-11-04 04:00:00+00:00,0.0
2007-11-04 05:00:00+00:00,0.0
2007-11-04 06:00:00+00:00,0.0
2007-11-04 07:00:00+00:00,0.0
2007-11-04 08:00:00+00:00,0.0
2007-11-04 09:00:00+00:00,0.0
2007-11-04 10:00:00+00:00,0.0
2007-11-04 11:00:00+00:00,0.0
2007-11-04 12:00:00+00:00,0.0
2007-11-04 13:00:00+00:00,0.24278381
2007-11-04 14:00:00+00:00,0.56331897
2007-11-04 15:00:00+00:00,0.59238505
2007-11-04 16:00:00+00:00,0.55373174
2007-11-04 17:00:00+00:00,0.5181875
2007-11-04 18:00:00+00:00,0.5240608
2007-11-04 19:00:00+00:00,0.5650224
2007-11-04 20:00:00+00:00,0.594329
2007-11-04 21:00:00+00:00,0.31431746
2007-11-04 22:00:00+00:00,0.1551865
2007-11-04 23:00:00+00:00,0.0
2007-11-05 00:00:00+00:00,0.0
2007-11-05 01:00:00+00:00,0.0
2007-11-05 02:00:00+00:00,0.0
2007-11-05 03:00:00+00:00,0.0
2007-11-05 04:00:00+00:00,0.0
2007-11-05 05:00:00+00:00,0.0
2007-11-05 06:00:00+00:00,0.0
2007-11-05 07:00:00+00:00,0.0
2007-11-05 08:00:00+00:00,0.0
2007-11-05 09:00:00+00:00,0.0
2007-11-05 10:00:00+00:00,0.0
2007-11-05 11:00:00+00:00,0.0
2007-11-05 12:00:00+00:00,0.0
2007-11-05 13:00:00+00:00,0.17495422
2007-11-05 14:00:00+00:00,0.4407952
2007-11-05 15:00:00+00:00,0.40206759999999997
2007-11-05 16:00:00+00:00,0.42849025
2007-11-05 17:00:00+00:00,0.21993619
2007-11-05 18:00:00+00:00,0.3554024
2007-11-05 19:00:00+00:00,0.19828291
2007-11-05 20:00:00+00:00,0.014843426000000002
2007-11-05 21:00:00+00:00,0.014478818000000001
2007-11-05 22:00:00+00:00,0.0032492229
2007-11-05 23:00:00+00:00,0.0
2007-11-06 00:00:00+00:00,0.0
2007-11-06 01:00:00+00:00,0.0
2007-11-06 02:00:00+00:00,0.0
2007-11-06 03:00:00+00:00,0.0
2007-11-06 04:00:00+00:00,0.0
2007-11-06 05:00:00+00:00,0.0
2007-11-06 06:00:00+00:00,0.0
2007-11-06 07:00:00+00:00,0.0
2007-11-06 08:00:00+00:00,0.0
2007-11-06 09:00:00+00:00,0.0
2007-11-06 10:00:00+00:00,0.0
2007-11-06 11:00:00+00:00,0.0
2007-11-06 12:00:00+00:00,0.0
2007-11-06 13:00:00+00:00,0.24988762
2007-11-06 14:00:00+00:00,0.6035902
2007-11-06 15:00:00+00:00,0.62444013
2007-11-06 16:00:00+00:00,0.5818472
2007-11-06 17:00:00+00:00,0.54252195
2007-11-06 18:00:00+00:00,0.54591495
2007-11-06 19:00:00+00:00,0.58372074
2007-11-06 20:00:00+00:00,0.61181355
2007-11-06 21:00:00+00:00,0.5116904999999999
2007-11-06 22:00:00+00:00,0.14213067
2007-11-06 23:00:00+00:00,0.0
2007-11-07 00:00:00+00:00,0.0
2007-11-07 01:00:00+00:00,0.0
2007-11-07 02:00:00+00:00,0.0
2007-11-07 03:00:00+00:00,0.0
2007-11-07 04:00:00+00:00,0.0
2007-11-07 05:00:00+00:00,0.0
2007-11-07 06:00:00+00:00,0.0
2007-11-07 07:00:00+00:00,0.0
2007-11-07 08:00:00+00:00,0.0
2007-11-07 09:00:00+00:00,0.0
2007-11-07 10:00:00+00:00,0.0
2007-11-07 11:00:00+00:00,0.0
2007-11-07 12:00:00+00:00,0.0
2007-11-07 13:00:00+00:00,0.23165531
2007-11-07 14:00:00+00:00,0.56962854
2007-11-07 15:00:00+00:00,0.5880116999999999
2007-11-07 16:00:00+00:00,0.37344763
2007-11-07 17:00:00+00:00,0.45652533
2007-11-07 18:00:00+00:00,0.522258
2007-11-07 19:00:00+00:00,0.5557428000000001
2007-11-07 20:00:00+00:00,0.56282955
2007-11-07 21:00:00+00:00,0.45754966
2007-11-07 22:00:00+00:00,0.11936371
2007-11-07 23:00:00+00:00,0.0
2007-11-08 00:00:00+00:00,0.0
2007-11-08 01:00:00+00:00,0.0
2007-11-08 02:00:00+00:00,0.0
2007-11-08 03:00:00+00:00,0.0
2007-11-08 04:00:00+00:00,0.0
2007-11-08 05:00:00+00:00,0.0
2007-11-08 06:00:00+00:00,0.0
2007-11-08 07:00:00+00:00,0.0
2007-11-08 08:00:00+00:00,0.0
2007-11-08 09:00:00+00:00,0.0
2007-11-08 10:00:00+00:00,0.0
2007-11-08 11:00:00+00:00,0.0
2007-11-08 12:00:00+00:00,0.0
2007-11-08 13:00:00+00:00,0.023189803999999998
2007-11-08 14:00:00+00:00,0.07826534
2007-11-08 15:00:00+00:00,0.2862002
2007-11-08 16:00:00+00:00,0.30458134
2007-11-08 17:00:00+00:00,0.40979340000000003
2007-11-08 18:00:00+00:00,0.50251436
2007-11-08 19:00:00+00:00,0.44558224
2007-11-08 20:00:00+00:00,0.26698396
2007-11-08 21:00:00+00:00,0.0530823
2007-11-08 22:00:00+00:00,0.03793424
2007-11-08 23:00:00+00:00,0.0
2007-11-09 00:00:00+00:00,0.0
2007-11-09 01:00:00+00:00,0.0
2007-11-09 02:00:00+00:00,0.0
2007-11-09 03:00:00+00:00,0.0
2007-11-09 04:00:00+00:00,0.0
2007-11-09 05:00:00+00:00,0.0
2007-11-09 06:00:00+00:00,0.0
2007-11-09 07:00:00+00:00,0.0
2007-11-09 08:00:00+00:00,0.0
2007-11-09 09:00:00+00:00,0.0
2007-11-09 10:00:00+00:00,0.0
2007-11-09 11:00:00+00:00,0.0
2007-11-09 12:00:00+00:00,0.0
2007-11-09 13:00:00+00:00,0.004647292700000001
2007-11-09 14:00:00+00:00,0.0562874
2007-11-09 15:00:00+00:00,0.20915475
2007-11-09 16:00:00+00:00,0.17519982
2007-11-09 17:00:00+00:00,0.23083043
2007-11-09 18:00:00+00:00,0.14522254
2007-11-09 19:00:00+00:00,0.22674999
2007-11-09 20:00:00+00:00,0.5244511
2007-11-09 21:00:00+00:00,0.42821172
2007-11-09 22:00:00+00:00,0.10656031
2007-11-09 23:00:00+00:00,0.0
2007-11-10 00:00:00+00:00,0.0
2007-11-10 01:00:00+00:00,0.0
2007-11-10 02:00:00+00:00,0.0
2007-11-10 03:00:00+00:00,0.0
2007-11-10 04:00:00+00:00,0.0
2007-11-10 05:00:00+00:00,0.0
2007-11-10 06:00:00+00:00,0.0
2007-11-10 07:00:00+00:00,0.0
2007-11-10 08:00:00+00:00,0.0
2007-11-10 09:00:00+00:00,0.0
2007-11-10 10:00:00+00:00,0.0
2007-11-10 11:00:00+00:00,0.0
2007-11-10 12:00:00+00:00,0.0
2007-11-10 13:00:00+00:00,0.15862037
2007-11-10 14:00:00+00:00,0.45786762
2007-11-10 15:00:00+00:00,0.5260849
2007-11-10 16:00:00+00:00,0.5104204999999999
2007-11-10 17:00:00+00:00,0.42854646
2007-11-10 18:00:00+00:00,0.37782059999999995
2007-11-10 19:00:00+00:00,0.3871967
2007-11-10 20:00:00+00:00,0.31276659999999995
2007-11-10 21:00:00+00:00,0.40042242
2007-11-10 22:00:00+00:00,0.09784882
2007-11-10 23:00:00+00:00,0.0
2007-11-11 00:00:00+00:00,0.0
2007-11-11 01:00:00+00:00,0.0
2007-11-11 02:00:00+00:00,0.0
2007-11-11 03:00:00+00:00,0.0
2007-11-11 04:00:00+00:00,0.0
2007-11-11 05:00:00+00:00,0.0
2007-11-11 06:00:00+00:00,0.0
2007-11-11 07:00:00+00:00,0.0
2007-11-11 08:00:00+00:00,0.0
2007-11-11 09:00:00+00:00,0.0
2007-11-11 10:00:00+00:00,0.0
2007-11-11 11:00:00+00:00,0.0
2007-11-11 12:00:00+00:00,0.0
2007-11-11 13:00:00+00:00,0.18114306
2007-11-11 14:00:00+00:00,0.5101091
2007-11-11 15:00:00+00:00,0.4058445
2007-11-11 16:00:00+00:00,0.5108394
2007-11-11 17:00:00+00:00,0.43651193
2007-11-11 18:00:00+00:00,0.45490584
2007-11-11 19:00:00+00:00,0.35568145
2007-11-11 20:00:00+00:00,0.183335
2007-11-11 21:00:00+00:00,0.061619252
2007-11-11 22:00:00+00:00,0.005665525
2007-11-11 23:00:00+00:00,0.0
2007-11-12 00:00:00+00:00,0.0
2007-11-12 01:00:00+00:00,0.0
2007-11-12 02:00:00+00:00,0.0
2007-11-12 03:00:00+00:00,0.0
2007-11-12 04:00:00+00:00,0.0
2007-11-12 05:00:00+00:00,0.0
2007-11-12 06:00:00+00:00,0.0
2007-11-12 07:00:00+00:00,0.0
2007-11-12 08:00:00+00:00,0.0
2007-11-12 09:00:00+00:00,0.0
2007-11-12 10:00:00+00:00,0.0
2007-11-12 11:00:00+00:00,0.0
2007-11-12 12:00:00+00:00,0.0
2007-11-12 13:00:00+00:00,0.10485085
2007-11-12 14:00:00+00:00,0.36621726
2007-11-12 15:00:00+00:00,0.46871445
2007-11-12 16:00:00+00:00,0.48131022
2007-11-12 17:00:00+00:00,0.45240504
2007-11-12 18:00:00+00:00,0.24149746
2007-11-12 19:00:00+00:00,0.40333012
2007-11-12 20:00:00+00:00,0.18517008
2007-11-12 21:00:00+00:00,0.09748989
2007-11-12 22:00:00+00:00,0.008929104
2007-11-12 23:00:00+00:00,0.0
2007-11-13 00:00:00+00:00,0.0
2007-11-13 01:00:00+00:00,0.0
2007-11-13 02:00:00+00:00,0.0
2007-11-13 03:00:00+00:00,0.0
2007-11-13 04:00:00+00:00,0.0
2007-11-13 05:00:00+00:00,0.0
2007-11-13 06:00:00+00:00,0.0
2007-11-13 07:00:00+00:00,0.0
2007-11-13 08:00:00+00:00,0.0
2007-11-13 09:00:00+00:00,0.0
2007-11-13 10:00:00+00:00,0.0
2007-11-13 11:00:00+00:00,0.0
2007-11-13 12:00:00+00:00,0.0
2007-11-13 13:00:00+00:00,0.0076770913
2007-11-13 14:00:00+00:00,0.000376146
2007-11-13 15:00:00+00:00,0.045265242000000004
2007-11-13 16:00:00+00:00,0.1509037
2007-11-13 17:00:00+00:00,0.21182048
2007-11-13 18:00:00+00:00,0.14941134
2007-11-13 19:00:00+00:00,0.10492197
2007-11-13 20:00:00+00:00,0.024436219
2007-11-13 21:00:00+00:00,0.021366362000000003
2007-11-13 22:00:00+00:00,0.05105084
2007-11-13 23:00:00+00:00,0.0
2007-11-14 00:00:00+00:00,0.0
2007-11-14 01:00:00+00:00,0.0
2007-11-14 02:00:00+00:00,0.0
2007-11-14 03:00:00+00:00,0.0
2007-11-14 04:00:00+00:00,0.0
2007-11-14 05:00:00+00:00,0.0
2007-11-14 06:00:00+00:00,0.0
2007-11-14 07:00:00+00:00,0.0
2007-11-14 08:00:00+00:00,0.0
2007-11-14 09:00:00+00:00,0.0
2007-11-14 10:00:00+00:00,0.0
2007-11-14 11:00:00+00:00,0.0
2007-11-14 12:00:00+00:00,0.0
2007-11-14 13:00:00+00:00,0.017631413000000002
2007-11-14 14:00:00+00:00,0.119932935
2007-11-14 15:00:00+00:00,0.19525781
2007-11-14 16:00:00+00:00,0.072890855
2007-11-14 17:00:00+00:00,0.14143102
2007-11-14 18:00:00+00:00,0.06912454
2007-11-14 19:00:00+00:00,0.03423086
2007-11-14 20:00:00+00:00,0.19033201
2007-11-14 21:00:00+00:00,0.024952903
2007-11-14 22:00:00+00:00,0.00046347765999999997
2007-11-14 23:00:00+00:00,0.0
2007-11-15 00:00:00+00:00,0.0
2007-11-15 01:00:00+00:00,0.0
2007-11-15 02:00:00+00:00,0.0
2007-11-15 03:00:00+00:00,0.0
2007-11-15 04:00:00+00:00,0.0
2007-11-15 05:00:00+00:00,0.0
2007-11-15 06:00:00+00:00,0.0
2007-11-15 07:00:00+00:00,0.0
2007-11-15 08:00:00+00:00,0.0
2007-11-15 09:00:00+00:00,0.0
2007-11-15 10:00:00+00:00,0.0
2007-11-15 11:00:00+00:00,0.0
2007-11-15 12:00:00+00:00,0.0
2007-11-15 13:00:00+00:00,4.0175757e-05
2007-11-15 14:00:00+00:00,0.0104540875
2007-11-15 15:00:00+00:00,0.15250412
2007-11-15 16:00:00+00:00,0.10860668
2007-11-15 17:00:00+00:00,0.07431360000000001
2007-11-15 18:00:00+00:00,0.10963287
2007-11-15 19:00:00+00:00,0.061979316
2007-11-15 20:00:00+00:00,0.042175792000000004
2007-11-15 21:00:00+00:00,0.022964677000000003
2007-11-15 22:00:00+00:00,0.00030940783
2007-11-15 23:00:00+00:00,0.0
2007-11-16 00:00:00+00:00,0.0
2007-11-16 01:00:00+00:00,0.0
2007-11-16 02:00:00+00:00,0.0
2007-11-16 03:00:00+00:00,0.0
2007-11-16 04:00:00+00:00,0.0
2007-11-16 05:00:00+00:00,0.0
2007-11-16 06:00:00+00:00,0.0
2007-11-16 07:00:00+00:00,0.0
2007-11-16 08:00:00+00:00,0.0
2007-11-16 09:00:00+00:00,0.0
2007-11-16 10:00:00+00:00,0.0
2007-11-16 11:00:00+00:00,0.0
2007-11-16 12:00:00+00:00,0.0
2007-11-16 13:00:00+00:00,0.16049760000000002
2007-11-16 14:00:00+00:00,0.49772248
2007-11-16 15:00:00+00:00,0.5531752
2007-11-16 16:00:00+00:00,0.52008677
2007-11-16 17:00:00+00:00,0.43256459999999997
2007-11-16 18:00:00+00:00,0.48631784
2007-11-16 19:00:00+00:00,0.3419957
2007-11-16 20:00:00+00:00,0.43073069999999997
2007-11-16 21:00:00+00:00,0.3149363
2007-11-16 22:00:00+00:00,0.05347591
2007-11-16 23:00:00+00:00,0.0
2007-11-17 00:00:00+00:00,0.0
2007-11-17 01:00:00+00:00,0.0
2007-11-17 02:00:00+00:00,0.0
2007-11-17 03:00:00+00:00,0.0
2007-11-17 04:00:00+00:00,0.0
2007-11-17 05:00:00+00:00,0.0
2007-11-17 06:00:00+00:00,0.0
2007-11-17 07:00:00+00:00,0.0
2007-11-17 08:00:00+00:00,0.0
2007-11-17 09:00:00+00:00,0.0
2007-11-17 10:00:00+00:00,0.0
2007-11-17 11:00:00+00:00,0.0
2007-11-17 12:00:00+00:00,0.0
2007-11-17 13:00:00+00:00,0.12322553
2007-11-17 14:00:00+00:00,0.40776527
2007-11-17 15:00:00+00:00,0.45190156
2007-11-17 16:00:00+00:00,0.47428682
2007-11-17 17:00:00+00:00,0.42112637
2007-11-17 18:00:00+00:00,0.39379808
2007-11-17 19:00:00+00:00,0.37520546
2007-11-17 20:00:00+00:00,0.5118541
2007-11-17 21:00:00+00:00,0.32347828
2007-11-17 22:00:00+00:00,0.058785968
2007-11-17 23:00:00+00:00,0.0
2007-11-18 00:00:00+00:00,0.0
2007-11-18 01:00:00+00:00,0.0
2007-11-18 02:00:00+00:00,0.0
2007-11-18 03:00:00+00:00,0.0
2007-11-18 04:00:00+00:00,0.0
2007-11-18 05:00:00+00:00,0.0
2007-11-18 06:00:00+00:00,0.0
2007-11-18 07:00:00+00:00,0.0
2007-11-18 08:00:00+00:00,0.0
2007-11-18 09:00:00+00:00,0.0
2007-11-18 10:00:00+00:00,0.0
2007-11-18 11:00:00+00:00,0.0
2007-11-18 12:00:00+00:00,0.0
2007-11-18 13:00:00+00:00,0.12732776
2007-11-18 14:00:00+00:00,0.44233096
2007-11-18 15:00:00+00:00,0.5204894
2007-11-18 16:00:00+00:00,0.49099449999999994
2007-11-18 17:00:00+00:00,0.45471000000000006
2007-11-18 18:00:00+00:00,0.4552994000000001
2007-11-18 19:00:00+00:00,0.47499764
2007-11-18 20:00:00+00:00,0.5004026
2007-11-18 21:00:00+00:00,0.29788790000000004
2007-11-18 22:00:00+00:00,0.03730727
2007-11-18 23:00:00+00:00,0.0
2007-11-19 00:00:00+00:00,0.0
2007-11-19 01:00:00+00:00,0.0
2007-11-19 02:00:00+00:00,0.0
2007-11-19 03:00:00+00:00,0.0
2007-11-19 04:00:00+00:00,0.0
2007-11-19 05:00:00+00:00,0.0
2007-11-19 06:00:00+00:00,0.0
2007-11-19 07:00:00+00:00,0.0
2007-11-19 08:00:00+00:00,0.0
2007-11-19 09:00:00+00:00,0.0
2007-11-19 10:00:00+00:00,0.0
2007-11-19 11:00:00+00:00,0.0
2007-11-19 12:00:00+00:00,0.0
2007-11-19 13:00:00+00:00,0.0075509623
2007-11-19 14:00:00+00:00,0.028940512
2007-11-19 15:00:00+00:00,0.09792797
2007-11-19 16:00:00+00:00,0.06846584
2007-11-19 17:00:00+00:00,0.1565902
2007-11-19 18:00:00+00:00,0.2219203
2007-11-19 19:00:00+00:00,0.0573867
2007-11-19 20:00:00+00:00,0.035997663
2007-11-19 21:00:00+00:00,0.011419831
2007-11-19 22:00:00+00:00,0.0
2007-11-19 23:00:00+00:00,0.0
2007-11-20 00:00:00+00:00,0.0
2007-11-20 01:00:00+00:00,0.0
2007-11-20 02:00:00+00:00,0.0
2007-11-20 03:00:00+00:00,0.0
2007-11-20 04:00:00+00:00,0.0
2007-11-20 05:00:00+00:00,0.0
2007-11-20 06:00:00+00:00,0.0
2007-11-20 07:00:00+00:00,0.0
2007-11-20 08:00:00+00:00,0.0
2007-11-20 09:00:00+00:00,0.0
2007-11-20 10:00:00+00:00,0.0
2007-11-20 11:00:00+00:00,0.0
2007-11-20 12:00:00+00:00,0.0
2007-11-20 13:00:00+00:00,0.11328741
2007-11-20 14:00:00+00:00,0.11258836
2007-11-20 15:00:00+00:00,0.08943077
2007-11-20 16:00:00+00:00,0.17337367
2007-11-20 17:00:00+00:00,0.29582220000000004
2007-11-20 18:00:00+00:00,0.29785243
2007-11-20 19:00:00+00:00,0.13620016
2007-11-20 20:00:00+00:00,0.1905674
2007-11-20 21:00:00+00:00,0.23921674
2007-11-20 22:00:00+00:00,0.03353872
2007-11-20 23:00:00+00:00,0.0
2007-11-21 00:00:00+00:00,0.0
2007-11-21 01:00:00+00:00,0.0
2007-11-21 02:00:00+00:00,0.0
2007-11-21 03:00:00+00:00,0.0
2007-11-21 04:00:00+00:00,0.0
2007-11-21 05:00:00+00:00,0.0
2007-11-21 06:00:00+00:00,0.0
2007-11-21 07:00:00+00:00,0.0
2007-11-21 08:00:00+00:00,0.0
2007-11-21 09:00:00+00:00,0.0
2007-11-21 10:00:00+00:00,0.0
2007-11-21 11:00:00+00:00,0.0
2007-11-21 12:00:00+00:00,0.0
2007-11-21 13:00:00+00:00,0.015552968
2007-11-21 14:00:00+00:00,0.10595325
2007-11-21 15:00:00+00:00,0.13798629
2007-11-21 16:00:00+00:00,0.14621994
2007-11-21 17:00:00+00:00,0.075914904
2007-11-21 18:00:00+00:00,0.14239992
2007-11-21 19:00:00+00:00,0.06974041
2007-11-21 20:00:00+00:00,0.02517858
2007-11-21 21:00:00+00:00,0.06027022
2007-11-21 22:00:00+00:00,0.0
2007-11-21 23:00:00+00:00,0.0
2007-11-22 00:00:00+00:00,0.0
2007-11-22 01:00:00+00:00,0.0
2007-11-22 02:00:00+00:00,0.0
2007-11-22 03:00:00+00:00,0.0
2007-11-22 04:00:00+00:00,0.0
2007-11-22 05:00:00+00:00,0.0
2007-11-22 06:00:00+00:00,0.0
2007-11-22 07:00:00+00:00,0.0
2007-11-22 08:00:00+00:00,0.0
2007-11-22 09:00:00+00:00,0.0
2007-11-22 10:00:00+00:00,0.0
2007-11-22 11:00:00+00:00,0.0
2007-11-22 12:00:00+00:00,0.0
2007-11-22 13:00:00+00:00,0.00011975256000000001
2007-11-22 14:00:00+00:00,0.117426015
2007-11-22 15:00:00+00:00,0.03413898
2007-11-22 16:00:00+00:00,0.08408618
2007-11-22 17:00:00+00:00,0.23645918
2007-11-22 18:00:00+00:00,0.18889849
2007-11-22 19:00:00+00:00,0.122593306
2007-11-22 20:00:00+00:00,0.17009342
2007-11-22 21:00:00+00:00,0.06702425
2007-11-22 22:00:00+00:00,0.023598881000000002
2007-11-22 23:00:00+00:00,0.0
2007-11-23 00:00:00+00:00,0.0
2007-11-23 01:00:00+00:00,0.0
2007-11-23 02:00:00+00:00,0.0
2007-11-23 03:00:00+00:00,0.0
2007-11-23 04:00:00+00:00,0.0
2007-11-23 05:00:00+00:00,0.0
2007-11-23 06:00:00+00:00,0.0
2007-11-23 07:00:00+00:00,0.0
2007-11-23 08:00:00+00:00,0.0
2007-11-23 09:00:00+00:00,0.0
2007-11-23 10:00:00+00:00,0.0
2007-11-23 11:00:00+00:00,0.0
2007-11-23 12:00:00+00:00,0.0
2007-11-23 13:00:00+00:00,0.10073092
2007-11-23 14:00:00+00:00,0.43117097
2007-11-23 15:00:00+00:00,0.29427662
2007-11-23 16:00:00+00:00,0.19444889
2007-11-23 17:00:00+00:00,0.13273439
2007-11-23 18:00:00+00:00,0.12403539599999999
2007-11-23 19:00:00+00:00,0.16076586
2007-11-23 20:00:00+00:00,0.13553122
2007-11-23 21:00:00+00:00,0.16949794
2007-11-23 22:00:00+00:00,0.020252064
2007-11-23 23:00:00+00:00,0.0
2007-11-24 00:00:00+00:00,0.0
2007-11-24 01:00:00+00:00,0.0
2007-11-24 02:00:00+00:00,0.0
2007-11-24 03:00:00+00:00,0.0
2007-11-24 04:00:00+00:00,0.0
2007-11-24 05:00:00+00:00,0.0
2007-11-24 06:00:00+00:00,0.0
2007-11-24 07:00:00+00:00,0.0
2007-11-24 08:00:00+00:00,0.0
2007-11-24 09:00:00+00:00,0.0
2007-11-24 10:00:00+00:00,0.0
2007-11-24 11:00:00+00:00,0.0
2007-11-24 12:00:00+00:00,0.0
2007-11-24 13:00:00+00:00,0.09823663
2007-11-24 14:00:00+00:00,0.23896764
2007-11-24 15:00:00+00:00,0.19132687
2007-11-24 16:00:00+00:00,0.23041533
2007-11-24 17:00:00+00:00,0.42495134
2007-11-24 18:00:00+00:00,0.20894282
2007-11-24 19:00:00+00:00,0.09687982
2007-11-24 20:00:00+00:00,0.09543754
2007-11-24 21:00:00+00:00,0.046366807
2007-11-24 22:00:00+00:00,0.0
2007-11-24 23:00:00+00:00,0.0
2007-11-25 00:00:00+00:00,0.0
2007-11-25 01:00:00+00:00,0.0
2007-11-25 02:00:00+00:00,0.0
2007-11-25 03:00:00+00:00,0.0
2007-11-25 04:00:00+00:00,0.0
2007-11-25 05:00:00+00:00,0.0
2007-11-25 06:00:00+00:00,0.0
2007-11-25 07:00:00+00:00,0.0
2007-11-25 08:00:00+00:00,0.0
2007-11-25 09:00:00+00:00,0.0
2007-11-25 10:00:00+00:00,0.0
2007-11-25 11:00:00+00:00,0.0
2007-11-25 12:00:00+00:00,0.0
2007-11-25 13:00:00+00:00,0.082496054
2007-11-25 14:00:00+00:00,0.08364809
2007-11-25 15:00:00+00:00,0.07835008
2007-11-25 16:00:00+00:00,0.08744347
2007-11-25 17:00:00+00:00,0.13687128
2007-11-25 18:00:00+00:00,0.39468536
2007-11-25 19:00:00+00:00,0.19965896
2007-11-25 20:00:00+00:00,0.13563952
2007-11-25 21:00:00+00:00,0.02447048
2007-11-25 22:00:00+00:00,0.0
2007-11-25 23:00:00+00:00,0.0
2007-11-26 00:00:00+00:00,0.0
2007-11-26 01:00:00+00:00,0.0
2007-11-26 02:00:00+00:00,0.0
2007-11-26 03:00:00+00:00,0.0
2007-11-26 04:00:00+00:00,0.0
2007-11-26 05:00:00+00:00,0.0
2007-11-26 06:00:00+00:00,0.0
2007-11-26 07:00:00+00:00,0.0
2007-11-26 08:00:00+00:00,0.0
2007-11-26 09:00:00+00:00,0.0
2007-11-26 10:00:00+00:00,0.0
2007-11-26 11:00:00+00:00,0.0
2007-11-26 12:00:00+00:00,0.0
2007-11-26 13:00:00+00:00,0.0028054847
2007-11-26 14:00:00+00:00,0.013000038
2007-11-26 15:00:00+00:00,0.07981014
2007-11-26 16:00:00+00:00,0.025797099
2007-11-26 17:00:00+00:00,0.01899793
2007-11-26 18:00:00+00:00,0.04921977599999999
2007-11-26 19:00:00+00:00,0.035742614
2007-11-26 20:00:00+00:00,0.027224412000000003
2007-11-26 21:00:00+00:00,0.061450955
2007-11-26 22:00:00+00:00,0.0
2007-11-26 23:00:00+00:00,0.0
2007-11-27 00:00:00+00:00,0.0
2007-11-27 01:00:00+00:00,0.0
2007-11-27 02:00:00+00:00,0.0
2007-11-27 03:00:00+00:00,0.0
2007-11-27 04:00:00+00:00,0.0
2007-11-27 05:00:00+00:00,0.0
2007-11-27 06:00:00+00:00,0.0
2007-11-27 07:00:00+00:00,0.0
2007-11-27 08:00:00+00:00,0.0
2007-11-27 09:00:00+00:00,0.0
2007-11-27 10:00:00+00:00,0.0
2007-11-27 11:00:00+00:00,0.0
2007-11-27 12:00:00+00:00,0.0
2007-11-27 13:00:00+00:00,0.07616904
2007-11-27 14:00:00+00:00,0.43402174
2007-11-27 15:00:00+00:00,0.5486072
2007-11-27 16:00:00+00:00,0.5071566
2007-11-27 17:00:00+00:00,0.46151143
2007-11-27 18:00:00+00:00,0.46205070000000004
2007-11-27 19:00:00+00:00,0.5041525
2007-11-27 20:00:00+00:00,0.53034365
2007-11-27 21:00:00+00:00,0.37832412
2007-11-27 22:00:00+00:00,1.3614417000000001e-05
2007-11-27 23:00:00+00:00,0.0
2007-11-28 00:00:00+00:00,0.0
2007-11-28 01:00:00+00:00,0.0
2007-11-28 02:00:00+00:00,0.0
2007-11-28 03:00:00+00:00,0.0
2007-11-28 04:00:00+00:00,0.0
2007-11-28 05:00:00+00:00,0.0
2007-11-28 06:00:00+00:00,0.0
2007-11-28 07:00:00+00:00,0.0
2007-11-28 08:00:00+00:00,0.0
2007-11-28 09:00:00+00:00,0.0
2007-11-28 10:00:00+00:00,0.0
2007-11-28 11:00:00+00:00,0.0
2007-11-28 12:00:00+00:00,0.0
2007-11-28 13:00:00+00:00,0.06898468
2007-11-28 14:00:00+00:00,0.20426236
2007-11-28 15:00:00+00:00,0.5443981999999999
2007-11-28 16:00:00+00:00,0.49651664
2007-11-28 17:00:00+00:00,0.44887698
2007-11-28 18:00:00+00:00,0.38366067
2007-11-28 19:00:00+00:00,0.39521173
2007-11-28 20:00:00+00:00,0.25953925
2007-11-28 21:00:00+00:00,0.18184069
2007-11-28 22:00:00+00:00,0.0
2007-11-28 23:00:00+00:00,0.0
2007-11-29 00:00:00+00:00,0.0
2007-11-29 01:00:00+00:00,0.0
2007-11-29 02:00:00+00:00,0.0
2007-11-29 03:00:00+00:00,0.0
2007-11-29 04:00:00+00:00,0.0
2007-11-29 05:00:00+00:00,0.0
2007-11-29 06:00:00+00:00,0.0
2007-11-29 07:00:00+00:00,0.0
2007-11-29 08:00:00+00:00,0.0
2007-11-29 09:00:00+00:00,0.0
2007-11-29 10:00:00+00:00,0.0
2007-11-29 11:00:00+00:00,0.0
2007-11-29 12:00:00+00:00,0.0
2007-11-29 13:00:00+00:00,0.058836572000000004
2007-11-29 14:00:00+00:00,0.44249266
2007-11-29 15:00:00+00:00,0.56396043
2007-11-29 16:00:00+00:00,0.52228934
2007-11-29 17:00:00+00:00,0.47359875
2007-11-29 18:00:00+00:00,0.47516220000000003
2007-11-29 19:00:00+00:00,0.5201179
2007-11-29 20:00:00+00:00,0.5513607
2007-11-29 21:00:00+00:00,0.40322948
2007-11-29 22:00:00+00:00,0.0
2007-11-29 23:00:00+00:00,0.0
2007-11-30 00:00:00+00:00,0.0
2007-11-30 01:00:00+00:00,0.0
2007-11-30 02:00:00+00:00,0.0
2007-11-30 03:00:00+00:00,0.0
2007-11-30 04:00:00+00:00,0.0
2007-11-30 05:00:00+00:00,0.0
2007-11-30 06:00:00+00:00,0.0
2007-11-30 07:00:00+00:00,0.0
2007-11-30 08:00:00+00:00,0.0
2007-11-30 09:00:00+00:00,0.0
2007-11-30 10:00:00+00:00,0.0
2007-11-30 11:00:00+00:00,0.0
2007-11-30 12:00:00+00:00,0.0
2007-11-30 13:00:00+00:00,0.047592506
2007-11-30 14:00:00+00:00,0.42642240000000003
2007-11-30 15:00:00+00:00,0.54065543
2007-11-30 16:00:00+00:00,0.50306284
2007-11-30 17:00:00+00:00,0.45842344
2007-11-30 18:00:00+00:00,0.45890190000000003
2007-11-30 19:00:00+00:00,0.5014314999999999
2007-11-30 20:00:00+00:00,0.42613888
2007-11-30 21:00:00+00:00,0.18580101
2007-11-30 22:00:00+00:00,0.0
2007-11-30 23:00:00+00:00,0.0
2007-12-01 00:00:00+00:00,0.0
2007-12-01 01:00:00+00:00,0.0
2007-12-01 02:00:00+00:00,0.0
2007-12-01 03:00:00+00:00,0.0
2007-12-01 04:00:00+00:00,0.0
2007-12-01 05:00:00+00:00,0.0
2007-12-01 06:00:00+00:00,0.0
2007-12-01 07:00:00+00:00,0.0
2007-12-01 08:00:00+00:00,0.0
2007-12-01 09:00:00+00:00,0.0
2007-12-01 10:00:00+00:00,0.0
2007-12-01 11:00:00+00:00,0.0
2007-12-01 12:00:00+00:00,0.0
2007-12-01 13:00:00+00:00,0.03293093
2007-12-01 14:00:00+00:00,0.38743106
2007-12-01 15:00:00+00:00,0.19788247
2007-12-01 16:00:00+00:00,0.08950017
2007-12-01 17:00:00+00:00,0.12809941
2007-12-01 18:00:00+00:00,0.14803106
2007-12-01 19:00:00+00:00,0.07889137
2007-12-01 20:00:00+00:00,0.039303925
2007-12-01 21:00:00+00:00,0.17206284
2007-12-01 22:00:00+00:00,0.0
2007-12-01 23:00:00+00:00,0.0
2007-12-02 00:00:00+00:00,0.0
2007-12-02 01:00:00+00:00,0.0
2007-12-02 02:00:00+00:00,0.0
2007-12-02 03:00:00+00:00,0.0
2007-12-02 04:00:00+00:00,0.0
2007-12-02 05:00:00+00:00,0.0
2007-12-02 06:00:00+00:00,0.0
2007-12-02 07:00:00+00:00,0.0
2007-12-02 08:00:00+00:00,0.0
2007-12-02 09:00:00+00:00,0.0
2007-12-02 10:00:00+00:00,0.0
2007-12-02 11:00:00+00:00,0.0
2007-12-02 12:00:00+00:00,0.0
2007-12-02 13:00:00+00:00,0.0
2007-12-02 14:00:00+00:00,6.31441e-05
2007-12-02 15:00:00+00:00,0.018395878
2007-12-02 16:00:00+00:00,0.057251505999999994
2007-12-02 17:00:00+00:00,0.019434178
2007-12-02 18:00:00+00:00,0.028977367999999996
2007-12-02 19:00:00+00:00,0.034362227
2007-12-02 20:00:00+00:00,0.06361944
2007-12-02 21:00:00+00:00,0.009201769
2007-12-02 22:00:00+00:00,0.0
2007-12-02 23:00:00+00:00,0.0
2007-12-03 00:00:00+00:00,0.0
2007-12-03 01:00:00+00:00,0.0
2007-12-03 02:00:00+00:00,0.0
2007-12-03 03:00:00+00:00,0.0
2007-12-03 04:00:00+00:00,0.0
2007-12-03 05:00:00+00:00,0.0
2007-12-03 06:00:00+00:00,0.0
2007-12-03 07:00:00+00:00,0.0
2007-12-03 08:00:00+00:00,0.0
2007-12-03 09:00:00+00:00,0.0
2007-12-03 10:00:00+00:00,0.0
2007-12-03 11:00:00+00:00,0.0
2007-12-03 12:00:00+00:00,0.0
2007-12-03 13:00:00+00:00,0.0083379615
2007-12-03 14:00:00+00:00,0.2835614
2007-12-03 15:00:00+00:00,0.35453229999999997
2007-12-03 16:00:00+00:00,0.37556437
2007-12-03 17:00:00+00:00,0.23492959
2007-12-03 18:00:00+00:00,0.4350645
2007-12-03 19:00:00+00:00,0.5106223
2007-12-03 20:00:00+00:00,0.53747576
2007-12-03 21:00:00+00:00,0.37703773
2007-12-03 22:00:00+00:00,0.0
2007-12-03 23:00:00+00:00,0.0
2007-12-04 00:00:00+00:00,0.0
2007-12-04 01:00:00+00:00,0.0
2007-12-04 02:00:00+00:00,0.0
2007-12-04 03:00:00+00:00,0.0
2007-12-04 04:00:00+00:00,0.0
2007-12-04 05:00:00+00:00,0.0
2007-12-04 06:00:00+00:00,0.0
2007-12-04 07:00:00+00:00,0.0
2007-12-04 08:00:00+00:00,0.0
2007-12-04 09:00:00+00:00,0.0
2007-12-04 10:00:00+00:00,0.0
2007-12-04 11:00:00+00:00,0.0
2007-12-04 12:00:00+00:00,0.0
2007-12-04 13:00:00+00:00,0.0
2007-12-04 14:00:00+00:00,0.23156208
2007-12-04 15:00:00+00:00,0.36230603
2007-12-04 16:00:00+00:00,0.23962748
2007-12-04 17:00:00+00:00,0.28390312
2007-12-04 18:00:00+00:00,0.28487632
2007-12-04 19:00:00+00:00,0.26828247
2007-12-04 20:00:00+00:00,0.24624105
2007-12-04 21:00:00+00:00,0.16231182
2007-12-04 22:00:00+00:00,0.0
2007-12-04 23:00:00+00:00,0.0
2007-12-05 00:00:00+00:00,0.0
2007-12-05 01:00:00+00:00,0.0
2007-12-05 02:00:00+00:00,0.0
2007-12-05 03:00:00+00:00,0.0
2007-12-05 04:00:00+00:00,0.0
2007-12-05 05:00:00+00:00,0.0
2007-12-05 06:00:00+00:00,0.0
2007-12-05 07:00:00+00:00,0.0
2007-12-05 08:00:00+00:00,0.0
2007-12-05 09:00:00+00:00,0.0
2007-12-05 10:00:00+00:00,0.0
2007-12-05 11:00:00+00:00,0.0
2007-12-05 12:00:00+00:00,0.0
2007-12-05 13:00:00+00:00,0.0
2007-12-05 14:00:00+00:00,0.013980746
2007-12-05 15:00:00+00:00,0.030944898999999998
2007-12-05 16:00:00+00:00,0.01101799
2007-12-05 17:00:00+00:00,0.020677954
2007-12-05 18:00:00+00:00,0.016381178
2007-12-05 19:00:00+00:00,0.014516396
2007-12-05 20:00:00+00:00,0.00991026
2007-12-05 21:00:00+00:00,0.0013238024
2007-12-05 22:00:00+00:00,0.0
2007-12-05 23:00:00+00:00,0.0
2007-12-06 00:00:00+00:00,0.0
2007-12-06 01:00:00+00:00,0.0
2007-12-06 02:00:00+00:00,0.0
2007-12-06 03:00:00+00:00,0.0
2007-12-06 04:00:00+00:00,0.0
2007-12-06 05:00:00+00:00,0.0
2007-12-06 06:00:00+00:00,0.0
2007-12-06 07:00:00+00:00,0.0
2007-12-06 08:00:00+00:00,0.0
2007-12-06 09:00:00+00:00,0.0
2007-12-06 10:00:00+00:00,0.0
2007-12-06 11:00:00+00:00,0.0
2007-12-06 12:00:00+00:00,0.0
2007-12-06 13:00:00+00:00,0.0
2007-12-06 14:00:00+00:00,0.37540075
2007-12-06 15:00:00+00:00,0.5127478
2007-12-06 16:00:00+00:00,0.4587299
2007-12-06 17:00:00+00:00,0.22897558
2007-12-06 18:00:00+00:00,0.29675668
2007-12-06 19:00:00+00:00,0.32134756
2007-12-06 20:00:00+00:00,0.29320240000000003
2007-12-06 21:00:00+00:00,0.3666339
2007-12-06 22:00:00+00:00,0.0
2007-12-06 23:00:00+00:00,0.0
2007-12-07 00:00:00+00:00,0.0
2007-12-07 01:00:00+00:00,0.0
2007-12-07 02:00:00+00:00,0.0
2007-12-07 03:00:00+00:00,0.0
2007-12-07 04:00:00+00:00,0.0
2007-12-07 05:00:00+00:00,0.0
2007-12-07 06:00:00+00:00,0.0
2007-12-07 07:00:00+00:00,0.0
2007-12-07 08:00:00+00:00,0.0
2007-12-07 09:00:00+00:00,0.0
2007-12-07 10:00:00+00:00,0.0
2007-12-07 11:00:00+00:00,0.0
2007-12-07 12:00:00+00:00,0.0
2007-12-07 13:00:00+00:00,0.0
2007-12-07 14:00:00+00:00,0.00028539644
2007-12-07 15:00:00+00:00,0.0055863764
2007-12-07 16:00:00+00:00,0.014714473
2007-12-07 17:00:00+00:00,0.04044009
2007-12-07 18:00:00+00:00,0.059482682
2007-12-07 19:00:00+00:00,0.1193246
2007-12-07 20:00:00+00:00,0.09993745
2007-12-07 21:00:00+00:00,0.018269895
2007-12-07 22:00:00+00:00,0.0
2007-12-07 23:00:00+00:00,0.0
2007-12-08 00:00:00+00:00,0.0
2007-12-08 01:00:00+00:00,0.0
2007-12-08 02:00:00+00:00,0.0
2007-12-08 03:00:00+00:00,0.0
2007-12-08 04:00:00+00:00,0.0
2007-12-08 05:00:00+00:00,0.0
2007-12-08 06:00:00+00:00,0.0
2007-12-08 07:00:00+00:00,0.0
2007-12-08 08:00:00+00:00,0.0
2007-12-08 09:00:00+00:00,0.0
2007-12-08 10:00:00+00:00,0.0
2007-12-08 11:00:00+00:00,0.0
2007-12-08 12:00:00+00:00,0.0
2007-12-08 13:00:00+00:00,0.0
2007-12-08 14:00:00+00:00,0.20539601
2007-12-08 15:00:00+00:00,0.006995024599999999
2007-12-08 16:00:00+00:00,0.014308073999999999
2007-12-08 17:00:00+00:00,0.082968235
2007-12-08 18:00:00+00:00,0.046160884000000006
2007-12-08 19:00:00+00:00,0.19081718
2007-12-08 20:00:00+00:00,0.008569781
2007-12-08 21:00:00+00:00,0.023293924
2007-12-08 22:00:00+00:00,0.0
2007-12-08 23:00:00+00:00,0.0
2007-12-09 00:00:00+00:00,0.0
2007-12-09 01:00:00+00:00,0.0
2007-12-09 02:00:00+00:00,0.0
2007-12-09 03:00:00+00:00,0.0
2007-12-09 04:00:00+00:00,0.0
2007-12-09 05:00:00+00:00,0.0
2007-12-09 06:00:00+00:00,0.0
2007-12-09 07:00:00+00:00,0.0
2007-12-09 08:00:00+00:00,0.0
2007-12-09 09:00:00+00:00,0.0
2007-12-09 10:00:00+00:00,0.0
2007-12-09 11:00:00+00:00,0.0
2007-12-09 12:00:00+00:00,0.0
2007-12-09 13:00:00+00:00,0.0
2007-12-09 14:00:00+00:00,0.009913893
2007-12-09 15:00:00+00:00,0.047127023
2007-12-09 16:00:00+00:00,0.09085123
2007-12-09 17:00:00+00:00,0.044889238
2007-12-09 18:00:00+00:00,0.024588463999999997
2007-12-09 19:00:00+00:00,0.0053843497
2007-12-09 20:00:00+00:00,0.015632607
2007-12-09 21:00:00+00:00,0.006777190600000001
2007-12-09 22:00:00+00:00,0.0
2007-12-09 23:00:00+00:00,0.0
2007-12-10 00:00:00+00:00,0.0
2007-12-10 01:00:00+00:00,0.0
2007-12-10 02:00:00+00:00,0.0
2007-12-10 03:00:00+00:00,0.0
2007-12-10 04:00:00+00:00,0.0
2007-12-10 05:00:00+00:00,0.0
2007-12-10 06:00:00+00:00,0.0
2007-12-10 07:00:00+00:00,0.0
2007-12-10 08:00:00+00:00,0.0
2007-12-10 09:00:00+00:00,0.0
2007-12-10 10:00:00+00:00,0.0
2007-12-10 11:00:00+00:00,0.0
2007-12-10 12:00:00+00:00,0.0
2007-12-10 13:00:00+00:00,0.0
2007-12-10 14:00:00+00:00,0.0
2007-12-10 15:00:00+00:00,0.014822263
2007-12-10 16:00:00+00:00,0.02739891
2007-12-10 17:00:00+00:00,0.017398346000000002
2007-12-10 18:00:00+00:00,0.07208795
2007-12-10 19:00:00+00:00,0.086408876
2007-12-10 20:00:00+00:00,0.026594873999999998
2007-12-10 21:00:00+00:00,0.034542955
2007-12-10 22:00:00+00:00,0.0
2007-12-10 23:00:00+00:00,0.0
2007-12-11 00:00:00+00:00,0.0
2007-12-11 01:00:00+00:00,0.0
2007-12-11 02:00:00+00:00,0.0
2007-12-11 03:00:00+00:00,0.0
2007-12-11 04:00:00+00:00,0.0
2007-12-11 05:00:00+00:00,0.0
2007-12-11 06:00:00+00:00,0.0
2007-12-11 07:00:00+00:00,0.0
2007-12-11 08:00:00+00:00,0.0
2007-12-11 09:00:00+00:00,0.0
2007-12-11 10:00:00+00:00,0.0
2007-12-11 11:00:00+00:00,0.0
2007-12-11 12:00:00+00:00,0.0
2007-12-11 13:00:00+00:00,0.0
2007-12-11 14:00:00+00:00,0.19823305
2007-12-11 15:00:00+00:00,0.43607196
2007-12-11 16:00:00+00:00,0.42318958
2007-12-11 17:00:00+00:00,0.3444583
2007-12-11 18:00:00+00:00,0.29238802
2007-12-11 19:00:00+00:00,0.09103834
2007-12-11 20:00:00+00:00,0.024834676
2007-12-11 21:00:00+00:00,0.13739505
2007-12-11 22:00:00+00:00,0.0
2007-12-11 23:00:00+00:00,0.0
2007-12-12 00:00:00+00:00,0.0
2007-12-12 01:00:00+00:00,0.0
2007-12-12 02:00:00+00:00,0.0
2007-12-12 03:00:00+00:00,0.0
2007-12-12 04:00:00+00:00,0.0
2007-12-12 05:00:00+00:00,0.0
2007-12-12 06:00:00+00:00,0.0
2007-12-12 07:00:00+00:00,0.0
2007-12-12 08:00:00+00:00,0.0
2007-12-12 09:00:00+00:00,0.0
2007-12-12 10:00:00+00:00,0.0
2007-12-12 11:00:00+00:00,0.0
2007-12-12 12:00:00+00:00,0.0
2007-12-12 13:00:00+00:00,0.0
2007-12-12 14:00:00+00:00,0.016145779
2007-12-12 15:00:00+00:00,0.05284358
2007-12-12 16:00:00+00:00,0.042447824
2007-12-12 17:00:00+00:00,0.04106991
2007-12-12 18:00:00+00:00,0.075581804
2007-12-12 19:00:00+00:00,0.09221886
2007-12-12 20:00:00+00:00,0.0039275587
2007-12-12 21:00:00+00:00,0.04328053
2007-12-12 22:00:00+00:00,0.0
2007-12-12 23:00:00+00:00,0.0
2007-12-13 00:00:00+00:00,0.0
2007-12-13 01:00:00+00:00,0.0
2007-12-13 02:00:00+00:00,0.0
2007-12-13 03:00:00+00:00,0.0
2007-12-13 04:00:00+00:00,0.0
2007-12-13 05:00:00+00:00,0.0
2007-12-13 06:00:00+00:00,0.0
2007-12-13 07:00:00+00:00,0.0
2007-12-13 08:00:00+00:00,0.0
2007-12-13 09:00:00+00:00,0.0
2007-12-13 10:00:00+00:00,0.0
2007-12-13 11:00:00+00:00,0.0
2007-12-13 12:00:00+00:00,0.0
2007-12-13 13:00:00+00:00,0.0
2007-12-13 14:00:00+00:00,0.0054912325
2007-12-13 15:00:00+00:00,0.007841619000000001
2007-12-13 16:00:00+00:00,0.04394131
2007-12-13 17:00:00+00:00,0.12861599
2007-12-13 18:00:00+00:00,0.028456422999999998
2007-12-13 19:00:00+00:00,0.019966435
2007-12-13 20:00:00+00:00,0.03803654
2007-12-13 21:00:00+00:00,0.023214286
2007-12-13 22:00:00+00:00,0.0
2007-12-13 23:00:00+00:00,0.0
2007-12-14 00:00:00+00:00,0.0
2007-12-14 01:00:00+00:00,0.0
2007-12-14 02:00:00+00:00,0.0
2007-12-14 03:00:00+00:00,0.0
2007-12-14 04:00:00+00:00,0.0
2007-12-14 05:00:00+00:00,0.0
2007-12-14 06:00:00+00:00,0.0
2007-12-14 07:00:00+00:00,0.0
2007-12-14 08:00:00+00:00,0.0
2007-12-14 09:00:00+00:00,0.0
2007-12-14 10:00:00+00:00,0.0
2007-12-14 11:00:00+00:00,0.0
2007-12-14 12:00:00+00:00,0.0
2007-12-14 13:00:00+00:00,0.0
2007-12-14 14:00:00+00:00,7.352178e-05
2007-12-14 15:00:00+00:00,0.008017146
2007-12-14 16:00:00+00:00,0.03942381
2007-12-14 17:00:00+00:00,0.08499407
2007-12-14 18:00:00+00:00,0.08595959
2007-12-14 19:00:00+00:00,0.07709267
2007-12-14 20:00:00+00:00,0.038235925
2007-12-14 21:00:00+00:00,0.049710818
2007-12-14 22:00:00+00:00,0.0
2007-12-14 23:00:00+00:00,0.0
2007-12-15 00:00:00+00:00,0.0
2007-12-15 01:00:00+00:00,0.0
2007-12-15 02:00:00+00:00,0.0
2007-12-15 03:00:00+00:00,0.0
2007-12-15 04:00:00+00:00,0.0
2007-12-15 05:00:00+00:00,0.0
2007-12-15 06:00:00+00:00,0.0
2007-12-15 07:00:00+00:00,0.0
2007-12-15 08:00:00+00:00,0.0
2007-12-15 09:00:00+00:00,0.0
2007-12-15 10:00:00+00:00,0.0
2007-12-15 11:00:00+00:00,0.0
2007-12-15 12:00:00+00:00,0.0
2007-12-15 13:00:00+00:00,0.0
2007-12-15 14:00:00+00:00,0.0017105254
2007-12-15 15:00:00+00:00,0.0053779553
2007-12-15 16:00:00+00:00,0.004526009
2007-12-15 17:00:00+00:00,0.03147879
2007-12-15 18:00:00+00:00,0.037928645
2007-12-15 19:00:00+00:00,0.042526506
2007-12-15 20:00:00+00:00,0.0063751885
2007-12-15 21:00:00+00:00,0.06022377
2007-12-15 22:00:00+00:00,0.0
2007-12-15 23:00:00+00:00,0.0
2007-12-16 00:00:00+00:00,0.0
2007-12-16 01:00:00+00:00,0.0
2007-12-16 02:00:00+00:00,0.0
2007-12-16 03:00:00+00:00,0.0
2007-12-16 04:00:00+00:00,0.0
2007-12-16 05:00:00+00:00,0.0
2007-12-16 06:00:00+00:00,0.0
2007-12-16 07:00:00+00:00,0.0
2007-12-16 08:00:00+00:00,0.0
2007-12-16 09:00:00+00:00,0.0
2007-12-16 10:00:00+00:00,0.0
2007-12-16 11:00:00+00:00,0.0
2007-12-16 12:00:00+00:00,0.0
2007-12-16 13:00:00+00:00,0.0
2007-12-16 14:00:00+00:00,0.00030494150000000004
2007-12-16 15:00:00+00:00,0.009666068
2007-12-16 16:00:00+00:00,0.014107538999999999
2007-12-16 17:00:00+00:00,0.026970565
2007-12-16 18:00:00+00:00,0.023606547999999998
2007-12-16 19:00:00+00:00,0.021398972999999998
2007-12-16 20:00:00+00:00,0.008631208000000001
2007-12-16 21:00:00+00:00,0.0090563465
2007-12-16 22:00:00+00:00,0.0
2007-12-16 23:00:00+00:00,0.0
2007-12-17 00:00:00+00:00,0.0
2007-12-17 01:00:00+00:00,0.0
2007-12-17 02:00:00+00:00,0.0
2007-12-17 03:00:00+00:00,0.0
2007-12-17 04:00:00+00:00,0.0
2007-12-17 05:00:00+00:00,0.0
2007-12-17 06:00:00+00:00,0.0
2007-12-17 07:00:00+00:00,0.0
2007-12-17 08:00:00+00:00,0.0
2007-12-17 09:00:00+00:00,0.0
2007-12-17 10:00:00+00:00,0.0
2007-12-17 11:00:00+00:00,0.0
2007-12-17 12:00:00+00:00,0.0
2007-12-17 13:00:00+00:00,0.0
2007-12-17 14:00:00+00:00,0.09676495
2007-12-17 15:00:00+00:00,0.15040134
2007-12-17 16:00:00+00:00,0.16404268
2007-12-17 17:00:00+00:00,0.45174572
2007-12-17 18:00:00+00:00,0.4443356
2007-12-17 19:00:00+00:00,0.48888838
2007-12-17 20:00:00+00:00,0.5192139
2007-12-17 21:00:00+00:00,0.37293229
2007-12-17 22:00:00+00:00,0.0
2007-12-17 23:00:00+00:00,0.0
2007-12-18 00:00:00+00:00,0.0
2007-12-18 01:00:00+00:00,0.0
2007-12-18 02:00:00+00:00,0.0
2007-12-18 03:00:00+00:00,0.0
2007-12-18 04:00:00+00:00,0.0
2007-12-18 05:00:00+00:00,0.0
2007-12-18 06:00:00+00:00,0.0
2007-12-18 07:00:00+00:00,0.0
2007-12-18 08:00:00+00:00,0.0
2007-12-18 09:00:00+00:00,0.0
2007-12-18 10:00:00+00:00,0.0
2007-12-18 11:00:00+00:00,0.0
2007-12-18 12:00:00+00:00,0.0
2007-12-18 13:00:00+00:00,0.0
2007-12-18 14:00:00+00:00,0.16033876
2007-12-18 15:00:00+00:00,0.3739094
2007-12-18 16:00:00+00:00,0.38207802
2007-12-18 17:00:00+00:00,0.31057227
2007-12-18 18:00:00+00:00,0.25024378
2007-12-18 19:00:00+00:00,0.28490248
2007-12-18 20:00:00+00:00,0.3577309
2007-12-18 21:00:00+00:00,0.18828729
2007-12-18 22:00:00+00:00,0.0
2007-12-18 23:00:00+00:00,0.0
2007-12-19 00:00:00+00:00,0.0
2007-12-19 01:00:00+00:00,0.0
2007-12-19 02:00:00+00:00,0.0
2007-12-19 03:00:00+00:00,0.0
2007-12-19 04:00:00+00:00,0.0
2007-12-19 05:00:00+00:00,0.0
2007-12-19 06:00:00+00:00,0.0
2007-12-19 07:00:00+00:00,0.0
2007-12-19 08:00:00+00:00,0.0
2007-12-19 09:00:00+00:00,0.0
2007-12-19 10:00:00+00:00,0.0
2007-12-19 11:00:00+00:00,0.0
2007-12-19 12:00:00+00:00,0.0
2007-12-19 13:00:00+00:00,0.0
2007-12-19 14:00:00+00:00,0.26617005
2007-12-19 15:00:00+00:00,0.1929023
2007-12-19 16:00:00+00:00,0.29024282
2007-12-19 17:00:00+00:00,0.31277340000000003
2007-12-19 18:00:00+00:00,0.35216647
2007-12-19 19:00:00+00:00,0.46193984
2007-12-19 20:00:00+00:00,0.49067962
2007-12-19 21:00:00+00:00,0.36300957
2007-12-19 22:00:00+00:00,0.002018657
2007-12-19 23:00:00+00:00,0.0
2007-12-20 00:00:00+00:00,0.0
2007-12-20 01:00:00+00:00,0.0
2007-12-20 02:00:00+00:00,0.0
2007-12-20 03:00:00+00:00,0.0
2007-12-20 04:00:00+00:00,0.0
2007-12-20 05:00:00+00:00,0.0
2007-12-20 06:00:00+00:00,0.0
2007-12-20 07:00:00+00:00,0.0
2007-12-20 08:00:00+00:00,0.0
2007-12-20 09:00:00+00:00,0.0
2007-12-20 10:00:00+00:00,0.0
2007-12-20 11:00:00+00:00,0.0
2007-12-20 12:00:00+00:00,0.0
2007-12-20 13:00:00+00:00,0.0
2007-12-20 14:00:00+00:00,0.29064316
2007-12-20 15:00:00+00:00,0.48212048
2007-12-20 16:00:00+00:00,0.46141750000000004
2007-12-20 17:00:00+00:00,0.4148749
2007-12-20 18:00:00+00:00,0.18969567
2007-12-20 19:00:00+00:00,0.10273855
2007-12-20 20:00:00+00:00,0.072155476
2007-12-20 21:00:00+00:00,0.036673516
2007-12-20 22:00:00+00:00,0.0
2007-12-20 23:00:00+00:00,0.0
2007-12-21 00:00:00+00:00,0.0
2007-12-21 01:00:00+00:00,0.0
2007-12-21 02:00:00+00:00,0.0
2007-12-21 03:00:00+00:00,0.0
2007-12-21 04:00:00+00:00,0.0
2007-12-21 05:00:00+00:00,0.0
2007-12-21 06:00:00+00:00,0.0
2007-12-21 07:00:00+00:00,0.0
2007-12-21 08:00:00+00:00,0.0
2007-12-21 09:00:00+00:00,0.0
2007-12-21 10:00:00+00:00,0.0
2007-12-21 11:00:00+00:00,0.0
2007-12-21 12:00:00+00:00,0.0
2007-12-21 13:00:00+00:00,0.0
2007-12-21 14:00:00+00:00,0.029549113
2007-12-21 15:00:00+00:00,0.07927617
2007-12-21 16:00:00+00:00,0.11072499
2007-12-21 17:00:00+00:00,0.10924005
2007-12-21 18:00:00+00:00,0.1310332
2007-12-21 19:00:00+00:00,0.07981218400000001
2007-12-21 20:00:00+00:00,0.101064175
2007-12-21 21:00:00+00:00,0.031144777000000002
2007-12-21 22:00:00+00:00,0.0029338019
2007-12-21 23:00:00+00:00,0.0
2007-12-22 00:00:00+00:00,0.0
2007-12-22 01:00:00+00:00,0.0
2007-12-22 02:00:00+00:00,0.0
2007-12-22 03:00:00+00:00,0.0
2007-12-22 04:00:00+00:00,0.0
2007-12-22 05:00:00+00:00,0.0
2007-12-22 06:00:00+00:00,0.0
2007-12-22 07:00:00+00:00,0.0
2007-12-22 08:00:00+00:00,0.0
2007-12-22 09:00:00+00:00,0.0
2007-12-22 10:00:00+00:00,0.0
2007-12-22 11:00:00+00:00,0.0
2007-12-22 12:00:00+00:00,0.0
2007-12-22 13:00:00+00:00,0.0
2007-12-22 14:00:00+00:00,0.21451314
2007-12-22 15:00:00+00:00,0.21314648
2007-12-22 16:00:00+00:00,0.2717417
2007-12-22 17:00:00+00:00,0.31036529999999996
2007-12-22 18:00:00+00:00,0.40565193
2007-12-22 19:00:00+00:00,0.44554356
2007-12-22 20:00:00+00:00,0.47778237
2007-12-22 21:00:00+00:00,0.15127616
2007-12-22 22:00:00+00:00,0.018526334
2007-12-22 23:00:00+00:00,0.0
2007-12-23 00:00:00+00:00,0.0
2007-12-23 01:00:00+00:00,0.0
2007-12-23 02:00:00+00:00,0.0
2007-12-23 03:00:00+00:00,0.0
2007-12-23 04:00:00+00:00,0.0
2007-12-23 05:00:00+00:00,0.0
2007-12-23 06:00:00+00:00,0.0
2007-12-23 07:00:00+00:00,0.0
2007-12-23 08:00:00+00:00,0.0
2007-12-23 09:00:00+00:00,0.0
2007-12-23 10:00:00+00:00,0.0
2007-12-23 11:00:00+00:00,0.0
2007-12-23 12:00:00+00:00,0.0
2007-12-23 13:00:00+00:00,0.0
2007-12-23 14:00:00+00:00,0.023461448
2007-12-23 15:00:00+00:00,0.009551671
2007-12-23 16:00:00+00:00,0.040193337999999995
2007-12-23 17:00:00+00:00,0.27988932
2007-12-23 18:00:00+00:00,0.45455150000000005
2007-12-23 19:00:00+00:00,0.49737370000000003
2007-12-23 20:00:00+00:00,0.53706986
2007-12-23 21:00:00+00:00,0.39978844
2007-12-23 22:00:00+00:00,0.02767
2007-12-23 23:00:00+00:00,0.0
2007-12-24 00:00:00+00:00,0.0
2007-12-24 01:00:00+00:00,0.0
2007-12-24 02:00:00+00:00,0.0
2007-12-24 03:00:00+00:00,0.0
2007-12-24 04:00:00+00:00,0.0
2007-12-24 05:00:00+00:00,0.0
2007-12-24 06:00:00+00:00,0.0
2007-12-24 07:00:00+00:00,0.0
2007-12-24 08:00:00+00:00,0.0
2007-12-24 09:00:00+00:00,0.0
2007-12-24 10:00:00+00:00,0.0
2007-12-24 11:00:00+00:00,0.0
2007-12-24 12:00:00+00:00,0.0
2007-12-24 13:00:00+00:00,0.0
2007-12-24 14:00:00+00:00,0.30017608
2007-12-24 15:00:00+00:00,0.507173
2007-12-24 16:00:00+00:00,0.4880882
2007-12-24 17:00:00+00:00,0.4374452999999999
2007-12-24 18:00:00+00:00,0.42927992
2007-12-24 19:00:00+00:00,0.46988690000000005
2007-12-24 20:00:00+00:00,0.50331557
2007-12-24 21:00:00+00:00,0.3816031
2007-12-24 22:00:00+00:00,0.033579557999999995
2007-12-24 23:00:00+00:00,0.0
2007-12-25 00:00:00+00:00,0.0
2007-12-25 01:00:00+00:00,0.0
2007-12-25 02:00:00+00:00,0.0
2007-12-25 03:00:00+00:00,0.0
2007-12-25 04:00:00+00:00,0.0
2007-12-25 05:00:00+00:00,0.0
2007-12-25 06:00:00+00:00,0.0
2007-12-25 07:00:00+00:00,0.0
2007-12-25 08:00:00+00:00,0.0
2007-12-25 09:00:00+00:00,0.0
2007-12-25 10:00:00+00:00,0.0
2007-12-25 11:00:00+00:00,0.0
2007-12-25 12:00:00+00:00,0.0
2007-12-25 13:00:00+00:00,0.0
2007-12-25 14:00:00+00:00,0.30932957
2007-12-25 15:00:00+00:00,0.51501393
2007-12-25 16:00:00+00:00,0.48060879999999995
2007-12-25 17:00:00+00:00,0.42849958
2007-12-25 18:00:00+00:00,0.41912887
2007-12-25 19:00:00+00:00,0.4615968
2007-12-25 20:00:00+00:00,0.49734625
2007-12-25 21:00:00+00:00,0.30306077
2007-12-25 22:00:00+00:00,0.031456668
2007-12-25 23:00:00+00:00,0.0
2007-12-26 00:00:00+00:00,0.0
2007-12-26 01:00:00+00:00,0.0
2007-12-26 02:00:00+00:00,0.0
2007-12-26 03:00:00+00:00,0.0
2007-12-26 04:00:00+00:00,0.0
2007-12-26 05:00:00+00:00,0.0
2007-12-26 06:00:00+00:00,0.0
2007-12-26 07:00:00+00:00,0.0
2007-12-26 08:00:00+00:00,0.0
2007-12-26 09:00:00+00:00,0.0
2007-12-26 10:00:00+00:00,0.0
2007-12-26 11:00:00+00:00,0.0
2007-12-26 12:00:00+00:00,0.0
2007-12-26 13:00:00+00:00,0.0
2007-12-26 14:00:00+00:00,0.030803927999999998
2007-12-26 15:00:00+00:00,0.33878967
2007-12-26 16:00:00+00:00,0.47389495
2007-12-26 17:00:00+00:00,0.42137915
2007-12-26 18:00:00+00:00,0.41029587
2007-12-26 19:00:00+00:00,0.44969726
2007-12-26 20:00:00+00:00,0.49267194
2007-12-26 21:00:00+00:00,0.38840768
2007-12-26 22:00:00+00:00,0.04501075
2007-12-26 23:00:00+00:00,0.0
2007-12-27 00:00:00+00:00,0.0
2007-12-27 01:00:00+00:00,0.0
2007-12-27 02:00:00+00:00,0.0
2007-12-27 03:00:00+00:00,0.0
2007-12-27 04:00:00+00:00,0.0
2007-12-27 05:00:00+00:00,0.0
2007-12-27 06:00:00+00:00,0.0
2007-12-27 07:00:00+00:00,0.0
2007-12-27 08:00:00+00:00,0.0
2007-12-27 09:00:00+00:00,0.0
2007-12-27 10:00:00+00:00,0.0
2007-12-27 11:00:00+00:00,0.0
2007-12-27 12:00:00+00:00,0.0
2007-12-27 13:00:00+00:00,0.0
2007-12-27 14:00:00+00:00,0.22179952
2007-12-27 15:00:00+00:00,0.013969305
2007-12-27 16:00:00+00:00,0.041786127
2007-12-27 17:00:00+00:00,0.105022386
2007-12-27 18:00:00+00:00,0.04695512
2007-12-27 19:00:00+00:00,0.07545372
2007-12-27 20:00:00+00:00,0.050055592999999995
2007-12-27 21:00:00+00:00,0.33879390000000004
2007-12-27 22:00:00+00:00,0.04277380000000001
2007-12-27 23:00:00+00:00,0.0
2007-12-28 00:00:00+00:00,0.0
2007-12-28 01:00:00+00:00,0.0
2007-12-28 02:00:00+00:00,0.0
2007-12-28 03:00:00+00:00,0.0
2007-12-28 04:00:00+00:00,0.0
2007-12-28 05:00:00+00:00,0.0
2007-12-28 06:00:00+00:00,0.0
2007-12-28 07:00:00+00:00,0.0
2007-12-28 08:00:00+00:00,0.0
2007-12-28 09:00:00+00:00,0.0
2007-12-28 10:00:00+00:00,0.0
2007-12-28 11:00:00+00:00,0.0
2007-12-28 12:00:00+00:00,0.0
2007-12-28 13:00:00+00:00,0.0
2007-12-28 14:00:00+00:00,0.22117901
2007-12-28 15:00:00+00:00,0.41215065
2007-12-28 16:00:00+00:00,0.42432585
2007-12-28 17:00:00+00:00,0.39827943
2007-12-28 18:00:00+00:00,0.3778017
2007-12-28 19:00:00+00:00,0.4019562
2007-12-28 20:00:00+00:00,0.42444396
2007-12-28 21:00:00+00:00,0.30952236
2007-12-28 22:00:00+00:00,0.040769536
2007-12-28 23:00:00+00:00,0.0
2007-12-29 00:00:00+00:00,0.0
2007-12-29 01:00:00+00:00,0.0
2007-12-29 02:00:00+00:00,0.0
2007-12-29 03:00:00+00:00,0.0
2007-12-29 04:00:00+00:00,0.0
2007-12-29 05:00:00+00:00,0.0
2007-12-29 06:00:00+00:00,0.0
2007-12-29 07:00:00+00:00,0.0
2007-12-29 08:00:00+00:00,0.0
2007-12-29 09:00:00+00:00,0.0
2007-12-29 10:00:00+00:00,0.0
2007-12-29 11:00:00+00:00,0.0
2007-12-29 12:00:00+00:00,0.0
2007-12-29 13:00:00+00:00,0.0
2007-12-29 14:00:00+00:00,0.2662091
2007-12-29 15:00:00+00:00,0.4716
2007-12-29 16:00:00+00:00,0.46874790000000005
2007-12-29 17:00:00+00:00,0.37533954
2007-12-29 18:00:00+00:00,0.2807853
2007-12-29 19:00:00+00:00,0.29244086
2007-12-29 20:00:00+00:00,0.36267704
2007-12-29 21:00:00+00:00,0.38181305
2007-12-29 22:00:00+00:00,0.060172845
2007-12-29 23:00:00+00:00,0.0
2007-12-30 00:00:00+00:00,0.0
2007-12-30 01:00:00+00:00,0.0
2007-12-30 02:00:00+00:00,0.0
2007-12-30 03:00:00+00:00,0.0
2007-12-30 04:00:00+00:00,0.0
2007-12-30 05:00:00+00:00,0.0
2007-12-30 06:00:00+00:00,0.0
2007-12-30 07:00:00+00:00,0.0
2007-12-30 08:00:00+00:00,0.0
2007-12-30 09:00:00+00:00,0.0
2007-12-30 10:00:00+00:00,0.0
2007-12-30 11:00:00+00:00,0.0
2007-12-30 12:00:00+00:00,0.0
2007-12-30 13:00:00+00:00,0.0
2007-12-30 14:00:00+00:00,0.030456489
2007-12-30 15:00:00+00:00,0.067242235
2007-12-30 16:00:00+00:00,0.17687589
2007-12-30 17:00:00+00:00,0.12416861
2007-12-30 18:00:00+00:00,0.17959455
2007-12-30 19:00:00+00:00,0.21640617
2007-12-30 20:00:00+00:00,0.098712005
2007-12-30 21:00:00+00:00,0.08520235
2007-12-30 22:00:00+00:00,0.0056217415
2007-12-30 23:00:00+00:00,0.0
2007-12-31 00:00:00+00:00,0.0
2007-12-31 01:00:00+00:00,0.0
2007-12-31 02:00:00+00:00,0.0
2007-12-31 03:00:00+00:00,0.0
2007-12-31 04:00:00+00:00,0.0
2007-12-31 05:00:00+00:00,0.0
2007-12-31 06:00:00+00:00,0.0
2007-12-31 07:00:00+00:00,0.0
2007-12-31 08:00:00+00:00,0.0
2007-12-31 09:00:00+00:00,0.0
2007-12-31 10:00:00+00:00,0.0
2007-12-31 11:00:00+00:00,0.0
2007-12-31 12:00:00+00:00,0.0
2007-12-31 13:00:00+00:00,0.0
2007-12-31 14:00:00+00:00,0.29109177
2007-12-31 15:00:00+00:00,0.51102483
2007-12-31 16:00:00+00:00,0.4954057
2007-12-31 17:00:00+00:00,0.44298354
2007-12-31 18:00:00+00:00,0.42931572
2007-12-31 19:00:00+00:00,0.46833363
2007-12-31 20:00:00+00:00,0.5121238
2007-12-31 21:00:00+00:00,0.42061582
2007-12-31 22:00:00+00:00,0.081118636
2007-12-31 23:00:00+00:00,0.0
2008-01-01 00:00:00+00:00,0.0
2008-01-01 01:00:00+00:00,0.0
2008-01-01 02:00:00+00:00,0.0
2008-01-01 03:00:00+00:00,0.0
2008-01-01 04:00:00+00:00,0.0
2008-01-01 05:00:00+00:00,0.0
2008-01-01 06:00:00+00:00,0.0
2008-01-01 07:00:00+00:00,0.0
2008-01-01 08:00:00+00:00,0.0
2008-01-01 09:00:00+00:00,0.0
2008-01-01 10:00:00+00:00,0.0
2008-01-01 11:00:00+00:00,0.0
2008-01-01 12:00:00+00:00,0.0
2008-01-01 13:00:00+00:00,0.0
2008-01-01 14:00:00+00:00,0.021759791
2008-01-01 15:00:00+00:00,0.050853394
2008-01-01 16:00:00+00:00,0.0778137
2008-01-01 17:00:00+00:00,0.087766476
2008-01-01 18:00:00+00:00,0.106490515
2008-01-01 19:00:00+00:00,0.13330477
2008-01-01 20:00:00+00:00,0.052775703
2008-01-01 21:00:00+00:00,0.01890329
2008-01-01 22:00:00+00:00,0.00047725072
2008-01-01 23:00:00+00:00,0.0
2008-01-02 00:00:00+00:00,0.0
2008-01-02 01:00:00+00:00,0.0
2008-01-02 02:00:00+00:00,0.0
2008-01-02 03:00:00+00:00,0.0
2008-01-02 04:00:00+00:00,0.0
2008-01-02 05:00:00+00:00,0.0
2008-01-02 06:00:00+00:00,0.0
2008-01-02 07:00:00+00:00,0.0
2008-01-02 08:00:00+00:00,0.0
2008-01-02 09:00:00+00:00,0.0
2008-01-02 10:00:00+00:00,0.0
2008-01-02 11:00:00+00:00,0.0
2008-01-02 12:00:00+00:00,0.0
2008-01-02 13:00:00+00:00,0.0
2008-01-02 14:00:00+00:00,0.17345685
2008-01-02 15:00:00+00:00,0.50615335
2008-01-02 16:00:00+00:00,0.5213507000000001
2008-01-02 17:00:00+00:00,0.4850284000000001
2008-01-02 18:00:00+00:00,0.4711862
2008-01-02 19:00:00+00:00,0.50690395
2008-01-02 20:00:00+00:00,0.53928417
2008-01-02 21:00:00+00:00,0.43945906
2008-01-02 22:00:00+00:00,0.09558947
2008-01-02 23:00:00+00:00,0.0
2008-01-03 00:00:00+00:00,0.0
2008-01-03 01:00:00+00:00,0.0
2008-01-03 02:00:00+00:00,0.0
2008-01-03 03:00:00+00:00,0.0
2008-01-03 04:00:00+00:00,0.0
2008-01-03 05:00:00+00:00,0.0
2008-01-03 06:00:00+00:00,0.0
2008-01-03 07:00:00+00:00,0.0
2008-01-03 08:00:00+00:00,0.0
2008-01-03 09:00:00+00:00,0.0
2008-01-03 10:00:00+00:00,0.0
2008-01-03 11:00:00+00:00,0.0
2008-01-03 12:00:00+00:00,0.0
2008-01-03 13:00:00+00:00,0.0
2008-01-03 14:00:00+00:00,0.06383331
2008-01-03 15:00:00+00:00,0.1581929
2008-01-03 16:00:00+00:00,0.49312058
2008-01-03 17:00:00+00:00,0.47653505
2008-01-03 18:00:00+00:00,0.46038905
2008-01-03 19:00:00+00:00,0.49619806
2008-01-03 20:00:00+00:00,0.5324215
2008-01-03 21:00:00+00:00,0.44378775
2008-01-03 22:00:00+00:00,0.10505568
2008-01-03 23:00:00+00:00,0.0
2008-01-04 00:00:00+00:00,0.0
2008-01-04 01:00:00+00:00,0.0
2008-01-04 02:00:00+00:00,0.0
2008-01-04 03:00:00+00:00,0.0
2008-01-04 04:00:00+00:00,0.0
2008-01-04 05:00:00+00:00,0.0
2008-01-04 06:00:00+00:00,0.0
2008-01-04 07:00:00+00:00,0.0
2008-01-04 08:00:00+00:00,0.0
2008-01-04 09:00:00+00:00,0.0
2008-01-04 10:00:00+00:00,0.0
2008-01-04 11:00:00+00:00,0.0
2008-01-04 12:00:00+00:00,0.0
2008-01-04 13:00:00+00:00,0.0
2008-01-04 14:00:00+00:00,0.31175575
2008-01-04 15:00:00+00:00,0.5404443
2008-01-04 16:00:00+00:00,0.51583236
2008-01-04 17:00:00+00:00,0.3884126
2008-01-04 18:00:00+00:00,0.39849523
2008-01-04 19:00:00+00:00,0.45170414
2008-01-04 20:00:00+00:00,0.48773283
2008-01-04 21:00:00+00:00,0.2884994
2008-01-04 22:00:00+00:00,0.06892281
2008-01-04 23:00:00+00:00,0.0
2008-01-05 00:00:00+00:00,0.0
2008-01-05 01:00:00+00:00,0.0
2008-01-05 02:00:00+00:00,0.0
2008-01-05 03:00:00+00:00,0.0
2008-01-05 04:00:00+00:00,0.0
2008-01-05 05:00:00+00:00,0.0
2008-01-05 06:00:00+00:00,0.0
2008-01-05 07:00:00+00:00,0.0
2008-01-05 08:00:00+00:00,0.0
2008-01-05 09:00:00+00:00,0.0
2008-01-05 10:00:00+00:00,0.0
2008-01-05 11:00:00+00:00,0.0
2008-01-05 12:00:00+00:00,0.0
2008-01-05 13:00:00+00:00,0.0
2008-01-05 14:00:00+00:00,0.005362349000000001
2008-01-05 15:00:00+00:00,0.0069017555000000005
2008-01-05 16:00:00+00:00,0.037910946
2008-01-05 17:00:00+00:00,0.06685001
2008-01-05 18:00:00+00:00,0.04709528
2008-01-05 19:00:00+00:00,0.04305982
2008-01-05 20:00:00+00:00,0.050458065999999996
2008-01-05 21:00:00+00:00,0.023702275
2008-01-05 22:00:00+00:00,0.0015470195000000001
2008-01-05 23:00:00+00:00,0.0
2008-01-06 00:00:00+00:00,0.0
2008-01-06 01:00:00+00:00,0.0
2008-01-06 02:00:00+00:00,0.0
2008-01-06 03:00:00+00:00,0.0
2008-01-06 04:00:00+00:00,0.0
2008-01-06 05:00:00+00:00,0.0
2008-01-06 06:00:00+00:00,0.0
2008-01-06 07:00:00+00:00,0.0
2008-01-06 08:00:00+00:00,0.0
2008-01-06 09:00:00+00:00,0.0
2008-01-06 10:00:00+00:00,0.0
2008-01-06 11:00:00+00:00,0.0
2008-01-06 12:00:00+00:00,0.0
2008-01-06 13:00:00+00:00,0.0
2008-01-06 14:00:00+00:00,0.015197368999999999
2008-01-06 15:00:00+00:00,0.021617752
2008-01-06 16:00:00+00:00,0.055653963
2008-01-06 17:00:00+00:00,0.10084616
2008-01-06 18:00:00+00:00,0.091237366
2008-01-06 19:00:00+00:00,0.11824348
2008-01-06 20:00:00+00:00,0.081107415
2008-01-06 21:00:00+00:00,0.005212568
2008-01-06 22:00:00+00:00,0.0
2008-01-06 23:00:00+00:00,0.0
2008-01-07 00:00:00+00:00,0.0
2008-01-07 01:00:00+00:00,0.0
2008-01-07 02:00:00+00:00,0.0
2008-01-07 03:00:00+00:00,0.0
2008-01-07 04:00:00+00:00,0.0
2008-01-07 05:00:00+00:00,0.0
2008-01-07 06:00:00+00:00,0.0
2008-01-07 07:00:00+00:00,0.0
2008-01-07 08:00:00+00:00,0.0
2008-01-07 09:00:00+00:00,0.0
2008-01-07 10:00:00+00:00,0.0
2008-01-07 11:00:00+00:00,0.0
2008-01-07 12:00:00+00:00,0.0
2008-01-07 13:00:00+00:00,0.0
2008-01-07 14:00:00+00:00,0.01741716
2008-01-07 15:00:00+00:00,0.1231623
2008-01-07 16:00:00+00:00,0.16133647
2008-01-07 17:00:00+00:00,0.31618336
2008-01-07 18:00:00+00:00,0.12567474
2008-01-07 19:00:00+00:00,0.117593095
2008-01-07 20:00:00+00:00,0.42955950000000004
2008-01-07 21:00:00+00:00,0.3395939
2008-01-07 22:00:00+00:00,0.09342091
2008-01-07 23:00:00+00:00,0.0
2008-01-08 00:00:00+00:00,0.0
2008-01-08 01:00:00+00:00,0.0
2008-01-08 02:00:00+00:00,0.0
2008-01-08 03:00:00+00:00,0.0
2008-01-08 04:00:00+00:00,0.0
2008-01-08 05:00:00+00:00,0.0
2008-01-08 06:00:00+00:00,0.0
2008-01-08 07:00:00+00:00,0.0
2008-01-08 08:00:00+00:00,0.0
2008-01-08 09:00:00+00:00,0.0
2008-01-08 10:00:00+00:00,0.0
2008-01-08 11:00:00+00:00,0.0
2008-01-08 12:00:00+00:00,0.0
2008-01-08 13:00:00+00:00,0.0
2008-01-08 14:00:00+00:00,0.1383626
2008-01-08 15:00:00+00:00,0.28773987
2008-01-08 16:00:00+00:00,0.29647714
2008-01-08 17:00:00+00:00,0.14833844
2008-01-08 18:00:00+00:00,0.10309579
2008-01-08 19:00:00+00:00,0.09624742
2008-01-08 20:00:00+00:00,0.054033662999999996
2008-01-08 21:00:00+00:00,0.028853107000000003
2008-01-08 22:00:00+00:00,0.0036809724
2008-01-08 23:00:00+00:00,0.0
2008-01-09 00:00:00+00:00,0.0
2008-01-09 01:00:00+00:00,0.0
2008-01-09 02:00:00+00:00,0.0
2008-01-09 03:00:00+00:00,0.0
2008-01-09 04:00:00+00:00,0.0
2008-01-09 05:00:00+00:00,0.0
2008-01-09 06:00:00+00:00,0.0
2008-01-09 07:00:00+00:00,0.0
2008-01-09 08:00:00+00:00,0.0
2008-01-09 09:00:00+00:00,0.0
2008-01-09 10:00:00+00:00,0.0
2008-01-09 11:00:00+00:00,0.0
2008-01-09 12:00:00+00:00,0.0
2008-01-09 13:00:00+00:00,0.0
2008-01-09 14:00:00+00:00,0.2323873
2008-01-09 15:00:00+00:00,0.19559671
2008-01-09 16:00:00+00:00,0.5014864
2008-01-09 17:00:00+00:00,0.44765854
2008-01-09 18:00:00+00:00,0.43085226
2008-01-09 19:00:00+00:00,0.34073868
2008-01-09 20:00:00+00:00,0.38318464
2008-01-09 21:00:00+00:00,0.26287755
2008-01-09 22:00:00+00:00,0.082892455
2008-01-09 23:00:00+00:00,0.0
2008-01-10 00:00:00+00:00,0.0
2008-01-10 01:00:00+00:00,0.0
2008-01-10 02:00:00+00:00,0.0
2008-01-10 03:00:00+00:00,0.0
2008-01-10 04:00:00+00:00,0.0
2008-01-10 05:00:00+00:00,0.0
2008-01-10 06:00:00+00:00,0.0
2008-01-10 07:00:00+00:00,0.0
2008-01-10 08:00:00+00:00,0.0
2008-01-10 09:00:00+00:00,0.0
2008-01-10 10:00:00+00:00,0.0
2008-01-10 11:00:00+00:00,0.0
2008-01-10 12:00:00+00:00,0.0
2008-01-10 13:00:00+00:00,0.0
2008-01-10 14:00:00+00:00,0.028745508
2008-01-10 15:00:00+00:00,0.13776028
2008-01-10 16:00:00+00:00,0.08198026
2008-01-10 17:00:00+00:00,0.02293541
2008-01-10 18:00:00+00:00,0.029347703
2008-01-10 19:00:00+00:00,0.0124031585
2008-01-10 20:00:00+00:00,0.021414896
2008-01-10 21:00:00+00:00,0.0033324426
2008-01-10 22:00:00+00:00,0.0012280983999999999
2008-01-10 23:00:00+00:00,0.0
2008-01-11 00:00:00+00:00,0.0
2008-01-11 01:00:00+00:00,0.0
2008-01-11 02:00:00+00:00,0.0
2008-01-11 03:00:00+00:00,0.0
2008-01-11 04:00:00+00:00,0.0
2008-01-11 05:00:00+00:00,0.0
2008-01-11 06:00:00+00:00,0.0
2008-01-11 07:00:00+00:00,0.0
2008-01-11 08:00:00+00:00,0.0
2008-01-11 09:00:00+00:00,0.0
2008-01-11 10:00:00+00:00,0.0
2008-01-11 11:00:00+00:00,0.0
2008-01-11 12:00:00+00:00,0.0
2008-01-11 13:00:00+00:00,0.0
2008-01-11 14:00:00+00:00,0.097110614
2008-01-11 15:00:00+00:00,0.01008588
2008-01-11 16:00:00+00:00,0.010947847
2008-01-11 17:00:00+00:00,0.032217972000000004
2008-01-11 18:00:00+00:00,0.10949133
2008-01-11 19:00:00+00:00,0.06607968
2008-01-11 20:00:00+00:00,0.18198371
2008-01-11 21:00:00+00:00,0.083088934
2008-01-11 22:00:00+00:00,0.020388803
2008-01-11 23:00:00+00:00,0.0
2008-01-12 00:00:00+00:00,0.0
2008-01-12 01:00:00+00:00,0.0
2008-01-12 02:00:00+00:00,0.0
2008-01-12 03:00:00+00:00,0.0
2008-01-12 04:00:00+00:00,0.0
2008-01-12 05:00:00+00:00,0.0
2008-01-12 06:00:00+00:00,0.0
2008-01-12 07:00:00+00:00,0.0
2008-01-12 08:00:00+00:00,0.0
2008-01-12 09:00:00+00:00,0.0
2008-01-12 10:00:00+00:00,0.0
2008-01-12 11:00:00+00:00,0.0
2008-01-12 12:00:00+00:00,0.0
2008-01-12 13:00:00+00:00,0.0
2008-01-12 14:00:00+00:00,0.2731996
2008-01-12 15:00:00+00:00,0.50549585
2008-01-12 16:00:00+00:00,0.4960128
2008-01-12 17:00:00+00:00,0.43450743
2008-01-12 18:00:00+00:00,0.41544577
2008-01-12 19:00:00+00:00,0.38064499999999996
2008-01-12 20:00:00+00:00,0.50357366
2008-01-12 21:00:00+00:00,0.45749983
2008-01-12 22:00:00+00:00,0.14812231
2008-01-12 23:00:00+00:00,0.0
2008-01-13 00:00:00+00:00,0.0
2008-01-13 01:00:00+00:00,0.0
2008-01-13 02:00:00+00:00,0.0
2008-01-13 03:00:00+00:00,0.0
2008-01-13 04:00:00+00:00,0.0
2008-01-13 05:00:00+00:00,0.0
2008-01-13 06:00:00+00:00,0.0
2008-01-13 07:00:00+00:00,0.0
2008-01-13 08:00:00+00:00,0.0
2008-01-13 09:00:00+00:00,0.0
2008-01-13 10:00:00+00:00,0.0
2008-01-13 11:00:00+00:00,0.0
2008-01-13 12:00:00+00:00,0.0
2008-01-13 13:00:00+00:00,0.0
2008-01-13 14:00:00+00:00,0.03266338
2008-01-13 15:00:00+00:00,0.10698108
2008-01-13 16:00:00+00:00,0.15983275
2008-01-13 17:00:00+00:00,0.07924957
2008-01-13 18:00:00+00:00,0.089667596
2008-01-13 19:00:00+00:00,0.055544827000000005
2008-01-13 20:00:00+00:00,0.025931861
2008-01-13 21:00:00+00:00,0.11522372
2008-01-13 22:00:00+00:00,0.018649584
2008-01-13 23:00:00+00:00,0.0
2008-01-14 00:00:00+00:00,0.0
2008-01-14 01:00:00+00:00,0.0
2008-01-14 02:00:00+00:00,0.0
2008-01-14 03:00:00+00:00,0.0
2008-01-14 04:00:00+00:00,0.0
2008-01-14 05:00:00+00:00,0.0
2008-01-14 06:00:00+00:00,0.0
2008-01-14 07:00:00+00:00,0.0
2008-01-14 08:00:00+00:00,0.0
2008-01-14 09:00:00+00:00,0.0
2008-01-14 10:00:00+00:00,0.0
2008-01-14 11:00:00+00:00,0.0
2008-01-14 12:00:00+00:00,0.0
2008-01-14 13:00:00+00:00,0.0
2008-01-14 14:00:00+00:00,0.049022357999999995
2008-01-14 15:00:00+00:00,0.07844845
2008-01-14 16:00:00+00:00,0.11047524
2008-01-14 17:00:00+00:00,0.034490797999999996
2008-01-14 18:00:00+00:00,0.058067136
2008-01-14 19:00:00+00:00,0.04720137
2008-01-14 20:00:00+00:00,0.07831416
2008-01-14 21:00:00+00:00,0.030953862000000002
2008-01-14 22:00:00+00:00,0.07850923
2008-01-14 23:00:00+00:00,0.0
2008-01-15 00:00:00+00:00,0.0
2008-01-15 01:00:00+00:00,0.0
2008-01-15 02:00:00+00:00,0.0
2008-01-15 03:00:00+00:00,0.0
2008-01-15 04:00:00+00:00,0.0
2008-01-15 05:00:00+00:00,0.0
2008-01-15 06:00:00+00:00,0.0
2008-01-15 07:00:00+00:00,0.0
2008-01-15 08:00:00+00:00,0.0
2008-01-15 09:00:00+00:00,0.0
2008-01-15 10:00:00+00:00,0.0
2008-01-15 11:00:00+00:00,0.0
2008-01-15 12:00:00+00:00,0.0
2008-01-15 13:00:00+00:00,0.0
2008-01-15 14:00:00+00:00,0.30950725
2008-01-15 15:00:00+00:00,0.5438751000000001
2008-01-15 16:00:00+00:00,0.54038596
2008-01-15 17:00:00+00:00,0.4925678
2008-01-15 18:00:00+00:00,0.47512305
2008-01-15 19:00:00+00:00,0.5128345
2008-01-15 20:00:00+00:00,0.55753684
2008-01-15 21:00:00+00:00,0.5110047999999999
2008-01-15 22:00:00+00:00,0.17829746
2008-01-15 23:00:00+00:00,0.0
2008-01-16 00:00:00+00:00,0.0
2008-01-16 01:00:00+00:00,0.0
2008-01-16 02:00:00+00:00,0.0
2008-01-16 03:00:00+00:00,0.0
2008-01-16 04:00:00+00:00,0.0
2008-01-16 05:00:00+00:00,0.0
2008-01-16 06:00:00+00:00,0.0
2008-01-16 07:00:00+00:00,0.0
2008-01-16 08:00:00+00:00,0.0
2008-01-16 09:00:00+00:00,0.0
2008-01-16 10:00:00+00:00,0.0
2008-01-16 11:00:00+00:00,0.0
2008-01-16 12:00:00+00:00,0.0
2008-01-16 13:00:00+00:00,0.0
2008-01-16 14:00:00+00:00,0.09974116
2008-01-16 15:00:00+00:00,0.2351119
2008-01-16 16:00:00+00:00,0.26881647
2008-01-16 17:00:00+00:00,0.27634913
2008-01-16 18:00:00+00:00,0.28149575
2008-01-16 19:00:00+00:00,0.22466868
2008-01-16 20:00:00+00:00,0.16515504
2008-01-16 21:00:00+00:00,0.11494695
2008-01-16 22:00:00+00:00,0.020466994
2008-01-16 23:00:00+00:00,0.0
2008-01-17 00:00:00+00:00,0.0
2008-01-17 01:00:00+00:00,0.0
2008-01-17 02:00:00+00:00,0.0
2008-01-17 03:00:00+00:00,0.0
2008-01-17 04:00:00+00:00,0.0
2008-01-17 05:00:00+00:00,0.0
2008-01-17 06:00:00+00:00,0.0
2008-01-17 07:00:00+00:00,0.0
2008-01-17 08:00:00+00:00,0.0
2008-01-17 09:00:00+00:00,0.0
2008-01-17 10:00:00+00:00,0.0
2008-01-17 11:00:00+00:00,0.0
2008-01-17 12:00:00+00:00,0.0
2008-01-17 13:00:00+00:00,0.0
2008-01-17 14:00:00+00:00,0.26777354
2008-01-17 15:00:00+00:00,0.42633742
2008-01-17 16:00:00+00:00,0.04811055
2008-01-17 17:00:00+00:00,0.094657615
2008-01-17 18:00:00+00:00,0.09236754
2008-01-17 19:00:00+00:00,0.08299786599999999
2008-01-17 20:00:00+00:00,0.5016979
2008-01-17 21:00:00+00:00,0.42909974
2008-01-17 22:00:00+00:00,0.13997518
2008-01-17 23:00:00+00:00,0.0
2008-01-18 00:00:00+00:00,0.0
2008-01-18 01:00:00+00:00,0.0
2008-01-18 02:00:00+00:00,0.0
2008-01-18 03:00:00+00:00,0.0
2008-01-18 04:00:00+00:00,0.0
2008-01-18 05:00:00+00:00,0.0
2008-01-18 06:00:00+00:00,0.0
2008-01-18 07:00:00+00:00,0.0
2008-01-18 08:00:00+00:00,0.0
2008-01-18 09:00:00+00:00,0.0
2008-01-18 10:00:00+00:00,0.0
2008-01-18 11:00:00+00:00,0.0
2008-01-18 12:00:00+00:00,0.0
2008-01-18 13:00:00+00:00,0.0
2008-01-18 14:00:00+00:00,0.041926023
2008-01-18 15:00:00+00:00,0.048002504
2008-01-18 16:00:00+00:00,0.10448685
2008-01-18 17:00:00+00:00,0.21723999
2008-01-18 18:00:00+00:00,0.44537780000000005
2008-01-18 19:00:00+00:00,0.5198685000000001
2008-01-18 20:00:00+00:00,0.56144136
2008-01-18 21:00:00+00:00,0.52223974
2008-01-18 22:00:00+00:00,0.19577134
2008-01-18 23:00:00+00:00,0.0
2008-01-19 00:00:00+00:00,0.0
2008-01-19 01:00:00+00:00,0.0
2008-01-19 02:00:00+00:00,0.0
2008-01-19 03:00:00+00:00,0.0
2008-01-19 04:00:00+00:00,0.0
2008-01-19 05:00:00+00:00,0.0
2008-01-19 06:00:00+00:00,0.0
2008-01-19 07:00:00+00:00,0.0
2008-01-19 08:00:00+00:00,0.0
2008-01-19 09:00:00+00:00,0.0
2008-01-19 10:00:00+00:00,0.0
2008-01-19 11:00:00+00:00,0.0
2008-01-19 12:00:00+00:00,0.0
2008-01-19 13:00:00+00:00,0.0
2008-01-19 14:00:00+00:00,0.052656017
2008-01-19 15:00:00+00:00,0.33627304
2008-01-19 16:00:00+00:00,0.25364175
2008-01-19 17:00:00+00:00,0.29333990000000004
2008-01-19 18:00:00+00:00,0.3188801
2008-01-19 19:00:00+00:00,0.27995646
2008-01-19 20:00:00+00:00,0.51907575
2008-01-19 21:00:00+00:00,0.5738504
2008-01-19 22:00:00+00:00,0.21943705
2008-01-19 23:00:00+00:00,0.0
2008-01-20 00:00:00+00:00,0.0
2008-01-20 01:00:00+00:00,0.0
2008-01-20 02:00:00+00:00,0.0
2008-01-20 03:00:00+00:00,0.0
2008-01-20 04:00:00+00:00,0.0
2008-01-20 05:00:00+00:00,0.0
2008-01-20 06:00:00+00:00,0.0
2008-01-20 07:00:00+00:00,0.0
2008-01-20 08:00:00+00:00,0.0
2008-01-20 09:00:00+00:00,0.0
2008-01-20 10:00:00+00:00,0.0
2008-01-20 11:00:00+00:00,0.0
2008-01-20 12:00:00+00:00,0.0
2008-01-20 13:00:00+00:00,0.0
2008-01-20 14:00:00+00:00,0.38201999999999997
2008-01-20 15:00:00+00:00,0.6219279000000001
2008-01-20 16:00:00+00:00,0.6041491999999999
2008-01-20 17:00:00+00:00,0.5460871
2008-01-20 18:00:00+00:00,0.5228153
2008-01-20 19:00:00+00:00,0.55629724
2008-01-20 20:00:00+00:00,0.6047158
2008-01-20 21:00:00+00:00,0.5868778
2008-01-20 22:00:00+00:00,0.23466294
2008-01-20 23:00:00+00:00,0.0
2008-01-21 00:00:00+00:00,0.0
2008-01-21 01:00:00+00:00,0.0
2008-01-21 02:00:00+00:00,0.0
2008-01-21 03:00:00+00:00,0.0
2008-01-21 04:00:00+00:00,0.0
2008-01-21 05:00:00+00:00,0.0
2008-01-21 06:00:00+00:00,0.0
2008-01-21 07:00:00+00:00,0.0
2008-01-21 08:00:00+00:00,0.0
2008-01-21 09:00:00+00:00,0.0
2008-01-21 10:00:00+00:00,0.0
2008-01-21 11:00:00+00:00,0.0
2008-01-21 12:00:00+00:00,0.0
2008-01-21 13:00:00+00:00,0.0
2008-01-21 14:00:00+00:00,0.34366062
2008-01-21 15:00:00+00:00,0.57772034
2008-01-21 16:00:00+00:00,0.5621214
2008-01-21 17:00:00+00:00,0.51053315
2008-01-21 18:00:00+00:00,0.4908661
2008-01-21 19:00:00+00:00,0.52230746
2008-01-21 20:00:00+00:00,0.56911093
2008-01-21 21:00:00+00:00,0.5055268
2008-01-21 22:00:00+00:00,0.22025374
2008-01-21 23:00:00+00:00,0.0
2008-01-22 00:00:00+00:00,0.0
2008-01-22 01:00:00+00:00,0.0
2008-01-22 02:00:00+00:00,0.0
2008-01-22 03:00:00+00:00,0.0
2008-01-22 04:00:00+00:00,0.0
2008-01-22 05:00:00+00:00,0.0
2008-01-22 06:00:00+00:00,0.0
2008-01-22 07:00:00+00:00,0.0
2008-01-22 08:00:00+00:00,0.0
2008-01-22 09:00:00+00:00,0.0
2008-01-22 10:00:00+00:00,0.0
2008-01-22 11:00:00+00:00,0.0
2008-01-22 12:00:00+00:00,0.0
2008-01-22 13:00:00+00:00,0.0
2008-01-22 14:00:00+00:00,0.23755389999999998
2008-01-22 15:00:00+00:00,0.02199275
2008-01-22 16:00:00+00:00,0.03570212
2008-01-22 17:00:00+00:00,0.040532455
2008-01-22 18:00:00+00:00,0.052115615
2008-01-22 19:00:00+00:00,0.05050519
2008-01-22 20:00:00+00:00,0.028358377999999997
2008-01-22 21:00:00+00:00,0.016554333
2008-01-22 22:00:00+00:00,0.07565871
2008-01-22 23:00:00+00:00,0.0
2008-01-23 00:00:00+00:00,0.0
2008-01-23 01:00:00+00:00,0.0
2008-01-23 02:00:00+00:00,0.0
2008-01-23 03:00:00+00:00,0.0
2008-01-23 04:00:00+00:00,0.0
2008-01-23 05:00:00+00:00,0.0
2008-01-23 06:00:00+00:00,0.0
2008-01-23 07:00:00+00:00,0.0
2008-01-23 08:00:00+00:00,0.0
2008-01-23 09:00:00+00:00,0.0
2008-01-23 10:00:00+00:00,0.0
2008-01-23 11:00:00+00:00,0.0
2008-01-23 12:00:00+00:00,0.0
2008-01-23 13:00:00+00:00,0.0
2008-01-23 14:00:00+00:00,0.36951673
2008-01-23 15:00:00+00:00,0.59510434
2008-01-23 16:00:00+00:00,0.5795228
2008-01-23 17:00:00+00:00,0.52859217
2008-01-23 18:00:00+00:00,0.5064945
2008-01-23 19:00:00+00:00,0.5380888
2008-01-23 20:00:00+00:00,0.5821076999999999
2008-01-23 21:00:00+00:00,0.548088
2008-01-23 22:00:00+00:00,0.23672836
2008-01-23 23:00:00+00:00,0.0
2008-01-24 00:00:00+00:00,0.0
2008-01-24 01:00:00+00:00,0.0
2008-01-24 02:00:00+00:00,0.0
2008-01-24 03:00:00+00:00,0.0
2008-01-24 04:00:00+00:00,0.0
2008-01-24 05:00:00+00:00,0.0
2008-01-24 06:00:00+00:00,0.0
2008-01-24 07:00:00+00:00,0.0
2008-01-24 08:00:00+00:00,0.0
2008-01-24 09:00:00+00:00,0.0
2008-01-24 10:00:00+00:00,0.0
2008-01-24 11:00:00+00:00,0.0
2008-01-24 12:00:00+00:00,0.0
2008-01-24 13:00:00+00:00,0.0
2008-01-24 14:00:00+00:00,0.050271332
2008-01-24 15:00:00+00:00,0.15071109
2008-01-24 16:00:00+00:00,0.4185387
2008-01-24 17:00:00+00:00,0.5390863
2008-01-24 18:00:00+00:00,0.47674759999999994
2008-01-24 19:00:00+00:00,0.57014465
2008-01-24 20:00:00+00:00,0.6262552
2008-01-24 21:00:00+00:00,0.5973294
2008-01-24 22:00:00+00:00,0.2619847
2008-01-24 23:00:00+00:00,0.0
2008-01-25 00:00:00+00:00,0.0
2008-01-25 01:00:00+00:00,0.0
2008-01-25 02:00:00+00:00,0.0
2008-01-25 03:00:00+00:00,0.0
2008-01-25 04:00:00+00:00,0.0
2008-01-25 05:00:00+00:00,0.0
2008-01-25 06:00:00+00:00,0.0
2008-01-25 07:00:00+00:00,0.0
2008-01-25 08:00:00+00:00,0.0
2008-01-25 09:00:00+00:00,0.0
2008-01-25 10:00:00+00:00,0.0
2008-01-25 11:00:00+00:00,0.0
2008-01-25 12:00:00+00:00,0.0
2008-01-25 13:00:00+00:00,0.0
2008-01-25 14:00:00+00:00,0.3044168
2008-01-25 15:00:00+00:00,0.60440916
2008-01-25 16:00:00+00:00,0.58477646
2008-01-25 17:00:00+00:00,0.51002
2008-01-25 18:00:00+00:00,0.47246873
2008-01-25 19:00:00+00:00,0.541291
2008-01-25 20:00:00+00:00,0.44728985
2008-01-25 21:00:00+00:00,0.44795454
2008-01-25 22:00:00+00:00,0.09817532400000001
2008-01-25 23:00:00+00:00,0.0
2008-01-26 00:00:00+00:00,0.0
2008-01-26 01:00:00+00:00,0.0
2008-01-26 02:00:00+00:00,0.0
2008-01-26 03:00:00+00:00,0.0
2008-01-26 04:00:00+00:00,0.0
2008-01-26 05:00:00+00:00,0.0
2008-01-26 06:00:00+00:00,0.0
2008-01-26 07:00:00+00:00,0.0
2008-01-26 08:00:00+00:00,0.0
2008-01-26 09:00:00+00:00,0.0
2008-01-26 10:00:00+00:00,0.0
2008-01-26 11:00:00+00:00,0.0
2008-01-26 12:00:00+00:00,0.0
2008-01-26 13:00:00+00:00,0.0
2008-01-26 14:00:00+00:00,0.016697481
2008-01-26 15:00:00+00:00,0.053137727
2008-01-26 16:00:00+00:00,0.057508882000000004
2008-01-26 17:00:00+00:00,0.1440493
2008-01-26 18:00:00+00:00,0.12041864
2008-01-26 19:00:00+00:00,0.09681112
2008-01-26 20:00:00+00:00,0.06178276
2008-01-26 21:00:00+00:00,0.07185365
2008-01-26 22:00:00+00:00,0.050629772
2008-01-26 23:00:00+00:00,0.0
2008-01-27 00:00:00+00:00,0.0
2008-01-27 01:00:00+00:00,0.0
2008-01-27 02:00:00+00:00,0.0
2008-01-27 03:00:00+00:00,0.0
2008-01-27 04:00:00+00:00,0.0
2008-01-27 05:00:00+00:00,0.0
2008-01-27 06:00:00+00:00,0.0
2008-01-27 07:00:00+00:00,0.0
2008-01-27 08:00:00+00:00,0.0
2008-01-27 09:00:00+00:00,0.0
2008-01-27 10:00:00+00:00,0.0
2008-01-27 11:00:00+00:00,0.0
2008-01-27 12:00:00+00:00,0.0
2008-01-27 13:00:00+00:00,0.0
2008-01-27 14:00:00+00:00,0.33507183
2008-01-27 15:00:00+00:00,0.31287646
2008-01-27 16:00:00+00:00,0.56474537
2008-01-27 17:00:00+00:00,0.52128977
2008-01-27 18:00:00+00:00,0.5006823
2008-01-27 19:00:00+00:00,0.5279128000000001
2008-01-27 20:00:00+00:00,0.56273556
2008-01-27 21:00:00+00:00,0.53428465
2008-01-27 22:00:00+00:00,0.2523455
2008-01-27 23:00:00+00:00,0.0
2008-01-28 00:00:00+00:00,0.0
2008-01-28 01:00:00+00:00,0.0
2008-01-28 02:00:00+00:00,0.0
2008-01-28 03:00:00+00:00,0.0
2008-01-28 04:00:00+00:00,0.0
2008-01-28 05:00:00+00:00,0.0
2008-01-28 06:00:00+00:00,0.0
2008-01-28 07:00:00+00:00,0.0
2008-01-28 08:00:00+00:00,0.0
2008-01-28 09:00:00+00:00,0.0
2008-01-28 10:00:00+00:00,0.0
2008-01-28 11:00:00+00:00,0.0
2008-01-28 12:00:00+00:00,0.0
2008-01-28 13:00:00+00:00,0.0
2008-01-28 14:00:00+00:00,0.24019033
2008-01-28 15:00:00+00:00,0.38895029999999997
2008-01-28 16:00:00+00:00,0.36215383
2008-01-28 17:00:00+00:00,0.3788486
2008-01-28 18:00:00+00:00,0.21520469
2008-01-28 19:00:00+00:00,0.17078382
2008-01-28 20:00:00+00:00,0.04493154
2008-01-28 21:00:00+00:00,0.029295593999999998
2008-01-28 22:00:00+00:00,0.022410229
2008-01-28 23:00:00+00:00,0.0
2008-01-29 00:00:00+00:00,0.0
2008-01-29 01:00:00+00:00,0.0
2008-01-29 02:00:00+00:00,0.0
2008-01-29 03:00:00+00:00,0.0
2008-01-29 04:00:00+00:00,0.0
2008-01-29 05:00:00+00:00,0.0
2008-01-29 06:00:00+00:00,0.0
2008-01-29 07:00:00+00:00,0.0
2008-01-29 08:00:00+00:00,0.0
2008-01-29 09:00:00+00:00,0.0
2008-01-29 10:00:00+00:00,0.0
2008-01-29 11:00:00+00:00,0.0
2008-01-29 12:00:00+00:00,0.0
2008-01-29 13:00:00+00:00,0.0
2008-01-29 14:00:00+00:00,0.0053600159999999996
2008-01-29 15:00:00+00:00,0.02726508
2008-01-29 16:00:00+00:00,0.020354437
2008-01-29 17:00:00+00:00,0.093282074
2008-01-29 18:00:00+00:00,0.059940144
2008-01-29 19:00:00+00:00,0.03929258
2008-01-29 20:00:00+00:00,0.027265664
2008-01-29 21:00:00+00:00,0.019871928
2008-01-29 22:00:00+00:00,0.0025857862
2008-01-29 23:00:00+00:00,0.0
2008-01-30 00:00:00+00:00,0.0
2008-01-30 01:00:00+00:00,0.0
2008-01-30 02:00:00+00:00,0.0
2008-01-30 03:00:00+00:00,0.0
2008-01-30 04:00:00+00:00,0.0
2008-01-30 05:00:00+00:00,0.0
2008-01-30 06:00:00+00:00,0.0
2008-01-30 07:00:00+00:00,0.0
2008-01-30 08:00:00+00:00,0.0
2008-01-30 09:00:00+00:00,0.0
2008-01-30 10:00:00+00:00,0.0
2008-01-30 11:00:00+00:00,0.0
2008-01-30 12:00:00+00:00,0.0
2008-01-30 13:00:00+00:00,0.0
2008-01-30 14:00:00+00:00,0.42382675
2008-01-30 15:00:00+00:00,0.6265782
2008-01-30 16:00:00+00:00,0.60680073
2008-01-30 17:00:00+00:00,0.5554328000000001
2008-01-30 18:00:00+00:00,0.5346545
2008-01-30 19:00:00+00:00,0.5628517
2008-01-30 20:00:00+00:00,0.6041091
2008-01-30 21:00:00+00:00,0.5883246
2008-01-30 22:00:00+00:00,0.29003286
2008-01-30 23:00:00+00:00,0.0
2008-01-31 00:00:00+00:00,0.0
2008-01-31 01:00:00+00:00,0.0
2008-01-31 02:00:00+00:00,0.0
2008-01-31 03:00:00+00:00,0.0
2008-01-31 04:00:00+00:00,0.0
2008-01-31 05:00:00+00:00,0.0
2008-01-31 06:00:00+00:00,0.0
2008-01-31 07:00:00+00:00,0.0
2008-01-31 08:00:00+00:00,0.0
2008-01-31 09:00:00+00:00,0.0
2008-01-31 10:00:00+00:00,0.0
2008-01-31 11:00:00+00:00,0.0
2008-01-31 12:00:00+00:00,0.0
2008-01-31 13:00:00+00:00,0.0
2008-01-31 14:00:00+00:00,0.06764655
2008-01-31 15:00:00+00:00,0.2233786
2008-01-31 16:00:00+00:00,0.3594912
2008-01-31 17:00:00+00:00,0.28327033
2008-01-31 18:00:00+00:00,0.2976217
2008-01-31 19:00:00+00:00,0.11517343
2008-01-31 20:00:00+00:00,0.12230525
2008-01-31 21:00:00+00:00,0.06408972
2008-01-31 22:00:00+00:00,0.014160385
2008-01-31 23:00:00+00:00,0.0
2008-02-01 00:00:00+00:00,0.0
2008-02-01 01:00:00+00:00,0.0
2008-02-01 02:00:00+00:00,0.0
2008-02-01 03:00:00+00:00,0.0
2008-02-01 04:00:00+00:00,0.0
2008-02-01 05:00:00+00:00,0.0
2008-02-01 06:00:00+00:00,0.0
2008-02-01 07:00:00+00:00,0.0
2008-02-01 08:00:00+00:00,0.0
2008-02-01 09:00:00+00:00,0.0
2008-02-01 10:00:00+00:00,0.0
2008-02-01 11:00:00+00:00,0.0
2008-02-01 12:00:00+00:00,0.0
2008-02-01 13:00:00+00:00,0.0
2008-02-01 14:00:00+00:00,0.095437825
2008-02-01 15:00:00+00:00,0.21174724
2008-02-01 16:00:00+00:00,0.040731512000000004
2008-02-01 17:00:00+00:00,0.089031406
2008-02-01 18:00:00+00:00,0.050668082999999996
2008-02-01 19:00:00+00:00,0.14367214
2008-02-01 20:00:00+00:00,0.041629642
2008-02-01 21:00:00+00:00,0.07332454
2008-02-01 22:00:00+00:00,0.011202572
2008-02-01 23:00:00+00:00,0.0
2008-02-02 00:00:00+00:00,0.0
2008-02-02 01:00:00+00:00,0.0
2008-02-02 02:00:00+00:00,0.0
2008-02-02 03:00:00+00:00,0.0
2008-02-02 04:00:00+00:00,0.0
2008-02-02 05:00:00+00:00,0.0
2008-02-02 06:00:00+00:00,0.0
2008-02-02 07:00:00+00:00,0.0
2008-02-02 08:00:00+00:00,0.0
2008-02-02 09:00:00+00:00,0.0
2008-02-02 10:00:00+00:00,0.0
2008-02-02 11:00:00+00:00,0.0
2008-02-02 12:00:00+00:00,0.0
2008-02-02 13:00:00+00:00,0.0
2008-02-02 14:00:00+00:00,0.39479628
2008-02-02 15:00:00+00:00,0.60207903
2008-02-02 16:00:00+00:00,0.5960691
2008-02-02 17:00:00+00:00,0.54688877
2008-02-02 18:00:00+00:00,0.5237460999999999
2008-02-02 19:00:00+00:00,0.5479743
2008-02-02 20:00:00+00:00,0.587251
2008-02-02 21:00:00+00:00,0.5674453
2008-02-02 22:00:00+00:00,0.30522206
2008-02-02 23:00:00+00:00,0.0
2008-02-03 00:00:00+00:00,0.0
2008-02-03 01:00:00+00:00,0.0
2008-02-03 02:00:00+00:00,0.0
2008-02-03 03:00:00+00:00,0.0
2008-02-03 04:00:00+00:00,0.0
2008-02-03 05:00:00+00:00,0.0
2008-02-03 06:00:00+00:00,0.0
2008-02-03 07:00:00+00:00,0.0
2008-02-03 08:00:00+00:00,0.0
2008-02-03 09:00:00+00:00,0.0
2008-02-03 10:00:00+00:00,0.0
2008-02-03 11:00:00+00:00,0.0
2008-02-03 12:00:00+00:00,0.0
2008-02-03 13:00:00+00:00,0.0
2008-02-03 14:00:00+00:00,0.33230734
2008-02-03 15:00:00+00:00,0.38866776
2008-02-03 16:00:00+00:00,0.50103056
2008-02-03 17:00:00+00:00,0.4283413
2008-02-03 18:00:00+00:00,0.36611950000000004
2008-02-03 19:00:00+00:00,0.30634415
2008-02-03 20:00:00+00:00,0.11788719
2008-02-03 21:00:00+00:00,0.06026922
2008-02-03 22:00:00+00:00,0.061305333
2008-02-03 23:00:00+00:00,0.0
2008-02-04 00:00:00+00:00,0.0
2008-02-04 01:00:00+00:00,0.0
2008-02-04 02:00:00+00:00,0.0
2008-02-04 03:00:00+00:00,0.0
2008-02-04 04:00:00+00:00,0.0
2008-02-04 05:00:00+00:00,0.0
2008-02-04 06:00:00+00:00,0.0
2008-02-04 07:00:00+00:00,0.0
2008-02-04 08:00:00+00:00,0.0
2008-02-04 09:00:00+00:00,0.0
2008-02-04 10:00:00+00:00,0.0
2008-02-04 11:00:00+00:00,0.0
2008-02-04 12:00:00+00:00,0.0
2008-02-04 13:00:00+00:00,0.0
2008-02-04 14:00:00+00:00,0.009682188000000001
2008-02-04 15:00:00+00:00,0.04303017
2008-02-04 16:00:00+00:00,0.15153363
2008-02-04 17:00:00+00:00,0.048578385
2008-02-04 18:00:00+00:00,0.11417793
2008-02-04 19:00:00+00:00,0.14307848
2008-02-04 20:00:00+00:00,0.109278515
2008-02-04 21:00:00+00:00,0.058868323
2008-02-04 22:00:00+00:00,0.06776522
2008-02-04 23:00:00+00:00,0.0
2008-02-05 00:00:00+00:00,0.0
2008-02-05 01:00:00+00:00,0.0
2008-02-05 02:00:00+00:00,0.0
2008-02-05 03:00:00+00:00,0.0
2008-02-05 04:00:00+00:00,0.0
2008-02-05 05:00:00+00:00,0.0
2008-02-05 06:00:00+00:00,0.0
2008-02-05 07:00:00+00:00,0.0
2008-02-05 08:00:00+00:00,0.0
2008-02-05 09:00:00+00:00,0.0
2008-02-05 10:00:00+00:00,0.0
2008-02-05 11:00:00+00:00,0.0
2008-02-05 12:00:00+00:00,0.0
2008-02-05 13:00:00+00:00,0.0
2008-02-05 14:00:00+00:00,0.006260105
2008-02-05 15:00:00+00:00,0.004569778
2008-02-05 16:00:00+00:00,0.0023445479999999997
2008-02-05 17:00:00+00:00,0.083234705
2008-02-05 18:00:00+00:00,0.19726186
2008-02-05 19:00:00+00:00,0.060981806
2008-02-05 20:00:00+00:00,0.16298203
2008-02-05 21:00:00+00:00,0.049874768
2008-02-05 22:00:00+00:00,0.15502316
2008-02-05 23:00:00+00:00,0.0
2008-02-06 00:00:00+00:00,0.0
2008-02-06 01:00:00+00:00,0.0
2008-02-06 02:00:00+00:00,0.0
2008-02-06 03:00:00+00:00,0.0
2008-02-06 04:00:00+00:00,0.0
2008-02-06 05:00:00+00:00,0.0
2008-02-06 06:00:00+00:00,0.0
2008-02-06 07:00:00+00:00,0.0
2008-02-06 08:00:00+00:00,0.0
2008-02-06 09:00:00+00:00,0.0
2008-02-06 10:00:00+00:00,0.0
2008-02-06 11:00:00+00:00,0.0
2008-02-06 12:00:00+00:00,0.0
2008-02-06 13:00:00+00:00,0.0
2008-02-06 14:00:00+00:00,0.14109007
2008-02-06 15:00:00+00:00,0.02115739
2008-02-06 16:00:00+00:00,0.04888626
2008-02-06 17:00:00+00:00,0.21251303
2008-02-06 18:00:00+00:00,0.2388665
2008-02-06 19:00:00+00:00,0.5446899000000001
2008-02-06 20:00:00+00:00,0.4713975
2008-02-06 21:00:00+00:00,0.036184377999999996
2008-02-06 22:00:00+00:00,0.11256305
2008-02-06 23:00:00+00:00,0.0
2008-02-07 00:00:00+00:00,0.0
2008-02-07 01:00:00+00:00,0.0
2008-02-07 02:00:00+00:00,0.0
2008-02-07 03:00:00+00:00,0.0
2008-02-07 04:00:00+00:00,0.0
2008-02-07 05:00:00+00:00,0.0
2008-02-07 06:00:00+00:00,0.0
2008-02-07 07:00:00+00:00,0.0
2008-02-07 08:00:00+00:00,0.0
2008-02-07 09:00:00+00:00,0.0
2008-02-07 10:00:00+00:00,0.0
2008-02-07 11:00:00+00:00,0.0
2008-02-07 12:00:00+00:00,0.0
2008-02-07 13:00:00+00:00,0.01716267
2008-02-07 14:00:00+00:00,0.0035001137
2008-02-07 15:00:00+00:00,0.024096068
2008-02-07 16:00:00+00:00,0.05741206
2008-02-07 17:00:00+00:00,0.08604533
2008-02-07 18:00:00+00:00,0.15465373
2008-02-07 19:00:00+00:00,0.0929221
2008-02-07 20:00:00+00:00,0.041160055
2008-02-07 21:00:00+00:00,0.015284903999999998
2008-02-07 22:00:00+00:00,0.31096843
2008-02-07 23:00:00+00:00,0.0
2008-02-08 00:00:00+00:00,0.0
2008-02-08 01:00:00+00:00,0.0
2008-02-08 02:00:00+00:00,0.0
2008-02-08 03:00:00+00:00,0.0
2008-02-08 04:00:00+00:00,0.0
2008-02-08 05:00:00+00:00,0.0
2008-02-08 06:00:00+00:00,0.0
2008-02-08 07:00:00+00:00,0.0
2008-02-08 08:00:00+00:00,0.0
2008-02-08 09:00:00+00:00,0.0
2008-02-08 10:00:00+00:00,0.0
2008-02-08 11:00:00+00:00,0.0
2008-02-08 12:00:00+00:00,0.0
2008-02-08 13:00:00+00:00,0.033911202
2008-02-08 14:00:00+00:00,0.41737520000000006
2008-02-08 15:00:00+00:00,0.59475845
2008-02-08 16:00:00+00:00,0.5911244000000001
2008-02-08 17:00:00+00:00,0.54974693
2008-02-08 18:00:00+00:00,0.5327149
2008-02-08 19:00:00+00:00,0.42123820000000006
2008-02-08 20:00:00+00:00,0.42187274
2008-02-08 21:00:00+00:00,0.25714472
2008-02-08 22:00:00+00:00,0.2234577
2008-02-08 23:00:00+00:00,0.0
2008-02-09 00:00:00+00:00,0.0
2008-02-09 01:00:00+00:00,0.0
2008-02-09 02:00:00+00:00,0.0
2008-02-09 03:00:00+00:00,0.0
2008-02-09 04:00:00+00:00,0.0
2008-02-09 05:00:00+00:00,0.0
2008-02-09 06:00:00+00:00,0.0
2008-02-09 07:00:00+00:00,0.0
2008-02-09 08:00:00+00:00,0.0
2008-02-09 09:00:00+00:00,0.0
2008-02-09 10:00:00+00:00,0.0
2008-02-09 11:00:00+00:00,0.0
2008-02-09 12:00:00+00:00,0.0
2008-02-09 13:00:00+00:00,0.04448445
2008-02-09 14:00:00+00:00,0.43975124
2008-02-09 15:00:00+00:00,0.63281155
2008-02-09 16:00:00+00:00,0.6195151
2008-02-09 17:00:00+00:00,0.5755563
2008-02-09 18:00:00+00:00,0.55490917
2008-02-09 19:00:00+00:00,0.57857645
2008-02-09 20:00:00+00:00,0.4445963
2008-02-09 21:00:00+00:00,0.60199136
2008-02-09 22:00:00+00:00,0.28393266
2008-02-09 23:00:00+00:00,0.0
2008-02-10 00:00:00+00:00,0.0
2008-02-10 01:00:00+00:00,0.0
2008-02-10 02:00:00+00:00,0.0
2008-02-10 03:00:00+00:00,0.0
2008-02-10 04:00:00+00:00,0.0
2008-02-10 05:00:00+00:00,0.0
2008-02-10 06:00:00+00:00,0.0
2008-02-10 07:00:00+00:00,0.0
2008-02-10 08:00:00+00:00,0.0
2008-02-10 09:00:00+00:00,0.0
2008-02-10 10:00:00+00:00,0.0
2008-02-10 11:00:00+00:00,0.0
2008-02-10 12:00:00+00:00,0.0
2008-02-10 13:00:00+00:00,0.0021529482
2008-02-10 14:00:00+00:00,0.052066102999999996
2008-02-10 15:00:00+00:00,0.06737477
2008-02-10 16:00:00+00:00,0.18347609
2008-02-10 17:00:00+00:00,0.47221320000000006
2008-02-10 18:00:00+00:00,0.60357904
2008-02-10 19:00:00+00:00,0.6350808000000001
2008-02-10 20:00:00+00:00,0.67877156
2008-02-10 21:00:00+00:00,0.67661315
2008-02-10 22:00:00+00:00,0.41389418
2008-02-10 23:00:00+00:00,0.0
2008-02-11 00:00:00+00:00,0.0
2008-02-11 01:00:00+00:00,0.0
2008-02-11 02:00:00+00:00,0.0
2008-02-11 03:00:00+00:00,0.0
2008-02-11 04:00:00+00:00,0.0
2008-02-11 05:00:00+00:00,0.0
2008-02-11 06:00:00+00:00,0.0
2008-02-11 07:00:00+00:00,0.0
2008-02-11 08:00:00+00:00,0.0
2008-02-11 09:00:00+00:00,0.0
2008-02-11 10:00:00+00:00,0.0
2008-02-11 11:00:00+00:00,0.0
2008-02-11 12:00:00+00:00,0.0
2008-02-11 13:00:00+00:00,0.03632012
2008-02-11 14:00:00+00:00,0.18018705
2008-02-11 15:00:00+00:00,0.35597274
2008-02-11 16:00:00+00:00,0.37979352
2008-02-11 17:00:00+00:00,0.2743554
2008-02-11 18:00:00+00:00,0.15574141
2008-02-11 19:00:00+00:00,0.050604507
2008-02-11 20:00:00+00:00,0.07630298
2008-02-11 21:00:00+00:00,0.026938307999999998
2008-02-11 22:00:00+00:00,0.00867679
2008-02-11 23:00:00+00:00,0.0
2008-02-12 00:00:00+00:00,0.0
2008-02-12 01:00:00+00:00,0.0
2008-02-12 02:00:00+00:00,0.0
2008-02-12 03:00:00+00:00,0.0
2008-02-12 04:00:00+00:00,0.0
2008-02-12 05:00:00+00:00,0.0
2008-02-12 06:00:00+00:00,0.0
2008-02-12 07:00:00+00:00,0.0
2008-02-12 08:00:00+00:00,0.0
2008-02-12 09:00:00+00:00,0.0
2008-02-12 10:00:00+00:00,0.0
2008-02-12 11:00:00+00:00,0.0
2008-02-12 12:00:00+00:00,0.0
2008-02-12 13:00:00+00:00,0.00020615979
2008-02-12 14:00:00+00:00,0.018047906000000002
2008-02-12 15:00:00+00:00,0.01934904
2008-02-12 16:00:00+00:00,0.0071762530000000005
2008-02-12 17:00:00+00:00,0.07783504
2008-02-12 18:00:00+00:00,0.06986775
2008-02-12 19:00:00+00:00,0.05813643
2008-02-12 20:00:00+00:00,0.055134207000000005
2008-02-12 21:00:00+00:00,0.0043653287
2008-02-12 22:00:00+00:00,0.18037409
2008-02-12 23:00:00+00:00,0.0
2008-02-13 00:00:00+00:00,0.0
2008-02-13 01:00:00+00:00,0.0
2008-02-13 02:00:00+00:00,0.0
2008-02-13 03:00:00+00:00,0.0
2008-02-13 04:00:00+00:00,0.0
2008-02-13 05:00:00+00:00,0.0
2008-02-13 06:00:00+00:00,0.0
2008-02-13 07:00:00+00:00,0.0
2008-02-13 08:00:00+00:00,0.0
2008-02-13 09:00:00+00:00,0.0
2008-02-13 10:00:00+00:00,0.0
2008-02-13 11:00:00+00:00,0.0
2008-02-13 12:00:00+00:00,0.0
2008-02-13 13:00:00+00:00,0.00013699534
2008-02-13 14:00:00+00:00,0.024088396
2008-02-13 15:00:00+00:00,0.15588370000000001
2008-02-13 16:00:00+00:00,0.12683491
2008-02-13 17:00:00+00:00,0.20095156
2008-02-13 18:00:00+00:00,0.2675715
2008-02-13 19:00:00+00:00,0.19862628
2008-02-13 20:00:00+00:00,0.19077183
2008-02-13 21:00:00+00:00,0.10155284
2008-02-13 22:00:00+00:00,0.032874793
2008-02-13 23:00:00+00:00,0.0
2008-02-14 00:00:00+00:00,0.0
2008-02-14 01:00:00+00:00,0.0
2008-02-14 02:00:00+00:00,0.0
2008-02-14 03:00:00+00:00,0.0
2008-02-14 04:00:00+00:00,0.0
2008-02-14 05:00:00+00:00,0.0
2008-02-14 06:00:00+00:00,0.0
2008-02-14 07:00:00+00:00,0.0
2008-02-14 08:00:00+00:00,0.0
2008-02-14 09:00:00+00:00,0.0
2008-02-14 10:00:00+00:00,0.0
2008-02-14 11:00:00+00:00,0.0
2008-02-14 12:00:00+00:00,0.0
2008-02-14 13:00:00+00:00,0.07710536
2008-02-14 14:00:00+00:00,0.3842331
2008-02-14 15:00:00+00:00,0.18776153
2008-02-14 16:00:00+00:00,0.4009293
2008-02-14 17:00:00+00:00,0.45046243
2008-02-14 18:00:00+00:00,0.5078912999999999
2008-02-14 19:00:00+00:00,0.5211315
2008-02-14 20:00:00+00:00,0.6073645999999999
2008-02-14 21:00:00+00:00,0.6326656
2008-02-14 22:00:00+00:00,0.39961594
2008-02-14 23:00:00+00:00,0.0
2008-02-15 00:00:00+00:00,0.0
2008-02-15 01:00:00+00:00,0.0
2008-02-15 02:00:00+00:00,0.0
2008-02-15 03:00:00+00:00,0.0
2008-02-15 04:00:00+00:00,0.0
2008-02-15 05:00:00+00:00,0.0
2008-02-15 06:00:00+00:00,0.0
2008-02-15 07:00:00+00:00,0.0
2008-02-15 08:00:00+00:00,0.0
2008-02-15 09:00:00+00:00,0.0
2008-02-15 10:00:00+00:00,0.0
2008-02-15 11:00:00+00:00,0.0
2008-02-15 12:00:00+00:00,0.0
2008-02-15 13:00:00+00:00,0.003354115
2008-02-15 14:00:00+00:00,0.03504774
2008-02-15 15:00:00+00:00,0.087810636
2008-02-15 16:00:00+00:00,0.30541763
2008-02-15 17:00:00+00:00,0.45933855
2008-02-15 18:00:00+00:00,0.45765918
2008-02-15 19:00:00+00:00,0.5150484000000001
2008-02-15 20:00:00+00:00,0.51598704
2008-02-15 21:00:00+00:00,0.4718458
2008-02-15 22:00:00+00:00,0.29068246
2008-02-15 23:00:00+00:00,0.0
2008-02-16 00:00:00+00:00,0.0
2008-02-16 01:00:00+00:00,0.0
2008-02-16 02:00:00+00:00,0.0
2008-02-16 03:00:00+00:00,0.0
2008-02-16 04:00:00+00:00,0.0
2008-02-16 05:00:00+00:00,0.0
2008-02-16 06:00:00+00:00,0.0
2008-02-16 07:00:00+00:00,0.0
2008-02-16 08:00:00+00:00,0.0
2008-02-16 09:00:00+00:00,0.0
2008-02-16 10:00:00+00:00,0.0
2008-02-16 11:00:00+00:00,0.0
2008-02-16 12:00:00+00:00,0.0
2008-02-16 13:00:00+00:00,0.10550206
2008-02-16 14:00:00+00:00,0.44443282
2008-02-16 15:00:00+00:00,0.58995533
2008-02-16 16:00:00+00:00,0.59159815
2008-02-16 17:00:00+00:00,0.5596941
2008-02-16 18:00:00+00:00,0.54041034
2008-02-16 19:00:00+00:00,0.5363342
2008-02-16 20:00:00+00:00,0.21347329999999998
2008-02-16 21:00:00+00:00,0.5205517
2008-02-16 22:00:00+00:00,0.2094308
2008-02-16 23:00:00+00:00,0.0
2008-02-17 00:00:00+00:00,0.0
2008-02-17 01:00:00+00:00,0.0
2008-02-17 02:00:00+00:00,0.0
2008-02-17 03:00:00+00:00,0.0
2008-02-17 04:00:00+00:00,0.0
2008-02-17 05:00:00+00:00,0.0
2008-02-17 06:00:00+00:00,0.0
2008-02-17 07:00:00+00:00,0.0
2008-02-17 08:00:00+00:00,0.0
2008-02-17 09:00:00+00:00,0.0
2008-02-17 10:00:00+00:00,0.0
2008-02-17 11:00:00+00:00,0.0
2008-02-17 12:00:00+00:00,0.0
2008-02-17 13:00:00+00:00,0.0015040494
2008-02-17 14:00:00+00:00,0.037371546
2008-02-17 15:00:00+00:00,0.14208410000000002
2008-02-17 16:00:00+00:00,0.12230777
2008-02-17 17:00:00+00:00,0.05896944
2008-02-17 18:00:00+00:00,0.20363687
2008-02-17 19:00:00+00:00,0.059869435
2008-02-17 20:00:00+00:00,0.22708248
2008-02-17 21:00:00+00:00,0.42976674
2008-02-17 22:00:00+00:00,0.28121907
2008-02-17 23:00:00+00:00,0.00020429917000000002
2008-02-18 00:00:00+00:00,0.0
2008-02-18 01:00:00+00:00,0.0
2008-02-18 02:00:00+00:00,0.0
2008-02-18 03:00:00+00:00,0.0
2008-02-18 04:00:00+00:00,0.0
2008-02-18 05:00:00+00:00,0.0
2008-02-18 06:00:00+00:00,0.0
2008-02-18 07:00:00+00:00,0.0
2008-02-18 08:00:00+00:00,0.0
2008-02-18 09:00:00+00:00,0.0
2008-02-18 10:00:00+00:00,0.0
2008-02-18 11:00:00+00:00,0.0
2008-02-18 12:00:00+00:00,0.0
2008-02-18 13:00:00+00:00,0.00051108166
2008-02-18 14:00:00+00:00,0.018748643
2008-02-18 15:00:00+00:00,0.052747834
2008-02-18 16:00:00+00:00,0.21966565
2008-02-18 17:00:00+00:00,0.2884959
2008-02-18 18:00:00+00:00,0.072329216
2008-02-18 19:00:00+00:00,0.15992258
2008-02-18 20:00:00+00:00,0.14324899
2008-02-18 21:00:00+00:00,0.06187214
2008-02-18 22:00:00+00:00,0.20060451
2008-02-18 23:00:00+00:00,0.0016504000000000002
2008-02-19 00:00:00+00:00,0.0
2008-02-19 01:00:00+00:00,0.0
2008-02-19 02:00:00+00:00,0.0
2008-02-19 03:00:00+00:00,0.0
2008-02-19 04:00:00+00:00,0.0
2008-02-19 05:00:00+00:00,0.0
2008-02-19 06:00:00+00:00,0.0
2008-02-19 07:00:00+00:00,0.0
2008-02-19 08:00:00+00:00,0.0
2008-02-19 09:00:00+00:00,0.0
2008-02-19 10:00:00+00:00,0.0
2008-02-19 11:00:00+00:00,0.0
2008-02-19 12:00:00+00:00,0.0
2008-02-19 13:00:00+00:00,0.16271004
2008-02-19 14:00:00+00:00,0.5500635
2008-02-19 15:00:00+00:00,0.7154406
2008-02-19 16:00:00+00:00,0.60814464
2008-02-19 17:00:00+00:00,0.6546810000000001
2008-02-19 18:00:00+00:00,0.6333974
2008-02-19 19:00:00+00:00,0.65483445
2008-02-19 20:00:00+00:00,0.68778855
2008-02-19 21:00:00+00:00,0.6838026
2008-02-19 22:00:00+00:00,0.46695423
2008-02-19 23:00:00+00:00,0.033044446
2008-02-20 00:00:00+00:00,0.0
2008-02-20 01:00:00+00:00,0.0
2008-02-20 02:00:00+00:00,0.0
2008-02-20 03:00:00+00:00,0.0
2008-02-20 04:00:00+00:00,0.0
2008-02-20 05:00:00+00:00,0.0
2008-02-20 06:00:00+00:00,0.0
2008-02-20 07:00:00+00:00,0.0
2008-02-20 08:00:00+00:00,0.0
2008-02-20 09:00:00+00:00,0.0
2008-02-20 10:00:00+00:00,0.0
2008-02-20 11:00:00+00:00,0.0
2008-02-20 12:00:00+00:00,0.0
2008-02-20 13:00:00+00:00,0.0026832875
2008-02-20 14:00:00+00:00,0.01620978
2008-02-20 15:00:00+00:00,0.009873943
2008-02-20 16:00:00+00:00,0.1771893
2008-02-20 17:00:00+00:00,0.37817964
2008-02-20 18:00:00+00:00,0.38901067
2008-02-20 19:00:00+00:00,0.38812375
2008-02-20 20:00:00+00:00,0.4170503
2008-02-20 21:00:00+00:00,0.44101647
2008-02-20 22:00:00+00:00,0.18109478
2008-02-20 23:00:00+00:00,0.0451515
2008-02-21 00:00:00+00:00,0.0
2008-02-21 01:00:00+00:00,0.0
2008-02-21 02:00:00+00:00,0.0
2008-02-21 03:00:00+00:00,0.0
2008-02-21 04:00:00+00:00,0.0
2008-02-21 05:00:00+00:00,0.0
2008-02-21 06:00:00+00:00,0.0
2008-02-21 07:00:00+00:00,0.0
2008-02-21 08:00:00+00:00,0.0
2008-02-21 09:00:00+00:00,0.0
2008-02-21 10:00:00+00:00,0.0
2008-02-21 11:00:00+00:00,0.0
2008-02-21 12:00:00+00:00,0.0
2008-02-21 13:00:00+00:00,0.06704919999999999
2008-02-21 14:00:00+00:00,0.20839295
2008-02-21 15:00:00+00:00,0.19740751
2008-02-21 16:00:00+00:00,0.15553501
2008-02-21 17:00:00+00:00,0.06524695
2008-02-21 18:00:00+00:00,0.050244696
2008-02-21 19:00:00+00:00,0.05081758
2008-02-21 20:00:00+00:00,0.051838245
2008-02-21 21:00:00+00:00,0.023817408999999998
2008-02-21 22:00:00+00:00,0.008932604
2008-02-21 23:00:00+00:00,0.0
2008-02-22 00:00:00+00:00,0.0
2008-02-22 01:00:00+00:00,0.0
2008-02-22 02:00:00+00:00,0.0
2008-02-22 03:00:00+00:00,0.0
2008-02-22 04:00:00+00:00,0.0
2008-02-22 05:00:00+00:00,0.0
2008-02-22 06:00:00+00:00,0.0
2008-02-22 07:00:00+00:00,0.0
2008-02-22 08:00:00+00:00,0.0
2008-02-22 09:00:00+00:00,0.0
2008-02-22 10:00:00+00:00,0.0
2008-02-22 11:00:00+00:00,0.0
2008-02-22 12:00:00+00:00,0.0
2008-02-22 13:00:00+00:00,0.0005425483999999999
2008-02-22 14:00:00+00:00,0.0030020585
2008-02-22 15:00:00+00:00,0.030872196
2008-02-22 16:00:00+00:00,0.06382312
2008-02-22 17:00:00+00:00,0.03404229
2008-02-22 18:00:00+00:00,0.18488483
2008-02-22 19:00:00+00:00,0.06210557
2008-02-22 20:00:00+00:00,0.23327908
2008-02-22 21:00:00+00:00,0.21771972
2008-02-22 22:00:00+00:00,0.31735703
2008-02-22 23:00:00+00:00,0.029613586
2008-02-23 00:00:00+00:00,0.0
2008-02-23 01:00:00+00:00,0.0
2008-02-23 02:00:00+00:00,0.0
2008-02-23 03:00:00+00:00,0.0
2008-02-23 04:00:00+00:00,0.0
2008-02-23 05:00:00+00:00,0.0
2008-02-23 06:00:00+00:00,0.0
2008-02-23 07:00:00+00:00,0.0
2008-02-23 08:00:00+00:00,0.0
2008-02-23 09:00:00+00:00,0.0
2008-02-23 10:00:00+00:00,0.0
2008-02-23 11:00:00+00:00,0.0
2008-02-23 12:00:00+00:00,0.0
2008-02-23 13:00:00+00:00,0.041404676
2008-02-23 14:00:00+00:00,0.05221565
2008-02-23 15:00:00+00:00,0.047458198
2008-02-23 16:00:00+00:00,0.112859406
2008-02-23 17:00:00+00:00,0.15481465
2008-02-23 18:00:00+00:00,0.120183565
2008-02-23 19:00:00+00:00,0.10712125
2008-02-23 20:00:00+00:00,0.1233153
2008-02-23 21:00:00+00:00,0.050911844000000005
2008-02-23 22:00:00+00:00,0.022189131
2008-02-23 23:00:00+00:00,0.02943887
2008-02-24 00:00:00+00:00,0.0
2008-02-24 01:00:00+00:00,0.0
2008-02-24 02:00:00+00:00,0.0
2008-02-24 03:00:00+00:00,0.0
2008-02-24 04:00:00+00:00,0.0
2008-02-24 05:00:00+00:00,0.0
2008-02-24 06:00:00+00:00,0.0
2008-02-24 07:00:00+00:00,0.0
2008-02-24 08:00:00+00:00,0.0
2008-02-24 09:00:00+00:00,0.0
2008-02-24 10:00:00+00:00,0.0
2008-02-24 11:00:00+00:00,0.0
2008-02-24 12:00:00+00:00,0.0
2008-02-24 13:00:00+00:00,0.0026308785
2008-02-24 14:00:00+00:00,0.009309547
2008-02-24 15:00:00+00:00,0.013707898999999999
2008-02-24 16:00:00+00:00,0.14048667
2008-02-24 17:00:00+00:00,0.15181264
2008-02-24 18:00:00+00:00,0.10717629999999999
2008-02-24 19:00:00+00:00,0.12914121
2008-02-24 20:00:00+00:00,0.07893839
2008-02-24 21:00:00+00:00,0.026307581
2008-02-24 22:00:00+00:00,0.016881855
2008-02-24 23:00:00+00:00,0.0
2008-02-25 00:00:00+00:00,0.0
2008-02-25 01:00:00+00:00,0.0
2008-02-25 02:00:00+00:00,0.0
2008-02-25 03:00:00+00:00,0.0
2008-02-25 04:00:00+00:00,0.0
2008-02-25 05:00:00+00:00,0.0
2008-02-25 06:00:00+00:00,0.0
2008-02-25 07:00:00+00:00,0.0
2008-02-25 08:00:00+00:00,0.0
2008-02-25 09:00:00+00:00,0.0
2008-02-25 10:00:00+00:00,0.0
2008-02-25 11:00:00+00:00,0.0
2008-02-25 12:00:00+00:00,0.0
2008-02-25 13:00:00+00:00,0.014977565
2008-02-25 14:00:00+00:00,0.005737645
2008-02-25 15:00:00+00:00,0.029346902
2008-02-25 16:00:00+00:00,0.057867844
2008-02-25 17:00:00+00:00,0.07979317
2008-02-25 18:00:00+00:00,0.11014777
2008-02-25 19:00:00+00:00,0.1646019
2008-02-25 20:00:00+00:00,0.081025265
2008-02-25 21:00:00+00:00,0.15739699
2008-02-25 22:00:00+00:00,0.06724498
2008-02-25 23:00:00+00:00,0.0056462055
2008-02-26 00:00:00+00:00,0.0
2008-02-26 01:00:00+00:00,0.0
2008-02-26 02:00:00+00:00,0.0
2008-02-26 03:00:00+00:00,0.0
2008-02-26 04:00:00+00:00,0.0
2008-02-26 05:00:00+00:00,0.0
2008-02-26 06:00:00+00:00,0.0
2008-02-26 07:00:00+00:00,0.0
2008-02-26 08:00:00+00:00,0.0
2008-02-26 09:00:00+00:00,0.0
2008-02-26 10:00:00+00:00,0.0
2008-02-26 11:00:00+00:00,0.0
2008-02-26 12:00:00+00:00,0.0
2008-02-26 13:00:00+00:00,0.003088429
2008-02-26 14:00:00+00:00,0.006587024300000001
2008-02-26 15:00:00+00:00,0.012772895
2008-02-26 16:00:00+00:00,0.028229142999999998
2008-02-26 17:00:00+00:00,0.03669484
2008-02-26 18:00:00+00:00,0.054915644000000007
2008-02-26 19:00:00+00:00,0.070274025
2008-02-26 20:00:00+00:00,0.053543903
2008-02-26 21:00:00+00:00,0.01955142
2008-02-26 22:00:00+00:00,0.009012820999999999
2008-02-26 23:00:00+00:00,0.03085953
2008-02-27 00:00:00+00:00,0.0
2008-02-27 01:00:00+00:00,0.0
2008-02-27 02:00:00+00:00,0.0
2008-02-27 03:00:00+00:00,0.0
2008-02-27 04:00:00+00:00,0.0
2008-02-27 05:00:00+00:00,0.0
2008-02-27 06:00:00+00:00,0.0
2008-02-27 07:00:00+00:00,0.0
2008-02-27 08:00:00+00:00,0.0
2008-02-27 09:00:00+00:00,0.0
2008-02-27 10:00:00+00:00,0.0
2008-02-27 11:00:00+00:00,0.0
2008-02-27 12:00:00+00:00,0.0
2008-02-27 13:00:00+00:00,0.04842612
2008-02-27 14:00:00+00:00,0.15126243
2008-02-27 15:00:00+00:00,0.24286062
2008-02-27 16:00:00+00:00,0.3351848
2008-02-27 17:00:00+00:00,0.41190875
2008-02-27 18:00:00+00:00,0.3368012
2008-02-27 19:00:00+00:00,0.43972805
2008-02-27 20:00:00+00:00,0.3824706
2008-02-27 21:00:00+00:00,0.2922395
2008-02-27 22:00:00+00:00,0.20783646
2008-02-27 23:00:00+00:00,0.08222923
2008-02-28 00:00:00+00:00,0.0
2008-02-28 01:00:00+00:00,0.0
2008-02-28 02:00:00+00:00,0.0
2008-02-28 03:00:00+00:00,0.0
2008-02-28 04:00:00+00:00,0.0
2008-02-28 05:00:00+00:00,0.0
2008-02-28 06:00:00+00:00,0.0
2008-02-28 07:00:00+00:00,0.0
2008-02-28 08:00:00+00:00,0.0
2008-02-28 09:00:00+00:00,0.0
2008-02-28 10:00:00+00:00,0.0
2008-02-28 11:00:00+00:00,0.0
2008-02-28 12:00:00+00:00,0.0
2008-02-28 13:00:00+00:00,0.23491363
2008-02-28 14:00:00+00:00,0.621352
2008-02-28 15:00:00+00:00,0.67446613
2008-02-28 16:00:00+00:00,0.598539
2008-02-28 17:00:00+00:00,0.54200983
2008-02-28 18:00:00+00:00,0.46304137
2008-02-28 19:00:00+00:00,0.56400126
2008-02-28 20:00:00+00:00,0.55879
2008-02-28 21:00:00+00:00,0.6042319
2008-02-28 22:00:00+00:00,0.27242425
2008-02-28 23:00:00+00:00,0.04426875
2008-02-29 00:00:00+00:00,0.0
2008-02-29 01:00:00+00:00,0.0
2008-02-29 02:00:00+00:00,0.0
2008-02-29 03:00:00+00:00,0.0
2008-02-29 04:00:00+00:00,0.0
2008-02-29 05:00:00+00:00,0.0
2008-02-29 06:00:00+00:00,0.0
2008-02-29 07:00:00+00:00,0.0
2008-02-29 08:00:00+00:00,0.0
2008-02-29 09:00:00+00:00,0.0
2008-02-29 10:00:00+00:00,0.0
2008-02-29 11:00:00+00:00,0.0
2008-02-29 12:00:00+00:00,0.0
2008-02-29 13:00:00+00:00,0.006248676
2008-02-29 14:00:00+00:00,0.010765175
2008-02-29 15:00:00+00:00,0.021635095
2008-02-29 16:00:00+00:00,0.044970304
2008-02-29 17:00:00+00:00,0.07057823
2008-02-29 18:00:00+00:00,0.08089068
2008-02-29 19:00:00+00:00,0.05219884599999999
2008-02-29 20:00:00+00:00,0.028901517
2008-02-29 21:00:00+00:00,0.20760478
2008-02-29 22:00:00+00:00,0.33387223
2008-02-29 23:00:00+00:00,0.048395198
2008-03-01 00:00:00+00:00,0.0
2008-03-01 01:00:00+00:00,0.0
2008-03-01 02:00:00+00:00,0.0
2008-03-01 03:00:00+00:00,0.0
2008-03-01 04:00:00+00:00,0.0
2008-03-01 05:00:00+00:00,0.0
2008-03-01 06:00:00+00:00,0.0
2008-03-01 07:00:00+00:00,0.0
2008-03-01 08:00:00+00:00,0.0
2008-03-01 09:00:00+00:00,0.0
2008-03-01 10:00:00+00:00,0.0
2008-03-01 11:00:00+00:00,0.0
2008-03-01 12:00:00+00:00,0.0
2008-03-01 13:00:00+00:00,0.24252258
2008-03-01 14:00:00+00:00,0.61978066
2008-03-01 15:00:00+00:00,0.44842079999999995
2008-03-01 16:00:00+00:00,0.46213704
2008-03-01 17:00:00+00:00,0.5256983000000001
2008-03-01 18:00:00+00:00,0.521829
2008-03-01 19:00:00+00:00,0.4847099
2008-03-01 20:00:00+00:00,0.5117505
2008-03-01 21:00:00+00:00,0.53658193
2008-03-01 22:00:00+00:00,0.26014940000000003
2008-03-01 23:00:00+00:00,0.115578204
2008-03-02 00:00:00+00:00,0.0
2008-03-02 01:00:00+00:00,0.0
2008-03-02 02:00:00+00:00,0.0
2008-03-02 03:00:00+00:00,0.0
2008-03-02 04:00:00+00:00,0.0
2008-03-02 05:00:00+00:00,0.0
2008-03-02 06:00:00+00:00,0.0
2008-03-02 07:00:00+00:00,0.0
2008-03-02 08:00:00+00:00,0.0
2008-03-02 09:00:00+00:00,0.0
2008-03-02 10:00:00+00:00,0.0
2008-03-02 11:00:00+00:00,0.0
2008-03-02 12:00:00+00:00,0.0
2008-03-02 13:00:00+00:00,0.15076102
2008-03-02 14:00:00+00:00,0.5562951
2008-03-02 15:00:00+00:00,0.28447276
2008-03-02 16:00:00+00:00,0.12149067
2008-03-02 17:00:00+00:00,0.07214858
2008-03-02 18:00:00+00:00,0.18397433
2008-03-02 19:00:00+00:00,0.26989567
2008-03-02 20:00:00+00:00,0.34409776
2008-03-02 21:00:00+00:00,0.59664553
2008-03-02 22:00:00+00:00,0.44676927
2008-03-02 23:00:00+00:00,0.11893690400000001
2008-03-03 00:00:00+00:00,0.0
2008-03-03 01:00:00+00:00,0.0
2008-03-03 02:00:00+00:00,0.0
2008-03-03 03:00:00+00:00,0.0
2008-03-03 04:00:00+00:00,0.0
2008-03-03 05:00:00+00:00,0.0
2008-03-03 06:00:00+00:00,0.0
2008-03-03 07:00:00+00:00,0.0
2008-03-03 08:00:00+00:00,0.0
2008-03-03 09:00:00+00:00,0.0
2008-03-03 10:00:00+00:00,0.0
2008-03-03 11:00:00+00:00,0.0
2008-03-03 12:00:00+00:00,0.0
2008-03-03 13:00:00+00:00,0.016125968
2008-03-03 14:00:00+00:00,0.4918639
2008-03-03 15:00:00+00:00,0.5433616
2008-03-03 16:00:00+00:00,0.5473971
2008-03-03 17:00:00+00:00,0.57806206
2008-03-03 18:00:00+00:00,0.47890829999999995
2008-03-03 19:00:00+00:00,0.3765335
2008-03-03 20:00:00+00:00,0.257465
2008-03-03 21:00:00+00:00,0.40232044
2008-03-03 22:00:00+00:00,0.07962037599999999
2008-03-03 23:00:00+00:00,0.007988226999999999
2008-03-04 00:00:00+00:00,0.0
2008-03-04 01:00:00+00:00,0.0
2008-03-04 02:00:00+00:00,0.0
2008-03-04 03:00:00+00:00,0.0
2008-03-04 04:00:00+00:00,0.0
2008-03-04 05:00:00+00:00,0.0
2008-03-04 06:00:00+00:00,0.0
2008-03-04 07:00:00+00:00,0.0
2008-03-04 08:00:00+00:00,0.0
2008-03-04 09:00:00+00:00,0.0
2008-03-04 10:00:00+00:00,0.0
2008-03-04 11:00:00+00:00,0.0
2008-03-04 12:00:00+00:00,0.0
2008-03-04 13:00:00+00:00,0.03773858
2008-03-04 14:00:00+00:00,0.0682038
2008-03-04 15:00:00+00:00,0.05562198
2008-03-04 16:00:00+00:00,0.12030549
2008-03-04 17:00:00+00:00,0.060515128
2008-03-04 18:00:00+00:00,0.037130907000000005
2008-03-04 19:00:00+00:00,0.042963456
2008-03-04 20:00:00+00:00,0.04703154
2008-03-04 21:00:00+00:00,0.11363761
2008-03-04 22:00:00+00:00,0.073915936
2008-03-04 23:00:00+00:00,0.105671324
2008-03-05 00:00:00+00:00,0.0
2008-03-05 01:00:00+00:00,0.0
2008-03-05 02:00:00+00:00,0.0
2008-03-05 03:00:00+00:00,0.0
2008-03-05 04:00:00+00:00,0.0
2008-03-05 05:00:00+00:00,0.0
2008-03-05 06:00:00+00:00,0.0
2008-03-05 07:00:00+00:00,0.0
2008-03-05 08:00:00+00:00,0.0
2008-03-05 09:00:00+00:00,0.0
2008-03-05 10:00:00+00:00,0.0
2008-03-05 11:00:00+00:00,0.0
2008-03-05 12:00:00+00:00,0.0
2008-03-05 13:00:00+00:00,0.25127447
2008-03-05 14:00:00+00:00,0.03240739
2008-03-05 15:00:00+00:00,0.04188091
2008-03-05 16:00:00+00:00,0.088708915
2008-03-05 17:00:00+00:00,0.09490485
2008-03-05 18:00:00+00:00,0.12270418
2008-03-05 19:00:00+00:00,0.11992814
2008-03-05 20:00:00+00:00,0.09706905
2008-03-05 21:00:00+00:00,0.09643141
2008-03-05 22:00:00+00:00,0.12850365
2008-03-05 23:00:00+00:00,0.13669015
2008-03-06 00:00:00+00:00,0.0
2008-03-06 01:00:00+00:00,0.0
2008-03-06 02:00:00+00:00,0.0
2008-03-06 03:00:00+00:00,0.0
2008-03-06 04:00:00+00:00,0.0
2008-03-06 05:00:00+00:00,0.0
2008-03-06 06:00:00+00:00,0.0
2008-03-06 07:00:00+00:00,0.0
2008-03-06 08:00:00+00:00,0.0
2008-03-06 09:00:00+00:00,0.0
2008-03-06 10:00:00+00:00,0.0
2008-03-06 11:00:00+00:00,0.0
2008-03-06 12:00:00+00:00,0.0
2008-03-06 13:00:00+00:00,0.090733044
2008-03-06 14:00:00+00:00,0.58894515
2008-03-06 15:00:00+00:00,0.49237245
2008-03-06 16:00:00+00:00,0.5372319000000001
2008-03-06 17:00:00+00:00,0.50286156
2008-03-06 18:00:00+00:00,0.521993
2008-03-06 19:00:00+00:00,0.5312425999999999
2008-03-06 20:00:00+00:00,0.43239564
2008-03-06 21:00:00+00:00,0.3144436
2008-03-06 22:00:00+00:00,0.04296683
2008-03-06 23:00:00+00:00,0.010543776000000001
2008-03-07 00:00:00+00:00,0.0
2008-03-07 01:00:00+00:00,0.0
2008-03-07 02:00:00+00:00,0.0
2008-03-07 03:00:00+00:00,0.0
2008-03-07 04:00:00+00:00,0.0
2008-03-07 05:00:00+00:00,0.0
2008-03-07 06:00:00+00:00,0.0
2008-03-07 07:00:00+00:00,0.0
2008-03-07 08:00:00+00:00,0.0
2008-03-07 09:00:00+00:00,0.0
2008-03-07 10:00:00+00:00,0.0
2008-03-07 11:00:00+00:00,0.0
2008-03-07 12:00:00+00:00,0.0
2008-03-07 13:00:00+00:00,0.002588492
2008-03-07 14:00:00+00:00,0.0065712340000000004
2008-03-07 15:00:00+00:00,0.0186315
2008-03-07 16:00:00+00:00,0.05603225
2008-03-07 17:00:00+00:00,0.02399296
2008-03-07 18:00:00+00:00,0.09980069
2008-03-07 19:00:00+00:00,0.115347244
2008-03-07 20:00:00+00:00,0.08090481
2008-03-07 21:00:00+00:00,0.020725988
2008-03-07 22:00:00+00:00,0.20825835
2008-03-07 23:00:00+00:00,0.08148126
2008-03-08 00:00:00+00:00,0.0
2008-03-08 01:00:00+00:00,0.0
2008-03-08 02:00:00+00:00,0.0
2008-03-08 03:00:00+00:00,0.0
2008-03-08 04:00:00+00:00,0.0
2008-03-08 05:00:00+00:00,0.0
2008-03-08 06:00:00+00:00,0.0
2008-03-08 07:00:00+00:00,0.0
2008-03-08 08:00:00+00:00,0.0
2008-03-08 09:00:00+00:00,0.0
2008-03-08 10:00:00+00:00,0.0
2008-03-08 11:00:00+00:00,0.0
2008-03-08 12:00:00+00:00,0.0
2008-03-08 13:00:00+00:00,0.014205563000000001
2008-03-08 14:00:00+00:00,0.09438584
2008-03-08 15:00:00+00:00,0.09698213
2008-03-08 16:00:00+00:00,0.18465215
2008-03-08 17:00:00+00:00,0.18375573
2008-03-08 18:00:00+00:00,0.39718387
2008-03-08 19:00:00+00:00,0.20140433
2008-03-08 20:00:00+00:00,0.10571051
2008-03-08 21:00:00+00:00,0.10657983
2008-03-08 22:00:00+00:00,0.38831937
2008-03-08 23:00:00+00:00,0.07903061
2008-03-09 00:00:00+00:00,0.0
2008-03-09 01:00:00+00:00,0.0
2008-03-09 02:00:00+00:00,0.0
2008-03-09 03:00:00+00:00,0.0
2008-03-09 04:00:00+00:00,0.0
2008-03-09 05:00:00+00:00,0.0
2008-03-09 06:00:00+00:00,0.0
2008-03-09 07:00:00+00:00,0.0
2008-03-09 08:00:00+00:00,0.0
2008-03-09 09:00:00+00:00,0.0
2008-03-09 10:00:00+00:00,0.0
2008-03-09 11:00:00+00:00,0.0
2008-03-09 12:00:00+00:00,0.0
2008-03-09 13:00:00+00:00,0.31158385
2008-03-09 14:00:00+00:00,0.6592399999999999
2008-03-09 15:00:00+00:00,0.71482825
2008-03-09 16:00:00+00:00,0.71301
2008-03-09 17:00:00+00:00,0.6938654000000001
2008-03-09 18:00:00+00:00,0.67134094
2008-03-09 19:00:00+00:00,0.67996836
2008-03-09 20:00:00+00:00,0.6768109999999999
2008-03-09 21:00:00+00:00,0.6507470000000001
2008-03-09 22:00:00+00:00,0.49982777
2008-03-09 23:00:00+00:00,0.15437691
2008-03-10 00:00:00+00:00,0.0
2008-03-10 01:00:00+00:00,0.0
2008-03-10 02:00:00+00:00,0.0
2008-03-10 03:00:00+00:00,0.0
2008-03-10 04:00:00+00:00,0.0
2008-03-10 05:00:00+00:00,0.0
2008-03-10 06:00:00+00:00,0.0
2008-03-10 07:00:00+00:00,0.0
2008-03-10 08:00:00+00:00,0.0
2008-03-10 09:00:00+00:00,0.0
2008-03-10 10:00:00+00:00,0.0
2008-03-10 11:00:00+00:00,0.0
2008-03-10 12:00:00+00:00,0.0
2008-03-10 13:00:00+00:00,0.21533945
2008-03-10 14:00:00+00:00,0.5936226
2008-03-10 15:00:00+00:00,0.18658455
2008-03-10 16:00:00+00:00,0.33273995
2008-03-10 17:00:00+00:00,0.1539219
2008-03-10 18:00:00+00:00,0.18454851
2008-03-10 19:00:00+00:00,0.15326026
2008-03-10 20:00:00+00:00,0.63235086
2008-03-10 21:00:00+00:00,0.5337940999999999
2008-03-10 22:00:00+00:00,0.4468148
2008-03-10 23:00:00+00:00,0.14940353
2008-03-11 00:00:00+00:00,0.0
2008-03-11 01:00:00+00:00,0.0
2008-03-11 02:00:00+00:00,0.0
2008-03-11 03:00:00+00:00,0.0
2008-03-11 04:00:00+00:00,0.0
2008-03-11 05:00:00+00:00,0.0
2008-03-11 06:00:00+00:00,0.0
2008-03-11 07:00:00+00:00,0.0
2008-03-11 08:00:00+00:00,0.0
2008-03-11 09:00:00+00:00,0.0
2008-03-11 10:00:00+00:00,0.0
2008-03-11 11:00:00+00:00,0.0
2008-03-11 12:00:00+00:00,0.0
2008-03-11 13:00:00+00:00,0.18757932
2008-03-11 14:00:00+00:00,0.47175977
2008-03-11 15:00:00+00:00,0.39203435
2008-03-11 16:00:00+00:00,0.5172447
2008-03-11 17:00:00+00:00,0.50711644
2008-03-11 18:00:00+00:00,0.6747808000000001
2008-03-11 19:00:00+00:00,0.691603
2008-03-11 20:00:00+00:00,0.7119272
2008-03-11 21:00:00+00:00,0.7004906999999999
2008-03-11 22:00:00+00:00,0.5751725000000001
2008-03-11 23:00:00+00:00,0.18517454
2008-03-12 00:00:00+00:00,0.0
2008-03-12 01:00:00+00:00,0.0
2008-03-12 02:00:00+00:00,0.0
2008-03-12 03:00:00+00:00,0.0
2008-03-12 04:00:00+00:00,0.0
2008-03-12 05:00:00+00:00,0.0
2008-03-12 06:00:00+00:00,0.0
2008-03-12 07:00:00+00:00,0.0
2008-03-12 08:00:00+00:00,0.0
2008-03-12 09:00:00+00:00,0.0
2008-03-12 10:00:00+00:00,0.0
2008-03-12 11:00:00+00:00,0.0
2008-03-12 12:00:00+00:00,0.0
2008-03-12 13:00:00+00:00,0.32621577
2008-03-12 14:00:00+00:00,0.6375229
2008-03-12 15:00:00+00:00,0.6713996999999999
2008-03-12 16:00:00+00:00,0.65663785
2008-03-12 17:00:00+00:00,0.63665986
2008-03-12 18:00:00+00:00,0.6296019
2008-03-12 19:00:00+00:00,0.6393312
2008-03-12 20:00:00+00:00,0.6495166
2008-03-12 21:00:00+00:00,0.61818427
2008-03-12 22:00:00+00:00,0.48536128
2008-03-12 23:00:00+00:00,0.152951
2008-03-13 00:00:00+00:00,0.0
2008-03-13 01:00:00+00:00,0.0
2008-03-13 02:00:00+00:00,0.0
2008-03-13 03:00:00+00:00,0.0
2008-03-13 04:00:00+00:00,0.0
2008-03-13 05:00:00+00:00,0.0
2008-03-13 06:00:00+00:00,0.0
2008-03-13 07:00:00+00:00,0.0
2008-03-13 08:00:00+00:00,0.0
2008-03-13 09:00:00+00:00,0.0
2008-03-13 10:00:00+00:00,0.0
2008-03-13 11:00:00+00:00,0.0
2008-03-13 12:00:00+00:00,0.0
2008-03-13 13:00:00+00:00,0.092340626
2008-03-13 14:00:00+00:00,0.42031065
2008-03-13 15:00:00+00:00,0.44192153
2008-03-13 16:00:00+00:00,0.5159903
2008-03-13 17:00:00+00:00,0.51342446
2008-03-13 18:00:00+00:00,0.49692196
2008-03-13 19:00:00+00:00,0.51875794
2008-03-13 20:00:00+00:00,0.43391737
2008-03-13 21:00:00+00:00,0.32453802
2008-03-13 22:00:00+00:00,0.34015858
2008-03-13 23:00:00+00:00,0.06867909400000001
2008-03-14 00:00:00+00:00,0.0
2008-03-14 01:00:00+00:00,0.0
2008-03-14 02:00:00+00:00,0.0
2008-03-14 03:00:00+00:00,0.0
2008-03-14 04:00:00+00:00,0.0
2008-03-14 05:00:00+00:00,0.0
2008-03-14 06:00:00+00:00,0.0
2008-03-14 07:00:00+00:00,0.0
2008-03-14 08:00:00+00:00,0.0
2008-03-14 09:00:00+00:00,0.0
2008-03-14 10:00:00+00:00,0.0
2008-03-14 11:00:00+00:00,0.0
2008-03-14 12:00:00+00:00,0.0
2008-03-14 13:00:00+00:00,0.015629347
2008-03-14 14:00:00+00:00,0.051396366
2008-03-14 15:00:00+00:00,0.0746291
2008-03-14 16:00:00+00:00,0.0947544
2008-03-14 17:00:00+00:00,0.047308117000000004
2008-03-14 18:00:00+00:00,0.06429923
2008-03-14 19:00:00+00:00,0.0978174
2008-03-14 20:00:00+00:00,0.06407743
2008-03-14 21:00:00+00:00,0.04485113
2008-03-14 22:00:00+00:00,0.06199257
2008-03-14 23:00:00+00:00,0.1538777
2008-03-15 00:00:00+00:00,0.0
2008-03-15 01:00:00+00:00,0.0
2008-03-15 02:00:00+00:00,0.0
2008-03-15 03:00:00+00:00,0.0
2008-03-15 04:00:00+00:00,0.0
2008-03-15 05:00:00+00:00,0.0
2008-03-15 06:00:00+00:00,0.0
2008-03-15 07:00:00+00:00,0.0
2008-03-15 08:00:00+00:00,0.0
2008-03-15 09:00:00+00:00,0.0
2008-03-15 10:00:00+00:00,0.0
2008-03-15 11:00:00+00:00,0.0
2008-03-15 12:00:00+00:00,0.0
2008-03-15 13:00:00+00:00,0.021637337000000003
2008-03-15 14:00:00+00:00,0.03998622
2008-03-15 15:00:00+00:00,0.10543788
2008-03-15 16:00:00+00:00,0.13915989
2008-03-15 17:00:00+00:00,0.17867179
2008-03-15 18:00:00+00:00,0.048311517000000005
2008-03-15 19:00:00+00:00,0.054852825
2008-03-15 20:00:00+00:00,0.06387003
2008-03-15 21:00:00+00:00,0.06444533
2008-03-15 22:00:00+00:00,0.008265884
2008-03-15 23:00:00+00:00,0.0054322453
2008-03-16 00:00:00+00:00,0.0
2008-03-16 01:00:00+00:00,0.0
2008-03-16 02:00:00+00:00,0.0
2008-03-16 03:00:00+00:00,0.0
2008-03-16 04:00:00+00:00,0.0
2008-03-16 05:00:00+00:00,0.0
2008-03-16 06:00:00+00:00,0.0
2008-03-16 07:00:00+00:00,0.0
2008-03-16 08:00:00+00:00,0.0
2008-03-16 09:00:00+00:00,0.0
2008-03-16 10:00:00+00:00,0.0
2008-03-16 11:00:00+00:00,0.0
2008-03-16 12:00:00+00:00,0.0
2008-03-16 13:00:00+00:00,0.012100498999999999
2008-03-16 14:00:00+00:00,0.05869135599999999
2008-03-16 15:00:00+00:00,0.5039575
2008-03-16 16:00:00+00:00,0.43389598
2008-03-16 17:00:00+00:00,0.4345817
2008-03-16 18:00:00+00:00,0.37145683
2008-03-16 19:00:00+00:00,0.21050788
2008-03-16 20:00:00+00:00,0.15951948
2008-03-16 21:00:00+00:00,0.15559520000000002
2008-03-16 22:00:00+00:00,0.39305782
2008-03-16 23:00:00+00:00,0.16668326
2008-03-17 00:00:00+00:00,0.0
2008-03-17 01:00:00+00:00,0.0
2008-03-17 02:00:00+00:00,0.0
2008-03-17 03:00:00+00:00,0.0
2008-03-17 04:00:00+00:00,0.0
2008-03-17 05:00:00+00:00,0.0
2008-03-17 06:00:00+00:00,0.0
2008-03-17 07:00:00+00:00,0.0
2008-03-17 08:00:00+00:00,0.0
2008-03-17 09:00:00+00:00,0.0
2008-03-17 10:00:00+00:00,0.0
2008-03-17 11:00:00+00:00,0.0
2008-03-17 12:00:00+00:00,0.0
2008-03-17 13:00:00+00:00,0.013471291000000002
2008-03-17 14:00:00+00:00,0.08328381
2008-03-17 15:00:00+00:00,0.15124193
2008-03-17 16:00:00+00:00,0.20375136
2008-03-17 17:00:00+00:00,0.36456648
2008-03-17 18:00:00+00:00,0.528667
2008-03-17 19:00:00+00:00,0.5778953
2008-03-17 20:00:00+00:00,0.66114634
2008-03-17 21:00:00+00:00,0.504455
2008-03-17 22:00:00+00:00,0.359775
2008-03-17 23:00:00+00:00,0.11488919
2008-03-18 00:00:00+00:00,0.0
2008-03-18 01:00:00+00:00,0.0
2008-03-18 02:00:00+00:00,0.0
2008-03-18 03:00:00+00:00,0.0
2008-03-18 04:00:00+00:00,0.0
2008-03-18 05:00:00+00:00,0.0
2008-03-18 06:00:00+00:00,0.0
2008-03-18 07:00:00+00:00,0.0
2008-03-18 08:00:00+00:00,0.0
2008-03-18 09:00:00+00:00,0.0
2008-03-18 10:00:00+00:00,0.0
2008-03-18 11:00:00+00:00,0.0
2008-03-18 12:00:00+00:00,0.0
2008-03-18 13:00:00+00:00,0.02970704
2008-03-18 14:00:00+00:00,0.029403431
2008-03-18 15:00:00+00:00,0.07507374
2008-03-18 16:00:00+00:00,0.05128881
2008-03-18 17:00:00+00:00,0.06713430000000001
2008-03-18 18:00:00+00:00,0.06031524
2008-03-18 19:00:00+00:00,0.14109153
2008-03-18 20:00:00+00:00,0.15548733
2008-03-18 21:00:00+00:00,0.50544226
2008-03-18 22:00:00+00:00,0.22102043
2008-03-18 23:00:00+00:00,0.039987665
2008-03-19 00:00:00+00:00,0.0
2008-03-19 01:00:00+00:00,0.0
2008-03-19 02:00:00+00:00,0.0
2008-03-19 03:00:00+00:00,0.0
2008-03-19 04:00:00+00:00,0.0
2008-03-19 05:00:00+00:00,0.0
2008-03-19 06:00:00+00:00,0.0
2008-03-19 07:00:00+00:00,0.0
2008-03-19 08:00:00+00:00,0.0
2008-03-19 09:00:00+00:00,0.0
2008-03-19 10:00:00+00:00,0.0
2008-03-19 11:00:00+00:00,0.0
2008-03-19 12:00:00+00:00,0.0
2008-03-19 13:00:00+00:00,0.0010285578
2008-03-19 14:00:00+00:00,0.02550516
2008-03-19 15:00:00+00:00,0.028868655
2008-03-19 16:00:00+00:00,0.045935295999999994
2008-03-19 17:00:00+00:00,0.07892189
2008-03-19 18:00:00+00:00,0.047919888
2008-03-19 19:00:00+00:00,0.051492885
2008-03-19 20:00:00+00:00,0.06430725
2008-03-19 21:00:00+00:00,0.024728509
2008-03-19 22:00:00+00:00,0.042125687
2008-03-19 23:00:00+00:00,0.099237755
2008-03-20 00:00:00+00:00,0.0
2008-03-20 01:00:00+00:00,0.0
2008-03-20 02:00:00+00:00,0.0
2008-03-20 03:00:00+00:00,0.0
2008-03-20 04:00:00+00:00,0.0
2008-03-20 05:00:00+00:00,0.0
2008-03-20 06:00:00+00:00,0.0
2008-03-20 07:00:00+00:00,0.0
2008-03-20 08:00:00+00:00,0.0
2008-03-20 09:00:00+00:00,0.0
2008-03-20 10:00:00+00:00,0.0
2008-03-20 11:00:00+00:00,0.0
2008-03-20 12:00:00+00:00,0.0
2008-03-20 13:00:00+00:00,0.4017361
2008-03-20 14:00:00+00:00,0.6833593000000001
2008-03-20 15:00:00+00:00,0.7322666999999999
2008-03-20 16:00:00+00:00,0.72225994
2008-03-20 17:00:00+00:00,0.7003636
2008-03-20 18:00:00+00:00,0.6923307
2008-03-20 19:00:00+00:00,0.70462394
2008-03-20 20:00:00+00:00,0.72664404
2008-03-20 21:00:00+00:00,0.7133616999999999
2008-03-20 22:00:00+00:00,0.6178756
2008-03-20 23:00:00+00:00,0.23750410000000002
2008-03-21 00:00:00+00:00,0.0
2008-03-21 01:00:00+00:00,0.0
2008-03-21 02:00:00+00:00,0.0
2008-03-21 03:00:00+00:00,0.0
2008-03-21 04:00:00+00:00,0.0
2008-03-21 05:00:00+00:00,0.0
2008-03-21 06:00:00+00:00,0.0
2008-03-21 07:00:00+00:00,0.0
2008-03-21 08:00:00+00:00,0.0
2008-03-21 09:00:00+00:00,0.0
2008-03-21 10:00:00+00:00,0.0
2008-03-21 11:00:00+00:00,0.0
2008-03-21 12:00:00+00:00,0.006903391
2008-03-21 13:00:00+00:00,0.39055243
2008-03-21 14:00:00+00:00,0.53914094
2008-03-21 15:00:00+00:00,0.6446685000000001
2008-03-21 16:00:00+00:00,0.6917982
2008-03-21 17:00:00+00:00,0.59485734
2008-03-21 18:00:00+00:00,0.6714270999999999
2008-03-21 19:00:00+00:00,0.6871056999999999
2008-03-21 20:00:00+00:00,0.6952268
2008-03-21 21:00:00+00:00,0.6721093
2008-03-21 22:00:00+00:00,0.054386165
2008-03-21 23:00:00+00:00,0.039211344
2008-03-22 00:00:00+00:00,0.0
2008-03-22 01:00:00+00:00,0.0
2008-03-22 02:00:00+00:00,0.0
2008-03-22 03:00:00+00:00,0.0
2008-03-22 04:00:00+00:00,0.0
2008-03-22 05:00:00+00:00,0.0
2008-03-22 06:00:00+00:00,0.0
2008-03-22 07:00:00+00:00,0.0
2008-03-22 08:00:00+00:00,0.0
2008-03-22 09:00:00+00:00,0.0
2008-03-22 10:00:00+00:00,0.0
2008-03-22 11:00:00+00:00,0.0
2008-03-22 12:00:00+00:00,0.0
2008-03-22 13:00:00+00:00,0.020319511999999998
2008-03-22 14:00:00+00:00,0.03197891
2008-03-22 15:00:00+00:00,0.04686505
2008-03-22 16:00:00+00:00,0.045013785
2008-03-22 17:00:00+00:00,0.08563985
2008-03-22 18:00:00+00:00,0.08746011
2008-03-22 19:00:00+00:00,0.065478936
2008-03-22 20:00:00+00:00,0.058253042000000005
2008-03-22 21:00:00+00:00,0.039150963999999996
2008-03-22 22:00:00+00:00,0.017948348
2008-03-22 23:00:00+00:00,0.017235331
2008-03-23 00:00:00+00:00,0.0
2008-03-23 01:00:00+00:00,0.0
2008-03-23 02:00:00+00:00,0.0
2008-03-23 03:00:00+00:00,0.0
2008-03-23 04:00:00+00:00,0.0
2008-03-23 05:00:00+00:00,0.0
2008-03-23 06:00:00+00:00,0.0
2008-03-23 07:00:00+00:00,0.0
2008-03-23 08:00:00+00:00,0.0
2008-03-23 09:00:00+00:00,0.0
2008-03-23 10:00:00+00:00,0.0
2008-03-23 11:00:00+00:00,0.0
2008-03-23 12:00:00+00:00,0.022726951000000002
2008-03-23 13:00:00+00:00,0.10236378
2008-03-23 14:00:00+00:00,0.3629775
2008-03-23 15:00:00+00:00,0.5667051
2008-03-23 16:00:00+00:00,0.70723224
2008-03-23 17:00:00+00:00,0.5428976
2008-03-23 18:00:00+00:00,0.56479806
2008-03-23 19:00:00+00:00,0.38292167
2008-03-23 20:00:00+00:00,0.35761672
2008-03-23 21:00:00+00:00,0.38687906
2008-03-23 22:00:00+00:00,0.41688898
2008-03-23 23:00:00+00:00,0.076541945
2008-03-24 00:00:00+00:00,0.0
2008-03-24 01:00:00+00:00,0.0
2008-03-24 02:00:00+00:00,0.0
2008-03-24 03:00:00+00:00,0.0
2008-03-24 04:00:00+00:00,0.0
2008-03-24 05:00:00+00:00,0.0
2008-03-24 06:00:00+00:00,0.0
2008-03-24 07:00:00+00:00,0.0
2008-03-24 08:00:00+00:00,0.0
2008-03-24 09:00:00+00:00,0.0
2008-03-24 10:00:00+00:00,0.0
2008-03-24 11:00:00+00:00,0.0
2008-03-24 12:00:00+00:00,0.04484209
2008-03-24 13:00:00+00:00,0.40151608
2008-03-24 14:00:00+00:00,0.6607424
2008-03-24 15:00:00+00:00,0.7242550999999999
2008-03-24 16:00:00+00:00,0.5207651
2008-03-24 17:00:00+00:00,0.36785913
2008-03-24 18:00:00+00:00,0.39565107
2008-03-24 19:00:00+00:00,0.4378848
2008-03-24 20:00:00+00:00,0.26953113
2008-03-24 21:00:00+00:00,0.28126463
2008-03-24 22:00:00+00:00,0.24920617
2008-03-24 23:00:00+00:00,0.10663633
2008-03-25 00:00:00+00:00,0.0
2008-03-25 01:00:00+00:00,0.0
2008-03-25 02:00:00+00:00,0.0
2008-03-25 03:00:00+00:00,0.0
2008-03-25 04:00:00+00:00,0.0
2008-03-25 05:00:00+00:00,0.0
2008-03-25 06:00:00+00:00,0.0
2008-03-25 07:00:00+00:00,0.0
2008-03-25 08:00:00+00:00,0.0
2008-03-25 09:00:00+00:00,0.0
2008-03-25 10:00:00+00:00,0.0
2008-03-25 11:00:00+00:00,0.0
2008-03-25 12:00:00+00:00,0.056775137999999996
2008-03-25 13:00:00+00:00,0.41365308
2008-03-25 14:00:00+00:00,0.6353816999999999
2008-03-25 15:00:00+00:00,0.7211759
2008-03-25 16:00:00+00:00,0.71205664
2008-03-25 17:00:00+00:00,0.7027342
2008-03-25 18:00:00+00:00,0.6027778
2008-03-25 19:00:00+00:00,0.40985563
2008-03-25 20:00:00+00:00,0.27280757
2008-03-25 21:00:00+00:00,0.09418047
2008-03-25 22:00:00+00:00,0.094517924
2008-03-25 23:00:00+00:00,0.03250608
2008-03-26 00:00:00+00:00,0.0
2008-03-26 01:00:00+00:00,0.0
2008-03-26 02:00:00+00:00,0.0
2008-03-26 03:00:00+00:00,0.0
2008-03-26 04:00:00+00:00,0.0
2008-03-26 05:00:00+00:00,0.0
2008-03-26 06:00:00+00:00,0.0
2008-03-26 07:00:00+00:00,0.0
2008-03-26 08:00:00+00:00,0.0
2008-03-26 09:00:00+00:00,0.0
2008-03-26 10:00:00+00:00,0.0
2008-03-26 11:00:00+00:00,0.0
2008-03-26 12:00:00+00:00,0.03969081
2008-03-26 13:00:00+00:00,0.32941964
2008-03-26 14:00:00+00:00,0.56662047
2008-03-26 15:00:00+00:00,0.5719598000000001
2008-03-26 16:00:00+00:00,0.587098
2008-03-26 17:00:00+00:00,0.6035837
2008-03-26 18:00:00+00:00,0.6342554
2008-03-26 19:00:00+00:00,0.6050503
2008-03-26 20:00:00+00:00,0.60229796
2008-03-26 21:00:00+00:00,0.31121725
2008-03-26 22:00:00+00:00,0.119487785
2008-03-26 23:00:00+00:00,0.03433404
2008-03-27 00:00:00+00:00,0.0
2008-03-27 01:00:00+00:00,0.0
2008-03-27 02:00:00+00:00,0.0
2008-03-27 03:00:00+00:00,0.0
2008-03-27 04:00:00+00:00,0.0
2008-03-27 05:00:00+00:00,0.0
2008-03-27 06:00:00+00:00,0.0
2008-03-27 07:00:00+00:00,0.0
2008-03-27 08:00:00+00:00,0.0
2008-03-27 09:00:00+00:00,0.0
2008-03-27 10:00:00+00:00,0.0
2008-03-27 11:00:00+00:00,0.0
2008-03-27 12:00:00+00:00,0.0
2008-03-27 13:00:00+00:00,0.0016548106
2008-03-27 14:00:00+00:00,0.09884878
2008-03-27 15:00:00+00:00,0.053402899999999996
2008-03-27 16:00:00+00:00,0.10638212400000001
2008-03-27 17:00:00+00:00,0.075408205
2008-03-27 18:00:00+00:00,0.17421192
2008-03-27 19:00:00+00:00,0.19176413
2008-03-27 20:00:00+00:00,0.23924664
2008-03-27 21:00:00+00:00,0.20839536
2008-03-27 22:00:00+00:00,0.035888582
2008-03-27 23:00:00+00:00,0.16111055
2008-03-28 00:00:00+00:00,0.0
2008-03-28 01:00:00+00:00,0.0
2008-03-28 02:00:00+00:00,0.0
2008-03-28 03:00:00+00:00,0.0
2008-03-28 04:00:00+00:00,0.0
2008-03-28 05:00:00+00:00,0.0
2008-03-28 06:00:00+00:00,0.0
2008-03-28 07:00:00+00:00,0.0
2008-03-28 08:00:00+00:00,0.0
2008-03-28 09:00:00+00:00,0.0
2008-03-28 10:00:00+00:00,0.0
2008-03-28 11:00:00+00:00,0.0
2008-03-28 12:00:00+00:00,0.0031200864000000003
2008-03-28 13:00:00+00:00,0.011046347
2008-03-28 14:00:00+00:00,0.040702134
2008-03-28 15:00:00+00:00,0.046999082000000005
2008-03-28 16:00:00+00:00,0.06732568
2008-03-28 17:00:00+00:00,0.12418124
2008-03-28 18:00:00+00:00,0.13794743
2008-03-28 19:00:00+00:00,0.11104710400000001
2008-03-28 20:00:00+00:00,0.14221904
2008-03-28 21:00:00+00:00,0.07708687
2008-03-28 22:00:00+00:00,0.041257244
2008-03-28 23:00:00+00:00,0.014690352
2008-03-29 00:00:00+00:00,0.0
2008-03-29 01:00:00+00:00,0.0
2008-03-29 02:00:00+00:00,0.0
2008-03-29 03:00:00+00:00,0.0
2008-03-29 04:00:00+00:00,0.0
2008-03-29 05:00:00+00:00,0.0
2008-03-29 06:00:00+00:00,0.0
2008-03-29 07:00:00+00:00,0.0
2008-03-29 08:00:00+00:00,0.0
2008-03-29 09:00:00+00:00,0.0
2008-03-29 10:00:00+00:00,0.0
2008-03-29 11:00:00+00:00,0.0
2008-03-29 12:00:00+00:00,0.042788368
2008-03-29 13:00:00+00:00,0.2705748
2008-03-29 14:00:00+00:00,0.56023604
2008-03-29 15:00:00+00:00,0.5382376
2008-03-29 16:00:00+00:00,0.6228223
2008-03-29 17:00:00+00:00,0.5832164000000001
2008-03-29 18:00:00+00:00,0.54873544
2008-03-29 19:00:00+00:00,0.6115941999999999
2008-03-29 20:00:00+00:00,0.64151376
2008-03-29 21:00:00+00:00,0.5147626000000001
2008-03-29 22:00:00+00:00,0.18522865
2008-03-29 23:00:00+00:00,0.042534493
2008-03-30 00:00:00+00:00,0.0
2008-03-30 01:00:00+00:00,0.0
2008-03-30 02:00:00+00:00,0.0
2008-03-30 03:00:00+00:00,0.0
2008-03-30 04:00:00+00:00,0.0
2008-03-30 05:00:00+00:00,0.0
2008-03-30 06:00:00+00:00,0.0
2008-03-30 07:00:00+00:00,0.0
2008-03-30 08:00:00+00:00,0.0
2008-03-30 09:00:00+00:00,0.0
2008-03-30 10:00:00+00:00,0.0
2008-03-30 11:00:00+00:00,0.0
2008-03-30 12:00:00+00:00,0.0
2008-03-30 13:00:00+00:00,0.0015295316
2008-03-30 14:00:00+00:00,0.12302919
2008-03-30 15:00:00+00:00,0.46814623
2008-03-30 16:00:00+00:00,0.47191316
2008-03-30 17:00:00+00:00,0.14647579
2008-03-30 18:00:00+00:00,0.2962391
2008-03-30 19:00:00+00:00,0.271221
2008-03-30 20:00:00+00:00,0.07130948
2008-03-30 21:00:00+00:00,0.099848725
2008-03-30 22:00:00+00:00,0.09509128
2008-03-30 23:00:00+00:00,0.019190425
2008-03-31 00:00:00+00:00,0.0
2008-03-31 01:00:00+00:00,0.0
2008-03-31 02:00:00+00:00,0.0
2008-03-31 03:00:00+00:00,0.0
2008-03-31 04:00:00+00:00,0.0
2008-03-31 05:00:00+00:00,0.0
2008-03-31 06:00:00+00:00,0.0
2008-03-31 07:00:00+00:00,0.0
2008-03-31 08:00:00+00:00,0.0
2008-03-31 09:00:00+00:00,0.0
2008-03-31 10:00:00+00:00,0.0
2008-03-31 11:00:00+00:00,0.0
2008-03-31 12:00:00+00:00,0.0001022014
2008-03-31 13:00:00+00:00,0.018199028
2008-03-31 14:00:00+00:00,0.10911536
2008-03-31 15:00:00+00:00,0.02278754
2008-03-31 16:00:00+00:00,0.11277515
2008-03-31 17:00:00+00:00,0.20994857
2008-03-31 18:00:00+00:00,0.15299594
2008-03-31 19:00:00+00:00,0.36608237
2008-03-31 20:00:00+00:00,0.4521635
2008-03-31 21:00:00+00:00,0.44642627
2008-03-31 22:00:00+00:00,0.46284783
2008-03-31 23:00:00+00:00,0.18217067
2008-04-01 00:00:00+00:00,0.0
2008-04-01 01:00:00+00:00,0.0
2008-04-01 02:00:00+00:00,0.0
2008-04-01 03:00:00+00:00,0.0
2008-04-01 04:00:00+00:00,0.0
2008-04-01 05:00:00+00:00,0.0
2008-04-01 06:00:00+00:00,0.0
2008-04-01 07:00:00+00:00,0.0
2008-04-01 08:00:00+00:00,0.0
2008-04-01 09:00:00+00:00,0.0
2008-04-01 10:00:00+00:00,0.0
2008-04-01 11:00:00+00:00,0.0
2008-04-01 12:00:00+00:00,0.07043336
2008-04-01 13:00:00+00:00,0.0316627
2008-04-01 14:00:00+00:00,0.10753484
2008-04-01 15:00:00+00:00,0.09548534
2008-04-01 16:00:00+00:00,0.25799003
2008-04-01 17:00:00+00:00,0.19020535
2008-04-01 18:00:00+00:00,0.4047685
2008-04-01 19:00:00+00:00,0.25045323
2008-04-01 20:00:00+00:00,0.3185892
2008-04-01 21:00:00+00:00,0.54238635
2008-04-01 22:00:00+00:00,0.6182413
2008-04-01 23:00:00+00:00,0.28114012
2008-04-02 00:00:00+00:00,0.0
2008-04-02 01:00:00+00:00,0.0
2008-04-02 02:00:00+00:00,0.0
2008-04-02 03:00:00+00:00,0.0
2008-04-02 04:00:00+00:00,0.0
2008-04-02 05:00:00+00:00,0.0
2008-04-02 06:00:00+00:00,0.0
2008-04-02 07:00:00+00:00,0.0
2008-04-02 08:00:00+00:00,0.0
2008-04-02 09:00:00+00:00,0.0
2008-04-02 10:00:00+00:00,0.0
2008-04-02 11:00:00+00:00,0.0
2008-04-02 12:00:00+00:00,0.04556049400000001
2008-04-02 13:00:00+00:00,0.53318125
2008-04-02 14:00:00+00:00,0.6015064999999999
2008-04-02 15:00:00+00:00,0.609893
2008-04-02 16:00:00+00:00,0.6797405
2008-04-02 17:00:00+00:00,0.66477776
2008-04-02 18:00:00+00:00,0.6211759
2008-04-02 19:00:00+00:00,0.6119613
2008-04-02 20:00:00+00:00,0.650953
2008-04-02 21:00:00+00:00,0.6867358
2008-04-02 22:00:00+00:00,0.3765746
2008-04-02 23:00:00+00:00,0.10002894
2008-04-03 00:00:00+00:00,0.0
2008-04-03 01:00:00+00:00,0.0
2008-04-03 02:00:00+00:00,0.0
2008-04-03 03:00:00+00:00,0.0
2008-04-03 04:00:00+00:00,0.0
2008-04-03 05:00:00+00:00,0.0
2008-04-03 06:00:00+00:00,0.0
2008-04-03 07:00:00+00:00,0.0
2008-04-03 08:00:00+00:00,0.0
2008-04-03 09:00:00+00:00,0.0
2008-04-03 10:00:00+00:00,0.0
2008-04-03 11:00:00+00:00,0.0
2008-04-03 12:00:00+00:00,0.0023055552
2008-04-03 13:00:00+00:00,0.014665609
2008-04-03 14:00:00+00:00,0.17244396
2008-04-03 15:00:00+00:00,0.08335352
2008-04-03 16:00:00+00:00,0.06652735
2008-04-03 17:00:00+00:00,0.07906297
2008-04-03 18:00:00+00:00,0.13435584
2008-04-03 19:00:00+00:00,0.14890479999999998
2008-04-03 20:00:00+00:00,0.05051637
2008-04-03 21:00:00+00:00,0.08102821
2008-04-03 22:00:00+00:00,0.056105625
2008-04-03 23:00:00+00:00,0.027254458999999998
2008-04-04 00:00:00+00:00,0.0
2008-04-04 01:00:00+00:00,0.0
2008-04-04 02:00:00+00:00,0.0
2008-04-04 03:00:00+00:00,0.0
2008-04-04 04:00:00+00:00,0.0
2008-04-04 05:00:00+00:00,0.0
2008-04-04 06:00:00+00:00,0.0
2008-04-04 07:00:00+00:00,0.0
2008-04-04 08:00:00+00:00,0.0
2008-04-04 09:00:00+00:00,0.0
2008-04-04 10:00:00+00:00,0.0
2008-04-04 11:00:00+00:00,0.0
2008-04-04 12:00:00+00:00,0.00019217911
2008-04-04 13:00:00+00:00,0.025802278999999997
2008-04-04 14:00:00+00:00,0.03881988
2008-04-04 15:00:00+00:00,0.09873791
2008-04-04 16:00:00+00:00,0.35383552
2008-04-04 17:00:00+00:00,0.12249225400000001
2008-04-04 18:00:00+00:00,0.12581666
2008-04-04 19:00:00+00:00,0.16764179999999998
2008-04-04 20:00:00+00:00,0.06021935
2008-04-04 21:00:00+00:00,0.038197376
2008-04-04 22:00:00+00:00,0.03375596
2008-04-04 23:00:00+00:00,0.014715532
2008-04-05 00:00:00+00:00,0.0
2008-04-05 01:00:00+00:00,0.0
2008-04-05 02:00:00+00:00,0.0
2008-04-05 03:00:00+00:00,0.0
2008-04-05 04:00:00+00:00,0.0
2008-04-05 05:00:00+00:00,0.0
2008-04-05 06:00:00+00:00,0.0
2008-04-05 07:00:00+00:00,0.0
2008-04-05 08:00:00+00:00,0.0
2008-04-05 09:00:00+00:00,0.0
2008-04-05 10:00:00+00:00,0.0
2008-04-05 11:00:00+00:00,0.0
2008-04-05 12:00:00+00:00,0.006665391999999999
2008-04-05 13:00:00+00:00,0.169196
2008-04-05 14:00:00+00:00,0.25710794
2008-04-05 15:00:00+00:00,0.28865805
2008-04-05 16:00:00+00:00,0.35624194
2008-04-05 17:00:00+00:00,0.51720214
2008-04-05 18:00:00+00:00,0.4586779
2008-04-05 19:00:00+00:00,0.40330659999999996
2008-04-05 20:00:00+00:00,0.2072688
2008-04-05 21:00:00+00:00,0.18723676
2008-04-05 22:00:00+00:00,0.076216884
2008-04-05 23:00:00+00:00,0.121575795
2008-04-06 00:00:00+00:00,0.0
2008-04-06 01:00:00+00:00,0.0
2008-04-06 02:00:00+00:00,0.0
2008-04-06 03:00:00+00:00,0.0
2008-04-06 04:00:00+00:00,0.0
2008-04-06 05:00:00+00:00,0.0
2008-04-06 06:00:00+00:00,0.0
2008-04-06 07:00:00+00:00,0.0
2008-04-06 08:00:00+00:00,0.0
2008-04-06 09:00:00+00:00,0.0
2008-04-06 10:00:00+00:00,0.0
2008-04-06 11:00:00+00:00,0.0
2008-04-06 12:00:00+00:00,0.16848864
2008-04-06 13:00:00+00:00,0.5344449
2008-04-06 14:00:00+00:00,0.68544286
2008-04-06 15:00:00+00:00,0.72498983
2008-04-06 16:00:00+00:00,0.7209994000000001
2008-04-06 17:00:00+00:00,0.70664895
2008-04-06 18:00:00+00:00,0.6174980999999999
2008-04-06 19:00:00+00:00,0.57726306
2008-04-06 20:00:00+00:00,0.6618889
2008-04-06 21:00:00+00:00,0.703472
2008-04-06 22:00:00+00:00,0.6144831000000001
2008-04-06 23:00:00+00:00,0.30123845
2008-04-07 00:00:00+00:00,0.0
2008-04-07 01:00:00+00:00,0.0
2008-04-07 02:00:00+00:00,0.0
2008-04-07 03:00:00+00:00,0.0
2008-04-07 04:00:00+00:00,0.0
2008-04-07 05:00:00+00:00,0.0
2008-04-07 06:00:00+00:00,0.0
2008-04-07 07:00:00+00:00,0.0
2008-04-07 08:00:00+00:00,0.0
2008-04-07 09:00:00+00:00,0.0
2008-04-07 10:00:00+00:00,0.0
2008-04-07 11:00:00+00:00,0.0
2008-04-07 12:00:00+00:00,0.16654946
2008-04-07 13:00:00+00:00,0.52265054
2008-04-07 14:00:00+00:00,0.66825175
2008-04-07 15:00:00+00:00,0.70079553
2008-04-07 16:00:00+00:00,0.69025844
2008-04-07 17:00:00+00:00,0.6162264000000001
2008-04-07 18:00:00+00:00,0.618649
2008-04-07 19:00:00+00:00,0.68233514
2008-04-07 20:00:00+00:00,0.6850813
2008-04-07 21:00:00+00:00,0.6613311
2008-04-07 22:00:00+00:00,0.56489205
2008-04-07 23:00:00+00:00,0.27045947
2008-04-08 00:00:00+00:00,0.0
2008-04-08 01:00:00+00:00,0.0
2008-04-08 02:00:00+00:00,0.0
2008-04-08 03:00:00+00:00,0.0
2008-04-08 04:00:00+00:00,0.0
2008-04-08 05:00:00+00:00,0.0
2008-04-08 06:00:00+00:00,0.0
2008-04-08 07:00:00+00:00,0.0
2008-04-08 08:00:00+00:00,0.0
2008-04-08 09:00:00+00:00,0.0
2008-04-08 10:00:00+00:00,0.0
2008-04-08 11:00:00+00:00,0.0
2008-04-08 12:00:00+00:00,0.143567
2008-04-08 13:00:00+00:00,0.42707708
2008-04-08 14:00:00+00:00,0.5882082
2008-04-08 15:00:00+00:00,0.54196024
2008-04-08 16:00:00+00:00,0.6584431
2008-04-08 17:00:00+00:00,0.5642107
2008-04-08 18:00:00+00:00,0.5459132
2008-04-08 19:00:00+00:00,0.4808733
2008-04-08 20:00:00+00:00,0.47443172
2008-04-08 21:00:00+00:00,0.3275336
2008-04-08 22:00:00+00:00,0.41726276
2008-04-08 23:00:00+00:00,0.15875849
2008-04-09 00:00:00+00:00,0.0
2008-04-09 01:00:00+00:00,0.0
2008-04-09 02:00:00+00:00,0.0
2008-04-09 03:00:00+00:00,0.0
2008-04-09 04:00:00+00:00,0.0
2008-04-09 05:00:00+00:00,0.0
2008-04-09 06:00:00+00:00,0.0
2008-04-09 07:00:00+00:00,0.0
2008-04-09 08:00:00+00:00,0.0
2008-04-09 09:00:00+00:00,0.0
2008-04-09 10:00:00+00:00,0.0
2008-04-09 11:00:00+00:00,0.0
2008-04-09 12:00:00+00:00,0.08201839
2008-04-09 13:00:00+00:00,0.08690311
2008-04-09 14:00:00+00:00,0.087123096
2008-04-09 15:00:00+00:00,0.085876994
2008-04-09 16:00:00+00:00,0.11720076
2008-04-09 17:00:00+00:00,0.1262538
2008-04-09 18:00:00+00:00,0.13169360000000002
2008-04-09 19:00:00+00:00,0.25311276
2008-04-09 20:00:00+00:00,0.1632557
2008-04-09 21:00:00+00:00,0.25290189999999996
2008-04-09 22:00:00+00:00,0.2588518
2008-04-09 23:00:00+00:00,0.19505842
2008-04-10 00:00:00+00:00,0.0
2008-04-10 01:00:00+00:00,0.0
2008-04-10 02:00:00+00:00,0.0
2008-04-10 03:00:00+00:00,0.0
2008-04-10 04:00:00+00:00,0.0
2008-04-10 05:00:00+00:00,0.0
2008-04-10 06:00:00+00:00,0.0
2008-04-10 07:00:00+00:00,0.0
2008-04-10 08:00:00+00:00,0.0
2008-04-10 09:00:00+00:00,0.0
2008-04-10 10:00:00+00:00,0.0
2008-04-10 11:00:00+00:00,0.0
2008-04-10 12:00:00+00:00,0.018369092
2008-04-10 13:00:00+00:00,0.11328375
2008-04-10 14:00:00+00:00,0.24169649
2008-04-10 15:00:00+00:00,0.5181036
2008-04-10 16:00:00+00:00,0.56417555
2008-04-10 17:00:00+00:00,0.5146466
2008-04-10 18:00:00+00:00,0.45905352
2008-04-10 19:00:00+00:00,0.5303415
2008-04-10 20:00:00+00:00,0.41891193
2008-04-10 21:00:00+00:00,0.48579344
2008-04-10 22:00:00+00:00,0.30927593
2008-04-10 23:00:00+00:00,0.21812549
2008-04-11 00:00:00+00:00,0.0
2008-04-11 01:00:00+00:00,0.0
2008-04-11 02:00:00+00:00,0.0
2008-04-11 03:00:00+00:00,0.0
2008-04-11 04:00:00+00:00,0.0
2008-04-11 05:00:00+00:00,0.0
2008-04-11 06:00:00+00:00,0.0
2008-04-11 07:00:00+00:00,0.0
2008-04-11 08:00:00+00:00,0.0
2008-04-11 09:00:00+00:00,0.0
2008-04-11 10:00:00+00:00,0.0
2008-04-11 11:00:00+00:00,0.0
2008-04-11 12:00:00+00:00,0.044191927
2008-04-11 13:00:00+00:00,0.0090702
2008-04-11 14:00:00+00:00,0.17685908
2008-04-11 15:00:00+00:00,0.1536212
2008-04-11 16:00:00+00:00,0.24600329
2008-04-11 17:00:00+00:00,0.5352091999999999
2008-04-11 18:00:00+00:00,0.21261562
2008-04-11 19:00:00+00:00,0.0960092
2008-04-11 20:00:00+00:00,0.596328
2008-04-11 21:00:00+00:00,0.4937676
2008-04-11 22:00:00+00:00,0.2831101
2008-04-11 23:00:00+00:00,0.25850132
2008-04-12 00:00:00+00:00,0.0
2008-04-12 01:00:00+00:00,0.0
2008-04-12 02:00:00+00:00,0.0
2008-04-12 03:00:00+00:00,0.0
2008-04-12 04:00:00+00:00,0.0
2008-04-12 05:00:00+00:00,0.0
2008-04-12 06:00:00+00:00,0.0
2008-04-12 07:00:00+00:00,0.0
2008-04-12 08:00:00+00:00,0.0
2008-04-12 09:00:00+00:00,0.0
2008-04-12 10:00:00+00:00,0.0
2008-04-12 11:00:00+00:00,0.0
2008-04-12 12:00:00+00:00,0.16794372
2008-04-12 13:00:00+00:00,0.10967687
2008-04-12 14:00:00+00:00,0.36468074
2008-04-12 15:00:00+00:00,0.28830966
2008-04-12 16:00:00+00:00,0.25081733
2008-04-12 17:00:00+00:00,0.18195297
2008-04-12 18:00:00+00:00,0.102521926
2008-04-12 19:00:00+00:00,0.15361136
2008-04-12 20:00:00+00:00,0.21016639999999998
2008-04-12 21:00:00+00:00,0.0646187
2008-04-12 22:00:00+00:00,0.04551769
2008-04-12 23:00:00+00:00,0.024075557
2008-04-13 00:00:00+00:00,0.0
2008-04-13 01:00:00+00:00,0.0
2008-04-13 02:00:00+00:00,0.0
2008-04-13 03:00:00+00:00,0.0
2008-04-13 04:00:00+00:00,0.0
2008-04-13 05:00:00+00:00,0.0
2008-04-13 06:00:00+00:00,0.0
2008-04-13 07:00:00+00:00,0.0
2008-04-13 08:00:00+00:00,0.0
2008-04-13 09:00:00+00:00,0.0
2008-04-13 10:00:00+00:00,0.0
2008-04-13 11:00:00+00:00,0.0
2008-04-13 12:00:00+00:00,0.020088576
2008-04-13 13:00:00+00:00,0.014032925
2008-04-13 14:00:00+00:00,0.04777552
2008-04-13 15:00:00+00:00,0.14838462
2008-04-13 16:00:00+00:00,0.23740022
2008-04-13 17:00:00+00:00,0.3132058
2008-04-13 18:00:00+00:00,0.34556544
2008-04-13 19:00:00+00:00,0.19161285
2008-04-13 20:00:00+00:00,0.24134210000000003
2008-04-13 21:00:00+00:00,0.19647336
2008-04-13 22:00:00+00:00,0.052340477999999996
2008-04-13 23:00:00+00:00,0.044999193
2008-04-14 00:00:00+00:00,0.0
2008-04-14 01:00:00+00:00,0.0
2008-04-14 02:00:00+00:00,0.0
2008-04-14 03:00:00+00:00,0.0
2008-04-14 04:00:00+00:00,0.0
2008-04-14 05:00:00+00:00,0.0
2008-04-14 06:00:00+00:00,0.0
2008-04-14 07:00:00+00:00,0.0
2008-04-14 08:00:00+00:00,0.0
2008-04-14 09:00:00+00:00,0.0
2008-04-14 10:00:00+00:00,0.0
2008-04-14 11:00:00+00:00,0.0
2008-04-14 12:00:00+00:00,0.005436452
2008-04-14 13:00:00+00:00,0.0478969
2008-04-14 14:00:00+00:00,0.15968855
2008-04-14 15:00:00+00:00,0.23367846
2008-04-14 16:00:00+00:00,0.37818372
2008-04-14 17:00:00+00:00,0.25295132
2008-04-14 18:00:00+00:00,0.1332925
2008-04-14 19:00:00+00:00,0.16876332
2008-04-14 20:00:00+00:00,0.41371858
2008-04-14 21:00:00+00:00,0.54432476
2008-04-14 22:00:00+00:00,0.32480565
2008-04-14 23:00:00+00:00,0.23085861
2008-04-15 00:00:00+00:00,0.0
2008-04-15 01:00:00+00:00,0.0
2008-04-15 02:00:00+00:00,0.0
2008-04-15 03:00:00+00:00,0.0
2008-04-15 04:00:00+00:00,0.0
2008-04-15 05:00:00+00:00,0.0
2008-04-15 06:00:00+00:00,0.0
2008-04-15 07:00:00+00:00,0.0
2008-04-15 08:00:00+00:00,0.0
2008-04-15 09:00:00+00:00,0.0
2008-04-15 10:00:00+00:00,0.0
2008-04-15 11:00:00+00:00,0.0
2008-04-15 12:00:00+00:00,0.2697711
2008-04-15 13:00:00+00:00,0.6627042
2008-04-15 14:00:00+00:00,0.761104
2008-04-15 15:00:00+00:00,0.769
2008-04-15 16:00:00+00:00,0.765688
2008-04-15 17:00:00+00:00,0.7450671999999999
2008-04-15 18:00:00+00:00,0.7336592
2008-04-15 19:00:00+00:00,0.73241884
2008-04-15 20:00:00+00:00,0.73619556
2008-04-15 21:00:00+00:00,0.7346735
2008-04-15 22:00:00+00:00,0.66593444
2008-04-15 23:00:00+00:00,0.37953454
2008-04-16 00:00:00+00:00,0.0
2008-04-16 01:00:00+00:00,0.0
2008-04-16 02:00:00+00:00,0.0
2008-04-16 03:00:00+00:00,0.0
2008-04-16 04:00:00+00:00,0.0
2008-04-16 05:00:00+00:00,0.0
2008-04-16 06:00:00+00:00,0.0
2008-04-16 07:00:00+00:00,0.0
2008-04-16 08:00:00+00:00,0.0
2008-04-16 09:00:00+00:00,0.0
2008-04-16 10:00:00+00:00,0.0
2008-04-16 11:00:00+00:00,0.0
2008-04-16 12:00:00+00:00,0.29121640000000004
2008-04-16 13:00:00+00:00,0.6752389
2008-04-16 14:00:00+00:00,0.76198477
2008-04-16 15:00:00+00:00,0.769
2008-04-16 16:00:00+00:00,0.76810694
2008-04-16 17:00:00+00:00,0.75236964
2008-04-16 18:00:00+00:00,0.7468229999999999
2008-04-16 19:00:00+00:00,0.75298923
2008-04-16 20:00:00+00:00,0.7582711999999999
2008-04-16 21:00:00+00:00,0.753923
2008-04-16 22:00:00+00:00,0.6754849
2008-04-16 23:00:00+00:00,0.38722426
2008-04-17 00:00:00+00:00,0.0
2008-04-17 01:00:00+00:00,0.0
2008-04-17 02:00:00+00:00,0.0
2008-04-17 03:00:00+00:00,0.0
2008-04-17 04:00:00+00:00,0.0
2008-04-17 05:00:00+00:00,0.0
2008-04-17 06:00:00+00:00,0.0
2008-04-17 07:00:00+00:00,0.0
2008-04-17 08:00:00+00:00,0.0
2008-04-17 09:00:00+00:00,0.0
2008-04-17 10:00:00+00:00,0.0
2008-04-17 11:00:00+00:00,0.0
2008-04-17 12:00:00+00:00,0.12367318
2008-04-17 13:00:00+00:00,0.39324328
2008-04-17 14:00:00+00:00,0.59859
2008-04-17 15:00:00+00:00,0.62111485
2008-04-17 16:00:00+00:00,0.67415124
2008-04-17 17:00:00+00:00,0.64712614
2008-04-17 18:00:00+00:00,0.64561135
2008-04-17 19:00:00+00:00,0.70889765
2008-04-17 20:00:00+00:00,0.7271031
2008-04-17 21:00:00+00:00,0.71303535
2008-04-17 22:00:00+00:00,0.6301736
2008-04-17 23:00:00+00:00,0.35313064
2008-04-18 00:00:00+00:00,0.0
2008-04-18 01:00:00+00:00,0.0
2008-04-18 02:00:00+00:00,0.0
2008-04-18 03:00:00+00:00,0.0
2008-04-18 04:00:00+00:00,0.0
2008-04-18 05:00:00+00:00,0.0
2008-04-18 06:00:00+00:00,0.0
2008-04-18 07:00:00+00:00,0.0
2008-04-18 08:00:00+00:00,0.0
2008-04-18 09:00:00+00:00,0.0
2008-04-18 10:00:00+00:00,0.0
2008-04-18 11:00:00+00:00,0.0
2008-04-18 12:00:00+00:00,0.26391527
2008-04-18 13:00:00+00:00,0.6437769
2008-04-18 14:00:00+00:00,0.73425
2008-04-18 15:00:00+00:00,0.7563714
2008-04-18 16:00:00+00:00,0.74304074
2008-04-18 17:00:00+00:00,0.7321439999999999
2008-04-18 18:00:00+00:00,0.72557205
2008-04-18 19:00:00+00:00,0.6917591
2008-04-18 20:00:00+00:00,0.66438854
2008-04-18 21:00:00+00:00,0.6729776
2008-04-18 22:00:00+00:00,0.26953164
2008-04-18 23:00:00+00:00,0.12702559
2008-04-19 00:00:00+00:00,0.0
2008-04-19 01:00:00+00:00,0.0
2008-04-19 02:00:00+00:00,0.0
2008-04-19 03:00:00+00:00,0.0
2008-04-19 04:00:00+00:00,0.0
2008-04-19 05:00:00+00:00,0.0
2008-04-19 06:00:00+00:00,0.0
2008-04-19 07:00:00+00:00,0.0
2008-04-19 08:00:00+00:00,0.0
2008-04-19 09:00:00+00:00,0.0
2008-04-19 10:00:00+00:00,0.0
2008-04-19 11:00:00+00:00,0.0
2008-04-19 12:00:00+00:00,0.011749474
2008-04-19 13:00:00+00:00,0.21179117
2008-04-19 14:00:00+00:00,0.31078702
2008-04-19 15:00:00+00:00,0.75018436
2008-04-19 16:00:00+00:00,0.5584543000000001
2008-04-19 17:00:00+00:00,0.48770186
2008-04-19 18:00:00+00:00,0.32483779999999995
2008-04-19 19:00:00+00:00,0.22660802
2008-04-19 20:00:00+00:00,0.069528446
2008-04-19 21:00:00+00:00,0.11270397
2008-04-19 22:00:00+00:00,0.18115725
2008-04-19 23:00:00+00:00,0.02795932
2008-04-20 00:00:00+00:00,0.0
2008-04-20 01:00:00+00:00,0.0
2008-04-20 02:00:00+00:00,0.0
2008-04-20 03:00:00+00:00,0.0
2008-04-20 04:00:00+00:00,0.0
2008-04-20 05:00:00+00:00,0.0
2008-04-20 06:00:00+00:00,0.0
2008-04-20 07:00:00+00:00,0.0
2008-04-20 08:00:00+00:00,0.0
2008-04-20 09:00:00+00:00,0.0
2008-04-20 10:00:00+00:00,0.0
2008-04-20 11:00:00+00:00,0.0
2008-04-20 12:00:00+00:00,0.06720352
2008-04-20 13:00:00+00:00,0.26240873
2008-04-20 14:00:00+00:00,0.6966584
2008-04-20 15:00:00+00:00,0.54934955
2008-04-20 16:00:00+00:00,0.58497286
2008-04-20 17:00:00+00:00,0.2016883
2008-04-20 18:00:00+00:00,0.08899961
2008-04-20 19:00:00+00:00,0.08128582
2008-04-20 20:00:00+00:00,0.2433174
2008-04-20 21:00:00+00:00,0.019770177
2008-04-20 22:00:00+00:00,0.021403026000000002
2008-04-20 23:00:00+00:00,0.007106386
2008-04-21 00:00:00+00:00,0.0
2008-04-21 01:00:00+00:00,0.0
2008-04-21 02:00:00+00:00,0.0
2008-04-21 03:00:00+00:00,0.0
2008-04-21 04:00:00+00:00,0.0
2008-04-21 05:00:00+00:00,0.0
2008-04-21 06:00:00+00:00,0.0
2008-04-21 07:00:00+00:00,0.0
2008-04-21 08:00:00+00:00,0.0
2008-04-21 09:00:00+00:00,0.0
2008-04-21 10:00:00+00:00,0.0
2008-04-21 11:00:00+00:00,0.0
2008-04-21 12:00:00+00:00,0.18059126
2008-04-21 13:00:00+00:00,0.21491423
2008-04-21 14:00:00+00:00,0.49888796
2008-04-21 15:00:00+00:00,0.7362626999999999
2008-04-21 16:00:00+00:00,0.7212764
2008-04-21 17:00:00+00:00,0.71069586
2008-04-21 18:00:00+00:00,0.70419407
2008-04-21 19:00:00+00:00,0.7112191
2008-04-21 20:00:00+00:00,0.7165279
2008-04-21 21:00:00+00:00,0.698954
2008-04-21 22:00:00+00:00,0.6094381
2008-04-21 23:00:00+00:00,0.34389840000000005
2008-04-22 00:00:00+00:00,0.013399721000000002
2008-04-22 01:00:00+00:00,0.0
2008-04-22 02:00:00+00:00,0.0
2008-04-22 03:00:00+00:00,0.0
2008-04-22 04:00:00+00:00,0.0
2008-04-22 05:00:00+00:00,0.0
2008-04-22 06:00:00+00:00,0.0
2008-04-22 07:00:00+00:00,0.0
2008-04-22 08:00:00+00:00,0.0
2008-04-22 09:00:00+00:00,0.0
2008-04-22 10:00:00+00:00,0.0
2008-04-22 11:00:00+00:00,0.0
2008-04-22 12:00:00+00:00,0.29195568
2008-04-22 13:00:00+00:00,0.6180266
2008-04-22 14:00:00+00:00,0.70913
2008-04-22 15:00:00+00:00,0.72653365
2008-04-22 16:00:00+00:00,0.71530926
2008-04-22 17:00:00+00:00,0.705634
2008-04-22 18:00:00+00:00,0.6665468000000001
2008-04-22 19:00:00+00:00,0.59674037
2008-04-22 20:00:00+00:00,0.70262253
2008-04-22 21:00:00+00:00,0.5565294
2008-04-22 22:00:00+00:00,0.6135854000000001
2008-04-22 23:00:00+00:00,0.34112212
2008-04-23 00:00:00+00:00,0.024952281
2008-04-23 01:00:00+00:00,0.0
2008-04-23 02:00:00+00:00,0.0
2008-04-23 03:00:00+00:00,0.0
2008-04-23 04:00:00+00:00,0.0
2008-04-23 05:00:00+00:00,0.0
2008-04-23 06:00:00+00:00,0.0
2008-04-23 07:00:00+00:00,0.0
2008-04-23 08:00:00+00:00,0.0
2008-04-23 09:00:00+00:00,0.0
2008-04-23 10:00:00+00:00,0.0
2008-04-23 11:00:00+00:00,0.0
2008-04-23 12:00:00+00:00,0.2575284
2008-04-23 13:00:00+00:00,0.5640584
2008-04-23 14:00:00+00:00,0.5418654
2008-04-23 15:00:00+00:00,0.70462704
2008-04-23 16:00:00+00:00,0.70423716
2008-04-23 17:00:00+00:00,0.69672567
2008-04-23 18:00:00+00:00,0.6951066999999999
2008-04-23 19:00:00+00:00,0.69672114
2008-04-23 20:00:00+00:00,0.70698917
2008-04-23 21:00:00+00:00,0.6941075
2008-04-23 22:00:00+00:00,0.6281559
2008-04-23 23:00:00+00:00,0.38096824
2008-04-24 00:00:00+00:00,0.036542762
2008-04-24 01:00:00+00:00,0.0
2008-04-24 02:00:00+00:00,0.0
2008-04-24 03:00:00+00:00,0.0
2008-04-24 04:00:00+00:00,0.0
2008-04-24 05:00:00+00:00,0.0
2008-04-24 06:00:00+00:00,0.0
2008-04-24 07:00:00+00:00,0.0
2008-04-24 08:00:00+00:00,0.0
2008-04-24 09:00:00+00:00,0.0
2008-04-24 10:00:00+00:00,0.0
2008-04-24 11:00:00+00:00,0.0
2008-04-24 12:00:00+00:00,0.2968132
2008-04-24 13:00:00+00:00,0.61401635
2008-04-24 14:00:00+00:00,0.7002858000000001
2008-04-24 15:00:00+00:00,0.57417077
2008-04-24 16:00:00+00:00,0.58355325
2008-04-24 17:00:00+00:00,0.58043677
2008-04-24 18:00:00+00:00,0.44943279999999997
2008-04-24 19:00:00+00:00,0.44898763
2008-04-24 20:00:00+00:00,0.55865633
2008-04-24 21:00:00+00:00,0.39301679999999994
2008-04-24 22:00:00+00:00,0.36804718
2008-04-24 23:00:00+00:00,0.14689432
2008-04-25 00:00:00+00:00,0.0024708476999999998
2008-04-25 01:00:00+00:00,0.0
2008-04-25 02:00:00+00:00,0.0
2008-04-25 03:00:00+00:00,0.0
2008-04-25 04:00:00+00:00,0.0
2008-04-25 05:00:00+00:00,0.0
2008-04-25 06:00:00+00:00,0.0
2008-04-25 07:00:00+00:00,0.0
2008-04-25 08:00:00+00:00,0.0
2008-04-25 09:00:00+00:00,0.0
2008-04-25 10:00:00+00:00,0.0
2008-04-25 11:00:00+00:00,0.0
2008-04-25 12:00:00+00:00,0.17644745
2008-04-25 13:00:00+00:00,0.58219457
2008-04-25 14:00:00+00:00,0.6829849
2008-04-25 15:00:00+00:00,0.6343783000000001
2008-04-25 16:00:00+00:00,0.65778667
2008-04-25 17:00:00+00:00,0.685629
2008-04-25 18:00:00+00:00,0.67990625
2008-04-25 19:00:00+00:00,0.69847506
2008-04-25 20:00:00+00:00,0.45940045
2008-04-25 21:00:00+00:00,0.28581799999999996
2008-04-25 22:00:00+00:00,0.28082705
2008-04-25 23:00:00+00:00,0.34124526
2008-04-26 00:00:00+00:00,0.036599796000000004
2008-04-26 01:00:00+00:00,0.0
2008-04-26 02:00:00+00:00,0.0
2008-04-26 03:00:00+00:00,0.0
2008-04-26 04:00:00+00:00,0.0
2008-04-26 05:00:00+00:00,0.0
2008-04-26 06:00:00+00:00,0.0
2008-04-26 07:00:00+00:00,0.0
2008-04-26 08:00:00+00:00,0.0
2008-04-26 09:00:00+00:00,0.0
2008-04-26 10:00:00+00:00,0.0
2008-04-26 11:00:00+00:00,0.0
2008-04-26 12:00:00+00:00,0.013559828999999999
2008-04-26 13:00:00+00:00,0.032520805
2008-04-26 14:00:00+00:00,0.14926058
2008-04-26 15:00:00+00:00,0.2261008
2008-04-26 16:00:00+00:00,0.6831381
2008-04-26 17:00:00+00:00,0.7492774
2008-04-26 18:00:00+00:00,0.74319303
2008-04-26 19:00:00+00:00,0.74571484
2008-04-26 20:00:00+00:00,0.72004956
2008-04-26 21:00:00+00:00,0.71815914
2008-04-26 22:00:00+00:00,0.62383217
2008-04-26 23:00:00+00:00,0.33453593
2008-04-27 00:00:00+00:00,0.03268407
2008-04-27 01:00:00+00:00,0.0
2008-04-27 02:00:00+00:00,0.0
2008-04-27 03:00:00+00:00,0.0
2008-04-27 04:00:00+00:00,0.0
2008-04-27 05:00:00+00:00,0.0
2008-04-27 06:00:00+00:00,0.0
2008-04-27 07:00:00+00:00,0.0
2008-04-27 08:00:00+00:00,0.0
2008-04-27 09:00:00+00:00,0.0
2008-04-27 10:00:00+00:00,0.0
2008-04-27 11:00:00+00:00,0.0
2008-04-27 12:00:00+00:00,0.20046377
2008-04-27 13:00:00+00:00,0.55857617
2008-04-27 14:00:00+00:00,0.51132953
2008-04-27 15:00:00+00:00,0.6343209
2008-04-27 16:00:00+00:00,0.61278874
2008-04-27 17:00:00+00:00,0.6203976
2008-04-27 18:00:00+00:00,0.6079974
2008-04-27 19:00:00+00:00,0.25940126
2008-04-27 20:00:00+00:00,0.1411511
2008-04-27 21:00:00+00:00,0.21823063
2008-04-27 22:00:00+00:00,0.06719742
2008-04-27 23:00:00+00:00,0.069216795
2008-04-28 00:00:00+00:00,0.0017837605999999999
2008-04-28 01:00:00+00:00,0.0
2008-04-28 02:00:00+00:00,0.0
2008-04-28 03:00:00+00:00,0.0
2008-04-28 04:00:00+00:00,0.0
2008-04-28 05:00:00+00:00,0.0
2008-04-28 06:00:00+00:00,0.0
2008-04-28 07:00:00+00:00,0.0
2008-04-28 08:00:00+00:00,0.0
2008-04-28 09:00:00+00:00,0.0
2008-04-28 10:00:00+00:00,0.0
2008-04-28 11:00:00+00:00,0.0
2008-04-28 12:00:00+00:00,0.21478257
2008-04-28 13:00:00+00:00,0.5668795
2008-04-28 14:00:00+00:00,0.43664187
2008-04-28 15:00:00+00:00,0.38062623
2008-04-28 16:00:00+00:00,0.36844823
2008-04-28 17:00:00+00:00,0.37272397
2008-04-28 18:00:00+00:00,0.5730079
2008-04-28 19:00:00+00:00,0.49504256
2008-04-28 20:00:00+00:00,0.45573205
2008-04-28 21:00:00+00:00,0.15894519
2008-04-28 22:00:00+00:00,0.057206657
2008-04-28 23:00:00+00:00,0.14159518
2008-04-29 00:00:00+00:00,0.007823099
2008-04-29 01:00:00+00:00,0.0
2008-04-29 02:00:00+00:00,0.0
2008-04-29 03:00:00+00:00,0.0
2008-04-29 04:00:00+00:00,0.0
2008-04-29 05:00:00+00:00,0.0
2008-04-29 06:00:00+00:00,0.0
2008-04-29 07:00:00+00:00,0.0
2008-04-29 08:00:00+00:00,0.0
2008-04-29 09:00:00+00:00,0.0
2008-04-29 10:00:00+00:00,0.0
2008-04-29 11:00:00+00:00,0.0
2008-04-29 12:00:00+00:00,0.0340244
2008-04-29 13:00:00+00:00,0.097387664
2008-04-29 14:00:00+00:00,0.07272336
2008-04-29 15:00:00+00:00,0.089474075
2008-04-29 16:00:00+00:00,0.13347135
2008-04-29 17:00:00+00:00,0.19906464
2008-04-29 18:00:00+00:00,0.12015431
2008-04-29 19:00:00+00:00,0.29248384
2008-04-29 20:00:00+00:00,0.15086672
2008-04-29 21:00:00+00:00,0.090285294
2008-04-29 22:00:00+00:00,0.07344017
2008-04-29 23:00:00+00:00,0.31264997
2008-04-30 00:00:00+00:00,0.042974226
2008-04-30 01:00:00+00:00,0.0
2008-04-30 02:00:00+00:00,0.0
2008-04-30 03:00:00+00:00,0.0
2008-04-30 04:00:00+00:00,0.0
2008-04-30 05:00:00+00:00,0.0
2008-04-30 06:00:00+00:00,0.0
2008-04-30 07:00:00+00:00,0.0
2008-04-30 08:00:00+00:00,0.0
2008-04-30 09:00:00+00:00,0.0
2008-04-30 10:00:00+00:00,0.0
2008-04-30 11:00:00+00:00,0.0
2008-04-30 12:00:00+00:00,0.31484523
2008-04-30 13:00:00+00:00,0.604221
2008-04-30 14:00:00+00:00,0.71071887
2008-04-30 15:00:00+00:00,0.7361305
2008-04-30 16:00:00+00:00,0.73258007
2008-04-30 17:00:00+00:00,0.52654964
2008-04-30 18:00:00+00:00,0.2623954
2008-04-30 19:00:00+00:00,0.60998684
2008-04-30 20:00:00+00:00,0.6160336999999999
2008-04-30 21:00:00+00:00,0.67575276
2008-04-30 22:00:00+00:00,0.43895692
2008-04-30 23:00:00+00:00,0.30720547
2008-05-01 00:00:00+00:00,0.061395418
2008-05-01 01:00:00+00:00,0.0
2008-05-01 02:00:00+00:00,0.0
2008-05-01 03:00:00+00:00,0.0
2008-05-01 04:00:00+00:00,0.0
2008-05-01 05:00:00+00:00,0.0
2008-05-01 06:00:00+00:00,0.0
2008-05-01 07:00:00+00:00,0.0
2008-05-01 08:00:00+00:00,0.0
2008-05-01 09:00:00+00:00,0.0
2008-05-01 10:00:00+00:00,0.0
2008-05-01 11:00:00+00:00,0.0
2008-05-01 12:00:00+00:00,0.14592249999999998
2008-05-01 13:00:00+00:00,0.5142572
2008-05-01 14:00:00+00:00,0.7229091999999999
2008-05-01 15:00:00+00:00,0.7260671
2008-05-01 16:00:00+00:00,0.73319453
2008-05-01 17:00:00+00:00,0.6574374
2008-05-01 18:00:00+00:00,0.43169168
2008-05-01 19:00:00+00:00,0.72336674
2008-05-01 20:00:00+00:00,0.6263723000000001
2008-05-01 21:00:00+00:00,0.46550348
2008-05-01 22:00:00+00:00,0.44384113
2008-05-01 23:00:00+00:00,0.31472456
2008-05-02 00:00:00+00:00,0.04371794
2008-05-02 01:00:00+00:00,0.0
2008-05-02 02:00:00+00:00,0.0
2008-05-02 03:00:00+00:00,0.0
2008-05-02 04:00:00+00:00,0.0
2008-05-02 05:00:00+00:00,0.0
2008-05-02 06:00:00+00:00,0.0
2008-05-02 07:00:00+00:00,0.0
2008-05-02 08:00:00+00:00,0.0
2008-05-02 09:00:00+00:00,0.0
2008-05-02 10:00:00+00:00,0.0
2008-05-02 11:00:00+00:00,0.0
2008-05-02 12:00:00+00:00,0.15066068
2008-05-02 13:00:00+00:00,0.36699770000000004
2008-05-02 14:00:00+00:00,0.62660974
2008-05-02 15:00:00+00:00,0.61383367
2008-05-02 16:00:00+00:00,0.57627434
2008-05-02 17:00:00+00:00,0.5076505
2008-05-02 18:00:00+00:00,0.14648958
2008-05-02 19:00:00+00:00,0.06458518
2008-05-02 20:00:00+00:00,0.06965649
2008-05-02 21:00:00+00:00,0.12608513
2008-05-02 22:00:00+00:00,0.09717157
2008-05-02 23:00:00+00:00,0.019350281
2008-05-03 00:00:00+00:00,0.00039269589999999996
2008-05-03 01:00:00+00:00,0.0
2008-05-03 02:00:00+00:00,0.0
2008-05-03 03:00:00+00:00,0.0
2008-05-03 04:00:00+00:00,0.0
2008-05-03 05:00:00+00:00,0.0
2008-05-03 06:00:00+00:00,0.0
2008-05-03 07:00:00+00:00,0.0
2008-05-03 08:00:00+00:00,0.0
2008-05-03 09:00:00+00:00,0.0
2008-05-03 10:00:00+00:00,0.0
2008-05-03 11:00:00+00:00,0.0
2008-05-03 12:00:00+00:00,0.0033749184000000003
2008-05-03 13:00:00+00:00,0.07482912
2008-05-03 14:00:00+00:00,0.025237662999999997
2008-05-03 15:00:00+00:00,0.14553763
2008-05-03 16:00:00+00:00,0.361346
2008-05-03 17:00:00+00:00,0.6147720999999999
2008-05-03 18:00:00+00:00,0.7376704000000001
2008-05-03 19:00:00+00:00,0.60804665
2008-05-03 20:00:00+00:00,0.40030056
2008-05-03 21:00:00+00:00,0.6202930999999999
2008-05-03 22:00:00+00:00,0.63011044
2008-05-03 23:00:00+00:00,0.39796212
2008-05-04 00:00:00+00:00,0.07714248
2008-05-04 01:00:00+00:00,0.0
2008-05-04 02:00:00+00:00,0.0
2008-05-04 03:00:00+00:00,0.0
2008-05-04 04:00:00+00:00,0.0
2008-05-04 05:00:00+00:00,0.0
2008-05-04 06:00:00+00:00,0.0
2008-05-04 07:00:00+00:00,0.0
2008-05-04 08:00:00+00:00,0.0
2008-05-04 09:00:00+00:00,0.0
2008-05-04 10:00:00+00:00,0.0
2008-05-04 11:00:00+00:00,0.007584682
2008-05-04 12:00:00+00:00,0.34570643
2008-05-04 13:00:00+00:00,0.6299482
2008-05-04 14:00:00+00:00,0.7205242
2008-05-04 15:00:00+00:00,0.7365048000000001
2008-05-04 16:00:00+00:00,0.6272631999999999
2008-05-04 17:00:00+00:00,0.6291074000000001
2008-05-04 18:00:00+00:00,0.62873656
2008-05-04 19:00:00+00:00,0.6713398
2008-05-04 20:00:00+00:00,0.70516014
2008-05-04 21:00:00+00:00,0.71417415
2008-05-04 22:00:00+00:00,0.6488093
2008-05-04 23:00:00+00:00,0.4313484
2008-05-05 00:00:00+00:00,0.10056865
2008-05-05 01:00:00+00:00,0.0
2008-05-05 02:00:00+00:00,0.0
2008-05-05 03:00:00+00:00,0.0
2008-05-05 04:00:00+00:00,0.0
2008-05-05 05:00:00+00:00,0.0
2008-05-05 06:00:00+00:00,0.0
2008-05-05 07:00:00+00:00,0.0
2008-05-05 08:00:00+00:00,0.0
2008-05-05 09:00:00+00:00,0.0
2008-05-05 10:00:00+00:00,0.0
2008-05-05 11:00:00+00:00,0.015924655
2008-05-05 12:00:00+00:00,0.35356897
2008-05-05 13:00:00+00:00,0.6269315
2008-05-05 14:00:00+00:00,0.71723473
2008-05-05 15:00:00+00:00,0.7400346999999999
2008-05-05 16:00:00+00:00,0.73709065
2008-05-05 17:00:00+00:00,0.7300833000000001
2008-05-05 18:00:00+00:00,0.7318852
2008-05-05 19:00:00+00:00,0.73750454
2008-05-05 20:00:00+00:00,0.73456883
2008-05-05 21:00:00+00:00,0.7123076999999999
2008-05-05 22:00:00+00:00,0.62166995
2008-05-05 23:00:00+00:00,0.39110324
2008-05-06 00:00:00+00:00,0.07890409
2008-05-06 01:00:00+00:00,0.0
2008-05-06 02:00:00+00:00,0.0
2008-05-06 03:00:00+00:00,0.0
2008-05-06 04:00:00+00:00,0.0
2008-05-06 05:00:00+00:00,0.0
2008-05-06 06:00:00+00:00,0.0
2008-05-06 07:00:00+00:00,0.0
2008-05-06 08:00:00+00:00,0.0
2008-05-06 09:00:00+00:00,0.0
2008-05-06 10:00:00+00:00,0.0
2008-05-06 11:00:00+00:00,0.0037336675
2008-05-06 12:00:00+00:00,0.33955127
2008-05-06 13:00:00+00:00,0.58140963
2008-05-06 14:00:00+00:00,0.6997906999999999
2008-05-06 15:00:00+00:00,0.7194229999999999
2008-05-06 16:00:00+00:00,0.7220818
2008-05-06 17:00:00+00:00,0.5613036
2008-05-06 18:00:00+00:00,0.6262166
2008-05-06 19:00:00+00:00,0.65958226
2008-05-06 20:00:00+00:00,0.6293196
2008-05-06 21:00:00+00:00,0.5280735
2008-05-06 22:00:00+00:00,0.46052533
2008-05-06 23:00:00+00:00,0.25495789999999996
2008-05-07 00:00:00+00:00,0.06271033
2008-05-07 01:00:00+00:00,0.0
2008-05-07 02:00:00+00:00,0.0
2008-05-07 03:00:00+00:00,0.0
2008-05-07 04:00:00+00:00,0.0
2008-05-07 05:00:00+00:00,0.0
2008-05-07 06:00:00+00:00,0.0
2008-05-07 07:00:00+00:00,0.0
2008-05-07 08:00:00+00:00,0.0
2008-05-07 09:00:00+00:00,0.0
2008-05-07 10:00:00+00:00,0.0
2008-05-07 11:00:00+00:00,0.0017351385
2008-05-07 12:00:00+00:00,0.035923805
2008-05-07 13:00:00+00:00,0.39770284
2008-05-07 14:00:00+00:00,0.37869638
2008-05-07 15:00:00+00:00,0.5831728
2008-05-07 16:00:00+00:00,0.60345477
2008-05-07 17:00:00+00:00,0.5320716999999999
2008-05-07 18:00:00+00:00,0.45509073
2008-05-07 19:00:00+00:00,0.49765155
2008-05-07 20:00:00+00:00,0.48457727
2008-05-07 21:00:00+00:00,0.19691627
2008-05-07 22:00:00+00:00,0.3125898
2008-05-07 23:00:00+00:00,0.02469927
2008-05-08 00:00:00+00:00,0.0099139
2008-05-08 01:00:00+00:00,0.0
2008-05-08 02:00:00+00:00,0.0
2008-05-08 03:00:00+00:00,0.0
2008-05-08 04:00:00+00:00,0.0
2008-05-08 05:00:00+00:00,0.0
2008-05-08 06:00:00+00:00,0.0
2008-05-08 07:00:00+00:00,0.0
2008-05-08 08:00:00+00:00,0.0
2008-05-08 09:00:00+00:00,0.0
2008-05-08 10:00:00+00:00,0.0
2008-05-08 11:00:00+00:00,0.00020615979
2008-05-08 12:00:00+00:00,0.06158105
2008-05-08 13:00:00+00:00,0.08278802
2008-05-08 14:00:00+00:00,0.14870629999999999
2008-05-08 15:00:00+00:00,0.06434347
2008-05-08 16:00:00+00:00,0.19518793
2008-05-08 17:00:00+00:00,0.18184279
2008-05-08 18:00:00+00:00,0.084699064
2008-05-08 19:00:00+00:00,0.08449774
2008-05-08 20:00:00+00:00,0.17211276
2008-05-08 21:00:00+00:00,0.061431855
2008-05-08 22:00:00+00:00,0.039621107
2008-05-08 23:00:00+00:00,0.14654835
2008-05-09 00:00:00+00:00,0.03419899
2008-05-09 01:00:00+00:00,0.0
2008-05-09 02:00:00+00:00,0.0
2008-05-09 03:00:00+00:00,0.0
2008-05-09 04:00:00+00:00,0.0
2008-05-09 05:00:00+00:00,0.0
2008-05-09 06:00:00+00:00,0.0
2008-05-09 07:00:00+00:00,0.0
2008-05-09 08:00:00+00:00,0.0
2008-05-09 09:00:00+00:00,0.0
2008-05-09 10:00:00+00:00,0.0
2008-05-09 11:00:00+00:00,0.005140495
2008-05-09 12:00:00+00:00,0.02024817
2008-05-09 13:00:00+00:00,0.07568432
2008-05-09 14:00:00+00:00,0.03782304
2008-05-09 15:00:00+00:00,0.15340583
2008-05-09 16:00:00+00:00,0.27859792
2008-05-09 17:00:00+00:00,0.15843941
2008-05-09 18:00:00+00:00,0.13936432
2008-05-09 19:00:00+00:00,0.29059803
2008-05-09 20:00:00+00:00,0.24177141
2008-05-09 21:00:00+00:00,0.10265303
2008-05-09 22:00:00+00:00,0.16015725
2008-05-09 23:00:00+00:00,0.15822911
2008-05-10 00:00:00+00:00,0.018527198999999998
2008-05-10 01:00:00+00:00,0.0
2008-05-10 02:00:00+00:00,0.0
2008-05-10 03:00:00+00:00,0.0
2008-05-10 04:00:00+00:00,0.0
2008-05-10 05:00:00+00:00,0.0
2008-05-10 06:00:00+00:00,0.0
2008-05-10 07:00:00+00:00,0.0
2008-05-10 08:00:00+00:00,0.0
2008-05-10 09:00:00+00:00,0.0
2008-05-10 10:00:00+00:00,0.0
2008-05-10 11:00:00+00:00,0.039946515
2008-05-10 12:00:00+00:00,0.35597315
2008-05-10 13:00:00+00:00,0.63549656
2008-05-10 14:00:00+00:00,0.739398
2008-05-10 15:00:00+00:00,0.76088595
2008-05-10 16:00:00+00:00,0.7498646
2008-05-10 17:00:00+00:00,0.74608153
2008-05-10 18:00:00+00:00,0.6760369
2008-05-10 19:00:00+00:00,0.6474314999999999
2008-05-10 20:00:00+00:00,0.72934675
2008-05-10 21:00:00+00:00,0.711227
2008-05-10 22:00:00+00:00,0.43371052
2008-05-10 23:00:00+00:00,0.24164669
2008-05-11 00:00:00+00:00,0.06560778
2008-05-11 01:00:00+00:00,0.0
2008-05-11 02:00:00+00:00,0.0
2008-05-11 03:00:00+00:00,0.0
2008-05-11 04:00:00+00:00,0.0
2008-05-11 05:00:00+00:00,0.0
2008-05-11 06:00:00+00:00,0.0
2008-05-11 07:00:00+00:00,0.0
2008-05-11 08:00:00+00:00,0.0
2008-05-11 09:00:00+00:00,0.0
2008-05-11 10:00:00+00:00,0.0
2008-05-11 11:00:00+00:00,0.0
2008-05-11 12:00:00+00:00,0.04905533
2008-05-11 13:00:00+00:00,0.6765861
2008-05-11 14:00:00+00:00,0.23329678
2008-05-11 15:00:00+00:00,0.27781500000000003
2008-05-11 16:00:00+00:00,0.12862398
2008-05-11 17:00:00+00:00,0.13515410000000003
2008-05-11 18:00:00+00:00,0.16985762
2008-05-11 19:00:00+00:00,0.20402144
2008-05-11 20:00:00+00:00,0.078494854
2008-05-11 21:00:00+00:00,0.04556969
2008-05-11 22:00:00+00:00,0.02731159
2008-05-11 23:00:00+00:00,0.0030173678000000002
2008-05-12 00:00:00+00:00,0.002503917
2008-05-12 01:00:00+00:00,0.0
2008-05-12 02:00:00+00:00,0.0
2008-05-12 03:00:00+00:00,0.0
2008-05-12 04:00:00+00:00,0.0
2008-05-12 05:00:00+00:00,0.0
2008-05-12 06:00:00+00:00,0.0
2008-05-12 07:00:00+00:00,0.0
2008-05-12 08:00:00+00:00,0.0
2008-05-12 09:00:00+00:00,0.0
2008-05-12 10:00:00+00:00,0.0
2008-05-12 11:00:00+00:00,0.036892757000000005
2008-05-12 12:00:00+00:00,0.32768628
2008-05-12 13:00:00+00:00,0.6039926
2008-05-12 14:00:00+00:00,0.72128904
2008-05-12 15:00:00+00:00,0.769
2008-05-12 16:00:00+00:00,0.7686683000000001
2008-05-12 17:00:00+00:00,0.762985
2008-05-12 18:00:00+00:00,0.7626609999999999
2008-05-12 19:00:00+00:00,0.7650126
2008-05-12 20:00:00+00:00,0.7581477
2008-05-12 21:00:00+00:00,0.73420423
2008-05-12 22:00:00+00:00,0.6493810999999999
2008-05-12 23:00:00+00:00,0.43220142
2008-05-13 00:00:00+00:00,0.10511478
2008-05-13 01:00:00+00:00,0.0
2008-05-13 02:00:00+00:00,0.0
2008-05-13 03:00:00+00:00,0.0
2008-05-13 04:00:00+00:00,0.0
2008-05-13 05:00:00+00:00,0.0
2008-05-13 06:00:00+00:00,0.0
2008-05-13 07:00:00+00:00,0.0
2008-05-13 08:00:00+00:00,0.0
2008-05-13 09:00:00+00:00,0.0
2008-05-13 10:00:00+00:00,0.0
2008-05-13 11:00:00+00:00,0.058426607
2008-05-13 12:00:00+00:00,0.37377366
2008-05-13 13:00:00+00:00,0.63002664
2008-05-13 14:00:00+00:00,0.7242433000000001
2008-05-13 15:00:00+00:00,0.74841803
2008-05-13 16:00:00+00:00,0.6501368000000001
2008-05-13 17:00:00+00:00,0.64404196
2008-05-13 18:00:00+00:00,0.62954766
2008-05-13 19:00:00+00:00,0.5293185
2008-05-13 20:00:00+00:00,0.47428277
2008-05-13 21:00:00+00:00,0.5650124
2008-05-13 22:00:00+00:00,0.41629153
2008-05-13 23:00:00+00:00,0.36905926
2008-05-14 00:00:00+00:00,0.089126796
2008-05-14 01:00:00+00:00,0.0
2008-05-14 02:00:00+00:00,0.0
2008-05-14 03:00:00+00:00,0.0
2008-05-14 04:00:00+00:00,0.0
2008-05-14 05:00:00+00:00,0.0
2008-05-14 06:00:00+00:00,0.0
2008-05-14 07:00:00+00:00,0.0
2008-05-14 08:00:00+00:00,0.0
2008-05-14 09:00:00+00:00,0.0
2008-05-14 10:00:00+00:00,0.0
2008-05-14 11:00:00+00:00,0.0
2008-05-14 12:00:00+00:00,0.0054171919999999995
2008-05-14 13:00:00+00:00,0.011559495
2008-05-14 14:00:00+00:00,0.048584193
2008-05-14 15:00:00+00:00,0.15815704
2008-05-14 16:00:00+00:00,0.3020288
2008-05-14 17:00:00+00:00,0.15157212
2008-05-14 18:00:00+00:00,0.18200599
2008-05-14 19:00:00+00:00,0.21848877
2008-05-14 20:00:00+00:00,0.18128246
2008-05-14 21:00:00+00:00,0.18864799
2008-05-14 22:00:00+00:00,0.08214972
2008-05-14 23:00:00+00:00,0.02999365
2008-05-15 00:00:00+00:00,0.009196995
2008-05-15 01:00:00+00:00,0.0
2008-05-15 02:00:00+00:00,0.0
2008-05-15 03:00:00+00:00,0.0
2008-05-15 04:00:00+00:00,0.0
2008-05-15 05:00:00+00:00,0.0
2008-05-15 06:00:00+00:00,0.0
2008-05-15 07:00:00+00:00,0.0
2008-05-15 08:00:00+00:00,0.0
2008-05-15 09:00:00+00:00,0.0
2008-05-15 10:00:00+00:00,0.0
2008-05-15 11:00:00+00:00,0.00013988225
2008-05-15 12:00:00+00:00,0.0010169055
2008-05-15 13:00:00+00:00,0.04328703
2008-05-15 14:00:00+00:00,0.08079934
2008-05-15 15:00:00+00:00,0.10557825
2008-05-15 16:00:00+00:00,0.18809316
2008-05-15 17:00:00+00:00,0.12317928
2008-05-15 18:00:00+00:00,0.12402181
2008-05-15 19:00:00+00:00,0.08949813
2008-05-15 20:00:00+00:00,0.060904982999999996
2008-05-15 21:00:00+00:00,0.08428747
2008-05-15 22:00:00+00:00,0.10822729
2008-05-15 23:00:00+00:00,0.014962799999999998
2008-05-16 00:00:00+00:00,6.9376714e-05
2008-05-16 01:00:00+00:00,0.0
2008-05-16 02:00:00+00:00,0.0
2008-05-16 03:00:00+00:00,0.0
2008-05-16 04:00:00+00:00,0.0
2008-05-16 05:00:00+00:00,0.0
2008-05-16 06:00:00+00:00,0.0
2008-05-16 07:00:00+00:00,0.0
2008-05-16 08:00:00+00:00,0.0
2008-05-16 09:00:00+00:00,0.0
2008-05-16 10:00:00+00:00,0.0
2008-05-16 11:00:00+00:00,0.0
2008-05-16 12:00:00+00:00,0.008158348499999999
2008-05-16 13:00:00+00:00,0.020509828
2008-05-16 14:00:00+00:00,0.06526387
2008-05-16 15:00:00+00:00,0.09122758
2008-05-16 16:00:00+00:00,0.110725835
2008-05-16 17:00:00+00:00,0.08537436
2008-05-16 18:00:00+00:00,0.1570775
2008-05-16 19:00:00+00:00,0.37934670000000004
2008-05-16 20:00:00+00:00,0.39020538
2008-05-16 21:00:00+00:00,0.6353693
2008-05-16 22:00:00+00:00,0.5083672
2008-05-16 23:00:00+00:00,0.33469440000000006
2008-05-17 00:00:00+00:00,0.14367235
2008-05-17 01:00:00+00:00,0.0
2008-05-17 02:00:00+00:00,0.0
2008-05-17 03:00:00+00:00,0.0
2008-05-17 04:00:00+00:00,0.0
2008-05-17 05:00:00+00:00,0.0
2008-05-17 06:00:00+00:00,0.0
2008-05-17 07:00:00+00:00,0.0
2008-05-17 08:00:00+00:00,0.0
2008-05-17 09:00:00+00:00,0.0
2008-05-17 10:00:00+00:00,0.0
2008-05-17 11:00:00+00:00,0.09370449
2008-05-17 12:00:00+00:00,0.12382133
2008-05-17 13:00:00+00:00,0.6478174
2008-05-17 14:00:00+00:00,0.7418321999999999
2008-05-17 15:00:00+00:00,0.76536053
2008-05-17 16:00:00+00:00,0.75708157
2008-05-17 17:00:00+00:00,0.7501559
2008-05-17 18:00:00+00:00,0.7426925
2008-05-17 19:00:00+00:00,0.73931044
2008-05-17 20:00:00+00:00,0.73395854
2008-05-17 21:00:00+00:00,0.3738369
2008-05-17 22:00:00+00:00,0.030671675
2008-05-17 23:00:00+00:00,0.031605392999999996
2008-05-18 00:00:00+00:00,0.0025812394
2008-05-18 01:00:00+00:00,0.0
2008-05-18 02:00:00+00:00,0.0
2008-05-18 03:00:00+00:00,0.0
2008-05-18 04:00:00+00:00,0.0
2008-05-18 05:00:00+00:00,0.0
2008-05-18 06:00:00+00:00,0.0
2008-05-18 07:00:00+00:00,0.0
2008-05-18 08:00:00+00:00,0.0
2008-05-18 09:00:00+00:00,0.0
2008-05-18 10:00:00+00:00,0.0
2008-05-18 11:00:00+00:00,6.9376714e-05
2008-05-18 12:00:00+00:00,0.048592515
2008-05-18 13:00:00+00:00,0.5656281
2008-05-18 14:00:00+00:00,0.5884642
2008-05-18 15:00:00+00:00,0.7538246999999999
2008-05-18 16:00:00+00:00,0.7601316999999999
2008-05-18 17:00:00+00:00,0.67443496
2008-05-18 18:00:00+00:00,0.6795057
2008-05-18 19:00:00+00:00,0.5438449000000001
2008-05-18 20:00:00+00:00,0.67773616
2008-05-18 21:00:00+00:00,0.6812256999999999
2008-05-18 22:00:00+00:00,0.63404953
2008-05-18 23:00:00+00:00,0.51163656
2008-05-19 00:00:00+00:00,0.1632339
2008-05-19 01:00:00+00:00,0.0
2008-05-19 02:00:00+00:00,0.0
2008-05-19 03:00:00+00:00,0.0
2008-05-19 04:00:00+00:00,0.0
2008-05-19 05:00:00+00:00,0.0
2008-05-19 06:00:00+00:00,0.0
2008-05-19 07:00:00+00:00,0.0
2008-05-19 08:00:00+00:00,0.0
2008-05-19 09:00:00+00:00,0.0
2008-05-19 10:00:00+00:00,0.0
2008-05-19 11:00:00+00:00,0.09524324
2008-05-19 12:00:00+00:00,0.42841598
2008-05-19 13:00:00+00:00,0.6608531
2008-05-19 14:00:00+00:00,0.7450568000000001
2008-05-19 15:00:00+00:00,0.7638365
2008-05-19 16:00:00+00:00,0.7592366999999999
2008-05-19 17:00:00+00:00,0.6365005
2008-05-19 18:00:00+00:00,0.24702035
2008-05-19 19:00:00+00:00,0.1929283
2008-05-19 20:00:00+00:00,0.12860344
2008-05-19 21:00:00+00:00,0.16761202
2008-05-19 22:00:00+00:00,0.100984536
2008-05-19 23:00:00+00:00,0.19380608
2008-05-20 00:00:00+00:00,0.014705722
2008-05-20 01:00:00+00:00,0.0
2008-05-20 02:00:00+00:00,0.0
2008-05-20 03:00:00+00:00,0.0
2008-05-20 04:00:00+00:00,0.0
2008-05-20 05:00:00+00:00,0.0
2008-05-20 06:00:00+00:00,0.0
2008-05-20 07:00:00+00:00,0.0
2008-05-20 08:00:00+00:00,0.0
2008-05-20 09:00:00+00:00,0.0
2008-05-20 10:00:00+00:00,0.0
2008-05-20 11:00:00+00:00,0.00085302256
2008-05-20 12:00:00+00:00,0.018616462
2008-05-20 13:00:00+00:00,0.06672412
2008-05-20 14:00:00+00:00,0.057221364000000004
2008-05-20 15:00:00+00:00,0.1962178
2008-05-20 16:00:00+00:00,0.28585476
2008-05-20 17:00:00+00:00,0.28673774
2008-05-20 18:00:00+00:00,0.30120426
2008-05-20 19:00:00+00:00,0.5021277
2008-05-20 20:00:00+00:00,0.27105194
2008-05-20 21:00:00+00:00,0.18923996
2008-05-20 22:00:00+00:00,0.13076292
2008-05-20 23:00:00+00:00,0.09033767
2008-05-21 00:00:00+00:00,0.008679134
2008-05-21 01:00:00+00:00,0.0
2008-05-21 02:00:00+00:00,0.0
2008-05-21 03:00:00+00:00,0.0
2008-05-21 04:00:00+00:00,0.0
2008-05-21 05:00:00+00:00,0.0
2008-05-21 06:00:00+00:00,0.0
2008-05-21 07:00:00+00:00,0.0
2008-05-21 08:00:00+00:00,0.0
2008-05-21 09:00:00+00:00,0.0
2008-05-21 10:00:00+00:00,0.0
2008-05-21 11:00:00+00:00,0.111355804
2008-05-21 12:00:00+00:00,0.46263477
2008-05-21 13:00:00+00:00,0.6909951
2008-05-21 14:00:00+00:00,0.76483047
2008-05-21 15:00:00+00:00,0.769
2008-05-21 16:00:00+00:00,0.7205958
2008-05-21 17:00:00+00:00,0.749263
2008-05-21 18:00:00+00:00,0.731993
2008-05-21 19:00:00+00:00,0.6415988
2008-05-21 20:00:00+00:00,0.6938846
2008-05-21 21:00:00+00:00,0.7075908000000001
2008-05-21 22:00:00+00:00,0.46950020000000003
2008-05-21 23:00:00+00:00,0.51990336
2008-05-22 00:00:00+00:00,0.16619672
2008-05-22 01:00:00+00:00,0.0
2008-05-22 02:00:00+00:00,0.0
2008-05-22 03:00:00+00:00,0.0
2008-05-22 04:00:00+00:00,0.0
2008-05-22 05:00:00+00:00,0.0
2008-05-22 06:00:00+00:00,0.0
2008-05-22 07:00:00+00:00,0.0
2008-05-22 08:00:00+00:00,0.0
2008-05-22 09:00:00+00:00,0.0
2008-05-22 10:00:00+00:00,0.0
2008-05-22 11:00:00+00:00,0.12129287400000001
2008-05-22 12:00:00+00:00,0.48049247
2008-05-22 13:00:00+00:00,0.6873434
2008-05-22 14:00:00+00:00,0.7544273
2008-05-22 15:00:00+00:00,0.7625918
2008-05-22 16:00:00+00:00,0.76492447
2008-05-22 17:00:00+00:00,0.7559154
2008-05-22 18:00:00+00:00,0.7462241
2008-05-22 19:00:00+00:00,0.62152654
2008-05-22 20:00:00+00:00,0.5739128000000001
2008-05-22 21:00:00+00:00,0.38518864
2008-05-22 22:00:00+00:00,0.19956419
2008-05-22 23:00:00+00:00,0.110927396
2008-05-23 00:00:00+00:00,0.094917335
2008-05-23 01:00:00+00:00,0.0
2008-05-23 02:00:00+00:00,0.0
2008-05-23 03:00:00+00:00,0.0
2008-05-23 04:00:00+00:00,0.0
2008-05-23 05:00:00+00:00,0.0
2008-05-23 06:00:00+00:00,0.0
2008-05-23 07:00:00+00:00,0.0
2008-05-23 08:00:00+00:00,0.0
2008-05-23 09:00:00+00:00,0.0
2008-05-23 10:00:00+00:00,0.0
2008-05-23 11:00:00+00:00,0.0057227276
2008-05-23 12:00:00+00:00,0.049097072
2008-05-23 13:00:00+00:00,0.24770825
2008-05-23 14:00:00+00:00,0.29647824
2008-05-23 15:00:00+00:00,0.4985018
2008-05-23 16:00:00+00:00,0.71101516
2008-05-23 17:00:00+00:00,0.46961800000000004
2008-05-23 18:00:00+00:00,0.25667852
2008-05-23 19:00:00+00:00,0.111792654
2008-05-23 20:00:00+00:00,0.45411032
2008-05-23 21:00:00+00:00,0.40331855
2008-05-23 22:00:00+00:00,0.042414937
2008-05-23 23:00:00+00:00,0.07853306
2008-05-24 00:00:00+00:00,0.013062741999999999
2008-05-24 01:00:00+00:00,0.0
2008-05-24 02:00:00+00:00,0.0
2008-05-24 03:00:00+00:00,0.0
2008-05-24 04:00:00+00:00,0.0
2008-05-24 05:00:00+00:00,0.0
2008-05-24 06:00:00+00:00,0.0
2008-05-24 07:00:00+00:00,0.0
2008-05-24 08:00:00+00:00,0.0
2008-05-24 09:00:00+00:00,0.0
2008-05-24 10:00:00+00:00,0.0
2008-05-24 11:00:00+00:00,0.08133524
2008-05-24 12:00:00+00:00,0.4069124
2008-05-24 13:00:00+00:00,0.67593884
2008-05-24 14:00:00+00:00,0.75726664
2008-05-24 15:00:00+00:00,0.769
2008-05-24 16:00:00+00:00,0.769
2008-05-24 17:00:00+00:00,0.76834196
2008-05-24 18:00:00+00:00,0.7627164000000001
2008-05-24 19:00:00+00:00,0.69675595
2008-05-24 20:00:00+00:00,0.6956009
2008-05-24 21:00:00+00:00,0.67876154
2008-05-24 22:00:00+00:00,0.6605024
2008-05-24 23:00:00+00:00,0.4030492
2008-05-25 00:00:00+00:00,0.07761249
2008-05-25 01:00:00+00:00,0.0
2008-05-25 02:00:00+00:00,0.0
2008-05-25 03:00:00+00:00,0.0
2008-05-25 04:00:00+00:00,0.0
2008-05-25 05:00:00+00:00,0.0
2008-05-25 06:00:00+00:00,0.0
2008-05-25 07:00:00+00:00,0.0
2008-05-25 08:00:00+00:00,0.0
2008-05-25 09:00:00+00:00,0.0
2008-05-25 10:00:00+00:00,0.0
2008-05-25 11:00:00+00:00,0.13089214
2008-05-25 12:00:00+00:00,0.49190077
2008-05-25 13:00:00+00:00,0.69030005
2008-05-25 14:00:00+00:00,0.7539008
2008-05-25 15:00:00+00:00,0.7545295
2008-05-25 16:00:00+00:00,0.6344028
2008-05-25 17:00:00+00:00,0.7390026999999999
2008-05-25 18:00:00+00:00,0.6658064
2008-05-25 19:00:00+00:00,0.6278925999999999
2008-05-25 20:00:00+00:00,0.6706649
2008-05-25 21:00:00+00:00,0.6098288000000001
2008-05-25 22:00:00+00:00,0.56915027
2008-05-25 23:00:00+00:00,0.4452514
2008-05-26 00:00:00+00:00,0.15103649
2008-05-26 01:00:00+00:00,0.0
2008-05-26 02:00:00+00:00,0.0
2008-05-26 03:00:00+00:00,0.0
2008-05-26 04:00:00+00:00,0.0
2008-05-26 05:00:00+00:00,0.0
2008-05-26 06:00:00+00:00,0.0
2008-05-26 07:00:00+00:00,0.0
2008-05-26 08:00:00+00:00,0.0
2008-05-26 09:00:00+00:00,0.0
2008-05-26 10:00:00+00:00,0.0
2008-05-26 11:00:00+00:00,0.07632198
2008-05-26 12:00:00+00:00,0.40311798
2008-05-26 13:00:00+00:00,0.5119878
2008-05-26 14:00:00+00:00,0.5033668
2008-05-26 15:00:00+00:00,0.41794258
2008-05-26 16:00:00+00:00,0.45628008
2008-05-26 17:00:00+00:00,0.49894005
2008-05-26 18:00:00+00:00,0.42305443
2008-05-26 19:00:00+00:00,0.21852474
2008-05-26 20:00:00+00:00,0.29031968
2008-05-26 21:00:00+00:00,0.33359024
2008-05-26 22:00:00+00:00,0.15376556
2008-05-26 23:00:00+00:00,0.070791155
2008-05-27 00:00:00+00:00,0.03753666
2008-05-27 01:00:00+00:00,0.0
2008-05-27 02:00:00+00:00,0.0
2008-05-27 03:00:00+00:00,0.0
2008-05-27 04:00:00+00:00,0.0
2008-05-27 05:00:00+00:00,0.0
2008-05-27 06:00:00+00:00,0.0
2008-05-27 07:00:00+00:00,0.0
2008-05-27 08:00:00+00:00,0.0
2008-05-27 09:00:00+00:00,0.0
2008-05-27 10:00:00+00:00,0.0
2008-05-27 11:00:00+00:00,0.009457023
2008-05-27 12:00:00+00:00,0.06228959
2008-05-27 13:00:00+00:00,0.06975065
2008-05-27 14:00:00+00:00,0.1551485
2008-05-27 15:00:00+00:00,0.2173934
2008-05-27 16:00:00+00:00,0.24682593
2008-05-27 17:00:00+00:00,0.62568605
2008-05-27 18:00:00+00:00,0.530673
2008-05-27 19:00:00+00:00,0.6044341999999999
2008-05-27 20:00:00+00:00,0.60313815
2008-05-27 21:00:00+00:00,0.62069225
2008-05-27 22:00:00+00:00,0.52706146
2008-05-27 23:00:00+00:00,0.24803454
2008-05-28 00:00:00+00:00,0.01797157
2008-05-28 01:00:00+00:00,0.0
2008-05-28 02:00:00+00:00,0.0
2008-05-28 03:00:00+00:00,0.0
2008-05-28 04:00:00+00:00,0.0
2008-05-28 05:00:00+00:00,0.0
2008-05-28 06:00:00+00:00,0.0
2008-05-28 07:00:00+00:00,0.0
2008-05-28 08:00:00+00:00,0.0
2008-05-28 09:00:00+00:00,0.0
2008-05-28 10:00:00+00:00,0.0
2008-05-28 11:00:00+00:00,0.006626462
2008-05-28 12:00:00+00:00,0.049961347
2008-05-28 13:00:00+00:00,0.14799781
2008-05-28 14:00:00+00:00,0.5495526
2008-05-28 15:00:00+00:00,0.76167583
2008-05-28 16:00:00+00:00,0.75448686
2008-05-28 17:00:00+00:00,0.75024337
2008-05-28 18:00:00+00:00,0.74901646
2008-05-28 19:00:00+00:00,0.75181395
2008-05-28 20:00:00+00:00,0.75070137
2008-05-28 21:00:00+00:00,0.74406224
2008-05-28 22:00:00+00:00,0.6840178000000001
2008-05-28 23:00:00+00:00,0.5411116
2008-05-29 00:00:00+00:00,0.19819081
2008-05-29 01:00:00+00:00,0.0
2008-05-29 02:00:00+00:00,0.0
2008-05-29 03:00:00+00:00,0.0
2008-05-29 04:00:00+00:00,0.0
2008-05-29 05:00:00+00:00,0.0
2008-05-29 06:00:00+00:00,0.0
2008-05-29 07:00:00+00:00,0.0
2008-05-29 08:00:00+00:00,0.0
2008-05-29 09:00:00+00:00,0.0
2008-05-29 10:00:00+00:00,0.0
2008-05-29 11:00:00+00:00,0.13739842
2008-05-29 12:00:00+00:00,0.49385798
2008-05-29 13:00:00+00:00,0.68181694
2008-05-29 14:00:00+00:00,0.7443509
2008-05-29 15:00:00+00:00,0.75571674
2008-05-29 16:00:00+00:00,0.752164
2008-05-29 17:00:00+00:00,0.743675
2008-05-29 18:00:00+00:00,0.73823696
2008-05-29 19:00:00+00:00,0.73965436
2008-05-29 20:00:00+00:00,0.7372858
2008-05-29 21:00:00+00:00,0.63767874
2008-05-29 22:00:00+00:00,0.5522020000000001
2008-05-29 23:00:00+00:00,0.5318615
2008-05-30 00:00:00+00:00,0.19551453
2008-05-30 01:00:00+00:00,0.0
2008-05-30 02:00:00+00:00,0.0
2008-05-30 03:00:00+00:00,0.0
2008-05-30 04:00:00+00:00,0.0
2008-05-30 05:00:00+00:00,0.0
2008-05-30 06:00:00+00:00,0.0
2008-05-30 07:00:00+00:00,0.0
2008-05-30 08:00:00+00:00,0.0
2008-05-30 09:00:00+00:00,0.0
2008-05-30 10:00:00+00:00,0.0
2008-05-30 11:00:00+00:00,0.014089376
2008-05-30 12:00:00+00:00,0.19757538
2008-05-30 13:00:00+00:00,0.2823343
2008-05-30 14:00:00+00:00,0.40507942
2008-05-30 15:00:00+00:00,0.45593247
2008-05-30 16:00:00+00:00,0.45293683
2008-05-30 17:00:00+00:00,0.49519902
2008-05-30 18:00:00+00:00,0.5607525
2008-05-30 19:00:00+00:00,0.57417977
2008-05-30 20:00:00+00:00,0.59566325
2008-05-30 21:00:00+00:00,0.6689071
2008-05-30 22:00:00+00:00,0.63277864
2008-05-30 23:00:00+00:00,0.50369227
2008-05-31 00:00:00+00:00,0.18020456
2008-05-31 01:00:00+00:00,0.0
2008-05-31 02:00:00+00:00,0.0
2008-05-31 03:00:00+00:00,0.0
2008-05-31 04:00:00+00:00,0.0
2008-05-31 05:00:00+00:00,0.0
2008-05-31 06:00:00+00:00,0.0
2008-05-31 07:00:00+00:00,0.0
2008-05-31 08:00:00+00:00,0.0
2008-05-31 09:00:00+00:00,0.0
2008-05-31 10:00:00+00:00,0.0
2008-05-31 11:00:00+00:00,0.0
2008-05-31 12:00:00+00:00,0.025241800000000002
2008-05-31 13:00:00+00:00,0.27465144
2008-05-31 14:00:00+00:00,0.6694009
2008-05-31 15:00:00+00:00,0.6970187
2008-05-31 16:00:00+00:00,0.7307937
2008-05-31 17:00:00+00:00,0.61274356
2008-05-31 18:00:00+00:00,0.60874546
2008-05-31 19:00:00+00:00,0.56657755
2008-05-31 20:00:00+00:00,0.50779366
2008-05-31 21:00:00+00:00,0.47321665
2008-05-31 22:00:00+00:00,0.48279172
2008-05-31 23:00:00+00:00,0.36135855
2008-06-01 00:00:00+00:00,0.10029836
2008-06-01 01:00:00+00:00,0.0
2008-06-01 02:00:00+00:00,0.0
2008-06-01 03:00:00+00:00,0.0
2008-06-01 04:00:00+00:00,0.0
2008-06-01 05:00:00+00:00,0.0
2008-06-01 06:00:00+00:00,0.0
2008-06-01 07:00:00+00:00,0.0
2008-06-01 08:00:00+00:00,0.0
2008-06-01 09:00:00+00:00,0.0
2008-06-01 10:00:00+00:00,0.0
2008-06-01 11:00:00+00:00,0.020354955
2008-06-01 12:00:00+00:00,0.19695729
2008-06-01 13:00:00+00:00,0.34245490000000006
2008-06-01 14:00:00+00:00,0.3329304
2008-06-01 15:00:00+00:00,0.5593975999999999
2008-06-01 16:00:00+00:00,0.72403854
2008-06-01 17:00:00+00:00,0.7154413000000001
2008-06-01 18:00:00+00:00,0.70003927
2008-06-01 19:00:00+00:00,0.5351103
2008-06-01 20:00:00+00:00,0.33203990000000005
2008-06-01 21:00:00+00:00,0.43230247
2008-06-01 22:00:00+00:00,0.52591497
2008-06-01 23:00:00+00:00,0.28259194
2008-06-02 00:00:00+00:00,0.17246604
2008-06-02 01:00:00+00:00,0.0
2008-06-02 02:00:00+00:00,0.0
2008-06-02 03:00:00+00:00,0.0
2008-06-02 04:00:00+00:00,0.0
2008-06-02 05:00:00+00:00,0.0
2008-06-02 06:00:00+00:00,0.0
2008-06-02 07:00:00+00:00,0.0
2008-06-02 08:00:00+00:00,0.0
2008-06-02 09:00:00+00:00,0.0
2008-06-02 10:00:00+00:00,0.0
2008-06-02 11:00:00+00:00,0.0453669
2008-06-02 12:00:00+00:00,0.22032471
2008-06-02 13:00:00+00:00,0.34643233
2008-06-02 14:00:00+00:00,0.67696095
2008-06-02 15:00:00+00:00,0.68368113
2008-06-02 16:00:00+00:00,0.6907878000000001
2008-06-02 17:00:00+00:00,0.5918005999999999
2008-06-02 18:00:00+00:00,0.5523428000000001
2008-06-02 19:00:00+00:00,0.56307393
2008-06-02 20:00:00+00:00,0.5233270000000001
2008-06-02 21:00:00+00:00,0.40978363
2008-06-02 22:00:00+00:00,0.54041886
2008-06-02 23:00:00+00:00,0.35478777
2008-06-03 00:00:00+00:00,0.0831608
2008-06-03 01:00:00+00:00,0.0
2008-06-03 02:00:00+00:00,0.0
2008-06-03 03:00:00+00:00,0.0
2008-06-03 04:00:00+00:00,0.0
2008-06-03 05:00:00+00:00,0.0
2008-06-03 06:00:00+00:00,0.0
2008-06-03 07:00:00+00:00,0.0
2008-06-03 08:00:00+00:00,0.0
2008-06-03 09:00:00+00:00,0.0
2008-06-03 10:00:00+00:00,0.0
2008-06-03 11:00:00+00:00,0.018460633
2008-06-03 12:00:00+00:00,0.11191404
2008-06-03 13:00:00+00:00,0.021340089
2008-06-03 14:00:00+00:00,0.022454032999999998
2008-06-03 15:00:00+00:00,0.05157565
2008-06-03 16:00:00+00:00,0.20240870000000002
2008-06-03 17:00:00+00:00,0.30826825
2008-06-03 18:00:00+00:00,0.24017528
2008-06-03 19:00:00+00:00,0.34331077
2008-06-03 20:00:00+00:00,0.47578076
2008-06-03 21:00:00+00:00,0.31747076
2008-06-03 22:00:00+00:00,0.37937057
2008-06-03 23:00:00+00:00,0.30239895
2008-06-04 00:00:00+00:00,0.097686954
2008-06-04 01:00:00+00:00,0.0
2008-06-04 02:00:00+00:00,0.0
2008-06-04 03:00:00+00:00,0.0
2008-06-04 04:00:00+00:00,0.0
2008-06-04 05:00:00+00:00,0.0
2008-06-04 06:00:00+00:00,0.0
2008-06-04 07:00:00+00:00,0.0
2008-06-04 08:00:00+00:00,0.0
2008-06-04 09:00:00+00:00,0.0
2008-06-04 10:00:00+00:00,0.0
2008-06-04 11:00:00+00:00,0.042432017999999995
2008-06-04 12:00:00+00:00,0.11383223
2008-06-04 13:00:00+00:00,0.02708469
2008-06-04 14:00:00+00:00,0.5363496999999999
2008-06-04 15:00:00+00:00,0.37239373
2008-06-04 16:00:00+00:00,0.6106398000000001
2008-06-04 17:00:00+00:00,0.47882559999999996
2008-06-04 18:00:00+00:00,0.47373554
2008-06-04 19:00:00+00:00,0.52773356
2008-06-04 20:00:00+00:00,0.69220966
2008-06-04 21:00:00+00:00,0.69736296
2008-06-04 22:00:00+00:00,0.40052259999999995
2008-06-04 23:00:00+00:00,0.14331265
2008-06-05 00:00:00+00:00,0.0736668
2008-06-05 01:00:00+00:00,0.0
2008-06-05 02:00:00+00:00,0.0
2008-06-05 03:00:00+00:00,0.0
2008-06-05 04:00:00+00:00,0.0
2008-06-05 05:00:00+00:00,0.0
2008-06-05 06:00:00+00:00,0.0
2008-06-05 07:00:00+00:00,0.0
2008-06-05 08:00:00+00:00,0.0
2008-06-05 09:00:00+00:00,0.0
2008-06-05 10:00:00+00:00,0.0
2008-06-05 11:00:00+00:00,0.08740264
2008-06-05 12:00:00+00:00,0.36375588
2008-06-05 13:00:00+00:00,0.5597831999999999
2008-06-05 14:00:00+00:00,0.66679204
2008-06-05 15:00:00+00:00,0.7048707
2008-06-05 16:00:00+00:00,0.71226937
2008-06-05 17:00:00+00:00,0.5414594
2008-06-05 18:00:00+00:00,0.7113025
2008-06-05 19:00:00+00:00,0.7117806999999999
2008-06-05 20:00:00+00:00,0.7106085
2008-06-05 21:00:00+00:00,0.7029526999999999
2008-06-05 22:00:00+00:00,0.6483625
2008-06-05 23:00:00+00:00,0.5314414000000001
2008-06-06 00:00:00+00:00,0.20605887
2008-06-06 01:00:00+00:00,0.0
2008-06-06 02:00:00+00:00,0.0
2008-06-06 03:00:00+00:00,0.0
2008-06-06 04:00:00+00:00,0.0
2008-06-06 05:00:00+00:00,0.0
2008-06-06 06:00:00+00:00,0.0
2008-06-06 07:00:00+00:00,0.0
2008-06-06 08:00:00+00:00,0.0
2008-06-06 09:00:00+00:00,0.0
2008-06-06 10:00:00+00:00,0.0
2008-06-06 11:00:00+00:00,0.12866068
2008-06-06 12:00:00+00:00,0.44702529999999996
2008-06-06 13:00:00+00:00,0.63549244
2008-06-06 14:00:00+00:00,0.7099842
2008-06-06 15:00:00+00:00,0.72802395
2008-06-06 16:00:00+00:00,0.7306174
2008-06-06 17:00:00+00:00,0.7274075
2008-06-06 18:00:00+00:00,0.72323585
2008-06-06 19:00:00+00:00,0.7248472
2008-06-06 20:00:00+00:00,0.7222015
2008-06-06 21:00:00+00:00,0.6958365
2008-06-06 22:00:00+00:00,0.41967243
2008-06-06 23:00:00+00:00,0.38051528
2008-06-07 00:00:00+00:00,0.16642274
2008-06-07 01:00:00+00:00,0.0
2008-06-07 02:00:00+00:00,0.0
2008-06-07 03:00:00+00:00,0.0
2008-06-07 04:00:00+00:00,0.0
2008-06-07 05:00:00+00:00,0.0
2008-06-07 06:00:00+00:00,0.0
2008-06-07 07:00:00+00:00,0.0
2008-06-07 08:00:00+00:00,0.0
2008-06-07 09:00:00+00:00,0.0
2008-06-07 10:00:00+00:00,0.0
2008-06-07 11:00:00+00:00,0.019242108
2008-06-07 12:00:00+00:00,0.08558796
2008-06-07 13:00:00+00:00,0.22496612
2008-06-07 14:00:00+00:00,0.32178402
2008-06-07 15:00:00+00:00,0.48272157
2008-06-07 16:00:00+00:00,0.51662946
2008-06-07 17:00:00+00:00,0.48951423
2008-06-07 18:00:00+00:00,0.5434793000000001
2008-06-07 19:00:00+00:00,0.5154217000000001
2008-06-07 20:00:00+00:00,0.42337146
2008-06-07 21:00:00+00:00,0.3706961
2008-06-07 22:00:00+00:00,0.4008503
2008-06-07 23:00:00+00:00,0.39402828
2008-06-08 00:00:00+00:00,0.1599844
2008-06-08 01:00:00+00:00,0.0
2008-06-08 02:00:00+00:00,0.0
2008-06-08 03:00:00+00:00,0.0
2008-06-08 04:00:00+00:00,0.0
2008-06-08 05:00:00+00:00,0.0
2008-06-08 06:00:00+00:00,0.0
2008-06-08 07:00:00+00:00,0.0
2008-06-08 08:00:00+00:00,0.0
2008-06-08 09:00:00+00:00,0.0
2008-06-08 10:00:00+00:00,0.0
2008-06-08 11:00:00+00:00,0.13002089
2008-06-08 12:00:00+00:00,0.44821880000000003
2008-06-08 13:00:00+00:00,0.63262385
2008-06-08 14:00:00+00:00,0.7004588
2008-06-08 15:00:00+00:00,0.71260315
2008-06-08 16:00:00+00:00,0.7138861999999999
2008-06-08 17:00:00+00:00,0.70903
2008-06-08 18:00:00+00:00,0.7035795
2008-06-08 19:00:00+00:00,0.70272917
2008-06-08 20:00:00+00:00,0.6547955
2008-06-08 21:00:00+00:00,0.6796211999999999
2008-06-08 22:00:00+00:00,0.5699356
2008-06-08 23:00:00+00:00,0.48291233
2008-06-09 00:00:00+00:00,0.18709649
2008-06-09 01:00:00+00:00,0.0
2008-06-09 02:00:00+00:00,0.0
2008-06-09 03:00:00+00:00,0.0
2008-06-09 04:00:00+00:00,0.0
2008-06-09 05:00:00+00:00,0.0
2008-06-09 06:00:00+00:00,0.0
2008-06-09 07:00:00+00:00,0.0
2008-06-09 08:00:00+00:00,0.0
2008-06-09 09:00:00+00:00,0.0
2008-06-09 10:00:00+00:00,0.0
2008-06-09 11:00:00+00:00,0.118859254
2008-06-09 12:00:00+00:00,0.42127829999999994
2008-06-09 13:00:00+00:00,0.61449194
2008-06-09 14:00:00+00:00,0.6903778
2008-06-09 15:00:00+00:00,0.71719176
2008-06-09 16:00:00+00:00,0.7114835999999999
2008-06-09 17:00:00+00:00,0.70650715
2008-06-09 18:00:00+00:00,0.6947213000000001
2008-06-09 19:00:00+00:00,0.7079340999999999
2008-06-09 20:00:00+00:00,0.63836884
2008-06-09 21:00:00+00:00,0.6853800999999999
2008-06-09 22:00:00+00:00,0.6208842
2008-06-09 23:00:00+00:00,0.48623958
2008-06-10 00:00:00+00:00,0.1801855
2008-06-10 01:00:00+00:00,0.0
2008-06-10 02:00:00+00:00,0.0
2008-06-10 03:00:00+00:00,0.0
2008-06-10 04:00:00+00:00,0.0
2008-06-10 05:00:00+00:00,0.0
2008-06-10 06:00:00+00:00,0.0
2008-06-10 07:00:00+00:00,0.0
2008-06-10 08:00:00+00:00,0.0
2008-06-10 09:00:00+00:00,0.0
2008-06-10 10:00:00+00:00,0.0
2008-06-10 11:00:00+00:00,0.03693354
2008-06-10 12:00:00+00:00,0.3623214
2008-06-10 13:00:00+00:00,0.50165683
2008-06-10 14:00:00+00:00,0.6894884
2008-06-10 15:00:00+00:00,0.60905296
2008-06-10 16:00:00+00:00,0.58199394
2008-06-10 17:00:00+00:00,0.5243326
2008-06-10 18:00:00+00:00,0.63496166
2008-06-10 19:00:00+00:00,0.5929956999999999
2008-06-10 20:00:00+00:00,0.6678619
2008-06-10 21:00:00+00:00,0.7200741
2008-06-10 22:00:00+00:00,0.6683501000000001
2008-06-10 23:00:00+00:00,0.55189276
2008-06-11 00:00:00+00:00,0.22335905
2008-06-11 01:00:00+00:00,0.0
2008-06-11 02:00:00+00:00,0.0
2008-06-11 03:00:00+00:00,0.0
2008-06-11 04:00:00+00:00,0.0
2008-06-11 05:00:00+00:00,0.0
2008-06-11 06:00:00+00:00,0.0
2008-06-11 07:00:00+00:00,0.0
2008-06-11 08:00:00+00:00,0.0
2008-06-11 09:00:00+00:00,0.0
2008-06-11 10:00:00+00:00,0.0
2008-06-11 11:00:00+00:00,0.15434709
2008-06-11 12:00:00+00:00,0.5055839
2008-06-11 13:00:00+00:00,0.6877696999999999
2008-06-11 14:00:00+00:00,0.7505835999999999
2008-06-11 15:00:00+00:00,0.7681916999999999
2008-06-11 16:00:00+00:00,0.7656864999999999
2008-06-11 17:00:00+00:00,0.75614595
2008-06-11 18:00:00+00:00,0.74936396
2008-06-11 19:00:00+00:00,0.7497116
2008-06-11 20:00:00+00:00,0.7470275
2008-06-11 21:00:00+00:00,0.7323505
2008-06-11 22:00:00+00:00,0.68383986
2008-06-11 23:00:00+00:00,0.5673441
2008-06-12 00:00:00+00:00,0.23241370000000003
2008-06-12 01:00:00+00:00,0.0
2008-06-12 02:00:00+00:00,0.0
2008-06-12 03:00:00+00:00,0.0
2008-06-12 04:00:00+00:00,0.0
2008-06-12 05:00:00+00:00,0.0
2008-06-12 06:00:00+00:00,0.0
2008-06-12 07:00:00+00:00,0.0
2008-06-12 08:00:00+00:00,0.0
2008-06-12 09:00:00+00:00,0.0
2008-06-12 10:00:00+00:00,0.0
2008-06-12 11:00:00+00:00,0.09561805400000001
2008-06-12 12:00:00+00:00,0.34800735
2008-06-12 13:00:00+00:00,0.3843975
2008-06-12 14:00:00+00:00,0.50030583
2008-06-12 15:00:00+00:00,0.6022712
2008-06-12 16:00:00+00:00,0.6076559
2008-06-12 17:00:00+00:00,0.28549495
2008-06-12 18:00:00+00:00,0.30171666
2008-06-12 19:00:00+00:00,0.59082687
2008-06-12 20:00:00+00:00,0.5824251
2008-06-12 21:00:00+00:00,0.529096
2008-06-12 22:00:00+00:00,0.42257106
2008-06-12 23:00:00+00:00,0.17025043
2008-06-13 00:00:00+00:00,0.09518637
2008-06-13 01:00:00+00:00,0.0
2008-06-13 02:00:00+00:00,0.0
2008-06-13 03:00:00+00:00,0.0
2008-06-13 04:00:00+00:00,0.0
2008-06-13 05:00:00+00:00,0.0
2008-06-13 06:00:00+00:00,0.0
2008-06-13 07:00:00+00:00,0.0
2008-06-13 08:00:00+00:00,0.0
2008-06-13 09:00:00+00:00,0.0
2008-06-13 10:00:00+00:00,0.0
2008-06-13 11:00:00+00:00,0.10359385
2008-06-13 12:00:00+00:00,0.38449314
2008-06-13 13:00:00+00:00,0.5610284000000001
2008-06-13 14:00:00+00:00,0.6507598000000001
2008-06-13 15:00:00+00:00,0.6870854000000001
2008-06-13 16:00:00+00:00,0.46100605
2008-06-13 17:00:00+00:00,0.38841370000000003
2008-06-13 18:00:00+00:00,0.41498140000000006
2008-06-13 19:00:00+00:00,0.6618739
2008-06-13 20:00:00+00:00,0.42954502
2008-06-13 21:00:00+00:00,0.32163948
2008-06-13 22:00:00+00:00,0.021794433
2008-06-13 23:00:00+00:00,0.03546905
2008-06-14 00:00:00+00:00,0.0021380559
2008-06-14 01:00:00+00:00,0.0
2008-06-14 02:00:00+00:00,0.0
2008-06-14 03:00:00+00:00,0.0
2008-06-14 04:00:00+00:00,0.0
2008-06-14 05:00:00+00:00,0.0
2008-06-14 06:00:00+00:00,0.0
2008-06-14 07:00:00+00:00,0.0
2008-06-14 08:00:00+00:00,0.0
2008-06-14 09:00:00+00:00,0.0
2008-06-14 10:00:00+00:00,0.0
2008-06-14 11:00:00+00:00,0.028469792999999997
2008-06-14 12:00:00+00:00,0.032764997000000004
2008-06-14 13:00:00+00:00,0.03539281
2008-06-14 14:00:00+00:00,0.3955665
2008-06-14 15:00:00+00:00,0.35434934
2008-06-14 16:00:00+00:00,0.47463006
2008-06-14 17:00:00+00:00,0.46785685
2008-06-14 18:00:00+00:00,0.5363049
2008-06-14 19:00:00+00:00,0.5982378
2008-06-14 20:00:00+00:00,0.5264278
2008-06-14 21:00:00+00:00,0.5844048000000001
2008-06-14 22:00:00+00:00,0.38485208
2008-06-14 23:00:00+00:00,0.25349316
2008-06-15 00:00:00+00:00,0.07870416
2008-06-15 01:00:00+00:00,0.0
2008-06-15 02:00:00+00:00,0.0
2008-06-15 03:00:00+00:00,0.0
2008-06-15 04:00:00+00:00,0.0
2008-06-15 05:00:00+00:00,0.0
2008-06-15 06:00:00+00:00,0.0
2008-06-15 07:00:00+00:00,0.0
2008-06-15 08:00:00+00:00,0.0
2008-06-15 09:00:00+00:00,0.0
2008-06-15 10:00:00+00:00,0.0
2008-06-15 11:00:00+00:00,0.14159107
2008-06-15 12:00:00+00:00,0.46865615
2008-06-15 13:00:00+00:00,0.64326197
2008-06-15 14:00:00+00:00,0.7091351
2008-06-15 15:00:00+00:00,0.718746
2008-06-15 16:00:00+00:00,0.7183576
2008-06-15 17:00:00+00:00,0.71367
2008-06-15 18:00:00+00:00,0.7120820999999999
2008-06-15 19:00:00+00:00,0.7124195
2008-06-15 20:00:00+00:00,0.6457687
2008-06-15 21:00:00+00:00,0.6607244999999999
2008-06-15 22:00:00+00:00,0.64797807
2008-06-15 23:00:00+00:00,0.33385770000000003
2008-06-16 00:00:00+00:00,0.20772466
2008-06-16 01:00:00+00:00,0.0
2008-06-16 02:00:00+00:00,0.0
2008-06-16 03:00:00+00:00,0.0
2008-06-16 04:00:00+00:00,0.0
2008-06-16 05:00:00+00:00,0.0
2008-06-16 06:00:00+00:00,0.0
2008-06-16 07:00:00+00:00,0.0
2008-06-16 08:00:00+00:00,0.0
2008-06-16 09:00:00+00:00,0.0
2008-06-16 10:00:00+00:00,0.0
2008-06-16 11:00:00+00:00,0.003319947
2008-06-16 12:00:00+00:00,0.37069824
2008-06-16 13:00:00+00:00,0.01116072
2008-06-16 14:00:00+00:00,0.17418995
2008-06-16 15:00:00+00:00,0.28424367
2008-06-16 16:00:00+00:00,0.5801755000000001
2008-06-16 17:00:00+00:00,0.66381884
2008-06-16 18:00:00+00:00,0.44095513
2008-06-16 19:00:00+00:00,0.49773207
2008-06-16 20:00:00+00:00,0.49361009999999994
2008-06-16 21:00:00+00:00,0.55851424
2008-06-16 22:00:00+00:00,0.52316153
2008-06-16 23:00:00+00:00,0.4646513
2008-06-17 00:00:00+00:00,0.19867077
2008-06-17 01:00:00+00:00,0.0
2008-06-17 02:00:00+00:00,0.0
2008-06-17 03:00:00+00:00,0.0
2008-06-17 04:00:00+00:00,0.0
2008-06-17 05:00:00+00:00,0.0
2008-06-17 06:00:00+00:00,0.0
2008-06-17 07:00:00+00:00,0.0
2008-06-17 08:00:00+00:00,0.0
2008-06-17 09:00:00+00:00,0.0
2008-06-17 10:00:00+00:00,0.0
2008-06-17 11:00:00+00:00,0.14491001
2008-06-17 12:00:00+00:00,0.4891867999999999
2008-06-17 13:00:00+00:00,0.6726916999999999
2008-06-17 14:00:00+00:00,0.7454768
2008-06-17 15:00:00+00:00,0.7590996
2008-06-17 16:00:00+00:00,0.762001
2008-06-17 17:00:00+00:00,0.7586177
2008-06-17 18:00:00+00:00,0.7571197
2008-06-17 19:00:00+00:00,0.7595345
2008-06-17 20:00:00+00:00,0.7574008000000001
2008-06-17 21:00:00+00:00,0.74386716
2008-06-17 22:00:00+00:00,0.6942855
2008-06-17 23:00:00+00:00,0.5755640000000001
2008-06-18 00:00:00+00:00,0.24634705
2008-06-18 01:00:00+00:00,0.0
2008-06-18 02:00:00+00:00,0.0
2008-06-18 03:00:00+00:00,0.0
2008-06-18 04:00:00+00:00,0.0
2008-06-18 05:00:00+00:00,0.0
2008-06-18 06:00:00+00:00,0.0
2008-06-18 07:00:00+00:00,0.0
2008-06-18 08:00:00+00:00,0.0
2008-06-18 09:00:00+00:00,0.0
2008-06-18 10:00:00+00:00,0.0
2008-06-18 11:00:00+00:00,0.14689001
2008-06-18 12:00:00+00:00,0.48953664
2008-06-18 13:00:00+00:00,0.67077714
2008-06-18 14:00:00+00:00,0.7399213000000001
2008-06-18 15:00:00+00:00,0.74853957
2008-06-18 16:00:00+00:00,0.7500009
2008-06-18 17:00:00+00:00,0.72091395
2008-06-18 18:00:00+00:00,0.71084327
2008-06-18 19:00:00+00:00,0.6075314
2008-06-18 20:00:00+00:00,0.6871059
2008-06-18 21:00:00+00:00,0.66217965
2008-06-18 22:00:00+00:00,0.63291764
2008-06-18 23:00:00+00:00,0.41890606
2008-06-19 00:00:00+00:00,0.093741275
2008-06-19 01:00:00+00:00,0.0
2008-06-19 02:00:00+00:00,0.0
2008-06-19 03:00:00+00:00,0.0
2008-06-19 04:00:00+00:00,0.0
2008-06-19 05:00:00+00:00,0.0
2008-06-19 06:00:00+00:00,0.0
2008-06-19 07:00:00+00:00,0.0
2008-06-19 08:00:00+00:00,0.0
2008-06-19 09:00:00+00:00,0.0
2008-06-19 10:00:00+00:00,0.0
2008-06-19 11:00:00+00:00,0.08755575
2008-06-19 12:00:00+00:00,0.44941400000000004
2008-06-19 13:00:00+00:00,0.647101
2008-06-19 14:00:00+00:00,0.7210043
2008-06-19 15:00:00+00:00,0.74163485
2008-06-19 16:00:00+00:00,0.7395729999999999
2008-06-19 17:00:00+00:00,0.7365008000000001
2008-06-19 18:00:00+00:00,0.6207301
2008-06-19 19:00:00+00:00,0.49756345
2008-06-19 20:00:00+00:00,0.71269035
2008-06-19 21:00:00+00:00,0.71139115
2008-06-19 22:00:00+00:00,0.6503554
2008-06-19 23:00:00+00:00,0.49677122
2008-06-20 00:00:00+00:00,0.20466904
2008-06-20 01:00:00+00:00,0.0
2008-06-20 02:00:00+00:00,0.0
2008-06-20 03:00:00+00:00,0.0
2008-06-20 04:00:00+00:00,0.0
2008-06-20 05:00:00+00:00,0.0
2008-06-20 06:00:00+00:00,0.0
2008-06-20 07:00:00+00:00,0.0
2008-06-20 08:00:00+00:00,0.0
2008-06-20 09:00:00+00:00,0.0
2008-06-20 10:00:00+00:00,0.0
2008-06-20 11:00:00+00:00,0.0035180022999999998
2008-06-20 12:00:00+00:00,0.01825157
2008-06-20 13:00:00+00:00,0.08285199
2008-06-20 14:00:00+00:00,0.027786124
2008-06-20 15:00:00+00:00,0.11697413
2008-06-20 16:00:00+00:00,0.18513265
2008-06-20 17:00:00+00:00,0.32109103
2008-06-20 18:00:00+00:00,0.36691925
2008-06-20 19:00:00+00:00,0.44661564
2008-06-20 20:00:00+00:00,0.47245336
2008-06-20 21:00:00+00:00,0.5092869000000001
2008-06-20 22:00:00+00:00,0.61473
2008-06-20 23:00:00+00:00,0.27530327
2008-06-21 00:00:00+00:00,0.07053877
2008-06-21 01:00:00+00:00,0.0
2008-06-21 02:00:00+00:00,0.0
2008-06-21 03:00:00+00:00,0.0
2008-06-21 04:00:00+00:00,0.0
2008-06-21 05:00:00+00:00,0.0
2008-06-21 06:00:00+00:00,0.0
2008-06-21 07:00:00+00:00,0.0
2008-06-21 08:00:00+00:00,0.0
2008-06-21 09:00:00+00:00,0.0
2008-06-21 10:00:00+00:00,0.0
2008-06-21 11:00:00+00:00,0.0027862699
2008-06-21 12:00:00+00:00,0.08258245
2008-06-21 13:00:00+00:00,0.10349441
2008-06-21 14:00:00+00:00,0.10937587
2008-06-21 15:00:00+00:00,0.15986370000000003
2008-06-21 16:00:00+00:00,0.4063633
2008-06-21 17:00:00+00:00,0.3952138
2008-06-21 18:00:00+00:00,0.6321425
2008-06-21 19:00:00+00:00,0.5947693000000001
2008-06-21 20:00:00+00:00,0.6740189
2008-06-21 21:00:00+00:00,0.6476884
2008-06-21 22:00:00+00:00,0.52445894
2008-06-21 23:00:00+00:00,0.42128164
2008-06-22 00:00:00+00:00,0.16666634
2008-06-22 01:00:00+00:00,0.0
2008-06-22 02:00:00+00:00,0.0
2008-06-22 03:00:00+00:00,0.0
2008-06-22 04:00:00+00:00,0.0
2008-06-22 05:00:00+00:00,0.0
2008-06-22 06:00:00+00:00,0.0
2008-06-22 07:00:00+00:00,0.0
2008-06-22 08:00:00+00:00,0.0
2008-06-22 09:00:00+00:00,0.0
2008-06-22 10:00:00+00:00,0.0
2008-06-22 11:00:00+00:00,0.11455244
2008-06-22 12:00:00+00:00,0.3709285
2008-06-22 13:00:00+00:00,0.57625157
2008-06-22 14:00:00+00:00,0.44383904
2008-06-22 15:00:00+00:00,0.62939227
2008-06-22 16:00:00+00:00,0.49811462
2008-06-22 17:00:00+00:00,0.7250207
2008-06-22 18:00:00+00:00,0.7218216
2008-06-22 19:00:00+00:00,0.7250388000000001
2008-06-22 20:00:00+00:00,0.67489177
2008-06-22 21:00:00+00:00,0.3615627
2008-06-22 22:00:00+00:00,0.044592384000000006
2008-06-22 23:00:00+00:00,0.059564516
2008-06-23 00:00:00+00:00,0.17325835
2008-06-23 01:00:00+00:00,0.0
2008-06-23 02:00:00+00:00,0.0
2008-06-23 03:00:00+00:00,0.0
2008-06-23 04:00:00+00:00,0.0
2008-06-23 05:00:00+00:00,0.0
2008-06-23 06:00:00+00:00,0.0
2008-06-23 07:00:00+00:00,0.0
2008-06-23 08:00:00+00:00,0.0
2008-06-23 09:00:00+00:00,0.0
2008-06-23 10:00:00+00:00,0.0
2008-06-23 11:00:00+00:00,0.11933625
2008-06-23 12:00:00+00:00,0.3994268
2008-06-23 13:00:00+00:00,0.37433285
2008-06-23 14:00:00+00:00,0.57120013
2008-06-23 15:00:00+00:00,0.7361004
2008-06-23 16:00:00+00:00,0.73780215
2008-06-23 17:00:00+00:00,0.5815726
2008-06-23 18:00:00+00:00,0.5849324
2008-06-23 19:00:00+00:00,0.7351084
2008-06-23 20:00:00+00:00,0.44369970000000003
2008-06-23 21:00:00+00:00,0.7095373
2008-06-23 22:00:00+00:00,0.43759617
2008-06-23 23:00:00+00:00,0.52775794
2008-06-24 00:00:00+00:00,0.22606294
2008-06-24 01:00:00+00:00,0.0
2008-06-24 02:00:00+00:00,0.0
2008-06-24 03:00:00+00:00,0.0
2008-06-24 04:00:00+00:00,0.0
2008-06-24 05:00:00+00:00,0.0
2008-06-24 06:00:00+00:00,0.0
2008-06-24 07:00:00+00:00,0.0
2008-06-24 08:00:00+00:00,0.0
2008-06-24 09:00:00+00:00,0.0
2008-06-24 10:00:00+00:00,0.0
2008-06-24 11:00:00+00:00,0.13509585
2008-06-24 12:00:00+00:00,0.46502686
2008-06-24 13:00:00+00:00,0.6409559
2008-06-24 14:00:00+00:00,0.71619207
2008-06-24 15:00:00+00:00,0.7320616
2008-06-24 16:00:00+00:00,0.7325904999999999
2008-06-24 17:00:00+00:00,0.7256385999999999
2008-06-24 18:00:00+00:00,0.72152233
2008-06-24 19:00:00+00:00,0.71960026
2008-06-24 20:00:00+00:00,0.67140675
2008-06-24 21:00:00+00:00,0.5195986
2008-06-24 22:00:00+00:00,0.5591126999999999
2008-06-24 23:00:00+00:00,0.14682622
2008-06-25 00:00:00+00:00,0.18181984
2008-06-25 01:00:00+00:00,0.0
2008-06-25 02:00:00+00:00,0.0
2008-06-25 03:00:00+00:00,0.0
2008-06-25 04:00:00+00:00,0.0
2008-06-25 05:00:00+00:00,0.0
2008-06-25 06:00:00+00:00,0.0
2008-06-25 07:00:00+00:00,0.0
2008-06-25 08:00:00+00:00,0.0
2008-06-25 09:00:00+00:00,0.0
2008-06-25 10:00:00+00:00,0.0
2008-06-25 11:00:00+00:00,0.040250096
2008-06-25 12:00:00+00:00,0.34388372
2008-06-25 13:00:00+00:00,0.48272893
2008-06-25 14:00:00+00:00,0.6262085999999999
2008-06-25 15:00:00+00:00,0.69531214
2008-06-25 16:00:00+00:00,0.59361583
2008-06-25 17:00:00+00:00,0.6296727
2008-06-25 18:00:00+00:00,0.5201081
2008-06-25 19:00:00+00:00,0.54930645
2008-06-25 20:00:00+00:00,0.53410596
2008-06-25 21:00:00+00:00,0.51664835
2008-06-25 22:00:00+00:00,0.51855123
2008-06-25 23:00:00+00:00,0.38970923
2008-06-26 00:00:00+00:00,0.15274073
2008-06-26 01:00:00+00:00,0.0
2008-06-26 02:00:00+00:00,0.0
2008-06-26 03:00:00+00:00,0.0
2008-06-26 04:00:00+00:00,0.0
2008-06-26 05:00:00+00:00,0.0
2008-06-26 06:00:00+00:00,0.0
2008-06-26 07:00:00+00:00,0.0
2008-06-26 08:00:00+00:00,0.0
2008-06-26 09:00:00+00:00,0.0
2008-06-26 10:00:00+00:00,0.0
2008-06-26 11:00:00+00:00,0.11121205
2008-06-26 12:00:00+00:00,0.39585656
2008-06-26 13:00:00+00:00,0.59800243
2008-06-26 14:00:00+00:00,0.6772524000000001
2008-06-26 15:00:00+00:00,0.6970823
2008-06-26 16:00:00+00:00,0.70511633
2008-06-26 17:00:00+00:00,0.58419025
2008-06-26 18:00:00+00:00,0.10753428
2008-06-26 19:00:00+00:00,0.14808919
2008-06-26 20:00:00+00:00,0.5657106
2008-06-26 21:00:00+00:00,0.64846706
2008-06-26 22:00:00+00:00,0.5734593000000001
2008-06-26 23:00:00+00:00,0.48262489999999997
2008-06-27 00:00:00+00:00,0.15019253
2008-06-27 01:00:00+00:00,0.0
2008-06-27 02:00:00+00:00,0.0
2008-06-27 03:00:00+00:00,0.0
2008-06-27 04:00:00+00:00,0.0
2008-06-27 05:00:00+00:00,0.0
2008-06-27 06:00:00+00:00,0.0
2008-06-27 07:00:00+00:00,0.0
2008-06-27 08:00:00+00:00,0.0
2008-06-27 09:00:00+00:00,0.0
2008-06-27 10:00:00+00:00,0.0
2008-06-27 11:00:00+00:00,0.004038880999999999
2008-06-27 12:00:00+00:00,0.031948212999999996
2008-06-27 13:00:00+00:00,0.47152299999999997
2008-06-27 14:00:00+00:00,0.41919965
2008-06-27 15:00:00+00:00,0.38469514
2008-06-27 16:00:00+00:00,0.5185139
2008-06-27 17:00:00+00:00,0.26157913
2008-06-27 18:00:00+00:00,0.57648236
2008-06-27 19:00:00+00:00,0.51716715
2008-06-27 20:00:00+00:00,0.54980993
2008-06-27 21:00:00+00:00,0.39679128
2008-06-27 22:00:00+00:00,0.40918347
2008-06-27 23:00:00+00:00,0.45531049999999995
2008-06-28 00:00:00+00:00,0.08613909
2008-06-28 01:00:00+00:00,0.0
2008-06-28 02:00:00+00:00,0.0
2008-06-28 03:00:00+00:00,0.0
2008-06-28 04:00:00+00:00,0.0
2008-06-28 05:00:00+00:00,0.0
2008-06-28 06:00:00+00:00,0.0
2008-06-28 07:00:00+00:00,0.0
2008-06-28 08:00:00+00:00,0.0
2008-06-28 09:00:00+00:00,0.0
2008-06-28 10:00:00+00:00,0.0
2008-06-28 11:00:00+00:00,0.05810631
2008-06-28 12:00:00+00:00,0.17252089
2008-06-28 13:00:00+00:00,0.29369870000000003
2008-06-28 14:00:00+00:00,0.42048037
2008-06-28 15:00:00+00:00,0.44368994
2008-06-28 16:00:00+00:00,0.36395267
2008-06-28 17:00:00+00:00,0.5745588
2008-06-28 18:00:00+00:00,0.5058606
2008-06-28 19:00:00+00:00,0.5784060000000001
2008-06-28 20:00:00+00:00,0.48392263
2008-06-28 21:00:00+00:00,0.45710680000000004
2008-06-28 22:00:00+00:00,0.3393291
2008-06-28 23:00:00+00:00,0.004827613
2008-06-29 00:00:00+00:00,0.017334057
2008-06-29 01:00:00+00:00,0.0
2008-06-29 02:00:00+00:00,0.0
2008-06-29 03:00:00+00:00,0.0
2008-06-29 04:00:00+00:00,0.0
2008-06-29 05:00:00+00:00,0.0
2008-06-29 06:00:00+00:00,0.0
2008-06-29 07:00:00+00:00,0.0
2008-06-29 08:00:00+00:00,0.0
2008-06-29 09:00:00+00:00,0.0
2008-06-29 10:00:00+00:00,0.0
2008-06-29 11:00:00+00:00,0.009108716
2008-06-29 12:00:00+00:00,0.057226304000000006
2008-06-29 13:00:00+00:00,0.20167992
2008-06-29 14:00:00+00:00,0.5056301
2008-06-29 15:00:00+00:00,0.6154764
2008-06-29 16:00:00+00:00,0.26655546
2008-06-29 17:00:00+00:00,0.64343774
2008-06-29 18:00:00+00:00,0.66482663
2008-06-29 19:00:00+00:00,0.2917631
2008-06-29 20:00:00+00:00,0.37217858
2008-06-29 21:00:00+00:00,0.23759381
2008-06-29 22:00:00+00:00,0.05547527
2008-06-29 23:00:00+00:00,0.28464502
2008-06-30 00:00:00+00:00,0.16954112
2008-06-30 01:00:00+00:00,0.0
2008-06-30 02:00:00+00:00,0.0
2008-06-30 03:00:00+00:00,0.0
2008-06-30 04:00:00+00:00,0.0
2008-06-30 05:00:00+00:00,0.0
2008-06-30 06:00:00+00:00,0.0
2008-06-30 07:00:00+00:00,0.0
2008-06-30 08:00:00+00:00,0.0
2008-06-30 09:00:00+00:00,0.0
2008-06-30 10:00:00+00:00,0.0
2008-06-30 11:00:00+00:00,0.07690516
2008-06-30 12:00:00+00:00,0.031766064
2008-06-30 13:00:00+00:00,0.09377225
2008-06-30 14:00:00+00:00,0.13577020000000004
2008-06-30 15:00:00+00:00,0.5403511
2008-06-30 16:00:00+00:00,0.25012678
2008-06-30 17:00:00+00:00,0.15216456
2008-06-30 18:00:00+00:00,0.5095161
2008-06-30 19:00:00+00:00,0.6139532
2008-06-30 20:00:00+00:00,0.47793093
2008-06-30 21:00:00+00:00,0.5920795
2008-06-30 22:00:00+00:00,0.038413253
2008-06-30 23:00:00+00:00,0.5143152
2008-07-01 00:00:00+00:00,0.048238814000000005
2008-07-01 01:00:00+00:00,0.0
2008-07-01 02:00:00+00:00,0.0
2008-07-01 03:00:00+00:00,0.0
2008-07-01 04:00:00+00:00,0.0
2008-07-01 05:00:00+00:00,0.0
2008-07-01 06:00:00+00:00,0.0
2008-07-01 07:00:00+00:00,0.0
2008-07-01 08:00:00+00:00,0.0
2008-07-01 09:00:00+00:00,0.0
2008-07-01 10:00:00+00:00,0.0
2008-07-01 11:00:00+00:00,0.124463655
2008-07-01 12:00:00+00:00,0.45640695
2008-07-01 13:00:00+00:00,0.65596855
2008-07-01 14:00:00+00:00,0.7311133000000001
2008-07-01 15:00:00+00:00,0.74650633
2008-07-01 16:00:00+00:00,0.74949276
2008-07-01 17:00:00+00:00,0.74574006
2008-07-01 18:00:00+00:00,0.74092
2008-07-01 19:00:00+00:00,0.7403473
2008-07-01 20:00:00+00:00,0.7342747
2008-07-01 21:00:00+00:00,0.72206265
2008-07-01 22:00:00+00:00,0.66637784
2008-07-01 23:00:00+00:00,0.5399594
2008-07-02 00:00:00+00:00,0.22922114
2008-07-02 01:00:00+00:00,0.0
2008-07-02 02:00:00+00:00,0.0
2008-07-02 03:00:00+00:00,0.0
2008-07-02 04:00:00+00:00,0.0
2008-07-02 05:00:00+00:00,0.0
2008-07-02 06:00:00+00:00,0.0
2008-07-02 07:00:00+00:00,0.0
2008-07-02 08:00:00+00:00,0.0
2008-07-02 09:00:00+00:00,0.0
2008-07-02 10:00:00+00:00,0.0
2008-07-02 11:00:00+00:00,0.10143934
2008-07-02 12:00:00+00:00,0.3207808
2008-07-02 13:00:00+00:00,0.6127535
2008-07-02 14:00:00+00:00,0.69545484
2008-07-02 15:00:00+00:00,0.7263508000000001
2008-07-02 16:00:00+00:00,0.73027945
2008-07-02 17:00:00+00:00,0.6641898
2008-07-02 18:00:00+00:00,0.7224146
2008-07-02 19:00:00+00:00,0.72714484
2008-07-02 20:00:00+00:00,0.7242181
2008-07-02 21:00:00+00:00,0.6999319
2008-07-02 22:00:00+00:00,0.64164895
2008-07-02 23:00:00+00:00,0.50999373
2008-07-03 00:00:00+00:00,0.20521589
2008-07-03 01:00:00+00:00,0.0
2008-07-03 02:00:00+00:00,0.0
2008-07-03 03:00:00+00:00,0.0
2008-07-03 04:00:00+00:00,0.0
2008-07-03 05:00:00+00:00,0.0
2008-07-03 06:00:00+00:00,0.0
2008-07-03 07:00:00+00:00,0.0
2008-07-03 08:00:00+00:00,0.0
2008-07-03 09:00:00+00:00,0.0
2008-07-03 10:00:00+00:00,0.0
2008-07-03 11:00:00+00:00,0.04884581
2008-07-03 12:00:00+00:00,0.17863052
2008-07-03 13:00:00+00:00,0.46835932
2008-07-03 14:00:00+00:00,0.21006465
2008-07-03 15:00:00+00:00,0.44694945
2008-07-03 16:00:00+00:00,0.41652749999999994
2008-07-03 17:00:00+00:00,0.35070294
2008-07-03 18:00:00+00:00,0.2673127
2008-07-03 19:00:00+00:00,0.33035997
2008-07-03 20:00:00+00:00,0.40998352
2008-07-03 21:00:00+00:00,0.42997319
2008-07-03 22:00:00+00:00,0.1312024
2008-07-03 23:00:00+00:00,0.05329817
2008-07-04 00:00:00+00:00,0.0117263105
2008-07-04 01:00:00+00:00,0.0
2008-07-04 02:00:00+00:00,0.0
2008-07-04 03:00:00+00:00,0.0
2008-07-04 04:00:00+00:00,0.0
2008-07-04 05:00:00+00:00,0.0
2008-07-04 06:00:00+00:00,0.0
2008-07-04 07:00:00+00:00,0.0
2008-07-04 08:00:00+00:00,0.0
2008-07-04 09:00:00+00:00,0.0
2008-07-04 10:00:00+00:00,0.0
2008-07-04 11:00:00+00:00,0.0
2008-07-04 12:00:00+00:00,0.003504132
2008-07-04 13:00:00+00:00,0.016309695
2008-07-04 14:00:00+00:00,0.18776791
2008-07-04 15:00:00+00:00,0.35356116
2008-07-04 16:00:00+00:00,0.14660224
2008-07-04 17:00:00+00:00,0.37398590000000004
2008-07-04 18:00:00+00:00,0.2771034
2008-07-04 19:00:00+00:00,0.40465277
2008-07-04 20:00:00+00:00,0.30813542
2008-07-04 21:00:00+00:00,0.16882193
2008-07-04 22:00:00+00:00,0.062048726
2008-07-04 23:00:00+00:00,0.17453305
2008-07-05 00:00:00+00:00,0.060261913
2008-07-05 01:00:00+00:00,0.0
2008-07-05 02:00:00+00:00,0.0
2008-07-05 03:00:00+00:00,0.0
2008-07-05 04:00:00+00:00,0.0
2008-07-05 05:00:00+00:00,0.0
2008-07-05 06:00:00+00:00,0.0
2008-07-05 07:00:00+00:00,0.0
2008-07-05 08:00:00+00:00,0.0
2008-07-05 09:00:00+00:00,0.0
2008-07-05 10:00:00+00:00,0.0
2008-07-05 11:00:00+00:00,0.056243524
2008-07-05 12:00:00+00:00,0.107473195
2008-07-05 13:00:00+00:00,0.08236321
2008-07-05 14:00:00+00:00,0.120664425
2008-07-05 15:00:00+00:00,0.46651292
2008-07-05 16:00:00+00:00,0.6594486999999999
2008-07-05 17:00:00+00:00,0.4064443
2008-07-05 18:00:00+00:00,0.57163894
2008-07-05 19:00:00+00:00,0.42028424
2008-07-05 20:00:00+00:00,0.59148294
2008-07-05 21:00:00+00:00,0.38668448
2008-07-05 22:00:00+00:00,0.48328382
2008-07-05 23:00:00+00:00,0.38229302
2008-07-06 00:00:00+00:00,0.1460204
2008-07-06 01:00:00+00:00,0.0
2008-07-06 02:00:00+00:00,0.0
2008-07-06 03:00:00+00:00,0.0
2008-07-06 04:00:00+00:00,0.0
2008-07-06 05:00:00+00:00,0.0
2008-07-06 06:00:00+00:00,0.0
2008-07-06 07:00:00+00:00,0.0
2008-07-06 08:00:00+00:00,0.0
2008-07-06 09:00:00+00:00,0.0
2008-07-06 10:00:00+00:00,0.0
2008-07-06 11:00:00+00:00,0.072157934
2008-07-06 12:00:00+00:00,0.34159514
2008-07-06 13:00:00+00:00,0.5552988
2008-07-06 14:00:00+00:00,0.6576494
2008-07-06 15:00:00+00:00,0.44593742
2008-07-06 16:00:00+00:00,0.44999495
2008-07-06 17:00:00+00:00,0.40795416
2008-07-06 18:00:00+00:00,0.5257191999999999
2008-07-06 19:00:00+00:00,0.6563817
2008-07-06 20:00:00+00:00,0.69057566
2008-07-06 21:00:00+00:00,0.67434525
2008-07-06 22:00:00+00:00,0.61412597
2008-07-06 23:00:00+00:00,0.48511735
2008-07-07 00:00:00+00:00,0.20276603
2008-07-07 01:00:00+00:00,0.0
2008-07-07 02:00:00+00:00,0.0
2008-07-07 03:00:00+00:00,0.0
2008-07-07 04:00:00+00:00,0.0
2008-07-07 05:00:00+00:00,0.0
2008-07-07 06:00:00+00:00,0.0
2008-07-07 07:00:00+00:00,0.0
2008-07-07 08:00:00+00:00,0.0
2008-07-07 09:00:00+00:00,0.0
2008-07-07 10:00:00+00:00,0.0
2008-07-07 11:00:00+00:00,0.08866701
2008-07-07 12:00:00+00:00,0.39253324
2008-07-07 13:00:00+00:00,0.40368256
2008-07-07 14:00:00+00:00,0.48270682
2008-07-07 15:00:00+00:00,0.5357515
2008-07-07 16:00:00+00:00,0.39431682
2008-07-07 17:00:00+00:00,0.5266247
2008-07-07 18:00:00+00:00,0.44650027
2008-07-07 19:00:00+00:00,0.44884533
2008-07-07 20:00:00+00:00,0.47381696
2008-07-07 21:00:00+00:00,0.43853045
2008-07-07 22:00:00+00:00,0.15281083
2008-07-07 23:00:00+00:00,0.11665427
2008-07-08 00:00:00+00:00,0.03998865
2008-07-08 01:00:00+00:00,0.0
2008-07-08 02:00:00+00:00,0.0
2008-07-08 03:00:00+00:00,0.0
2008-07-08 04:00:00+00:00,0.0
2008-07-08 05:00:00+00:00,0.0
2008-07-08 06:00:00+00:00,0.0
2008-07-08 07:00:00+00:00,0.0
2008-07-08 08:00:00+00:00,0.0
2008-07-08 09:00:00+00:00,0.0
2008-07-08 10:00:00+00:00,0.0
2008-07-08 11:00:00+00:00,0.07017844
2008-07-08 12:00:00+00:00,0.3481204
2008-07-08 13:00:00+00:00,0.5588115
2008-07-08 14:00:00+00:00,0.31586894
2008-07-08 15:00:00+00:00,0.53212804
2008-07-08 16:00:00+00:00,0.46808076
2008-07-08 17:00:00+00:00,0.5268366999999999
2008-07-08 18:00:00+00:00,0.55230063
2008-07-08 19:00:00+00:00,0.67000115
2008-07-08 20:00:00+00:00,0.6818772
2008-07-08 21:00:00+00:00,0.48944646
2008-07-08 22:00:00+00:00,0.5906795
2008-07-08 23:00:00+00:00,0.14264539
2008-07-09 00:00:00+00:00,0.033365536
2008-07-09 01:00:00+00:00,0.0
2008-07-09 02:00:00+00:00,0.0
2008-07-09 03:00:00+00:00,0.0
2008-07-09 04:00:00+00:00,0.0
2008-07-09 05:00:00+00:00,0.0
2008-07-09 06:00:00+00:00,0.0
2008-07-09 07:00:00+00:00,0.0
2008-07-09 08:00:00+00:00,0.0
2008-07-09 09:00:00+00:00,0.0
2008-07-09 10:00:00+00:00,0.0
2008-07-09 11:00:00+00:00,0.035225913
2008-07-09 12:00:00+00:00,0.22310351
2008-07-09 13:00:00+00:00,0.078465424
2008-07-09 14:00:00+00:00,0.12465404
2008-07-09 15:00:00+00:00,0.2397743
2008-07-09 16:00:00+00:00,0.23812191
2008-07-09 17:00:00+00:00,0.29605672
2008-07-09 18:00:00+00:00,0.23568046
2008-07-09 19:00:00+00:00,0.41106302
2008-07-09 20:00:00+00:00,0.4938884
2008-07-09 21:00:00+00:00,0.25482666
2008-07-09 22:00:00+00:00,0.16834219
2008-07-09 23:00:00+00:00,0.23379771
2008-07-10 00:00:00+00:00,0.07862108
2008-07-10 01:00:00+00:00,0.0
2008-07-10 02:00:00+00:00,0.0
2008-07-10 03:00:00+00:00,0.0
2008-07-10 04:00:00+00:00,0.0
2008-07-10 05:00:00+00:00,0.0
2008-07-10 06:00:00+00:00,0.0
2008-07-10 07:00:00+00:00,0.0
2008-07-10 08:00:00+00:00,0.0
2008-07-10 09:00:00+00:00,0.0
2008-07-10 10:00:00+00:00,0.0
2008-07-10 11:00:00+00:00,0.025708513
2008-07-10 12:00:00+00:00,0.23866214
2008-07-10 13:00:00+00:00,0.28919837
2008-07-10 14:00:00+00:00,0.45451206
2008-07-10 15:00:00+00:00,0.5783008000000001
2008-07-10 16:00:00+00:00,0.7196785
2008-07-10 17:00:00+00:00,0.7222786
2008-07-10 18:00:00+00:00,0.7161374
2008-07-10 19:00:00+00:00,0.7157140000000001
2008-07-10 20:00:00+00:00,0.7129684000000001
2008-07-10 21:00:00+00:00,0.695253
2008-07-10 22:00:00+00:00,0.65511817
2008-07-10 23:00:00+00:00,0.5494674
2008-07-11 00:00:00+00:00,0.20953375
2008-07-11 01:00:00+00:00,0.0
2008-07-11 02:00:00+00:00,0.0
2008-07-11 03:00:00+00:00,0.0
2008-07-11 04:00:00+00:00,0.0
2008-07-11 05:00:00+00:00,0.0
2008-07-11 06:00:00+00:00,0.0
2008-07-11 07:00:00+00:00,0.0
2008-07-11 08:00:00+00:00,0.0
2008-07-11 09:00:00+00:00,0.0
2008-07-11 10:00:00+00:00,0.0
2008-07-11 11:00:00+00:00,0.09694762
2008-07-11 12:00:00+00:00,0.41280264
2008-07-11 13:00:00+00:00,0.62530744
2008-07-11 14:00:00+00:00,0.6930776999999999
2008-07-11 15:00:00+00:00,0.70669794
2008-07-11 16:00:00+00:00,0.70329523
2008-07-11 17:00:00+00:00,0.6955715
2008-07-11 18:00:00+00:00,0.6878581
2008-07-11 19:00:00+00:00,0.6918305
2008-07-11 20:00:00+00:00,0.6928395
2008-07-11 21:00:00+00:00,0.68716824
2008-07-11 22:00:00+00:00,0.6396269
2008-07-11 23:00:00+00:00,0.53580105
2008-07-12 00:00:00+00:00,0.13242291
2008-07-12 01:00:00+00:00,0.0
2008-07-12 02:00:00+00:00,0.0
2008-07-12 03:00:00+00:00,0.0
2008-07-12 04:00:00+00:00,0.0
2008-07-12 05:00:00+00:00,0.0
2008-07-12 06:00:00+00:00,0.0
2008-07-12 07:00:00+00:00,0.0
2008-07-12 08:00:00+00:00,0.0
2008-07-12 09:00:00+00:00,0.0
2008-07-12 10:00:00+00:00,0.0
2008-07-12 11:00:00+00:00,0.059640974000000006
2008-07-12 12:00:00+00:00,0.02619983
2008-07-12 13:00:00+00:00,0.32439107
2008-07-12 14:00:00+00:00,0.5251925999999999
2008-07-12 15:00:00+00:00,0.35539517
2008-07-12 16:00:00+00:00,0.1900349
2008-07-12 17:00:00+00:00,0.079371594
2008-07-12 18:00:00+00:00,0.25920802
2008-07-12 19:00:00+00:00,0.12993106
2008-07-12 20:00:00+00:00,0.2891843
2008-07-12 21:00:00+00:00,0.48469670000000004
2008-07-12 22:00:00+00:00,0.6215384
2008-07-12 23:00:00+00:00,0.4994063
2008-07-13 00:00:00+00:00,0.19955769
2008-07-13 01:00:00+00:00,0.0
2008-07-13 02:00:00+00:00,0.0
2008-07-13 03:00:00+00:00,0.0
2008-07-13 04:00:00+00:00,0.0
2008-07-13 05:00:00+00:00,0.0
2008-07-13 06:00:00+00:00,0.0
2008-07-13 07:00:00+00:00,0.0
2008-07-13 08:00:00+00:00,0.0
2008-07-13 09:00:00+00:00,0.0
2008-07-13 10:00:00+00:00,0.0
2008-07-13 11:00:00+00:00,0.005402336999999999
2008-07-13 12:00:00+00:00,0.018633563
2008-07-13 13:00:00+00:00,0.0068867966
2008-07-13 14:00:00+00:00,0.09389143400000001
2008-07-13 15:00:00+00:00,0.27336323
2008-07-13 16:00:00+00:00,0.4181545
2008-07-13 17:00:00+00:00,0.57498133
2008-07-13 18:00:00+00:00,0.57019526
2008-07-13 19:00:00+00:00,0.61992764
2008-07-13 20:00:00+00:00,0.7343903
2008-07-13 21:00:00+00:00,0.73248976
2008-07-13 22:00:00+00:00,0.6994753
2008-07-13 23:00:00+00:00,0.5886766
2008-07-14 00:00:00+00:00,0.25517008
2008-07-14 01:00:00+00:00,0.0
2008-07-14 02:00:00+00:00,0.0
2008-07-14 03:00:00+00:00,0.0
2008-07-14 04:00:00+00:00,0.0
2008-07-14 05:00:00+00:00,0.0
2008-07-14 06:00:00+00:00,0.0
2008-07-14 07:00:00+00:00,0.0
2008-07-14 08:00:00+00:00,0.0
2008-07-14 09:00:00+00:00,0.0
2008-07-14 10:00:00+00:00,0.0
2008-07-14 11:00:00+00:00,0.09685113
2008-07-14 12:00:00+00:00,0.43115065
2008-07-14 13:00:00+00:00,0.6470209
2008-07-14 14:00:00+00:00,0.71016765
2008-07-14 15:00:00+00:00,0.7305995
2008-07-14 16:00:00+00:00,0.7290661
2008-07-14 17:00:00+00:00,0.7199514
2008-07-14 18:00:00+00:00,0.7059061
2008-07-14 19:00:00+00:00,0.7269714
2008-07-14 20:00:00+00:00,0.70672107
2008-07-14 21:00:00+00:00,0.6984172
2008-07-14 22:00:00+00:00,0.65452486
2008-07-14 23:00:00+00:00,0.5656647
2008-07-15 00:00:00+00:00,0.23975037
2008-07-15 01:00:00+00:00,0.0
2008-07-15 02:00:00+00:00,0.0
2008-07-15 03:00:00+00:00,0.0
2008-07-15 04:00:00+00:00,0.0
2008-07-15 05:00:00+00:00,0.0
2008-07-15 06:00:00+00:00,0.0
2008-07-15 07:00:00+00:00,0.0
2008-07-15 08:00:00+00:00,0.0
2008-07-15 09:00:00+00:00,0.0
2008-07-15 10:00:00+00:00,0.0
2008-07-15 11:00:00+00:00,0.09221838
2008-07-15 12:00:00+00:00,0.41881782
2008-07-15 13:00:00+00:00,0.6271412
2008-07-15 14:00:00+00:00,0.6975443
2008-07-15 15:00:00+00:00,0.705585
2008-07-15 16:00:00+00:00,0.6420268
2008-07-15 17:00:00+00:00,0.63078016
2008-07-15 18:00:00+00:00,0.68390536
2008-07-15 19:00:00+00:00,0.64619637
2008-07-15 20:00:00+00:00,0.6815278
2008-07-15 21:00:00+00:00,0.50188476
2008-07-15 22:00:00+00:00,0.5372126
2008-07-15 23:00:00+00:00,0.5341933000000001
2008-07-16 00:00:00+00:00,0.2189968
2008-07-16 01:00:00+00:00,0.0
2008-07-16 02:00:00+00:00,0.0
2008-07-16 03:00:00+00:00,0.0
2008-07-16 04:00:00+00:00,0.0
2008-07-16 05:00:00+00:00,0.0
2008-07-16 06:00:00+00:00,0.0
2008-07-16 07:00:00+00:00,0.0
2008-07-16 08:00:00+00:00,0.0
2008-07-16 09:00:00+00:00,0.0
2008-07-16 10:00:00+00:00,0.0
2008-07-16 11:00:00+00:00,0.076308936
2008-07-16 12:00:00+00:00,0.37780604
2008-07-16 13:00:00+00:00,0.5973727
2008-07-16 14:00:00+00:00,0.5658105
2008-07-16 15:00:00+00:00,0.70387495
2008-07-16 16:00:00+00:00,0.70506406
2008-07-16 17:00:00+00:00,0.66469824
2008-07-16 18:00:00+00:00,0.69459987
2008-07-16 19:00:00+00:00,0.69707197
2008-07-16 20:00:00+00:00,0.6969614000000001
2008-07-16 21:00:00+00:00,0.6828086999999999
2008-07-16 22:00:00+00:00,0.6302276
2008-07-16 23:00:00+00:00,0.51085
2008-07-17 00:00:00+00:00,0.20311335
2008-07-17 01:00:00+00:00,0.0
2008-07-17 02:00:00+00:00,0.0
2008-07-17 03:00:00+00:00,0.0
2008-07-17 04:00:00+00:00,0.0
2008-07-17 05:00:00+00:00,0.0
2008-07-17 06:00:00+00:00,0.0
2008-07-17 07:00:00+00:00,0.0
2008-07-17 08:00:00+00:00,0.0
2008-07-17 09:00:00+00:00,0.0
2008-07-17 10:00:00+00:00,0.0
2008-07-17 11:00:00+00:00,0.07294975
2008-07-17 12:00:00+00:00,0.38980728
2008-07-17 13:00:00+00:00,0.61252487
2008-07-17 14:00:00+00:00,0.6812165
2008-07-17 15:00:00+00:00,0.69652015
2008-07-17 16:00:00+00:00,0.69555736
2008-07-17 17:00:00+00:00,0.6860607
2008-07-17 18:00:00+00:00,0.67672986
2008-07-17 19:00:00+00:00,0.6784788
2008-07-17 20:00:00+00:00,0.68121415
2008-07-17 21:00:00+00:00,0.66880476
2008-07-17 22:00:00+00:00,0.6220541
2008-07-17 23:00:00+00:00,0.5082224
2008-07-18 00:00:00+00:00,0.19972171
2008-07-18 01:00:00+00:00,0.0
2008-07-18 02:00:00+00:00,0.0
2008-07-18 03:00:00+00:00,0.0
2008-07-18 04:00:00+00:00,0.0
2008-07-18 05:00:00+00:00,0.0
2008-07-18 06:00:00+00:00,0.0
2008-07-18 07:00:00+00:00,0.0
2008-07-18 08:00:00+00:00,0.0
2008-07-18 09:00:00+00:00,0.0
2008-07-18 10:00:00+00:00,0.0
2008-07-18 11:00:00+00:00,0.062130064000000006
2008-07-18 12:00:00+00:00,0.35993534
2008-07-18 13:00:00+00:00,0.59208614
2008-07-18 14:00:00+00:00,0.6715721
2008-07-18 15:00:00+00:00,0.68785757
2008-07-18 16:00:00+00:00,0.6863611
2008-07-18 17:00:00+00:00,0.6761836999999999
2008-07-18 18:00:00+00:00,0.66566443
2008-07-18 19:00:00+00:00,0.6673173000000001
2008-07-18 20:00:00+00:00,0.6607503
2008-07-18 21:00:00+00:00,0.6470117
2008-07-18 22:00:00+00:00,0.58435
2008-07-18 23:00:00+00:00,0.45096582
2008-07-19 00:00:00+00:00,0.15618096
2008-07-19 01:00:00+00:00,0.0
2008-07-19 02:00:00+00:00,0.0
2008-07-19 03:00:00+00:00,0.0
2008-07-19 04:00:00+00:00,0.0
2008-07-19 05:00:00+00:00,0.0
2008-07-19 06:00:00+00:00,0.0
2008-07-19 07:00:00+00:00,0.0
2008-07-19 08:00:00+00:00,0.0
2008-07-19 09:00:00+00:00,0.0
2008-07-19 10:00:00+00:00,0.0
2008-07-19 11:00:00+00:00,0.024730982000000002
2008-07-19 12:00:00+00:00,0.26949224
2008-07-19 13:00:00+00:00,0.5002365
2008-07-19 14:00:00+00:00,0.6019840999999999
2008-07-19 15:00:00+00:00,0.65776175
2008-07-19 16:00:00+00:00,0.6774302
2008-07-19 17:00:00+00:00,0.5181183
2008-07-19 18:00:00+00:00,0.6383008000000001
2008-07-19 19:00:00+00:00,0.6485890999999999
2008-07-19 20:00:00+00:00,0.6433459
2008-07-19 21:00:00+00:00,0.61316764
2008-07-19 22:00:00+00:00,0.55135727
2008-07-19 23:00:00+00:00,0.42002884
2008-07-20 00:00:00+00:00,0.14742032
2008-07-20 01:00:00+00:00,0.0
2008-07-20 02:00:00+00:00,0.0
2008-07-20 03:00:00+00:00,0.0
2008-07-20 04:00:00+00:00,0.0
2008-07-20 05:00:00+00:00,0.0
2008-07-20 06:00:00+00:00,0.0
2008-07-20 07:00:00+00:00,0.0
2008-07-20 08:00:00+00:00,0.0
2008-07-20 09:00:00+00:00,0.0
2008-07-20 10:00:00+00:00,0.0
2008-07-20 11:00:00+00:00,0.02028385
2008-07-20 12:00:00+00:00,0.050354447000000004
2008-07-20 13:00:00+00:00,0.17755017
2008-07-20 14:00:00+00:00,0.6046553000000001
2008-07-20 15:00:00+00:00,0.6568781
2008-07-20 16:00:00+00:00,0.46431193
2008-07-20 17:00:00+00:00,0.44457594
2008-07-20 18:00:00+00:00,0.34170613
2008-07-20 19:00:00+00:00,0.347821
2008-07-20 20:00:00+00:00,0.44439054
2008-07-20 21:00:00+00:00,0.54645145
2008-07-20 22:00:00+00:00,0.5839265
2008-07-20 23:00:00+00:00,0.44581556
2008-07-21 00:00:00+00:00,0.14991556
2008-07-21 01:00:00+00:00,0.0
2008-07-21 02:00:00+00:00,0.0
2008-07-21 03:00:00+00:00,0.0
2008-07-21 04:00:00+00:00,0.0
2008-07-21 05:00:00+00:00,0.0
2008-07-21 06:00:00+00:00,0.0
2008-07-21 07:00:00+00:00,0.0
2008-07-21 08:00:00+00:00,0.0
2008-07-21 09:00:00+00:00,0.0
2008-07-21 10:00:00+00:00,0.0
2008-07-21 11:00:00+00:00,0.03198285
2008-07-21 12:00:00+00:00,0.29611692
2008-07-21 13:00:00+00:00,0.5235377
2008-07-21 14:00:00+00:00,0.62536514
2008-07-21 15:00:00+00:00,0.6458315
2008-07-21 16:00:00+00:00,0.65512955
2008-07-21 17:00:00+00:00,0.67160577
2008-07-21 18:00:00+00:00,0.34581465
2008-07-21 19:00:00+00:00,0.09750315
2008-07-21 20:00:00+00:00,0.08280667
2008-07-21 21:00:00+00:00,0.19960715
2008-07-21 22:00:00+00:00,0.34902298
2008-07-21 23:00:00+00:00,0.38106096
2008-07-22 00:00:00+00:00,0.13358012
2008-07-22 01:00:00+00:00,0.0
2008-07-22 02:00:00+00:00,0.0
2008-07-22 03:00:00+00:00,0.0
2008-07-22 04:00:00+00:00,0.0
2008-07-22 05:00:00+00:00,0.0
2008-07-22 06:00:00+00:00,0.0
2008-07-22 07:00:00+00:00,0.0
2008-07-22 08:00:00+00:00,0.0
2008-07-22 09:00:00+00:00,0.0
2008-07-22 10:00:00+00:00,0.0
2008-07-22 11:00:00+00:00,0.022977155
2008-07-22 12:00:00+00:00,0.2834922
2008-07-22 13:00:00+00:00,0.41662082
2008-07-22 14:00:00+00:00,0.48257783
2008-07-22 15:00:00+00:00,0.3776903
2008-07-22 16:00:00+00:00,0.56826395
2008-07-22 17:00:00+00:00,0.65745264
2008-07-22 18:00:00+00:00,0.57264197
2008-07-22 19:00:00+00:00,0.59522307
2008-07-22 20:00:00+00:00,0.55410814
2008-07-22 21:00:00+00:00,0.3104305
2008-07-22 22:00:00+00:00,0.47037476
2008-07-22 23:00:00+00:00,0.11853011
2008-07-23 00:00:00+00:00,0.010745764
2008-07-23 01:00:00+00:00,0.0
2008-07-23 02:00:00+00:00,0.0
2008-07-23 03:00:00+00:00,0.0
2008-07-23 04:00:00+00:00,0.0
2008-07-23 05:00:00+00:00,0.0
2008-07-23 06:00:00+00:00,0.0
2008-07-23 07:00:00+00:00,0.0
2008-07-23 08:00:00+00:00,0.0
2008-07-23 09:00:00+00:00,0.0
2008-07-23 10:00:00+00:00,0.0
2008-07-23 11:00:00+00:00,0.005204096
2008-07-23 12:00:00+00:00,0.14562768
2008-07-23 13:00:00+00:00,0.20605381
2008-07-23 14:00:00+00:00,0.70382446
2008-07-23 15:00:00+00:00,0.7307024000000001
2008-07-23 16:00:00+00:00,0.7385525
2008-07-23 17:00:00+00:00,0.73401374
2008-07-23 18:00:00+00:00,0.73184025
2008-07-23 19:00:00+00:00,0.6397520000000001
2008-07-23 20:00:00+00:00,0.5994670999999999
2008-07-23 21:00:00+00:00,0.71120894
2008-07-23 22:00:00+00:00,0.6190626
2008-07-23 23:00:00+00:00,0.5580271
2008-07-24 00:00:00+00:00,0.21607289999999998
2008-07-24 01:00:00+00:00,0.0
2008-07-24 02:00:00+00:00,0.0
2008-07-24 03:00:00+00:00,0.0
2008-07-24 04:00:00+00:00,0.0
2008-07-24 05:00:00+00:00,0.0
2008-07-24 06:00:00+00:00,0.0
2008-07-24 07:00:00+00:00,0.0
2008-07-24 08:00:00+00:00,0.0
2008-07-24 09:00:00+00:00,0.0
2008-07-24 10:00:00+00:00,0.0
2008-07-24 11:00:00+00:00,0.04096934
2008-07-24 12:00:00+00:00,0.39229506
2008-07-24 13:00:00+00:00,0.63398415
2008-07-24 14:00:00+00:00,0.7000536999999999
2008-07-24 15:00:00+00:00,0.7053832
2008-07-24 16:00:00+00:00,0.543719
2008-07-24 17:00:00+00:00,0.59546506
2008-07-24 18:00:00+00:00,0.55375695
2008-07-24 19:00:00+00:00,0.5577974
2008-07-24 20:00:00+00:00,0.47848618
2008-07-24 21:00:00+00:00,0.56408864
2008-07-24 22:00:00+00:00,0.36903400000000003
2008-07-24 23:00:00+00:00,0.038517386
2008-07-25 00:00:00+00:00,0.03032043
2008-07-25 01:00:00+00:00,0.0
2008-07-25 02:00:00+00:00,0.0
2008-07-25 03:00:00+00:00,0.0
2008-07-25 04:00:00+00:00,0.0
2008-07-25 05:00:00+00:00,0.0
2008-07-25 06:00:00+00:00,0.0
2008-07-25 07:00:00+00:00,0.0
2008-07-25 08:00:00+00:00,0.0
2008-07-25 09:00:00+00:00,0.0
2008-07-25 10:00:00+00:00,0.0
2008-07-25 11:00:00+00:00,0.0009799132
2008-07-25 12:00:00+00:00,0.095251
2008-07-25 13:00:00+00:00,0.14059016
2008-07-25 14:00:00+00:00,0.2547702
2008-07-25 15:00:00+00:00,0.20979251
2008-07-25 16:00:00+00:00,0.58201116
2008-07-25 17:00:00+00:00,0.60643744
2008-07-25 18:00:00+00:00,0.6750833
2008-07-25 19:00:00+00:00,0.6169292
2008-07-25 20:00:00+00:00,0.47361620000000004
2008-07-25 21:00:00+00:00,0.54699874
2008-07-25 22:00:00+00:00,0.28918752
2008-07-25 23:00:00+00:00,0.29467547
2008-07-26 00:00:00+00:00,0.06780884400000001
2008-07-26 01:00:00+00:00,0.0
2008-07-26 02:00:00+00:00,0.0
2008-07-26 03:00:00+00:00,0.0
2008-07-26 04:00:00+00:00,0.0
2008-07-26 05:00:00+00:00,0.0
2008-07-26 06:00:00+00:00,0.0
2008-07-26 07:00:00+00:00,0.0
2008-07-26 08:00:00+00:00,0.0
2008-07-26 09:00:00+00:00,0.0
2008-07-26 10:00:00+00:00,0.0
2008-07-26 11:00:00+00:00,0.005674571
2008-07-26 12:00:00+00:00,0.21024899
2008-07-26 13:00:00+00:00,0.19509006
2008-07-26 14:00:00+00:00,0.25742343
2008-07-26 15:00:00+00:00,0.4515187
2008-07-26 16:00:00+00:00,0.5390508
2008-07-26 17:00:00+00:00,0.65322953
2008-07-26 18:00:00+00:00,0.51809573
2008-07-26 19:00:00+00:00,0.42463085
2008-07-26 20:00:00+00:00,0.6471781
2008-07-26 21:00:00+00:00,0.63449466
2008-07-26 22:00:00+00:00,0.5940541
2008-07-26 23:00:00+00:00,0.4474183
2008-07-27 00:00:00+00:00,0.15858313
2008-07-27 01:00:00+00:00,0.0
2008-07-27 02:00:00+00:00,0.0
2008-07-27 03:00:00+00:00,0.0
2008-07-27 04:00:00+00:00,0.0
2008-07-27 05:00:00+00:00,0.0
2008-07-27 06:00:00+00:00,0.0
2008-07-27 07:00:00+00:00,0.0
2008-07-27 08:00:00+00:00,0.0
2008-07-27 09:00:00+00:00,0.0
2008-07-27 10:00:00+00:00,0.0
2008-07-27 11:00:00+00:00,0.013359568999999998
2008-07-27 12:00:00+00:00,0.34334412
2008-07-27 13:00:00+00:00,0.59752995
2008-07-27 14:00:00+00:00,0.6778313
2008-07-27 15:00:00+00:00,0.6307696999999999
2008-07-27 16:00:00+00:00,0.62318367
2008-07-27 17:00:00+00:00,0.68977416
2008-07-27 18:00:00+00:00,0.68574584
2008-07-27 19:00:00+00:00,0.69121736
2008-07-27 20:00:00+00:00,0.6910031
2008-07-27 21:00:00+00:00,0.6752465
2008-07-27 22:00:00+00:00,0.61763966
2008-07-27 23:00:00+00:00,0.47134915
2008-07-28 00:00:00+00:00,0.16243458
2008-07-28 01:00:00+00:00,0.0
2008-07-28 02:00:00+00:00,0.0
2008-07-28 03:00:00+00:00,0.0
2008-07-28 04:00:00+00:00,0.0
2008-07-28 05:00:00+00:00,0.0
2008-07-28 06:00:00+00:00,0.0
2008-07-28 07:00:00+00:00,0.0
2008-07-28 08:00:00+00:00,0.0
2008-07-28 09:00:00+00:00,0.0
2008-07-28 10:00:00+00:00,0.0
2008-07-28 11:00:00+00:00,0.0
2008-07-28 12:00:00+00:00,0.24662802
2008-07-28 13:00:00+00:00,0.1523874
2008-07-28 14:00:00+00:00,0.19146854
2008-07-28 15:00:00+00:00,0.29348102
2008-07-28 16:00:00+00:00,0.12813461
2008-07-28 17:00:00+00:00,0.35634044
2008-07-28 18:00:00+00:00,0.6584937
2008-07-28 19:00:00+00:00,0.65647405
2008-07-28 20:00:00+00:00,0.6134662
2008-07-28 21:00:00+00:00,0.5947928000000001
2008-07-28 22:00:00+00:00,0.5482129
2008-07-28 23:00:00+00:00,0.37319177
2008-07-29 00:00:00+00:00,0.12619760000000002
2008-07-29 01:00:00+00:00,0.0
2008-07-29 02:00:00+00:00,0.0
2008-07-29 03:00:00+00:00,0.0
2008-07-29 04:00:00+00:00,0.0
2008-07-29 05:00:00+00:00,0.0
2008-07-29 06:00:00+00:00,0.0
2008-07-29 07:00:00+00:00,0.0
2008-07-29 08:00:00+00:00,0.0
2008-07-29 09:00:00+00:00,0.0
2008-07-29 10:00:00+00:00,0.0
2008-07-29 11:00:00+00:00,0.0
2008-07-29 12:00:00+00:00,0.28459558
2008-07-29 13:00:00+00:00,0.5542788000000001
2008-07-29 14:00:00+00:00,0.6396708000000001
2008-07-29 15:00:00+00:00,0.65888184
2008-07-29 16:00:00+00:00,0.60761887
2008-07-29 17:00:00+00:00,0.64230776
2008-07-29 18:00:00+00:00,0.6310142
2008-07-29 19:00:00+00:00,0.66810834
2008-07-29 20:00:00+00:00,0.6675214
2008-07-29 21:00:00+00:00,0.65591556
2008-07-29 22:00:00+00:00,0.5971411999999999
2008-07-29 23:00:00+00:00,0.45198122
2008-07-30 00:00:00+00:00,0.15357028
2008-07-30 01:00:00+00:00,0.0
2008-07-30 02:00:00+00:00,0.0
2008-07-30 03:00:00+00:00,0.0
2008-07-30 04:00:00+00:00,0.0
2008-07-30 05:00:00+00:00,0.0
2008-07-30 06:00:00+00:00,0.0
2008-07-30 07:00:00+00:00,0.0
2008-07-30 08:00:00+00:00,0.0
2008-07-30 09:00:00+00:00,0.0
2008-07-30 10:00:00+00:00,0.0
2008-07-30 11:00:00+00:00,0.0
2008-07-30 12:00:00+00:00,0.15993577
2008-07-30 13:00:00+00:00,0.20705365
2008-07-30 14:00:00+00:00,0.06612763
2008-07-30 15:00:00+00:00,0.07957646
2008-07-30 16:00:00+00:00,0.47257048
2008-07-30 17:00:00+00:00,0.46514110000000003
2008-07-30 18:00:00+00:00,0.16252112
2008-07-30 19:00:00+00:00,0.46548048
2008-07-30 20:00:00+00:00,0.63879085
2008-07-30 21:00:00+00:00,0.5968892
2008-07-30 22:00:00+00:00,0.5112452000000001
2008-07-30 23:00:00+00:00,0.34071177
2008-07-31 00:00:00+00:00,0.028719043
2008-07-31 01:00:00+00:00,0.0
2008-07-31 02:00:00+00:00,0.0
2008-07-31 03:00:00+00:00,0.0
2008-07-31 04:00:00+00:00,0.0
2008-07-31 05:00:00+00:00,0.0
2008-07-31 06:00:00+00:00,0.0
2008-07-31 07:00:00+00:00,0.0
2008-07-31 08:00:00+00:00,0.0
2008-07-31 09:00:00+00:00,0.0
2008-07-31 10:00:00+00:00,0.0
2008-07-31 11:00:00+00:00,0.0
2008-07-31 12:00:00+00:00,0.009340193
2008-07-31 13:00:00+00:00,0.15543139
2008-07-31 14:00:00+00:00,0.23132505
2008-07-31 15:00:00+00:00,0.1851674
2008-07-31 16:00:00+00:00,0.23096684
2008-07-31 17:00:00+00:00,0.3663898
2008-07-31 18:00:00+00:00,0.38746127
2008-07-31 19:00:00+00:00,0.44257718
2008-07-31 20:00:00+00:00,0.44818923
2008-07-31 21:00:00+00:00,0.53215885
2008-07-31 22:00:00+00:00,0.62932026
2008-07-31 23:00:00+00:00,0.4747523
2008-08-01 00:00:00+00:00,0.15886457
2008-08-01 01:00:00+00:00,0.0
2008-08-01 02:00:00+00:00,0.0
2008-08-01 03:00:00+00:00,0.0
2008-08-01 04:00:00+00:00,0.0
2008-08-01 05:00:00+00:00,0.0
2008-08-01 06:00:00+00:00,0.0
2008-08-01 07:00:00+00:00,0.0
2008-08-01 08:00:00+00:00,0.0
2008-08-01 09:00:00+00:00,0.0
2008-08-01 10:00:00+00:00,0.0
2008-08-01 11:00:00+00:00,0.0
2008-08-01 12:00:00+00:00,0.26926133
2008-08-01 13:00:00+00:00,0.5198225999999999
2008-08-01 14:00:00+00:00,0.62579817
2008-08-01 15:00:00+00:00,0.6646423
2008-08-01 16:00:00+00:00,0.67454505
2008-08-01 17:00:00+00:00,0.66780686
2008-08-01 18:00:00+00:00,0.6444918000000001
2008-08-01 19:00:00+00:00,0.64176506
2008-08-01 20:00:00+00:00,0.48862365
2008-08-01 21:00:00+00:00,0.5992473
2008-08-01 22:00:00+00:00,0.3955683
2008-08-01 23:00:00+00:00,0.35822529999999997
2008-08-02 00:00:00+00:00,0.10667629999999999
2008-08-02 01:00:00+00:00,0.0
2008-08-02 02:00:00+00:00,0.0
2008-08-02 03:00:00+00:00,0.0
2008-08-02 04:00:00+00:00,0.0
2008-08-02 05:00:00+00:00,0.0
2008-08-02 06:00:00+00:00,0.0
2008-08-02 07:00:00+00:00,0.0
2008-08-02 08:00:00+00:00,0.0
2008-08-02 09:00:00+00:00,0.0
2008-08-02 10:00:00+00:00,0.0
2008-08-02 11:00:00+00:00,0.0
2008-08-02 12:00:00+00:00,0.23157385
2008-08-02 13:00:00+00:00,0.53576803
2008-08-02 14:00:00+00:00,0.47712356
2008-08-02 15:00:00+00:00,0.4720455
2008-08-02 16:00:00+00:00,0.4600014
2008-08-02 17:00:00+00:00,0.6183057
2008-08-02 18:00:00+00:00,0.5815744
2008-08-02 19:00:00+00:00,0.6967505999999999
2008-08-02 20:00:00+00:00,0.61640346
2008-08-02 21:00:00+00:00,0.6254736999999999
2008-08-02 22:00:00+00:00,0.61302644
2008-08-02 23:00:00+00:00,0.49589452
2008-08-03 00:00:00+00:00,0.16432053
2008-08-03 01:00:00+00:00,0.0
2008-08-03 02:00:00+00:00,0.0
2008-08-03 03:00:00+00:00,0.0
2008-08-03 04:00:00+00:00,0.0
2008-08-03 05:00:00+00:00,0.0
2008-08-03 06:00:00+00:00,0.0
2008-08-03 07:00:00+00:00,0.0
2008-08-03 08:00:00+00:00,0.0
2008-08-03 09:00:00+00:00,0.0
2008-08-03 10:00:00+00:00,0.0
2008-08-03 11:00:00+00:00,0.0
2008-08-03 12:00:00+00:00,0.33225822
2008-08-03 13:00:00+00:00,0.6158895999999999
2008-08-03 14:00:00+00:00,0.695936
2008-08-03 15:00:00+00:00,0.71661747
2008-08-03 16:00:00+00:00,0.7060561
2008-08-03 17:00:00+00:00,0.69548965
2008-08-03 18:00:00+00:00,0.6840257
2008-08-03 19:00:00+00:00,0.6850526
2008-08-03 20:00:00+00:00,0.69002694
2008-08-03 21:00:00+00:00,0.6800295
2008-08-03 22:00:00+00:00,0.6290566999999999
2008-08-03 23:00:00+00:00,0.46570876
2008-08-04 00:00:00+00:00,0.1494232
2008-08-04 01:00:00+00:00,0.0
2008-08-04 02:00:00+00:00,0.0
2008-08-04 03:00:00+00:00,0.0
2008-08-04 04:00:00+00:00,0.0
2008-08-04 05:00:00+00:00,0.0
2008-08-04 06:00:00+00:00,0.0
2008-08-04 07:00:00+00:00,0.0
2008-08-04 08:00:00+00:00,0.0
2008-08-04 09:00:00+00:00,0.0
2008-08-04 10:00:00+00:00,0.0
2008-08-04 11:00:00+00:00,0.0
2008-08-04 12:00:00+00:00,0.3080731
2008-08-04 13:00:00+00:00,0.5770350000000001
2008-08-04 14:00:00+00:00,0.6457295
2008-08-04 15:00:00+00:00,0.6021536
2008-08-04 16:00:00+00:00,0.5590858
2008-08-04 17:00:00+00:00,0.5212126
2008-08-04 18:00:00+00:00,0.5627572
2008-08-04 19:00:00+00:00,0.5398015
2008-08-04 20:00:00+00:00,0.56413114
2008-08-04 21:00:00+00:00,0.49008462
2008-08-04 22:00:00+00:00,0.51765037
2008-08-04 23:00:00+00:00,0.3186843
2008-08-05 00:00:00+00:00,0.10951408
2008-08-05 01:00:00+00:00,0.0
2008-08-05 02:00:00+00:00,0.0
2008-08-05 03:00:00+00:00,0.0
2008-08-05 04:00:00+00:00,0.0
2008-08-05 05:00:00+00:00,0.0
2008-08-05 06:00:00+00:00,0.0
2008-08-05 07:00:00+00:00,0.0
2008-08-05 08:00:00+00:00,0.0
2008-08-05 09:00:00+00:00,0.0
2008-08-05 10:00:00+00:00,0.0
2008-08-05 11:00:00+00:00,0.0
2008-08-05 12:00:00+00:00,0.21202327
2008-08-05 13:00:00+00:00,0.42001805
2008-08-05 14:00:00+00:00,0.545669
2008-08-05 15:00:00+00:00,0.21758975
2008-08-05 16:00:00+00:00,0.09998218
2008-08-05 17:00:00+00:00,0.539833
2008-08-05 18:00:00+00:00,0.5290020999999999
2008-08-05 19:00:00+00:00,0.6038753000000001
2008-08-05 20:00:00+00:00,0.5696148
2008-08-05 21:00:00+00:00,0.50124824
2008-08-05 22:00:00+00:00,0.3890316
2008-08-05 23:00:00+00:00,0.17461586
2008-08-06 00:00:00+00:00,0.061458665999999995
2008-08-06 01:00:00+00:00,0.0
2008-08-06 02:00:00+00:00,0.0
2008-08-06 03:00:00+00:00,0.0
2008-08-06 04:00:00+00:00,0.0
2008-08-06 05:00:00+00:00,0.0
2008-08-06 06:00:00+00:00,0.0
2008-08-06 07:00:00+00:00,0.0
2008-08-06 08:00:00+00:00,0.0
2008-08-06 09:00:00+00:00,0.0
2008-08-06 10:00:00+00:00,0.0
2008-08-06 11:00:00+00:00,0.0
2008-08-06 12:00:00+00:00,0.07582603
2008-08-06 13:00:00+00:00,0.11835822
2008-08-06 14:00:00+00:00,0.23608212
2008-08-06 15:00:00+00:00,0.11101676
2008-08-06 16:00:00+00:00,0.24623476
2008-08-06 17:00:00+00:00,0.26672979999999996
2008-08-06 18:00:00+00:00,0.14684536
2008-08-06 19:00:00+00:00,0.62375975
2008-08-06 20:00:00+00:00,0.29859868
2008-08-06 21:00:00+00:00,0.23978731
2008-08-06 22:00:00+00:00,0.15713674
2008-08-06 23:00:00+00:00,0.29497972
2008-08-07 00:00:00+00:00,0.073595755
2008-08-07 01:00:00+00:00,0.0
2008-08-07 02:00:00+00:00,0.0
2008-08-07 03:00:00+00:00,0.0
2008-08-07 04:00:00+00:00,0.0
2008-08-07 05:00:00+00:00,0.0
2008-08-07 06:00:00+00:00,0.0
2008-08-07 07:00:00+00:00,0.0
2008-08-07 08:00:00+00:00,0.0
2008-08-07 09:00:00+00:00,0.0
2008-08-07 10:00:00+00:00,0.0
2008-08-07 11:00:00+00:00,0.0
2008-08-07 12:00:00+00:00,0.20354132
2008-08-07 13:00:00+00:00,0.5662454
2008-08-07 14:00:00+00:00,0.6637144
2008-08-07 15:00:00+00:00,0.6978543
2008-08-07 16:00:00+00:00,0.69688153
2008-08-07 17:00:00+00:00,0.6952399
2008-08-07 18:00:00+00:00,0.6956971
2008-08-07 19:00:00+00:00,0.6297979
2008-08-07 20:00:00+00:00,0.6367454
2008-08-07 21:00:00+00:00,0.70896435
2008-08-07 22:00:00+00:00,0.6633180000000001
2008-08-07 23:00:00+00:00,0.49331754
2008-08-08 00:00:00+00:00,0.15053798
2008-08-08 01:00:00+00:00,0.0
2008-08-08 02:00:00+00:00,0.0
2008-08-08 03:00:00+00:00,0.0
2008-08-08 04:00:00+00:00,0.0
2008-08-08 05:00:00+00:00,0.0
2008-08-08 06:00:00+00:00,0.0
2008-08-08 07:00:00+00:00,0.0
2008-08-08 08:00:00+00:00,0.0
2008-08-08 09:00:00+00:00,0.0
2008-08-08 10:00:00+00:00,0.0
2008-08-08 11:00:00+00:00,0.0
2008-08-08 12:00:00+00:00,0.34477620000000003
2008-08-08 13:00:00+00:00,0.64406055
2008-08-08 14:00:00+00:00,0.71238595
2008-08-08 15:00:00+00:00,0.73104876
2008-08-08 16:00:00+00:00,0.72537005
2008-08-08 17:00:00+00:00,0.7109907
2008-08-08 18:00:00+00:00,0.5934236999999999
2008-08-08 19:00:00+00:00,0.71707046
2008-08-08 20:00:00+00:00,0.6467449000000001
2008-08-08 21:00:00+00:00,0.51204133
2008-08-08 22:00:00+00:00,0.6748097
2008-08-08 23:00:00+00:00,0.5015312
2008-08-09 00:00:00+00:00,0.15218079
2008-08-09 01:00:00+00:00,0.0
2008-08-09 02:00:00+00:00,0.0
2008-08-09 03:00:00+00:00,0.0
2008-08-09 04:00:00+00:00,0.0
2008-08-09 05:00:00+00:00,0.0
2008-08-09 06:00:00+00:00,0.0
2008-08-09 07:00:00+00:00,0.0
2008-08-09 08:00:00+00:00,0.0
2008-08-09 09:00:00+00:00,0.0
2008-08-09 10:00:00+00:00,0.0
2008-08-09 11:00:00+00:00,0.0
2008-08-09 12:00:00+00:00,0.25630617
2008-08-09 13:00:00+00:00,0.617784
2008-08-09 14:00:00+00:00,0.6666621
2008-08-09 15:00:00+00:00,0.704465
2008-08-09 16:00:00+00:00,0.650446
2008-08-09 17:00:00+00:00,0.5400808000000001
2008-08-09 18:00:00+00:00,0.5545036999999999
2008-08-09 19:00:00+00:00,0.40761262
2008-08-09 20:00:00+00:00,0.41881976
2008-08-09 21:00:00+00:00,0.30736962
2008-08-09 22:00:00+00:00,0.42197314
2008-08-09 23:00:00+00:00,0.37616724
2008-08-10 00:00:00+00:00,0.12046358
2008-08-10 01:00:00+00:00,0.0
2008-08-10 02:00:00+00:00,0.0
2008-08-10 03:00:00+00:00,0.0
2008-08-10 04:00:00+00:00,0.0
2008-08-10 05:00:00+00:00,0.0
2008-08-10 06:00:00+00:00,0.0
2008-08-10 07:00:00+00:00,0.0
2008-08-10 08:00:00+00:00,0.0
2008-08-10 09:00:00+00:00,0.0
2008-08-10 10:00:00+00:00,0.0
2008-08-10 11:00:00+00:00,0.0
2008-08-10 12:00:00+00:00,0.15158387
2008-08-10 13:00:00+00:00,0.19800971
2008-08-10 14:00:00+00:00,0.66354865
2008-08-10 15:00:00+00:00,0.22810167
2008-08-10 16:00:00+00:00,0.42599303
2008-08-10 17:00:00+00:00,0.5390486999999999
2008-08-10 18:00:00+00:00,0.67214507
2008-08-10 19:00:00+00:00,0.6377915
2008-08-10 20:00:00+00:00,0.65826154
2008-08-10 21:00:00+00:00,0.71117586
2008-08-10 22:00:00+00:00,0.66034913
2008-08-10 23:00:00+00:00,0.48330116
2008-08-11 00:00:00+00:00,0.14047574
2008-08-11 01:00:00+00:00,0.0
2008-08-11 02:00:00+00:00,0.0
2008-08-11 03:00:00+00:00,0.0
2008-08-11 04:00:00+00:00,0.0
2008-08-11 05:00:00+00:00,0.0
2008-08-11 06:00:00+00:00,0.0
2008-08-11 07:00:00+00:00,0.0
2008-08-11 08:00:00+00:00,0.0
2008-08-11 09:00:00+00:00,0.0
2008-08-11 10:00:00+00:00,0.0
2008-08-11 11:00:00+00:00,0.0
2008-08-11 12:00:00+00:00,0.326125
2008-08-11 13:00:00+00:00,0.6342293000000001
2008-08-11 14:00:00+00:00,0.712505
2008-08-11 15:00:00+00:00,0.7251331
2008-08-11 16:00:00+00:00,0.71571267
2008-08-11 17:00:00+00:00,0.70569944
2008-08-11 18:00:00+00:00,0.6946637
2008-08-11 19:00:00+00:00,0.71013314
2008-08-11 20:00:00+00:00,0.58691466
2008-08-11 21:00:00+00:00,0.71596533
2008-08-11 22:00:00+00:00,0.6671756999999999
2008-08-11 23:00:00+00:00,0.4781603
2008-08-12 00:00:00+00:00,0.13447106
2008-08-12 01:00:00+00:00,0.0
2008-08-12 02:00:00+00:00,0.0
2008-08-12 03:00:00+00:00,0.0
2008-08-12 04:00:00+00:00,0.0
2008-08-12 05:00:00+00:00,0.0
2008-08-12 06:00:00+00:00,0.0
2008-08-12 07:00:00+00:00,0.0
2008-08-12 08:00:00+00:00,0.0
2008-08-12 09:00:00+00:00,0.0
2008-08-12 10:00:00+00:00,0.0
2008-08-12 11:00:00+00:00,0.0
2008-08-12 12:00:00+00:00,0.32169318
2008-08-12 13:00:00+00:00,0.52456236
2008-08-12 14:00:00+00:00,0.4155
2008-08-12 15:00:00+00:00,0.72448456
2008-08-12 16:00:00+00:00,0.7147812
2008-08-12 17:00:00+00:00,0.5360341
2008-08-12 18:00:00+00:00,0.47884467
2008-08-12 19:00:00+00:00,0.5500406
2008-08-12 20:00:00+00:00,0.5476239
2008-08-12 21:00:00+00:00,0.38921553
2008-08-12 22:00:00+00:00,0.47909057
2008-08-12 23:00:00+00:00,0.26374102
2008-08-13 00:00:00+00:00,0.09151416
2008-08-13 01:00:00+00:00,0.0
2008-08-13 02:00:00+00:00,0.0
2008-08-13 03:00:00+00:00,0.0
2008-08-13 04:00:00+00:00,0.0
2008-08-13 05:00:00+00:00,0.0
2008-08-13 06:00:00+00:00,0.0
2008-08-13 07:00:00+00:00,0.0
2008-08-13 08:00:00+00:00,0.0
2008-08-13 09:00:00+00:00,0.0
2008-08-13 10:00:00+00:00,0.0
2008-08-13 11:00:00+00:00,0.0
2008-08-13 12:00:00+00:00,0.18763146
2008-08-13 13:00:00+00:00,0.31380868
2008-08-13 14:00:00+00:00,0.57335776
2008-08-13 15:00:00+00:00,0.64834505
2008-08-13 16:00:00+00:00,0.68091035
2008-08-13 17:00:00+00:00,0.6002957
2008-08-13 18:00:00+00:00,0.546081
2008-08-13 19:00:00+00:00,0.68642664
2008-08-13 20:00:00+00:00,0.6906348000000001
2008-08-13 21:00:00+00:00,0.60463554
2008-08-13 22:00:00+00:00,0.56154877
2008-08-13 23:00:00+00:00,0.4059273
2008-08-14 00:00:00+00:00,0.102439255
2008-08-14 01:00:00+00:00,0.0
2008-08-14 02:00:00+00:00,0.0
2008-08-14 03:00:00+00:00,0.0
2008-08-14 04:00:00+00:00,0.0
2008-08-14 05:00:00+00:00,0.0
2008-08-14 06:00:00+00:00,0.0
2008-08-14 07:00:00+00:00,0.0
2008-08-14 08:00:00+00:00,0.0
2008-08-14 09:00:00+00:00,0.0
2008-08-14 10:00:00+00:00,0.0
2008-08-14 11:00:00+00:00,0.0
2008-08-14 12:00:00+00:00,0.23772441
2008-08-14 13:00:00+00:00,0.508302
2008-08-14 14:00:00+00:00,0.61285007
2008-08-14 15:00:00+00:00,0.6553654000000001
2008-08-14 16:00:00+00:00,0.59105474
2008-08-14 17:00:00+00:00,0.35075983
2008-08-14 18:00:00+00:00,0.49230779999999996
2008-08-14 19:00:00+00:00,0.48712417
2008-08-14 20:00:00+00:00,0.35858540000000005
2008-08-14 21:00:00+00:00,0.36639166
2008-08-14 22:00:00+00:00,0.50757444
2008-08-14 23:00:00+00:00,0.20906584
2008-08-15 00:00:00+00:00,0.016403114
2008-08-15 01:00:00+00:00,0.0
2008-08-15 02:00:00+00:00,0.0
2008-08-15 03:00:00+00:00,0.0
2008-08-15 04:00:00+00:00,0.0
2008-08-15 05:00:00+00:00,0.0
2008-08-15 06:00:00+00:00,0.0
2008-08-15 07:00:00+00:00,0.0
2008-08-15 08:00:00+00:00,0.0
2008-08-15 09:00:00+00:00,0.0
2008-08-15 10:00:00+00:00,0.0
2008-08-15 11:00:00+00:00,0.0
2008-08-15 12:00:00+00:00,0.066873044
2008-08-15 13:00:00+00:00,0.28911406
2008-08-15 14:00:00+00:00,0.43451867
2008-08-15 15:00:00+00:00,0.52197295
2008-08-15 16:00:00+00:00,0.5046638
2008-08-15 17:00:00+00:00,0.53339803
2008-08-15 18:00:00+00:00,0.61954474
2008-08-15 19:00:00+00:00,0.5538319
2008-08-15 20:00:00+00:00,0.5345181
2008-08-15 21:00:00+00:00,0.5472903
2008-08-15 22:00:00+00:00,0.5381458
2008-08-15 23:00:00+00:00,0.30488333
2008-08-16 00:00:00+00:00,0.04831187
2008-08-16 01:00:00+00:00,0.0
2008-08-16 02:00:00+00:00,0.0
2008-08-16 03:00:00+00:00,0.0
2008-08-16 04:00:00+00:00,0.0
2008-08-16 05:00:00+00:00,0.0
2008-08-16 06:00:00+00:00,0.0
2008-08-16 07:00:00+00:00,0.0
2008-08-16 08:00:00+00:00,0.0
2008-08-16 09:00:00+00:00,0.0
2008-08-16 10:00:00+00:00,0.0
2008-08-16 11:00:00+00:00,0.0
2008-08-16 12:00:00+00:00,0.16939507
2008-08-16 13:00:00+00:00,0.44505125
2008-08-16 14:00:00+00:00,0.59365827
2008-08-16 15:00:00+00:00,0.6026136999999999
2008-08-16 16:00:00+00:00,0.49510783
2008-08-16 17:00:00+00:00,0.5070353
2008-08-16 18:00:00+00:00,0.57625324
2008-08-16 19:00:00+00:00,0.59696263
2008-08-16 20:00:00+00:00,0.59474987
2008-08-16 21:00:00+00:00,0.63131654
2008-08-16 22:00:00+00:00,0.5909066
2008-08-16 23:00:00+00:00,0.25688508
2008-08-17 00:00:00+00:00,0.047392014
2008-08-17 01:00:00+00:00,0.0
2008-08-17 02:00:00+00:00,0.0
2008-08-17 03:00:00+00:00,0.0
2008-08-17 04:00:00+00:00,0.0
2008-08-17 05:00:00+00:00,0.0
2008-08-17 06:00:00+00:00,0.0
2008-08-17 07:00:00+00:00,0.0
2008-08-17 08:00:00+00:00,0.0
2008-08-17 09:00:00+00:00,0.0
2008-08-17 10:00:00+00:00,0.0
2008-08-17 11:00:00+00:00,0.0
2008-08-17 12:00:00+00:00,0.2813764
2008-08-17 13:00:00+00:00,0.60595953
2008-08-17 14:00:00+00:00,0.68996346
2008-08-17 15:00:00+00:00,0.68191075
2008-08-17 16:00:00+00:00,0.69341177
2008-08-17 17:00:00+00:00,0.68152195
2008-08-17 18:00:00+00:00,0.67808
2008-08-17 19:00:00+00:00,0.6030769
2008-08-17 20:00:00+00:00,0.63647383
2008-08-17 21:00:00+00:00,0.53051037
2008-08-17 22:00:00+00:00,0.6290111999999999
2008-08-17 23:00:00+00:00,0.40777695
2008-08-18 00:00:00+00:00,0.08296055
2008-08-18 01:00:00+00:00,0.0
2008-08-18 02:00:00+00:00,0.0
2008-08-18 03:00:00+00:00,0.0
2008-08-18 04:00:00+00:00,0.0
2008-08-18 05:00:00+00:00,0.0
2008-08-18 06:00:00+00:00,0.0
2008-08-18 07:00:00+00:00,0.0
2008-08-18 08:00:00+00:00,0.0
2008-08-18 09:00:00+00:00,0.0
2008-08-18 10:00:00+00:00,0.0
2008-08-18 11:00:00+00:00,0.0
2008-08-18 12:00:00+00:00,0.2713586
2008-08-18 13:00:00+00:00,0.59521645
2008-08-18 14:00:00+00:00,0.67470855
2008-08-18 15:00:00+00:00,0.6910923000000001
2008-08-18 16:00:00+00:00,0.6730210999999999
2008-08-18 17:00:00+00:00,0.666415
2008-08-18 18:00:00+00:00,0.64942294
2008-08-18 19:00:00+00:00,0.67262733
2008-08-18 20:00:00+00:00,0.6800108
2008-08-18 21:00:00+00:00,0.6775816
2008-08-18 22:00:00+00:00,0.59805834
2008-08-18 23:00:00+00:00,0.39992103
2008-08-19 00:00:00+00:00,0.075812
2008-08-19 01:00:00+00:00,0.0
2008-08-19 02:00:00+00:00,0.0
2008-08-19 03:00:00+00:00,0.0
2008-08-19 04:00:00+00:00,0.0
2008-08-19 05:00:00+00:00,0.0
2008-08-19 06:00:00+00:00,0.0
2008-08-19 07:00:00+00:00,0.0
2008-08-19 08:00:00+00:00,0.0
2008-08-19 09:00:00+00:00,0.0
2008-08-19 10:00:00+00:00,0.0
2008-08-19 11:00:00+00:00,0.0
2008-08-19 12:00:00+00:00,0.27163142
2008-08-19 13:00:00+00:00,0.59939694
2008-08-19 14:00:00+00:00,0.68125105
2008-08-19 15:00:00+00:00,0.69716495
2008-08-19 16:00:00+00:00,0.67841655
2008-08-19 17:00:00+00:00,0.66121966
2008-08-19 18:00:00+00:00,0.65134573
2008-08-19 19:00:00+00:00,0.66464496
2008-08-19 20:00:00+00:00,0.67467946
2008-08-19 21:00:00+00:00,0.66757756
2008-08-19 22:00:00+00:00,0.59902376
2008-08-19 23:00:00+00:00,0.37223926
2008-08-20 00:00:00+00:00,0.06190413
2008-08-20 01:00:00+00:00,0.0
2008-08-20 02:00:00+00:00,0.0
2008-08-20 03:00:00+00:00,0.0
2008-08-20 04:00:00+00:00,0.0
2008-08-20 05:00:00+00:00,0.0
2008-08-20 06:00:00+00:00,0.0
2008-08-20 07:00:00+00:00,0.0
2008-08-20 08:00:00+00:00,0.0
2008-08-20 09:00:00+00:00,0.0
2008-08-20 10:00:00+00:00,0.0
2008-08-20 11:00:00+00:00,0.0
2008-08-20 12:00:00+00:00,0.17363124
2008-08-20 13:00:00+00:00,0.5524109
2008-08-20 14:00:00+00:00,0.5491366999999999
2008-08-20 15:00:00+00:00,0.66077256
2008-08-20 16:00:00+00:00,0.67012453
2008-08-20 17:00:00+00:00,0.6606109
2008-08-20 18:00:00+00:00,0.6491623000000001
2008-08-20 19:00:00+00:00,0.6552564999999999
2008-08-20 20:00:00+00:00,0.52488196
2008-08-20 21:00:00+00:00,0.39384958
2008-08-20 22:00:00+00:00,0.37557670000000004
2008-08-20 23:00:00+00:00,0.30868864
2008-08-21 00:00:00+00:00,0.03712555
2008-08-21 01:00:00+00:00,0.0
2008-08-21 02:00:00+00:00,0.0
2008-08-21 03:00:00+00:00,0.0
2008-08-21 04:00:00+00:00,0.0
2008-08-21 05:00:00+00:00,0.0
2008-08-21 06:00:00+00:00,0.0
2008-08-21 07:00:00+00:00,0.0
2008-08-21 08:00:00+00:00,0.0
2008-08-21 09:00:00+00:00,0.0
2008-08-21 10:00:00+00:00,0.0
2008-08-21 11:00:00+00:00,0.0
2008-08-21 12:00:00+00:00,0.12803549
2008-08-21 13:00:00+00:00,0.44814703
2008-08-21 14:00:00+00:00,0.37099963
2008-08-21 15:00:00+00:00,0.43394220000000006
2008-08-21 16:00:00+00:00,0.5089011999999999
2008-08-21 17:00:00+00:00,0.618526
2008-08-21 18:00:00+00:00,0.5101832000000001
2008-08-21 19:00:00+00:00,0.47625777
2008-08-21 20:00:00+00:00,0.4169657
2008-08-21 21:00:00+00:00,0.34962267
2008-08-21 22:00:00+00:00,0.16055235
2008-08-21 23:00:00+00:00,0.27044640000000003
2008-08-22 00:00:00+00:00,0.023331208
2008-08-22 01:00:00+00:00,0.0
2008-08-22 02:00:00+00:00,0.0
2008-08-22 03:00:00+00:00,0.0
2008-08-22 04:00:00+00:00,0.0
2008-08-22 05:00:00+00:00,0.0
2008-08-22 06:00:00+00:00,0.0
2008-08-22 07:00:00+00:00,0.0
2008-08-22 08:00:00+00:00,0.0
2008-08-22 09:00:00+00:00,0.0
2008-08-22 10:00:00+00:00,0.0
2008-08-22 11:00:00+00:00,0.0
2008-08-22 12:00:00+00:00,0.06700299
2008-08-22 13:00:00+00:00,0.34554467
2008-08-22 14:00:00+00:00,0.4251782
2008-08-22 15:00:00+00:00,0.525255
2008-08-22 16:00:00+00:00,0.6011371999999999
2008-08-22 17:00:00+00:00,0.6093958
2008-08-22 18:00:00+00:00,0.4549014
2008-08-22 19:00:00+00:00,0.33140817
2008-08-22 20:00:00+00:00,0.14820907
2008-08-22 21:00:00+00:00,0.52224374
2008-08-22 22:00:00+00:00,0.48572129999999997
2008-08-22 23:00:00+00:00,0.257132
2008-08-23 00:00:00+00:00,0.010010539
2008-08-23 01:00:00+00:00,0.0
2008-08-23 02:00:00+00:00,0.0
2008-08-23 03:00:00+00:00,0.0
2008-08-23 04:00:00+00:00,0.0
2008-08-23 05:00:00+00:00,0.0
2008-08-23 06:00:00+00:00,0.0
2008-08-23 07:00:00+00:00,0.0
2008-08-23 08:00:00+00:00,0.0
2008-08-23 09:00:00+00:00,0.0
2008-08-23 10:00:00+00:00,0.0
2008-08-23 11:00:00+00:00,0.0
2008-08-23 12:00:00+00:00,0.060887907000000005
2008-08-23 13:00:00+00:00,0.41774932
2008-08-23 14:00:00+00:00,0.44624418
2008-08-23 15:00:00+00:00,0.48984593
2008-08-23 16:00:00+00:00,0.50773543
2008-08-23 17:00:00+00:00,0.6267057
2008-08-23 18:00:00+00:00,0.5347343000000001
2008-08-23 19:00:00+00:00,0.5273133000000001
2008-08-23 20:00:00+00:00,0.49501604
2008-08-23 21:00:00+00:00,0.38048095
2008-08-23 22:00:00+00:00,0.23766664
2008-08-23 23:00:00+00:00,0.22794712
2008-08-24 00:00:00+00:00,0.003289576
2008-08-24 01:00:00+00:00,0.0
2008-08-24 02:00:00+00:00,0.0
2008-08-24 03:00:00+00:00,0.0
2008-08-24 04:00:00+00:00,0.0
2008-08-24 05:00:00+00:00,0.0
2008-08-24 06:00:00+00:00,0.0
2008-08-24 07:00:00+00:00,0.0
2008-08-24 08:00:00+00:00,0.0
2008-08-24 09:00:00+00:00,0.0
2008-08-24 10:00:00+00:00,0.0
2008-08-24 11:00:00+00:00,0.0
2008-08-24 12:00:00+00:00,0.034277968
2008-08-24 13:00:00+00:00,0.16532470000000002
2008-08-24 14:00:00+00:00,0.38643742
2008-08-24 15:00:00+00:00,0.46818143
2008-08-24 16:00:00+00:00,0.49532780000000004
2008-08-24 17:00:00+00:00,0.51244724
2008-08-24 18:00:00+00:00,0.4787545999999999
2008-08-24 19:00:00+00:00,0.42473644
2008-08-24 20:00:00+00:00,0.35889202
2008-08-24 21:00:00+00:00,0.16969836
2008-08-24 22:00:00+00:00,0.24580783
2008-08-24 23:00:00+00:00,0.15989912
2008-08-25 00:00:00+00:00,0.0
2008-08-25 01:00:00+00:00,0.0
2008-08-25 02:00:00+00:00,0.0
2008-08-25 03:00:00+00:00,0.0
2008-08-25 04:00:00+00:00,0.0
2008-08-25 05:00:00+00:00,0.0
2008-08-25 06:00:00+00:00,0.0
2008-08-25 07:00:00+00:00,0.0
2008-08-25 08:00:00+00:00,0.0
2008-08-25 09:00:00+00:00,0.0
2008-08-25 10:00:00+00:00,0.0
2008-08-25 11:00:00+00:00,0.0
2008-08-25 12:00:00+00:00,0.15582931
2008-08-25 13:00:00+00:00,0.47505203
2008-08-25 14:00:00+00:00,0.50218785
2008-08-25 15:00:00+00:00,0.43051517
2008-08-25 16:00:00+00:00,0.4788449000000001
2008-08-25 17:00:00+00:00,0.41036138
2008-08-25 18:00:00+00:00,0.18845074
2008-08-25 19:00:00+00:00,0.05516508
2008-08-25 20:00:00+00:00,0.09647684
2008-08-25 21:00:00+00:00,0.117912166
2008-08-25 22:00:00+00:00,0.09276232
2008-08-25 23:00:00+00:00,0.058289517
2008-08-26 00:00:00+00:00,0.0
2008-08-26 01:00:00+00:00,0.0
2008-08-26 02:00:00+00:00,0.0
2008-08-26 03:00:00+00:00,0.0
2008-08-26 04:00:00+00:00,0.0
2008-08-26 05:00:00+00:00,0.0
2008-08-26 06:00:00+00:00,0.0
2008-08-26 07:00:00+00:00,0.0
2008-08-26 08:00:00+00:00,0.0
2008-08-26 09:00:00+00:00,0.0
2008-08-26 10:00:00+00:00,0.0
2008-08-26 11:00:00+00:00,0.0
2008-08-26 12:00:00+00:00,0.10075853
2008-08-26 13:00:00+00:00,0.45643409999999995
2008-08-26 14:00:00+00:00,0.53078336
2008-08-26 15:00:00+00:00,0.4268191
2008-08-26 16:00:00+00:00,0.4570949
2008-08-26 17:00:00+00:00,0.44759512
2008-08-26 18:00:00+00:00,0.41492414
2008-08-26 19:00:00+00:00,0.41925472
2008-08-26 20:00:00+00:00,0.24699834
2008-08-26 21:00:00+00:00,0.09414269
2008-08-26 22:00:00+00:00,0.044882644000000006
2008-08-26 23:00:00+00:00,0.016725074
2008-08-27 00:00:00+00:00,0.0
2008-08-27 01:00:00+00:00,0.0
2008-08-27 02:00:00+00:00,0.0
2008-08-27 03:00:00+00:00,0.0
2008-08-27 04:00:00+00:00,0.0
2008-08-27 05:00:00+00:00,0.0
2008-08-27 06:00:00+00:00,0.0
2008-08-27 07:00:00+00:00,0.0
2008-08-27 08:00:00+00:00,0.0
2008-08-27 09:00:00+00:00,0.0
2008-08-27 10:00:00+00:00,0.0
2008-08-27 11:00:00+00:00,0.0
2008-08-27 12:00:00+00:00,0.033171996
2008-08-27 13:00:00+00:00,0.028343726
2008-08-27 14:00:00+00:00,0.04811708
2008-08-27 15:00:00+00:00,0.061636295
2008-08-27 16:00:00+00:00,0.10459046
2008-08-27 17:00:00+00:00,0.103961945
2008-08-27 18:00:00+00:00,0.11038186
2008-08-27 19:00:00+00:00,0.12142642
2008-08-27 20:00:00+00:00,0.061372627
2008-08-27 21:00:00+00:00,0.06837078
2008-08-27 22:00:00+00:00,0.07956746
2008-08-27 23:00:00+00:00,0.082464375
2008-08-28 00:00:00+00:00,0.0
2008-08-28 01:00:00+00:00,0.0
2008-08-28 02:00:00+00:00,0.0
2008-08-28 03:00:00+00:00,0.0
2008-08-28 04:00:00+00:00,0.0
2008-08-28 05:00:00+00:00,0.0
2008-08-28 06:00:00+00:00,0.0
2008-08-28 07:00:00+00:00,0.0
2008-08-28 08:00:00+00:00,0.0
2008-08-28 09:00:00+00:00,0.0
2008-08-28 10:00:00+00:00,0.0
2008-08-28 11:00:00+00:00,0.0
2008-08-28 12:00:00+00:00,0.15778247
2008-08-28 13:00:00+00:00,0.34597826
2008-08-28 14:00:00+00:00,0.60180026
2008-08-28 15:00:00+00:00,0.55737424
2008-08-28 16:00:00+00:00,0.6383923
2008-08-28 17:00:00+00:00,0.60551816
2008-08-28 18:00:00+00:00,0.5218752999999999
2008-08-28 19:00:00+00:00,0.57204866
2008-08-28 20:00:00+00:00,0.40182080000000003
2008-08-28 21:00:00+00:00,0.5943635
2008-08-28 22:00:00+00:00,0.49850777
2008-08-28 23:00:00+00:00,0.2762733
2008-08-29 00:00:00+00:00,0.0
2008-08-29 01:00:00+00:00,0.0
2008-08-29 02:00:00+00:00,0.0
2008-08-29 03:00:00+00:00,0.0
2008-08-29 04:00:00+00:00,0.0
2008-08-29 05:00:00+00:00,0.0
2008-08-29 06:00:00+00:00,0.0
2008-08-29 07:00:00+00:00,0.0
2008-08-29 08:00:00+00:00,0.0
2008-08-29 09:00:00+00:00,0.0
2008-08-29 10:00:00+00:00,0.0
2008-08-29 11:00:00+00:00,0.0
2008-08-29 12:00:00+00:00,0.1129057
2008-08-29 13:00:00+00:00,0.35838783
2008-08-29 14:00:00+00:00,0.54654366
2008-08-29 15:00:00+00:00,0.59328395
2008-08-29 16:00:00+00:00,0.56213623
2008-08-29 17:00:00+00:00,0.60889745
2008-08-29 18:00:00+00:00,0.6049244
2008-08-29 19:00:00+00:00,0.6072694000000001
2008-08-29 20:00:00+00:00,0.49033406
2008-08-29 21:00:00+00:00,0.5076518
2008-08-29 22:00:00+00:00,0.10617793
2008-08-29 23:00:00+00:00,0.01296236
2008-08-30 00:00:00+00:00,0.0
2008-08-30 01:00:00+00:00,0.0
2008-08-30 02:00:00+00:00,0.0
2008-08-30 03:00:00+00:00,0.0
2008-08-30 04:00:00+00:00,0.0
2008-08-30 05:00:00+00:00,0.0
2008-08-30 06:00:00+00:00,0.0
2008-08-30 07:00:00+00:00,0.0
2008-08-30 08:00:00+00:00,0.0
2008-08-30 09:00:00+00:00,0.0
2008-08-30 10:00:00+00:00,0.0
2008-08-30 11:00:00+00:00,0.0
2008-08-30 12:00:00+00:00,0.13562998
2008-08-30 13:00:00+00:00,0.40822643
2008-08-30 14:00:00+00:00,0.49431258
2008-08-30 15:00:00+00:00,0.49669963
2008-08-30 16:00:00+00:00,0.59224397
2008-08-30 17:00:00+00:00,0.5845275
2008-08-30 18:00:00+00:00,0.5648736
2008-08-30 19:00:00+00:00,0.5670911999999999
2008-08-30 20:00:00+00:00,0.5483808000000001
2008-08-30 21:00:00+00:00,0.53294814
2008-08-30 22:00:00+00:00,0.41675824
2008-08-30 23:00:00+00:00,0.18781844
2008-08-31 00:00:00+00:00,0.0
2008-08-31 01:00:00+00:00,0.0
2008-08-31 02:00:00+00:00,0.0
2008-08-31 03:00:00+00:00,0.0
2008-08-31 04:00:00+00:00,0.0
2008-08-31 05:00:00+00:00,0.0
2008-08-31 06:00:00+00:00,0.0
2008-08-31 07:00:00+00:00,0.0
2008-08-31 08:00:00+00:00,0.0
2008-08-31 09:00:00+00:00,0.0
2008-08-31 10:00:00+00:00,0.0
2008-08-31 11:00:00+00:00,0.0
2008-08-31 12:00:00+00:00,0.12975557
2008-08-31 13:00:00+00:00,0.40482694
2008-08-31 14:00:00+00:00,0.55521363
2008-08-31 15:00:00+00:00,0.60048825
2008-08-31 16:00:00+00:00,0.62079155
2008-08-31 17:00:00+00:00,0.6205545
2008-08-31 18:00:00+00:00,0.62792796
2008-08-31 19:00:00+00:00,0.6388785
2008-08-31 20:00:00+00:00,0.6482036999999999
2008-08-31 21:00:00+00:00,0.63426554
2008-08-31 22:00:00+00:00,0.5560841999999999
2008-08-31 23:00:00+00:00,0.28246272
2008-09-01 00:00:00+00:00,0.0
2008-09-01 01:00:00+00:00,0.0
2008-09-01 02:00:00+00:00,0.0
2008-09-01 03:00:00+00:00,0.0
2008-09-01 04:00:00+00:00,0.0
2008-09-01 05:00:00+00:00,0.0
2008-09-01 06:00:00+00:00,0.0
2008-09-01 07:00:00+00:00,0.0
2008-09-01 08:00:00+00:00,0.0
2008-09-01 09:00:00+00:00,0.0
2008-09-01 10:00:00+00:00,0.0
2008-09-01 11:00:00+00:00,0.0
2008-09-01 12:00:00+00:00,0.17994173
2008-09-01 13:00:00+00:00,0.5038204000000001
2008-09-01 14:00:00+00:00,0.61352843
2008-09-01 15:00:00+00:00,0.6320435999999999
2008-09-01 16:00:00+00:00,0.58717203
2008-09-01 17:00:00+00:00,0.5399159
2008-09-01 18:00:00+00:00,0.47668326
2008-09-01 19:00:00+00:00,0.34524190000000005
2008-09-01 20:00:00+00:00,0.32791823
2008-09-01 21:00:00+00:00,0.39269987
2008-09-01 22:00:00+00:00,0.22151804
2008-09-01 23:00:00+00:00,0.091151655
2008-09-02 00:00:00+00:00,0.0
2008-09-02 01:00:00+00:00,0.0
2008-09-02 02:00:00+00:00,0.0
2008-09-02 03:00:00+00:00,0.0
2008-09-02 04:00:00+00:00,0.0
2008-09-02 05:00:00+00:00,0.0
2008-09-02 06:00:00+00:00,0.0
2008-09-02 07:00:00+00:00,0.0
2008-09-02 08:00:00+00:00,0.0
2008-09-02 09:00:00+00:00,0.0
2008-09-02 10:00:00+00:00,0.0
2008-09-02 11:00:00+00:00,0.0
2008-09-02 12:00:00+00:00,0.07572973
2008-09-02 13:00:00+00:00,0.25696403
2008-09-02 14:00:00+00:00,0.40315850000000003
2008-09-02 15:00:00+00:00,0.4973566
2008-09-02 16:00:00+00:00,0.48907647
2008-09-02 17:00:00+00:00,0.5103109
2008-09-02 18:00:00+00:00,0.39810696
2008-09-02 19:00:00+00:00,0.4737682
2008-09-02 20:00:00+00:00,0.40676683
2008-09-02 21:00:00+00:00,0.37728095
2008-09-02 22:00:00+00:00,0.3425256
2008-09-02 23:00:00+00:00,0.08592494
2008-09-03 00:00:00+00:00,0.0
2008-09-03 01:00:00+00:00,0.0
2008-09-03 02:00:00+00:00,0.0
2008-09-03 03:00:00+00:00,0.0
2008-09-03 04:00:00+00:00,0.0
2008-09-03 05:00:00+00:00,0.0
2008-09-03 06:00:00+00:00,0.0
2008-09-03 07:00:00+00:00,0.0
2008-09-03 08:00:00+00:00,0.0
2008-09-03 09:00:00+00:00,0.0
2008-09-03 10:00:00+00:00,0.0
2008-09-03 11:00:00+00:00,0.0
2008-09-03 12:00:00+00:00,0.10831064
2008-09-03 13:00:00+00:00,0.38884187
2008-09-03 14:00:00+00:00,0.54148656
2008-09-03 15:00:00+00:00,0.5853203
2008-09-03 16:00:00+00:00,0.59946895
2008-09-03 17:00:00+00:00,0.49373190000000006
2008-09-03 18:00:00+00:00,0.43923566
2008-09-03 19:00:00+00:00,0.42187673
2008-09-03 20:00:00+00:00,0.40274575
2008-09-03 21:00:00+00:00,0.18855648
2008-09-03 22:00:00+00:00,0.36594099999999996
2008-09-03 23:00:00+00:00,0.19452994
2008-09-04 00:00:00+00:00,0.0
2008-09-04 01:00:00+00:00,0.0
2008-09-04 02:00:00+00:00,0.0
2008-09-04 03:00:00+00:00,0.0
2008-09-04 04:00:00+00:00,0.0
2008-09-04 05:00:00+00:00,0.0
2008-09-04 06:00:00+00:00,0.0
2008-09-04 07:00:00+00:00,0.0
2008-09-04 08:00:00+00:00,0.0
2008-09-04 09:00:00+00:00,0.0
2008-09-04 10:00:00+00:00,0.0
2008-09-04 11:00:00+00:00,0.0
2008-09-04 12:00:00+00:00,0.054390325999999996
2008-09-04 13:00:00+00:00,0.1450255
2008-09-04 14:00:00+00:00,0.36609325
2008-09-04 15:00:00+00:00,0.5923398
2008-09-04 16:00:00+00:00,0.5845591
2008-09-04 17:00:00+00:00,0.5926209
2008-09-04 18:00:00+00:00,0.31961593
2008-09-04 19:00:00+00:00,0.31196424
2008-09-04 20:00:00+00:00,0.26004958
2008-09-04 21:00:00+00:00,0.16794986
2008-09-04 22:00:00+00:00,0.40746424
2008-09-04 23:00:00+00:00,0.13202667
2008-09-05 00:00:00+00:00,0.0
2008-09-05 01:00:00+00:00,0.0
2008-09-05 02:00:00+00:00,0.0
2008-09-05 03:00:00+00:00,0.0
2008-09-05 04:00:00+00:00,0.0
2008-09-05 05:00:00+00:00,0.0
2008-09-05 06:00:00+00:00,0.0
2008-09-05 07:00:00+00:00,0.0
2008-09-05 08:00:00+00:00,0.0
2008-09-05 09:00:00+00:00,0.0
2008-09-05 10:00:00+00:00,0.0
2008-09-05 11:00:00+00:00,0.0
2008-09-05 12:00:00+00:00,0.018285075
2008-09-05 13:00:00+00:00,0.00903169
2008-09-05 14:00:00+00:00,0.024221158
2008-09-05 15:00:00+00:00,0.031550284
2008-09-05 16:00:00+00:00,0.16662347
2008-09-05 17:00:00+00:00,0.20964938
2008-09-05 18:00:00+00:00,0.1878507
2008-09-05 19:00:00+00:00,0.24739963
2008-09-05 20:00:00+00:00,0.14834441
2008-09-05 21:00:00+00:00,0.20054393
2008-09-05 22:00:00+00:00,0.07715139
2008-09-05 23:00:00+00:00,0.12552264
2008-09-06 00:00:00+00:00,0.0
2008-09-06 01:00:00+00:00,0.0
2008-09-06 02:00:00+00:00,0.0
2008-09-06 03:00:00+00:00,0.0
2008-09-06 04:00:00+00:00,0.0
2008-09-06 05:00:00+00:00,0.0
2008-09-06 06:00:00+00:00,0.0
2008-09-06 07:00:00+00:00,0.0
2008-09-06 08:00:00+00:00,0.0
2008-09-06 09:00:00+00:00,0.0
2008-09-06 10:00:00+00:00,0.0
2008-09-06 11:00:00+00:00,0.0
2008-09-06 12:00:00+00:00,0.12590449
2008-09-06 13:00:00+00:00,0.0934589
2008-09-06 14:00:00+00:00,0.12765041
2008-09-06 15:00:00+00:00,0.16982329999999998
2008-09-06 16:00:00+00:00,0.20915936
2008-09-06 17:00:00+00:00,0.357033
2008-09-06 18:00:00+00:00,0.36757317
2008-09-06 19:00:00+00:00,0.5274386999999999
2008-09-06 20:00:00+00:00,0.39927855
2008-09-06 21:00:00+00:00,0.24094713
2008-09-06 22:00:00+00:00,0.5313255
2008-09-06 23:00:00+00:00,0.2627403
2008-09-07 00:00:00+00:00,0.0
2008-09-07 01:00:00+00:00,0.0
2008-09-07 02:00:00+00:00,0.0
2008-09-07 03:00:00+00:00,0.0
2008-09-07 04:00:00+00:00,0.0
2008-09-07 05:00:00+00:00,0.0
2008-09-07 06:00:00+00:00,0.0
2008-09-07 07:00:00+00:00,0.0
2008-09-07 08:00:00+00:00,0.0
2008-09-07 09:00:00+00:00,0.0
2008-09-07 10:00:00+00:00,0.0
2008-09-07 11:00:00+00:00,0.0
2008-09-07 12:00:00+00:00,0.08513972
2008-09-07 13:00:00+00:00,0.32571372
2008-09-07 14:00:00+00:00,0.6444087
2008-09-07 15:00:00+00:00,0.64082855
2008-09-07 16:00:00+00:00,0.58789605
2008-09-07 17:00:00+00:00,0.5945767
2008-09-07 18:00:00+00:00,0.46987402
2008-09-07 19:00:00+00:00,0.46385437
2008-09-07 20:00:00+00:00,0.54444915
2008-09-07 21:00:00+00:00,0.3618176
2008-09-07 22:00:00+00:00,0.5004781
2008-09-07 23:00:00+00:00,0.23636095
2008-09-08 00:00:00+00:00,0.0
2008-09-08 01:00:00+00:00,0.0
2008-09-08 02:00:00+00:00,0.0
2008-09-08 03:00:00+00:00,0.0
2008-09-08 04:00:00+00:00,0.0
2008-09-08 05:00:00+00:00,0.0
2008-09-08 06:00:00+00:00,0.0
2008-09-08 07:00:00+00:00,0.0
2008-09-08 08:00:00+00:00,0.0
2008-09-08 09:00:00+00:00,0.0
2008-09-08 10:00:00+00:00,0.0
2008-09-08 11:00:00+00:00,0.0
2008-09-08 12:00:00+00:00,0.16184615
2008-09-08 13:00:00+00:00,0.5052739
2008-09-08 14:00:00+00:00,0.6344827
2008-09-08 15:00:00+00:00,0.58941644
2008-09-08 16:00:00+00:00,0.5561972
2008-09-08 17:00:00+00:00,0.54563093
2008-09-08 18:00:00+00:00,0.5800408
2008-09-08 19:00:00+00:00,0.6234542
2008-09-08 20:00:00+00:00,0.6314695
2008-09-08 21:00:00+00:00,0.51492286
2008-09-08 22:00:00+00:00,0.40208247
2008-09-08 23:00:00+00:00,0.14826727
2008-09-09 00:00:00+00:00,0.0
2008-09-09 01:00:00+00:00,0.0
2008-09-09 02:00:00+00:00,0.0
2008-09-09 03:00:00+00:00,0.0
2008-09-09 04:00:00+00:00,0.0
2008-09-09 05:00:00+00:00,0.0
2008-09-09 06:00:00+00:00,0.0
2008-09-09 07:00:00+00:00,0.0
2008-09-09 08:00:00+00:00,0.0
2008-09-09 09:00:00+00:00,0.0
2008-09-09 10:00:00+00:00,0.0
2008-09-09 11:00:00+00:00,0.0
2008-09-09 12:00:00+00:00,0.011977051
2008-09-09 13:00:00+00:00,0.05974114
2008-09-09 14:00:00+00:00,0.026464416
2008-09-09 15:00:00+00:00,0.05555531
2008-09-09 16:00:00+00:00,0.22193034
2008-09-09 17:00:00+00:00,0.32463908
2008-09-09 18:00:00+00:00,0.2720027
2008-09-09 19:00:00+00:00,0.10971466
2008-09-09 20:00:00+00:00,0.07903557
2008-09-09 21:00:00+00:00,0.041598476
2008-09-09 22:00:00+00:00,0.035764527000000004
2008-09-09 23:00:00+00:00,0.17388083
2008-09-10 00:00:00+00:00,0.0
2008-09-10 01:00:00+00:00,0.0
2008-09-10 02:00:00+00:00,0.0
2008-09-10 03:00:00+00:00,0.0
2008-09-10 04:00:00+00:00,0.0
2008-09-10 05:00:00+00:00,0.0
2008-09-10 06:00:00+00:00,0.0
2008-09-10 07:00:00+00:00,0.0
2008-09-10 08:00:00+00:00,0.0
2008-09-10 09:00:00+00:00,0.0
2008-09-10 10:00:00+00:00,0.0
2008-09-10 11:00:00+00:00,0.0
2008-09-10 12:00:00+00:00,0.15272836
2008-09-10 13:00:00+00:00,0.4916644
2008-09-10 14:00:00+00:00,0.63454366
2008-09-10 15:00:00+00:00,0.661147
2008-09-10 16:00:00+00:00,0.64980817
2008-09-10 17:00:00+00:00,0.6330461
2008-09-10 18:00:00+00:00,0.6272842
2008-09-10 19:00:00+00:00,0.6389121
2008-09-10 20:00:00+00:00,0.6488584
2008-09-10 21:00:00+00:00,0.6326268
2008-09-10 22:00:00+00:00,0.5468812
2008-09-10 23:00:00+00:00,0.21799580000000002
2008-09-11 00:00:00+00:00,0.0
2008-09-11 01:00:00+00:00,0.0
2008-09-11 02:00:00+00:00,0.0
2008-09-11 03:00:00+00:00,0.0
2008-09-11 04:00:00+00:00,0.0
2008-09-11 05:00:00+00:00,0.0
2008-09-11 06:00:00+00:00,0.0
2008-09-11 07:00:00+00:00,0.0
2008-09-11 08:00:00+00:00,0.0
2008-09-11 09:00:00+00:00,0.0
2008-09-11 10:00:00+00:00,0.0
2008-09-11 11:00:00+00:00,0.0
2008-09-11 12:00:00+00:00,0.09930734
2008-09-11 13:00:00+00:00,0.33823517
2008-09-11 14:00:00+00:00,0.56154484
2008-09-11 15:00:00+00:00,0.41281772
2008-09-11 16:00:00+00:00,0.40705612
2008-09-11 17:00:00+00:00,0.27728155
2008-09-11 18:00:00+00:00,0.38253373
2008-09-11 19:00:00+00:00,0.2915251
2008-09-11 20:00:00+00:00,0.17077345
2008-09-11 21:00:00+00:00,0.29509506
2008-09-11 22:00:00+00:00,0.105212785
2008-09-11 23:00:00+00:00,0.07232389
2008-09-12 00:00:00+00:00,0.0
2008-09-12 01:00:00+00:00,0.0
2008-09-12 02:00:00+00:00,0.0
2008-09-12 03:00:00+00:00,0.0
2008-09-12 04:00:00+00:00,0.0
2008-09-12 05:00:00+00:00,0.0
2008-09-12 06:00:00+00:00,0.0
2008-09-12 07:00:00+00:00,0.0
2008-09-12 08:00:00+00:00,0.0
2008-09-12 09:00:00+00:00,0.0
2008-09-12 10:00:00+00:00,0.0
2008-09-12 11:00:00+00:00,0.0
2008-09-12 12:00:00+00:00,0.0046935785
2008-09-12 13:00:00+00:00,0.098665945
2008-09-12 14:00:00+00:00,0.26792398
2008-09-12 15:00:00+00:00,0.10833114
2008-09-12 16:00:00+00:00,0.26533526
2008-09-12 17:00:00+00:00,0.18677925
2008-09-12 18:00:00+00:00,0.30272517
2008-09-12 19:00:00+00:00,0.30643746
2008-09-12 20:00:00+00:00,0.48514929999999995
2008-09-12 21:00:00+00:00,0.41795474
2008-09-12 22:00:00+00:00,0.33179206
2008-09-12 23:00:00+00:00,0.15834102
2008-09-13 00:00:00+00:00,0.0
2008-09-13 01:00:00+00:00,0.0
2008-09-13 02:00:00+00:00,0.0
2008-09-13 03:00:00+00:00,0.0
2008-09-13 04:00:00+00:00,0.0
2008-09-13 05:00:00+00:00,0.0
2008-09-13 06:00:00+00:00,0.0
2008-09-13 07:00:00+00:00,0.0
2008-09-13 08:00:00+00:00,0.0
2008-09-13 09:00:00+00:00,0.0
2008-09-13 10:00:00+00:00,0.0
2008-09-13 11:00:00+00:00,0.0
2008-09-13 12:00:00+00:00,0.13675822
2008-09-13 13:00:00+00:00,0.46535426
2008-09-13 14:00:00+00:00,0.42142690000000005
2008-09-13 15:00:00+00:00,0.45286897
2008-09-13 16:00:00+00:00,0.5960854
2008-09-13 17:00:00+00:00,0.5075748
2008-09-13 18:00:00+00:00,0.39784357
2008-09-13 19:00:00+00:00,0.47990224
2008-09-13 20:00:00+00:00,0.41181207
2008-09-13 21:00:00+00:00,0.43002158
2008-09-13 22:00:00+00:00,0.4240541
2008-09-13 23:00:00+00:00,0.12501897
2008-09-14 00:00:00+00:00,0.0
2008-09-14 01:00:00+00:00,0.0
2008-09-14 02:00:00+00:00,0.0
2008-09-14 03:00:00+00:00,0.0
2008-09-14 04:00:00+00:00,0.0
2008-09-14 05:00:00+00:00,0.0
2008-09-14 06:00:00+00:00,0.0
2008-09-14 07:00:00+00:00,0.0
2008-09-14 08:00:00+00:00,0.0
2008-09-14 09:00:00+00:00,0.0
2008-09-14 10:00:00+00:00,0.0
2008-09-14 11:00:00+00:00,0.0
2008-09-14 12:00:00+00:00,0.012935088999999999
2008-09-14 13:00:00+00:00,0.33146262
2008-09-14 14:00:00+00:00,0.42376915
2008-09-14 15:00:00+00:00,0.47166127
2008-09-14 16:00:00+00:00,0.49645767
2008-09-14 17:00:00+00:00,0.06342613
2008-09-14 18:00:00+00:00,0.11302177
2008-09-14 19:00:00+00:00,0.29802259999999997
2008-09-14 20:00:00+00:00,0.24677065
2008-09-14 21:00:00+00:00,0.14783406
2008-09-14 22:00:00+00:00,0.049918894000000005
2008-09-14 23:00:00+00:00,0.19545734
2008-09-15 00:00:00+00:00,0.0
2008-09-15 01:00:00+00:00,0.0
2008-09-15 02:00:00+00:00,0.0
2008-09-15 03:00:00+00:00,0.0
2008-09-15 04:00:00+00:00,0.0
2008-09-15 05:00:00+00:00,0.0
2008-09-15 06:00:00+00:00,0.0
2008-09-15 07:00:00+00:00,0.0
2008-09-15 08:00:00+00:00,0.0
2008-09-15 09:00:00+00:00,0.0
2008-09-15 10:00:00+00:00,0.0
2008-09-15 11:00:00+00:00,0.0
2008-09-15 12:00:00+00:00,0.09780578
2008-09-15 13:00:00+00:00,0.25262505
2008-09-15 14:00:00+00:00,0.29829943
2008-09-15 15:00:00+00:00,0.45839575
2008-09-15 16:00:00+00:00,0.40688762
2008-09-15 17:00:00+00:00,0.41435856
2008-09-15 18:00:00+00:00,0.48970416
2008-09-15 19:00:00+00:00,0.35547838
2008-09-15 20:00:00+00:00,0.30541
2008-09-15 21:00:00+00:00,0.29883954
2008-09-15 22:00:00+00:00,0.24491976
2008-09-15 23:00:00+00:00,0.13067047
2008-09-16 00:00:00+00:00,0.0
2008-09-16 01:00:00+00:00,0.0
2008-09-16 02:00:00+00:00,0.0
2008-09-16 03:00:00+00:00,0.0
2008-09-16 04:00:00+00:00,0.0
2008-09-16 05:00:00+00:00,0.0
2008-09-16 06:00:00+00:00,0.0
2008-09-16 07:00:00+00:00,0.0
2008-09-16 08:00:00+00:00,0.0
2008-09-16 09:00:00+00:00,0.0
2008-09-16 10:00:00+00:00,0.0
2008-09-16 11:00:00+00:00,0.0
2008-09-16 12:00:00+00:00,0.14099185
2008-09-16 13:00:00+00:00,0.49884129999999993
2008-09-16 14:00:00+00:00,0.64735323
2008-09-16 15:00:00+00:00,0.668716
2008-09-16 16:00:00+00:00,0.63410753
2008-09-16 17:00:00+00:00,0.36628190000000005
2008-09-16 18:00:00+00:00,0.29203670000000004
2008-09-16 19:00:00+00:00,0.22028054
2008-09-16 20:00:00+00:00,0.16206649
2008-09-16 21:00:00+00:00,0.1430602
2008-09-16 22:00:00+00:00,0.32402
2008-09-16 23:00:00+00:00,0.15801479
2008-09-17 00:00:00+00:00,0.0
2008-09-17 01:00:00+00:00,0.0
2008-09-17 02:00:00+00:00,0.0
2008-09-17 03:00:00+00:00,0.0
2008-09-17 04:00:00+00:00,0.0
2008-09-17 05:00:00+00:00,0.0
2008-09-17 06:00:00+00:00,0.0
2008-09-17 07:00:00+00:00,0.0
2008-09-17 08:00:00+00:00,0.0
2008-09-17 09:00:00+00:00,0.0
2008-09-17 10:00:00+00:00,0.0
2008-09-17 11:00:00+00:00,0.0
2008-09-17 12:00:00+00:00,0.13217020000000002
2008-09-17 13:00:00+00:00,0.47444028
2008-09-17 14:00:00+00:00,0.6321459
2008-09-17 15:00:00+00:00,0.6656295
2008-09-17 16:00:00+00:00,0.6473588
2008-09-17 17:00:00+00:00,0.63109076
2008-09-17 18:00:00+00:00,0.6275712
2008-09-17 19:00:00+00:00,0.63958824
2008-09-17 20:00:00+00:00,0.6570928
2008-09-17 21:00:00+00:00,0.63950706
2008-09-17 22:00:00+00:00,0.52087325
2008-09-17 23:00:00+00:00,0.17314567
2008-09-18 00:00:00+00:00,0.0
2008-09-18 01:00:00+00:00,0.0
2008-09-18 02:00:00+00:00,0.0
2008-09-18 03:00:00+00:00,0.0
2008-09-18 04:00:00+00:00,0.0
2008-09-18 05:00:00+00:00,0.0
2008-09-18 06:00:00+00:00,0.0
2008-09-18 07:00:00+00:00,0.0
2008-09-18 08:00:00+00:00,0.0
2008-09-18 09:00:00+00:00,0.0
2008-09-18 10:00:00+00:00,0.0
2008-09-18 11:00:00+00:00,0.0
2008-09-18 12:00:00+00:00,0.14589994
2008-09-18 13:00:00+00:00,0.50540525
2008-09-18 14:00:00+00:00,0.6496674
2008-09-18 15:00:00+00:00,0.6627723000000001
2008-09-18 16:00:00+00:00,0.6380219
2008-09-18 17:00:00+00:00,0.61846596
2008-09-18 18:00:00+00:00,0.60966015
2008-09-18 19:00:00+00:00,0.62109816
2008-09-18 20:00:00+00:00,0.63177073
2008-09-18 21:00:00+00:00,0.5966644
2008-09-18 22:00:00+00:00,0.45249322
2008-09-18 23:00:00+00:00,0.13726965
2008-09-19 00:00:00+00:00,0.0
2008-09-19 01:00:00+00:00,0.0
2008-09-19 02:00:00+00:00,0.0
2008-09-19 03:00:00+00:00,0.0
2008-09-19 04:00:00+00:00,0.0
2008-09-19 05:00:00+00:00,0.0
2008-09-19 06:00:00+00:00,0.0
2008-09-19 07:00:00+00:00,0.0
2008-09-19 08:00:00+00:00,0.0
2008-09-19 09:00:00+00:00,0.0
2008-09-19 10:00:00+00:00,0.0
2008-09-19 11:00:00+00:00,0.0
2008-09-19 12:00:00+00:00,0.10744221
2008-09-19 13:00:00+00:00,0.35789415
2008-09-19 14:00:00+00:00,0.5149433
2008-09-19 15:00:00+00:00,0.49623814
2008-09-19 16:00:00+00:00,0.5093712
2008-09-19 17:00:00+00:00,0.48074508
2008-09-19 18:00:00+00:00,0.45174056
2008-09-19 19:00:00+00:00,0.41430379999999994
2008-09-19 20:00:00+00:00,0.34337196
2008-09-19 21:00:00+00:00,0.36056459999999996
2008-09-19 22:00:00+00:00,0.29462397
2008-09-19 23:00:00+00:00,0.0475165
2008-09-20 00:00:00+00:00,0.0
2008-09-20 01:00:00+00:00,0.0
2008-09-20 02:00:00+00:00,0.0
2008-09-20 03:00:00+00:00,0.0
2008-09-20 04:00:00+00:00,0.0
2008-09-20 05:00:00+00:00,0.0
2008-09-20 06:00:00+00:00,0.0
2008-09-20 07:00:00+00:00,0.0
2008-09-20 08:00:00+00:00,0.0
2008-09-20 09:00:00+00:00,0.0
2008-09-20 10:00:00+00:00,0.0
2008-09-20 11:00:00+00:00,0.0
2008-09-20 12:00:00+00:00,0.06267848599999999
2008-09-20 13:00:00+00:00,0.37530392
2008-09-20 14:00:00+00:00,0.49202460000000003
2008-09-20 15:00:00+00:00,0.4560277
2008-09-20 16:00:00+00:00,0.49724317
2008-09-20 17:00:00+00:00,0.45215324
2008-09-20 18:00:00+00:00,0.41525313
2008-09-20 19:00:00+00:00,0.39723673
2008-09-20 20:00:00+00:00,0.32342285
2008-09-20 21:00:00+00:00,0.4373497
2008-09-20 22:00:00+00:00,0.28013662
2008-09-20 23:00:00+00:00,0.06507067400000001
2008-09-21 00:00:00+00:00,0.0
2008-09-21 01:00:00+00:00,0.0
2008-09-21 02:00:00+00:00,0.0
2008-09-21 03:00:00+00:00,0.0
2008-09-21 04:00:00+00:00,0.0
2008-09-21 05:00:00+00:00,0.0
2008-09-21 06:00:00+00:00,0.0
2008-09-21 07:00:00+00:00,0.0
2008-09-21 08:00:00+00:00,0.0
2008-09-21 09:00:00+00:00,0.0
2008-09-21 10:00:00+00:00,0.0
2008-09-21 11:00:00+00:00,0.0
2008-09-21 12:00:00+00:00,0.013802652
2008-09-21 13:00:00+00:00,0.12532674
2008-09-21 14:00:00+00:00,0.40184957
2008-09-21 15:00:00+00:00,0.59798974
2008-09-21 16:00:00+00:00,0.5973961999999999
2008-09-21 17:00:00+00:00,0.5846716
2008-09-21 18:00:00+00:00,0.5780159
2008-09-21 19:00:00+00:00,0.589966
2008-09-21 20:00:00+00:00,0.49236813
2008-09-21 21:00:00+00:00,0.29510507
2008-09-21 22:00:00+00:00,0.16165848
2008-09-21 23:00:00+00:00,0.035427336000000004
2008-09-22 00:00:00+00:00,0.0
2008-09-22 01:00:00+00:00,0.0
2008-09-22 02:00:00+00:00,0.0
2008-09-22 03:00:00+00:00,0.0
2008-09-22 04:00:00+00:00,0.0
2008-09-22 05:00:00+00:00,0.0
2008-09-22 06:00:00+00:00,0.0
2008-09-22 07:00:00+00:00,0.0
2008-09-22 08:00:00+00:00,0.0
2008-09-22 09:00:00+00:00,0.0
2008-09-22 10:00:00+00:00,0.0
2008-09-22 11:00:00+00:00,0.0
2008-09-22 12:00:00+00:00,0.110520594
2008-09-22 13:00:00+00:00,0.44783717
2008-09-22 14:00:00+00:00,0.61940014
2008-09-22 15:00:00+00:00,0.6403512
2008-09-22 16:00:00+00:00,0.6293582
2008-09-22 17:00:00+00:00,0.6119751999999999
2008-09-22 18:00:00+00:00,0.606035
2008-09-22 19:00:00+00:00,0.6196908
2008-09-22 20:00:00+00:00,0.63020295
2008-09-22 21:00:00+00:00,0.59680635
2008-09-22 22:00:00+00:00,0.42870766
2008-09-22 23:00:00+00:00,0.11142126
2008-09-23 00:00:00+00:00,0.0
2008-09-23 01:00:00+00:00,0.0
2008-09-23 02:00:00+00:00,0.0
2008-09-23 03:00:00+00:00,0.0
2008-09-23 04:00:00+00:00,0.0
2008-09-23 05:00:00+00:00,0.0
2008-09-23 06:00:00+00:00,0.0
2008-09-23 07:00:00+00:00,0.0
2008-09-23 08:00:00+00:00,0.0
2008-09-23 09:00:00+00:00,0.0
2008-09-23 10:00:00+00:00,0.0
2008-09-23 11:00:00+00:00,0.0
2008-09-23 12:00:00+00:00,0.10831383
2008-09-23 13:00:00+00:00,0.45051017
2008-09-23 14:00:00+00:00,0.6150394
2008-09-23 15:00:00+00:00,0.63101846
2008-09-23 16:00:00+00:00,0.61704516
2008-09-23 17:00:00+00:00,0.6018481
2008-09-23 18:00:00+00:00,0.6010565
2008-09-23 19:00:00+00:00,0.6156219
2008-09-23 20:00:00+00:00,0.627467
2008-09-23 21:00:00+00:00,0.593299
2008-09-23 22:00:00+00:00,0.42200655
2008-09-23 23:00:00+00:00,0.10609913
2008-09-24 00:00:00+00:00,0.0
2008-09-24 01:00:00+00:00,0.0
2008-09-24 02:00:00+00:00,0.0
2008-09-24 03:00:00+00:00,0.0
2008-09-24 04:00:00+00:00,0.0
2008-09-24 05:00:00+00:00,0.0
2008-09-24 06:00:00+00:00,0.0
2008-09-24 07:00:00+00:00,0.0
2008-09-24 08:00:00+00:00,0.0
2008-09-24 09:00:00+00:00,0.0
2008-09-24 10:00:00+00:00,0.0
2008-09-24 11:00:00+00:00,0.0
2008-09-24 12:00:00+00:00,0.09270555
2008-09-24 13:00:00+00:00,0.40293320000000005
2008-09-24 14:00:00+00:00,0.59025466
2008-09-24 15:00:00+00:00,0.6367546
2008-09-24 16:00:00+00:00,0.62874156
2008-09-24 17:00:00+00:00,0.6150555
2008-09-24 18:00:00+00:00,0.61382765
2008-09-24 19:00:00+00:00,0.6316477
2008-09-24 20:00:00+00:00,0.6478364999999999
2008-09-24 21:00:00+00:00,0.6255154
2008-09-24 22:00:00+00:00,0.45492104
2008-09-24 23:00:00+00:00,0.11205943
2008-09-25 00:00:00+00:00,0.0
2008-09-25 01:00:00+00:00,0.0
2008-09-25 02:00:00+00:00,0.0
2008-09-25 03:00:00+00:00,0.0
2008-09-25 04:00:00+00:00,0.0
2008-09-25 05:00:00+00:00,0.0
2008-09-25 06:00:00+00:00,0.0
2008-09-25 07:00:00+00:00,0.0
2008-09-25 08:00:00+00:00,0.0
2008-09-25 09:00:00+00:00,0.0
2008-09-25 10:00:00+00:00,0.0
2008-09-25 11:00:00+00:00,0.0
2008-09-25 12:00:00+00:00,0.10490154
2008-09-25 13:00:00+00:00,0.46097687
2008-09-25 14:00:00+00:00,0.64045465
2008-09-25 15:00:00+00:00,0.66194415
2008-09-25 16:00:00+00:00,0.6395465
2008-09-25 17:00:00+00:00,0.6228779999999999
2008-09-25 18:00:00+00:00,0.623153
2008-09-25 19:00:00+00:00,0.6388095
2008-09-25 20:00:00+00:00,0.66144896
2008-09-25 21:00:00+00:00,0.6370524999999999
2008-09-25 22:00:00+00:00,0.46298918
2008-09-25 23:00:00+00:00,0.11008339
2008-09-26 00:00:00+00:00,0.0
2008-09-26 01:00:00+00:00,0.0
2008-09-26 02:00:00+00:00,0.0
2008-09-26 03:00:00+00:00,0.0
2008-09-26 04:00:00+00:00,0.0
2008-09-26 05:00:00+00:00,0.0
2008-09-26 06:00:00+00:00,0.0
2008-09-26 07:00:00+00:00,0.0
2008-09-26 08:00:00+00:00,0.0
2008-09-26 09:00:00+00:00,0.0
2008-09-26 10:00:00+00:00,0.0
2008-09-26 11:00:00+00:00,0.0
2008-09-26 12:00:00+00:00,0.10050414
2008-09-26 13:00:00+00:00,0.42336372
2008-09-26 14:00:00+00:00,0.24157877
2008-09-26 15:00:00+00:00,0.35932067
2008-09-26 16:00:00+00:00,0.31064907
2008-09-26 17:00:00+00:00,0.45780575
2008-09-26 18:00:00+00:00,0.47009382
2008-09-26 19:00:00+00:00,0.49035937
2008-09-26 20:00:00+00:00,0.39735684
2008-09-26 21:00:00+00:00,0.18558459
2008-09-26 22:00:00+00:00,0.25180155
2008-09-26 23:00:00+00:00,0.06453927599999999
2008-09-27 00:00:00+00:00,0.0
2008-09-27 01:00:00+00:00,0.0
2008-09-27 02:00:00+00:00,0.0
2008-09-27 03:00:00+00:00,0.0
2008-09-27 04:00:00+00:00,0.0
2008-09-27 05:00:00+00:00,0.0
2008-09-27 06:00:00+00:00,0.0
2008-09-27 07:00:00+00:00,0.0
2008-09-27 08:00:00+00:00,0.0
2008-09-27 09:00:00+00:00,0.0
2008-09-27 10:00:00+00:00,0.0
2008-09-27 11:00:00+00:00,0.0
2008-09-27 12:00:00+00:00,0.09185398
2008-09-27 13:00:00+00:00,0.43002686
2008-09-27 14:00:00+00:00,0.6048899999999999
2008-09-27 15:00:00+00:00,0.61525214
2008-09-27 16:00:00+00:00,0.5990310999999999
2008-09-27 17:00:00+00:00,0.23902674
2008-09-27 18:00:00+00:00,0.2397857
2008-09-27 19:00:00+00:00,0.31099835
2008-09-27 20:00:00+00:00,0.29307252
2008-09-27 21:00:00+00:00,0.504396
2008-09-27 22:00:00+00:00,0.34334245
2008-09-27 23:00:00+00:00,0.055220917
2008-09-28 00:00:00+00:00,0.0
2008-09-28 01:00:00+00:00,0.0
2008-09-28 02:00:00+00:00,0.0
2008-09-28 03:00:00+00:00,0.0
2008-09-28 04:00:00+00:00,0.0
2008-09-28 05:00:00+00:00,0.0
2008-09-28 06:00:00+00:00,0.0
2008-09-28 07:00:00+00:00,0.0
2008-09-28 08:00:00+00:00,0.0
2008-09-28 09:00:00+00:00,0.0
2008-09-28 10:00:00+00:00,0.0
2008-09-28 11:00:00+00:00,0.0
2008-09-28 12:00:00+00:00,0.08079257599999999
2008-09-28 13:00:00+00:00,0.24082774
2008-09-28 14:00:00+00:00,0.092627585
2008-09-28 15:00:00+00:00,0.14348401
2008-09-28 16:00:00+00:00,0.29560253
2008-09-28 17:00:00+00:00,0.3361646
2008-09-28 18:00:00+00:00,0.32293475
2008-09-28 19:00:00+00:00,0.4490116
2008-09-28 20:00:00+00:00,0.6330431
2008-09-28 21:00:00+00:00,0.6052148
2008-09-28 22:00:00+00:00,0.41208312
2008-09-28 23:00:00+00:00,0.071821034
2008-09-29 00:00:00+00:00,0.0
2008-09-29 01:00:00+00:00,0.0
2008-09-29 02:00:00+00:00,0.0
2008-09-29 03:00:00+00:00,0.0
2008-09-29 04:00:00+00:00,0.0
2008-09-29 05:00:00+00:00,0.0
2008-09-29 06:00:00+00:00,0.0
2008-09-29 07:00:00+00:00,0.0
2008-09-29 08:00:00+00:00,0.0
2008-09-29 09:00:00+00:00,0.0
2008-09-29 10:00:00+00:00,0.0
2008-09-29 11:00:00+00:00,0.0
2008-09-29 12:00:00+00:00,0.07113252
2008-09-29 13:00:00+00:00,0.38728094
2008-09-29 14:00:00+00:00,0.5798846
2008-09-29 15:00:00+00:00,0.6100723000000001
2008-09-29 16:00:00+00:00,0.5911725
2008-09-29 17:00:00+00:00,0.57449085
2008-09-29 18:00:00+00:00,0.56800336
2008-09-29 19:00:00+00:00,0.57891834
2008-09-29 20:00:00+00:00,0.56687915
2008-09-29 21:00:00+00:00,0.47091627
2008-09-29 22:00:00+00:00,0.34617588
2008-09-29 23:00:00+00:00,0.041962158
2008-09-30 00:00:00+00:00,0.0
2008-09-30 01:00:00+00:00,0.0
2008-09-30 02:00:00+00:00,0.0
2008-09-30 03:00:00+00:00,0.0
2008-09-30 04:00:00+00:00,0.0
2008-09-30 05:00:00+00:00,0.0
2008-09-30 06:00:00+00:00,0.0
2008-09-30 07:00:00+00:00,0.0
2008-09-30 08:00:00+00:00,0.0
2008-09-30 09:00:00+00:00,0.0
2008-09-30 10:00:00+00:00,0.0
2008-09-30 11:00:00+00:00,0.0
2008-09-30 12:00:00+00:00,0.05185347
2008-09-30 13:00:00+00:00,0.30974677
2008-09-30 14:00:00+00:00,0.5736657
2008-09-30 15:00:00+00:00,0.47557628
2008-09-30 16:00:00+00:00,0.47138408
2008-09-30 17:00:00+00:00,0.42947134
2008-09-30 18:00:00+00:00,0.43052120000000005
2008-09-30 19:00:00+00:00,0.293508
2008-09-30 20:00:00+00:00,0.3797009
2008-09-30 21:00:00+00:00,0.19038886
2008-09-30 22:00:00+00:00,0.33611030000000003
2008-09-30 23:00:00+00:00,0.04158299
2008-10-01 00:00:00+00:00,0.0
2008-10-01 01:00:00+00:00,0.0
2008-10-01 02:00:00+00:00,0.0
2008-10-01 03:00:00+00:00,0.0
2008-10-01 04:00:00+00:00,0.0
2008-10-01 05:00:00+00:00,0.0
2008-10-01 06:00:00+00:00,0.0
2008-10-01 07:00:00+00:00,0.0
2008-10-01 08:00:00+00:00,0.0
2008-10-01 09:00:00+00:00,0.0
2008-10-01 10:00:00+00:00,0.0
2008-10-01 11:00:00+00:00,0.0
2008-10-01 12:00:00+00:00,0.054673284
2008-10-01 13:00:00+00:00,0.40431634
2008-10-01 14:00:00+00:00,0.6292293999999999
2008-10-01 15:00:00+00:00,0.5962337
2008-10-01 16:00:00+00:00,0.29990375
2008-10-01 17:00:00+00:00,0.20955226
2008-10-01 18:00:00+00:00,0.3101252
2008-10-01 19:00:00+00:00,0.2820511
2008-10-01 20:00:00+00:00,0.4293331
2008-10-01 21:00:00+00:00,0.6169044
2008-10-01 22:00:00+00:00,0.34354755
2008-10-01 23:00:00+00:00,0.03050942
2008-10-02 00:00:00+00:00,0.0
2008-10-02 01:00:00+00:00,0.0
2008-10-02 02:00:00+00:00,0.0
2008-10-02 03:00:00+00:00,0.0
2008-10-02 04:00:00+00:00,0.0
2008-10-02 05:00:00+00:00,0.0
2008-10-02 06:00:00+00:00,0.0
2008-10-02 07:00:00+00:00,0.0
2008-10-02 08:00:00+00:00,0.0
2008-10-02 09:00:00+00:00,0.0
2008-10-02 10:00:00+00:00,0.0
2008-10-02 11:00:00+00:00,0.0
2008-10-02 12:00:00+00:00,0.06630265
2008-10-02 13:00:00+00:00,0.4552218
2008-10-02 14:00:00+00:00,0.6523826
2008-10-02 15:00:00+00:00,0.66739583
2008-10-02 16:00:00+00:00,0.64362144
2008-10-02 17:00:00+00:00,0.6210799
2008-10-02 18:00:00+00:00,0.62017506
2008-10-02 19:00:00+00:00,0.6385921999999999
2008-10-02 20:00:00+00:00,0.6585276999999999
2008-10-02 21:00:00+00:00,0.63711655
2008-10-02 22:00:00+00:00,0.41682988
2008-10-02 23:00:00+00:00,0.016331214
2008-10-03 00:00:00+00:00,0.0
2008-10-03 01:00:00+00:00,0.0
2008-10-03 02:00:00+00:00,0.0
2008-10-03 03:00:00+00:00,0.0
2008-10-03 04:00:00+00:00,0.0
2008-10-03 05:00:00+00:00,0.0
2008-10-03 06:00:00+00:00,0.0
2008-10-03 07:00:00+00:00,0.0
2008-10-03 08:00:00+00:00,0.0
2008-10-03 09:00:00+00:00,0.0
2008-10-03 10:00:00+00:00,0.0
2008-10-03 11:00:00+00:00,0.0
2008-10-03 12:00:00+00:00,0.054112247999999995
2008-10-03 13:00:00+00:00,0.43617570000000006
2008-10-03 14:00:00+00:00,0.6302679
2008-10-03 15:00:00+00:00,0.64785504
2008-10-03 16:00:00+00:00,0.62313664
2008-10-03 17:00:00+00:00,0.60194474
2008-10-03 18:00:00+00:00,0.60090363
2008-10-03 19:00:00+00:00,0.61805594
2008-10-03 20:00:00+00:00,0.640459
2008-10-03 21:00:00+00:00,0.6055567
2008-10-03 22:00:00+00:00,0.38404882
2008-10-03 23:00:00+00:00,0.0
2008-10-04 00:00:00+00:00,0.0
2008-10-04 01:00:00+00:00,0.0
2008-10-04 02:00:00+00:00,0.0
2008-10-04 03:00:00+00:00,0.0
2008-10-04 04:00:00+00:00,0.0
2008-10-04 05:00:00+00:00,0.0
2008-10-04 06:00:00+00:00,0.0
2008-10-04 07:00:00+00:00,0.0
2008-10-04 08:00:00+00:00,0.0
2008-10-04 09:00:00+00:00,0.0
2008-10-04 10:00:00+00:00,0.0
2008-10-04 11:00:00+00:00,0.0
2008-10-04 12:00:00+00:00,0.043265868
2008-10-04 13:00:00+00:00,0.42093122
2008-10-04 14:00:00+00:00,0.6143464
2008-10-04 15:00:00+00:00,0.6340219
2008-10-04 16:00:00+00:00,0.6045811
2008-10-04 17:00:00+00:00,0.58439785
2008-10-04 18:00:00+00:00,0.5817964
2008-10-04 19:00:00+00:00,0.6010551
2008-10-04 20:00:00+00:00,0.62000686
2008-10-04 21:00:00+00:00,0.58474404
2008-10-04 22:00:00+00:00,0.35968006
2008-10-04 23:00:00+00:00,0.0
2008-10-05 00:00:00+00:00,0.0
2008-10-05 01:00:00+00:00,0.0
2008-10-05 02:00:00+00:00,0.0
2008-10-05 03:00:00+00:00,0.0
2008-10-05 04:00:00+00:00,0.0
2008-10-05 05:00:00+00:00,0.0
2008-10-05 06:00:00+00:00,0.0
2008-10-05 07:00:00+00:00,0.0
2008-10-05 08:00:00+00:00,0.0
2008-10-05 09:00:00+00:00,0.0
2008-10-05 10:00:00+00:00,0.0
2008-10-05 11:00:00+00:00,0.0
2008-10-05 12:00:00+00:00,0.029940567999999997
2008-10-05 13:00:00+00:00,0.40211856
2008-10-05 14:00:00+00:00,0.60765517
2008-10-05 15:00:00+00:00,0.61353534
2008-10-05 16:00:00+00:00,0.5787013000000001
2008-10-05 17:00:00+00:00,0.5601496
2008-10-05 18:00:00+00:00,0.5616762
2008-10-05 19:00:00+00:00,0.5830438
2008-10-05 20:00:00+00:00,0.60226953
2008-10-05 21:00:00+00:00,0.5743694
2008-10-05 22:00:00+00:00,0.34974268
2008-10-05 23:00:00+00:00,0.0
2008-10-06 00:00:00+00:00,0.0
2008-10-06 01:00:00+00:00,0.0
2008-10-06 02:00:00+00:00,0.0
2008-10-06 03:00:00+00:00,0.0
2008-10-06 04:00:00+00:00,0.0
2008-10-06 05:00:00+00:00,0.0
2008-10-06 06:00:00+00:00,0.0
2008-10-06 07:00:00+00:00,0.0
2008-10-06 08:00:00+00:00,0.0
2008-10-06 09:00:00+00:00,0.0
2008-10-06 10:00:00+00:00,0.0
2008-10-06 11:00:00+00:00,0.0
2008-10-06 12:00:00+00:00,0.016298913999999998
2008-10-06 13:00:00+00:00,0.34456155
2008-10-06 14:00:00+00:00,0.5469445
2008-10-06 15:00:00+00:00,0.55405754
2008-10-06 16:00:00+00:00,0.5494846
2008-10-06 17:00:00+00:00,0.40057159999999997
2008-10-06 18:00:00+00:00,0.37975162
2008-10-06 19:00:00+00:00,0.40030846
2008-10-06 20:00:00+00:00,0.38957077
2008-10-06 21:00:00+00:00,0.4167102
2008-10-06 22:00:00+00:00,0.20810287
2008-10-06 23:00:00+00:00,0.0
2008-10-07 00:00:00+00:00,0.0
2008-10-07 01:00:00+00:00,0.0
2008-10-07 02:00:00+00:00,0.0
2008-10-07 03:00:00+00:00,0.0
2008-10-07 04:00:00+00:00,0.0
2008-10-07 05:00:00+00:00,0.0
2008-10-07 06:00:00+00:00,0.0
2008-10-07 07:00:00+00:00,0.0
2008-10-07 08:00:00+00:00,0.0
2008-10-07 09:00:00+00:00,0.0
2008-10-07 10:00:00+00:00,0.0
2008-10-07 11:00:00+00:00,0.0
2008-10-07 12:00:00+00:00,0.0
2008-10-07 13:00:00+00:00,0.3097531
2008-10-07 14:00:00+00:00,0.5813085
2008-10-07 15:00:00+00:00,0.5929648
2008-10-07 16:00:00+00:00,0.46379936
2008-10-07 17:00:00+00:00,0.4401276
2008-10-07 18:00:00+00:00,0.33881494
2008-10-07 19:00:00+00:00,0.20849740000000003
2008-10-07 20:00:00+00:00,0.14964294
2008-10-07 21:00:00+00:00,0.069068655
2008-10-07 22:00:00+00:00,0.028147565
2008-10-07 23:00:00+00:00,0.0
2008-10-08 00:00:00+00:00,0.0
2008-10-08 01:00:00+00:00,0.0
2008-10-08 02:00:00+00:00,0.0
2008-10-08 03:00:00+00:00,0.0
2008-10-08 04:00:00+00:00,0.0
2008-10-08 05:00:00+00:00,0.0
2008-10-08 06:00:00+00:00,0.0
2008-10-08 07:00:00+00:00,0.0
2008-10-08 08:00:00+00:00,0.0
2008-10-08 09:00:00+00:00,0.0
2008-10-08 10:00:00+00:00,0.0
2008-10-08 11:00:00+00:00,0.0
2008-10-08 12:00:00+00:00,0.0
2008-10-08 13:00:00+00:00,0.050446182
2008-10-08 14:00:00+00:00,0.032519285
2008-10-08 15:00:00+00:00,0.054190684
2008-10-08 16:00:00+00:00,0.16420515
2008-10-08 17:00:00+00:00,0.20505568
2008-10-08 18:00:00+00:00,0.24314193
2008-10-08 19:00:00+00:00,0.15702124
2008-10-08 20:00:00+00:00,0.12403284
2008-10-08 21:00:00+00:00,0.14254779
2008-10-08 22:00:00+00:00,0.15682925
2008-10-08 23:00:00+00:00,0.0
2008-10-09 00:00:00+00:00,0.0
2008-10-09 01:00:00+00:00,0.0
2008-10-09 02:00:00+00:00,0.0
2008-10-09 03:00:00+00:00,0.0
2008-10-09 04:00:00+00:00,0.0
2008-10-09 05:00:00+00:00,0.0
2008-10-09 06:00:00+00:00,0.0
2008-10-09 07:00:00+00:00,0.0
2008-10-09 08:00:00+00:00,0.0
2008-10-09 09:00:00+00:00,0.0
2008-10-09 10:00:00+00:00,0.0
2008-10-09 11:00:00+00:00,0.0
2008-10-09 12:00:00+00:00,0.0
2008-10-09 13:00:00+00:00,0.40631005
2008-10-09 14:00:00+00:00,0.62532413
2008-10-09 15:00:00+00:00,0.6360792
2008-10-09 16:00:00+00:00,0.6065724
2008-10-09 17:00:00+00:00,0.58094037
2008-10-09 18:00:00+00:00,0.58093184
2008-10-09 19:00:00+00:00,0.6034182
2008-10-09 20:00:00+00:00,0.6247687
2008-10-09 21:00:00+00:00,0.59895176
2008-10-09 22:00:00+00:00,0.34352916
2008-10-09 23:00:00+00:00,0.0
2008-10-10 00:00:00+00:00,0.0
2008-10-10 01:00:00+00:00,0.0
2008-10-10 02:00:00+00:00,0.0
2008-10-10 03:00:00+00:00,0.0
2008-10-10 04:00:00+00:00,0.0
2008-10-10 05:00:00+00:00,0.0
2008-10-10 06:00:00+00:00,0.0
2008-10-10 07:00:00+00:00,0.0
2008-10-10 08:00:00+00:00,0.0
2008-10-10 09:00:00+00:00,0.0
2008-10-10 10:00:00+00:00,0.0
2008-10-10 11:00:00+00:00,0.0
2008-10-10 12:00:00+00:00,0.0
2008-10-10 13:00:00+00:00,0.40246415
2008-10-10 14:00:00+00:00,0.6244545
2008-10-10 15:00:00+00:00,0.6398229
2008-10-10 16:00:00+00:00,0.60480344
2008-10-10 17:00:00+00:00,0.5769198
2008-10-10 18:00:00+00:00,0.57314354
2008-10-10 19:00:00+00:00,0.59114385
2008-10-10 20:00:00+00:00,0.6117272
2008-10-10 21:00:00+00:00,0.5692814
2008-10-10 22:00:00+00:00,0.31176683
2008-10-10 23:00:00+00:00,0.0
2008-10-11 00:00:00+00:00,0.0
2008-10-11 01:00:00+00:00,0.0
2008-10-11 02:00:00+00:00,0.0
2008-10-11 03:00:00+00:00,0.0
2008-10-11 04:00:00+00:00,0.0
2008-10-11 05:00:00+00:00,0.0
2008-10-11 06:00:00+00:00,0.0
2008-10-11 07:00:00+00:00,0.0
2008-10-11 08:00:00+00:00,0.0
2008-10-11 09:00:00+00:00,0.0
2008-10-11 10:00:00+00:00,0.0
2008-10-11 11:00:00+00:00,0.0
2008-10-11 12:00:00+00:00,0.0
2008-10-11 13:00:00+00:00,0.37253198
2008-10-11 14:00:00+00:00,0.5925906
2008-10-11 15:00:00+00:00,0.6108636
2008-10-11 16:00:00+00:00,0.5810405
2008-10-11 17:00:00+00:00,0.55749875
2008-10-11 18:00:00+00:00,0.55892557
2008-10-11 19:00:00+00:00,0.58124936
2008-10-11 20:00:00+00:00,0.60231936
2008-10-11 21:00:00+00:00,0.5755723
2008-10-11 22:00:00+00:00,0.31664774
2008-10-11 23:00:00+00:00,0.0
2008-10-12 00:00:00+00:00,0.0
2008-10-12 01:00:00+00:00,0.0
2008-10-12 02:00:00+00:00,0.0
2008-10-12 03:00:00+00:00,0.0
2008-10-12 04:00:00+00:00,0.0
2008-10-12 05:00:00+00:00,0.0
2008-10-12 06:00:00+00:00,0.0
2008-10-12 07:00:00+00:00,0.0
2008-10-12 08:00:00+00:00,0.0
2008-10-12 09:00:00+00:00,0.0
2008-10-12 10:00:00+00:00,0.0
2008-10-12 11:00:00+00:00,0.0
2008-10-12 12:00:00+00:00,0.0
2008-10-12 13:00:00+00:00,0.39497128
2008-10-12 14:00:00+00:00,0.62417257
2008-10-12 15:00:00+00:00,0.6295258
2008-10-12 16:00:00+00:00,0.5971466999999999
2008-10-12 17:00:00+00:00,0.5696187
2008-10-12 18:00:00+00:00,0.57042116
2008-10-12 19:00:00+00:00,0.59281003
2008-10-12 20:00:00+00:00,0.6154187
2008-10-12 21:00:00+00:00,0.58703107
2008-10-12 22:00:00+00:00,0.31238744
2008-10-12 23:00:00+00:00,0.0
2008-10-13 00:00:00+00:00,0.0
2008-10-13 01:00:00+00:00,0.0
2008-10-13 02:00:00+00:00,0.0
2008-10-13 03:00:00+00:00,0.0
2008-10-13 04:00:00+00:00,0.0
2008-10-13 05:00:00+00:00,0.0
2008-10-13 06:00:00+00:00,0.0
2008-10-13 07:00:00+00:00,0.0
2008-10-13 08:00:00+00:00,0.0
2008-10-13 09:00:00+00:00,0.0
2008-10-13 10:00:00+00:00,0.0
2008-10-13 11:00:00+00:00,0.0
2008-10-13 12:00:00+00:00,0.0
2008-10-13 13:00:00+00:00,0.22731677
2008-10-13 14:00:00+00:00,0.58547086
2008-10-13 15:00:00+00:00,0.4676181
2008-10-13 16:00:00+00:00,0.41885424
2008-10-13 17:00:00+00:00,0.41990456
2008-10-13 18:00:00+00:00,0.41529885
2008-10-13 19:00:00+00:00,0.43052390000000007
2008-10-13 20:00:00+00:00,0.28679368
2008-10-13 21:00:00+00:00,0.22588474
2008-10-13 22:00:00+00:00,0.13280587
2008-10-13 23:00:00+00:00,0.0
2008-10-14 00:00:00+00:00,0.0
2008-10-14 01:00:00+00:00,0.0
2008-10-14 02:00:00+00:00,0.0
2008-10-14 03:00:00+00:00,0.0
2008-10-14 04:00:00+00:00,0.0
2008-10-14 05:00:00+00:00,0.0
2008-10-14 06:00:00+00:00,0.0
2008-10-14 07:00:00+00:00,0.0
2008-10-14 08:00:00+00:00,0.0
2008-10-14 09:00:00+00:00,0.0
2008-10-14 10:00:00+00:00,0.0
2008-10-14 11:00:00+00:00,0.0
2008-10-14 12:00:00+00:00,0.0
2008-10-14 13:00:00+00:00,0.11917543
2008-10-14 14:00:00+00:00,0.030950197999999998
2008-10-14 15:00:00+00:00,0.18121764
2008-10-14 16:00:00+00:00,0.31762853
2008-10-14 17:00:00+00:00,0.29881305
2008-10-14 18:00:00+00:00,0.34967586
2008-10-14 19:00:00+00:00,0.22066548
2008-10-14 20:00:00+00:00,0.18010674
2008-10-14 21:00:00+00:00,0.24086003
2008-10-14 22:00:00+00:00,0.14758208
2008-10-14 23:00:00+00:00,0.0
2008-10-15 00:00:00+00:00,0.0
2008-10-15 01:00:00+00:00,0.0
2008-10-15 02:00:00+00:00,0.0
2008-10-15 03:00:00+00:00,0.0
2008-10-15 04:00:00+00:00,0.0
2008-10-15 05:00:00+00:00,0.0
2008-10-15 06:00:00+00:00,0.0
2008-10-15 07:00:00+00:00,0.0
2008-10-15 08:00:00+00:00,0.0
2008-10-15 09:00:00+00:00,0.0
2008-10-15 10:00:00+00:00,0.0
2008-10-15 11:00:00+00:00,0.0
2008-10-15 12:00:00+00:00,0.0
2008-10-15 13:00:00+00:00,0.31238437
2008-10-15 14:00:00+00:00,0.54459995
2008-10-15 15:00:00+00:00,0.5757396
2008-10-15 16:00:00+00:00,0.553578
2008-10-15 17:00:00+00:00,0.45174348
2008-10-15 18:00:00+00:00,0.34617385
2008-10-15 19:00:00+00:00,0.33655864
2008-10-15 20:00:00+00:00,0.46773687
2008-10-15 21:00:00+00:00,0.47925797
2008-10-15 22:00:00+00:00,0.25666192
2008-10-15 23:00:00+00:00,0.0
2008-10-16 00:00:00+00:00,0.0
2008-10-16 01:00:00+00:00,0.0
2008-10-16 02:00:00+00:00,0.0
2008-10-16 03:00:00+00:00,0.0
2008-10-16 04:00:00+00:00,0.0
2008-10-16 05:00:00+00:00,0.0
2008-10-16 06:00:00+00:00,0.0
2008-10-16 07:00:00+00:00,0.0
2008-10-16 08:00:00+00:00,0.0
2008-10-16 09:00:00+00:00,0.0
2008-10-16 10:00:00+00:00,0.0
2008-10-16 11:00:00+00:00,0.0
2008-10-16 12:00:00+00:00,0.0
2008-10-16 13:00:00+00:00,0.0
2008-10-16 14:00:00+00:00,0.016464088
2008-10-16 15:00:00+00:00,0.027917016
2008-10-16 16:00:00+00:00,0.07881158
2008-10-16 17:00:00+00:00,0.10586788
2008-10-16 18:00:00+00:00,0.08427646
2008-10-16 19:00:00+00:00,0.110499665
2008-10-16 20:00:00+00:00,0.05222517
2008-10-16 21:00:00+00:00,0.031462085
2008-10-16 22:00:00+00:00,0.016443256
2008-10-16 23:00:00+00:00,0.0
2008-10-17 00:00:00+00:00,0.0
2008-10-17 01:00:00+00:00,0.0
2008-10-17 02:00:00+00:00,0.0
2008-10-17 03:00:00+00:00,0.0
2008-10-17 04:00:00+00:00,0.0
2008-10-17 05:00:00+00:00,0.0
2008-10-17 06:00:00+00:00,0.0
2008-10-17 07:00:00+00:00,0.0
2008-10-17 08:00:00+00:00,0.0
2008-10-17 09:00:00+00:00,0.0
2008-10-17 10:00:00+00:00,0.0
2008-10-17 11:00:00+00:00,0.0
2008-10-17 12:00:00+00:00,0.0
2008-10-17 13:00:00+00:00,0.35677877
2008-10-17 14:00:00+00:00,0.6069654999999999
2008-10-17 15:00:00+00:00,0.582333
2008-10-17 16:00:00+00:00,0.5340811
2008-10-17 17:00:00+00:00,0.323775
2008-10-17 18:00:00+00:00,0.25734222
2008-10-17 19:00:00+00:00,0.44379659999999993
2008-10-17 20:00:00+00:00,0.45771125
2008-10-17 21:00:00+00:00,0.37487262
2008-10-17 22:00:00+00:00,0.25869367
2008-10-17 23:00:00+00:00,0.0
2008-10-18 00:00:00+00:00,0.0
2008-10-18 01:00:00+00:00,0.0
2008-10-18 02:00:00+00:00,0.0
2008-10-18 03:00:00+00:00,0.0
2008-10-18 04:00:00+00:00,0.0
2008-10-18 05:00:00+00:00,0.0
2008-10-18 06:00:00+00:00,0.0
2008-10-18 07:00:00+00:00,0.0
2008-10-18 08:00:00+00:00,0.0
2008-10-18 09:00:00+00:00,0.0
2008-10-18 10:00:00+00:00,0.0
2008-10-18 11:00:00+00:00,0.0
2008-10-18 12:00:00+00:00,0.0
2008-10-18 13:00:00+00:00,0.3416906
2008-10-18 14:00:00+00:00,0.60182273
2008-10-18 15:00:00+00:00,0.63017
2008-10-18 16:00:00+00:00,0.599527
2008-10-18 17:00:00+00:00,0.5752039000000001
2008-10-18 18:00:00+00:00,0.5783333
2008-10-18 19:00:00+00:00,0.60460716
2008-10-18 20:00:00+00:00,0.63180584
2008-10-18 21:00:00+00:00,0.5914477
2008-10-18 22:00:00+00:00,0.27588853
2008-10-18 23:00:00+00:00,0.0
2008-10-19 00:00:00+00:00,0.0
2008-10-19 01:00:00+00:00,0.0
2008-10-19 02:00:00+00:00,0.0
2008-10-19 03:00:00+00:00,0.0
2008-10-19 04:00:00+00:00,0.0
2008-10-19 05:00:00+00:00,0.0
2008-10-19 06:00:00+00:00,0.0
2008-10-19 07:00:00+00:00,0.0
2008-10-19 08:00:00+00:00,0.0
2008-10-19 09:00:00+00:00,0.0
2008-10-19 10:00:00+00:00,0.0
2008-10-19 11:00:00+00:00,0.0
2008-10-19 12:00:00+00:00,0.0
2008-10-19 13:00:00+00:00,0.3624325
2008-10-19 14:00:00+00:00,0.6261376000000001
2008-10-19 15:00:00+00:00,0.6365505
2008-10-19 16:00:00+00:00,0.5988685
2008-10-19 17:00:00+00:00,0.56919885
2008-10-19 18:00:00+00:00,0.56948334
2008-10-19 19:00:00+00:00,0.59696025
2008-10-19 20:00:00+00:00,0.6180658
2008-10-19 21:00:00+00:00,0.5764513000000001
2008-10-19 22:00:00+00:00,0.2594089
2008-10-19 23:00:00+00:00,0.0
2008-10-20 00:00:00+00:00,0.0
2008-10-20 01:00:00+00:00,0.0
2008-10-20 02:00:00+00:00,0.0
2008-10-20 03:00:00+00:00,0.0
2008-10-20 04:00:00+00:00,0.0
2008-10-20 05:00:00+00:00,0.0
2008-10-20 06:00:00+00:00,0.0
2008-10-20 07:00:00+00:00,0.0
2008-10-20 08:00:00+00:00,0.0
2008-10-20 09:00:00+00:00,0.0
2008-10-20 10:00:00+00:00,0.0
2008-10-20 11:00:00+00:00,0.0
2008-10-20 12:00:00+00:00,0.0
2008-10-20 13:00:00+00:00,0.339119
2008-10-20 14:00:00+00:00,0.6179585
2008-10-20 15:00:00+00:00,0.62723505
2008-10-20 16:00:00+00:00,0.58652246
2008-10-20 17:00:00+00:00,0.55892974
2008-10-20 18:00:00+00:00,0.5561944999999999
2008-10-20 19:00:00+00:00,0.5816720999999999
2008-10-20 20:00:00+00:00,0.59191763
2008-10-20 21:00:00+00:00,0.54770195
2008-10-20 22:00:00+00:00,0.23350549999999998
2008-10-20 23:00:00+00:00,0.0
2008-10-21 00:00:00+00:00,0.0
2008-10-21 01:00:00+00:00,0.0
2008-10-21 02:00:00+00:00,0.0
2008-10-21 03:00:00+00:00,0.0
2008-10-21 04:00:00+00:00,0.0
2008-10-21 05:00:00+00:00,0.0
2008-10-21 06:00:00+00:00,0.0
2008-10-21 07:00:00+00:00,0.0
2008-10-21 08:00:00+00:00,0.0
2008-10-21 09:00:00+00:00,0.0
2008-10-21 10:00:00+00:00,0.0
2008-10-21 11:00:00+00:00,0.0
2008-10-21 12:00:00+00:00,0.0
2008-10-21 13:00:00+00:00,0.06854637
2008-10-21 14:00:00+00:00,0.6042449000000001
2008-10-21 15:00:00+00:00,0.6401756
2008-10-21 16:00:00+00:00,0.61066264
2008-10-21 17:00:00+00:00,0.58355856
2008-10-21 18:00:00+00:00,0.586765
2008-10-21 19:00:00+00:00,0.61486316
2008-10-21 20:00:00+00:00,0.637138
2008-10-21 21:00:00+00:00,0.5974181
2008-10-21 22:00:00+00:00,0.25304723
2008-10-21 23:00:00+00:00,0.0
2008-10-22 00:00:00+00:00,0.0
2008-10-22 01:00:00+00:00,0.0
2008-10-22 02:00:00+00:00,0.0
2008-10-22 03:00:00+00:00,0.0
2008-10-22 04:00:00+00:00,0.0
2008-10-22 05:00:00+00:00,0.0
2008-10-22 06:00:00+00:00,0.0
2008-10-22 07:00:00+00:00,0.0
2008-10-22 08:00:00+00:00,0.0
2008-10-22 09:00:00+00:00,0.0
2008-10-22 10:00:00+00:00,0.0
2008-10-22 11:00:00+00:00,0.0
2008-10-22 12:00:00+00:00,0.0
2008-10-22 13:00:00+00:00,0.34513015
2008-10-22 14:00:00+00:00,0.6324407
2008-10-22 15:00:00+00:00,0.4880627
2008-10-22 16:00:00+00:00,0.61751884
2008-10-22 17:00:00+00:00,0.5634232
2008-10-22 18:00:00+00:00,0.5869545999999999
2008-10-22 19:00:00+00:00,0.614208
2008-10-22 20:00:00+00:00,0.63996464
2008-10-22 21:00:00+00:00,0.5908772
2008-10-22 22:00:00+00:00,0.24763747
2008-10-22 23:00:00+00:00,0.0
2008-10-23 00:00:00+00:00,0.0
2008-10-23 01:00:00+00:00,0.0
2008-10-23 02:00:00+00:00,0.0
2008-10-23 03:00:00+00:00,0.0
2008-10-23 04:00:00+00:00,0.0
2008-10-23 05:00:00+00:00,0.0
2008-10-23 06:00:00+00:00,0.0
2008-10-23 07:00:00+00:00,0.0
2008-10-23 08:00:00+00:00,0.0
2008-10-23 09:00:00+00:00,0.0
2008-10-23 10:00:00+00:00,0.0
2008-10-23 11:00:00+00:00,0.0
2008-10-23 12:00:00+00:00,0.0
2008-10-23 13:00:00+00:00,0.3039699
2008-10-23 14:00:00+00:00,0.565756
2008-10-23 15:00:00+00:00,0.59133095
2008-10-23 16:00:00+00:00,0.5712988
2008-10-23 17:00:00+00:00,0.5381526
2008-10-23 18:00:00+00:00,0.5386126999999999
2008-10-23 19:00:00+00:00,0.5530233
2008-10-23 20:00:00+00:00,0.35272753
2008-10-23 21:00:00+00:00,0.22509588
2008-10-23 22:00:00+00:00,0.041277986
2008-10-23 23:00:00+00:00,0.0
2008-10-24 00:00:00+00:00,0.0
2008-10-24 01:00:00+00:00,0.0
2008-10-24 02:00:00+00:00,0.0
2008-10-24 03:00:00+00:00,0.0
2008-10-24 04:00:00+00:00,0.0
2008-10-24 05:00:00+00:00,0.0
2008-10-24 06:00:00+00:00,0.0
2008-10-24 07:00:00+00:00,0.0
2008-10-24 08:00:00+00:00,0.0
2008-10-24 09:00:00+00:00,0.0
2008-10-24 10:00:00+00:00,0.0
2008-10-24 11:00:00+00:00,0.0
2008-10-24 12:00:00+00:00,0.0
2008-10-24 13:00:00+00:00,0.009936949
2008-10-24 14:00:00+00:00,0.010775182
2008-10-24 15:00:00+00:00,0.014966017
2008-10-24 16:00:00+00:00,0.030102102000000002
2008-10-24 17:00:00+00:00,0.022580338999999998
2008-10-24 18:00:00+00:00,0.07831479
2008-10-24 19:00:00+00:00,0.03796804
2008-10-24 20:00:00+00:00,0.13388670000000003
2008-10-24 21:00:00+00:00,0.06624059
2008-10-24 22:00:00+00:00,0.067450434
2008-10-24 23:00:00+00:00,0.0
2008-10-25 00:00:00+00:00,0.0
2008-10-25 01:00:00+00:00,0.0
2008-10-25 02:00:00+00:00,0.0
2008-10-25 03:00:00+00:00,0.0
2008-10-25 04:00:00+00:00,0.0
2008-10-25 05:00:00+00:00,0.0
2008-10-25 06:00:00+00:00,0.0
2008-10-25 07:00:00+00:00,0.0
2008-10-25 08:00:00+00:00,0.0
2008-10-25 09:00:00+00:00,0.0
2008-10-25 10:00:00+00:00,0.0
2008-10-25 11:00:00+00:00,0.0
2008-10-25 12:00:00+00:00,0.0
2008-10-25 13:00:00+00:00,0.026514446
2008-10-25 14:00:00+00:00,0.06465608
2008-10-25 15:00:00+00:00,0.43370426
2008-10-25 16:00:00+00:00,0.50197166
2008-10-25 17:00:00+00:00,0.32856035
2008-10-25 18:00:00+00:00,0.29603870000000004
2008-10-25 19:00:00+00:00,0.4374769
2008-10-25 20:00:00+00:00,0.3525712
2008-10-25 21:00:00+00:00,0.55171597
2008-10-25 22:00:00+00:00,0.2039944
2008-10-25 23:00:00+00:00,0.0
2008-10-26 00:00:00+00:00,0.0
2008-10-26 01:00:00+00:00,0.0
2008-10-26 02:00:00+00:00,0.0
2008-10-26 03:00:00+00:00,0.0
2008-10-26 04:00:00+00:00,0.0
2008-10-26 05:00:00+00:00,0.0
2008-10-26 06:00:00+00:00,0.0
2008-10-26 07:00:00+00:00,0.0
2008-10-26 08:00:00+00:00,0.0
2008-10-26 09:00:00+00:00,0.0
2008-10-26 10:00:00+00:00,0.0
2008-10-26 11:00:00+00:00,0.0
2008-10-26 12:00:00+00:00,0.0
2008-10-26 13:00:00+00:00,0.27896956
2008-10-26 14:00:00+00:00,0.5628188000000001
2008-10-26 15:00:00+00:00,0.597036
2008-10-26 16:00:00+00:00,0.5618426999999999
2008-10-26 17:00:00+00:00,0.5332063
2008-10-26 18:00:00+00:00,0.5329961
2008-10-26 19:00:00+00:00,0.562317
2008-10-26 20:00:00+00:00,0.57645756
2008-10-26 21:00:00+00:00,0.5112893000000001
2008-10-26 22:00:00+00:00,0.17333277
2008-10-26 23:00:00+00:00,0.0
2008-10-27 00:00:00+00:00,0.0
2008-10-27 01:00:00+00:00,0.0
2008-10-27 02:00:00+00:00,0.0
2008-10-27 03:00:00+00:00,0.0
2008-10-27 04:00:00+00:00,0.0
2008-10-27 05:00:00+00:00,0.0
2008-10-27 06:00:00+00:00,0.0
2008-10-27 07:00:00+00:00,0.0
2008-10-27 08:00:00+00:00,0.0
2008-10-27 09:00:00+00:00,0.0
2008-10-27 10:00:00+00:00,0.0
2008-10-27 11:00:00+00:00,0.0
2008-10-27 12:00:00+00:00,0.0
2008-10-27 13:00:00+00:00,0.04278635
2008-10-27 14:00:00+00:00,0.16732109
2008-10-27 15:00:00+00:00,0.25427428
2008-10-27 16:00:00+00:00,0.23310591
2008-10-27 17:00:00+00:00,0.20176195
2008-10-27 18:00:00+00:00,0.10378587
2008-10-27 19:00:00+00:00,0.07638382
2008-10-27 20:00:00+00:00,0.029982446
2008-10-27 21:00:00+00:00,0.025416616
2008-10-27 22:00:00+00:00,0.008664939
2008-10-27 23:00:00+00:00,0.0
2008-10-28 00:00:00+00:00,0.0
2008-10-28 01:00:00+00:00,0.0
2008-10-28 02:00:00+00:00,0.0
2008-10-28 03:00:00+00:00,0.0
2008-10-28 04:00:00+00:00,0.0
2008-10-28 05:00:00+00:00,0.0
2008-10-28 06:00:00+00:00,0.0
2008-10-28 07:00:00+00:00,0.0
2008-10-28 08:00:00+00:00,0.0
2008-10-28 09:00:00+00:00,0.0
2008-10-28 10:00:00+00:00,0.0
2008-10-28 11:00:00+00:00,0.0
2008-10-28 12:00:00+00:00,0.0
2008-10-28 13:00:00+00:00,0.28246385
2008-10-28 14:00:00+00:00,0.5926163000000001
2008-10-28 15:00:00+00:00,0.62654316
2008-10-28 16:00:00+00:00,0.5907539
2008-10-28 17:00:00+00:00,0.53802836
2008-10-28 18:00:00+00:00,0.31078407
2008-10-28 19:00:00+00:00,0.33595762
2008-10-28 20:00:00+00:00,0.28339073
2008-10-28 21:00:00+00:00,0.51645476
2008-10-28 22:00:00+00:00,0.18508211
2008-10-28 23:00:00+00:00,0.0
2008-10-29 00:00:00+00:00,0.0
2008-10-29 01:00:00+00:00,0.0
2008-10-29 02:00:00+00:00,0.0
2008-10-29 03:00:00+00:00,0.0
2008-10-29 04:00:00+00:00,0.0
2008-10-29 05:00:00+00:00,0.0
2008-10-29 06:00:00+00:00,0.0
2008-10-29 07:00:00+00:00,0.0
2008-10-29 08:00:00+00:00,0.0
2008-10-29 09:00:00+00:00,0.0
2008-10-29 10:00:00+00:00,0.0
2008-10-29 11:00:00+00:00,0.0
2008-10-29 12:00:00+00:00,0.0
2008-10-29 13:00:00+00:00,0.14390546
2008-10-29 14:00:00+00:00,0.5910411
2008-10-29 15:00:00+00:00,0.6167132
2008-10-29 16:00:00+00:00,0.5813727
2008-10-29 17:00:00+00:00,0.5482526999999999
2008-10-29 18:00:00+00:00,0.5494060000000001
2008-10-29 19:00:00+00:00,0.5799719
2008-10-29 20:00:00+00:00,0.60246253
2008-10-29 21:00:00+00:00,0.52700746
2008-10-29 22:00:00+00:00,0.17840336
2008-10-29 23:00:00+00:00,0.0
2008-10-30 00:00:00+00:00,0.0
2008-10-30 01:00:00+00:00,0.0
2008-10-30 02:00:00+00:00,0.0
2008-10-30 03:00:00+00:00,0.0
2008-10-30 04:00:00+00:00,0.0
2008-10-30 05:00:00+00:00,0.0
2008-10-30 06:00:00+00:00,0.0
2008-10-30 07:00:00+00:00,0.0
2008-10-30 08:00:00+00:00,0.0
2008-10-30 09:00:00+00:00,0.0
2008-10-30 10:00:00+00:00,0.0
2008-10-30 11:00:00+00:00,0.0
2008-10-30 12:00:00+00:00,0.0
2008-10-30 13:00:00+00:00,0.2762435
2008-10-30 14:00:00+00:00,0.5772064
2008-10-30 15:00:00+00:00,0.5980728
2008-10-30 16:00:00+00:00,0.5552372
2008-10-30 17:00:00+00:00,0.5214517
2008-10-30 18:00:00+00:00,0.52397114
2008-10-30 19:00:00+00:00,0.5528549
2008-10-30 20:00:00+00:00,0.5779063
2008-10-30 21:00:00+00:00,0.5132411
2008-10-30 22:00:00+00:00,0.1806916
2008-10-30 23:00:00+00:00,0.0
2008-10-31 00:00:00+00:00,0.0
2008-10-31 01:00:00+00:00,0.0
2008-10-31 02:00:00+00:00,0.0
2008-10-31 03:00:00+00:00,0.0
2008-10-31 04:00:00+00:00,0.0
2008-10-31 05:00:00+00:00,0.0
2008-10-31 06:00:00+00:00,0.0
2008-10-31 07:00:00+00:00,0.0
2008-10-31 08:00:00+00:00,0.0
2008-10-31 09:00:00+00:00,0.0
2008-10-31 10:00:00+00:00,0.0
2008-10-31 11:00:00+00:00,0.0
2008-10-31 12:00:00+00:00,0.0
2008-10-31 13:00:00+00:00,0.2647339
2008-10-31 14:00:00+00:00,0.57330537
2008-10-31 15:00:00+00:00,0.5932926
2008-10-31 16:00:00+00:00,0.55225325
2008-10-31 17:00:00+00:00,0.5186128
2008-10-31 18:00:00+00:00,0.5185761999999999
2008-10-31 19:00:00+00:00,0.5522832
2008-10-31 20:00:00+00:00,0.5704994000000001
2008-10-31 21:00:00+00:00,0.49158329999999995
2008-10-31 22:00:00+00:00,0.1627285
2008-10-31 23:00:00+00:00,0.0
2008-11-01 00:00:00+00:00,0.0
2008-11-01 01:00:00+00:00,0.0
2008-11-01 02:00:00+00:00,0.0
2008-11-01 03:00:00+00:00,0.0
2008-11-01 04:00:00+00:00,0.0
2008-11-01 05:00:00+00:00,0.0
2008-11-01 06:00:00+00:00,0.0
2008-11-01 07:00:00+00:00,0.0
2008-11-01 08:00:00+00:00,0.0
2008-11-01 09:00:00+00:00,0.0
2008-11-01 10:00:00+00:00,0.0
2008-11-01 11:00:00+00:00,0.0
2008-11-01 12:00:00+00:00,0.0
2008-11-01 13:00:00+00:00,0.22758245
2008-11-01 14:00:00+00:00,0.52113646
2008-11-01 15:00:00+00:00,0.549381
2008-11-01 16:00:00+00:00,0.51510376
2008-11-01 17:00:00+00:00,0.48541495
2008-11-01 18:00:00+00:00,0.48792115
2008-11-01 19:00:00+00:00,0.5131222
2008-11-01 20:00:00+00:00,0.51632303
2008-11-01 21:00:00+00:00,0.41250065
2008-11-01 22:00:00+00:00,0.12166294
2008-11-01 23:00:00+00:00,0.0
2008-11-02 00:00:00+00:00,0.0
2008-11-02 01:00:00+00:00,0.0
2008-11-02 02:00:00+00:00,0.0
2008-11-02 03:00:00+00:00,0.0
2008-11-02 04:00:00+00:00,0.0
2008-11-02 05:00:00+00:00,0.0
2008-11-02 06:00:00+00:00,0.0
2008-11-02 07:00:00+00:00,0.0
2008-11-02 08:00:00+00:00,0.0
2008-11-02 09:00:00+00:00,0.0
2008-11-02 10:00:00+00:00,0.0
2008-11-02 11:00:00+00:00,0.0
2008-11-02 12:00:00+00:00,0.0
2008-11-02 13:00:00+00:00,0.18399282
2008-11-02 14:00:00+00:00,0.45730603
2008-11-02 15:00:00+00:00,0.5284978
2008-11-02 16:00:00+00:00,0.50266284
2008-11-02 17:00:00+00:00,0.47557408
2008-11-02 18:00:00+00:00,0.47563240000000007
2008-11-02 19:00:00+00:00,0.5020703
2008-11-02 20:00:00+00:00,0.5104269
2008-11-02 21:00:00+00:00,0.42169246
2008-11-02 22:00:00+00:00,0.12613322
2008-11-02 23:00:00+00:00,0.0
2008-11-03 00:00:00+00:00,0.0
2008-11-03 01:00:00+00:00,0.0
2008-11-03 02:00:00+00:00,0.0
2008-11-03 03:00:00+00:00,0.0
2008-11-03 04:00:00+00:00,0.0
2008-11-03 05:00:00+00:00,0.0
2008-11-03 06:00:00+00:00,0.0
2008-11-03 07:00:00+00:00,0.0
2008-11-03 08:00:00+00:00,0.0
2008-11-03 09:00:00+00:00,0.0
2008-11-03 10:00:00+00:00,0.0
2008-11-03 11:00:00+00:00,0.0
2008-11-03 12:00:00+00:00,0.0
2008-11-03 13:00:00+00:00,0.22732522
2008-11-03 14:00:00+00:00,0.53165644
2008-11-03 15:00:00+00:00,0.55772525
2008-11-03 16:00:00+00:00,0.52350193
2008-11-03 17:00:00+00:00,0.4889832
2008-11-03 18:00:00+00:00,0.49006373
2008-11-03 19:00:00+00:00,0.51856494
2008-11-03 20:00:00+00:00,0.5299383000000001
2008-11-03 21:00:00+00:00,0.43973327
2008-11-03 22:00:00+00:00,0.13122591
2008-11-03 23:00:00+00:00,0.0
2008-11-04 00:00:00+00:00,0.0
2008-11-04 01:00:00+00:00,0.0
2008-11-04 02:00:00+00:00,0.0
2008-11-04 03:00:00+00:00,0.0
2008-11-04 04:00:00+00:00,0.0
2008-11-04 05:00:00+00:00,0.0
2008-11-04 06:00:00+00:00,0.0
2008-11-04 07:00:00+00:00,0.0
2008-11-04 08:00:00+00:00,0.0
2008-11-04 09:00:00+00:00,0.0
2008-11-04 10:00:00+00:00,0.0
2008-11-04 11:00:00+00:00,0.0
2008-11-04 12:00:00+00:00,0.0
2008-11-04 13:00:00+00:00,0.21894881
2008-11-04 14:00:00+00:00,0.52538186
2008-11-04 15:00:00+00:00,0.5464916
2008-11-04 16:00:00+00:00,0.5043532999999999
2008-11-04 17:00:00+00:00,0.47524688
2008-11-04 18:00:00+00:00,0.48158965
2008-11-04 19:00:00+00:00,0.5163024
2008-11-04 20:00:00+00:00,0.5347805999999999
2008-11-04 21:00:00+00:00,0.44963938
2008-11-04 22:00:00+00:00,0.13442637
2008-11-04 23:00:00+00:00,0.0
2008-11-05 00:00:00+00:00,0.0
2008-11-05 01:00:00+00:00,0.0
2008-11-05 02:00:00+00:00,0.0
2008-11-05 03:00:00+00:00,0.0
2008-11-05 04:00:00+00:00,0.0
2008-11-05 05:00:00+00:00,0.0
2008-11-05 06:00:00+00:00,0.0
2008-11-05 07:00:00+00:00,0.0
2008-11-05 08:00:00+00:00,0.0
2008-11-05 09:00:00+00:00,0.0
2008-11-05 10:00:00+00:00,0.0
2008-11-05 11:00:00+00:00,0.0
2008-11-05 12:00:00+00:00,0.0
2008-11-05 13:00:00+00:00,0.21886496
2008-11-05 14:00:00+00:00,0.5266465
2008-11-05 15:00:00+00:00,0.55360955
2008-11-05 16:00:00+00:00,0.5143152
2008-11-05 17:00:00+00:00,0.48187852
2008-11-05 18:00:00+00:00,0.48378345
2008-11-05 19:00:00+00:00,0.51999754
2008-11-05 20:00:00+00:00,0.5406677
2008-11-05 21:00:00+00:00,0.44608563
2008-11-05 22:00:00+00:00,0.13147799999999998
2008-11-05 23:00:00+00:00,0.0
2008-11-06 00:00:00+00:00,0.0
2008-11-06 01:00:00+00:00,0.0
2008-11-06 02:00:00+00:00,0.0
2008-11-06 03:00:00+00:00,0.0
2008-11-06 04:00:00+00:00,0.0
2008-11-06 05:00:00+00:00,0.0
2008-11-06 06:00:00+00:00,0.0
2008-11-06 07:00:00+00:00,0.0
2008-11-06 08:00:00+00:00,0.0
2008-11-06 09:00:00+00:00,0.0
2008-11-06 10:00:00+00:00,0.0
2008-11-06 11:00:00+00:00,0.0
2008-11-06 12:00:00+00:00,0.0
2008-11-06 13:00:00+00:00,0.22061092
2008-11-06 14:00:00+00:00,0.5376168
2008-11-06 15:00:00+00:00,0.561886
2008-11-06 16:00:00+00:00,0.5231502
2008-11-06 17:00:00+00:00,0.48997375
2008-11-06 18:00:00+00:00,0.49344683
2008-11-06 19:00:00+00:00,0.5278816
2008-11-06 20:00:00+00:00,0.54840857
2008-11-06 21:00:00+00:00,0.44262058
2008-11-06 22:00:00+00:00,0.11905904
2008-11-06 23:00:00+00:00,0.0
2008-11-07 00:00:00+00:00,0.0
2008-11-07 01:00:00+00:00,0.0
2008-11-07 02:00:00+00:00,0.0
2008-11-07 03:00:00+00:00,0.0
2008-11-07 04:00:00+00:00,0.0
2008-11-07 05:00:00+00:00,0.0
2008-11-07 06:00:00+00:00,0.0
2008-11-07 07:00:00+00:00,0.0
2008-11-07 08:00:00+00:00,0.0
2008-11-07 09:00:00+00:00,0.0
2008-11-07 10:00:00+00:00,0.0
2008-11-07 11:00:00+00:00,0.0
2008-11-07 12:00:00+00:00,0.0
2008-11-07 13:00:00+00:00,4.0175757e-05
2008-11-07 14:00:00+00:00,0.023543296000000002
2008-11-07 15:00:00+00:00,0.0034192933
2008-11-07 16:00:00+00:00,0.030917052
2008-11-07 17:00:00+00:00,0.06479592599999999
2008-11-07 18:00:00+00:00,0.058448408
2008-11-07 19:00:00+00:00,0.027310552000000002
2008-11-07 20:00:00+00:00,0.032080796
2008-11-07 21:00:00+00:00,0.37782216
2008-11-07 22:00:00+00:00,0.11980739
2008-11-07 23:00:00+00:00,0.0
2008-11-08 00:00:00+00:00,0.0
2008-11-08 01:00:00+00:00,0.0
2008-11-08 02:00:00+00:00,0.0
2008-11-08 03:00:00+00:00,0.0
2008-11-08 04:00:00+00:00,0.0
2008-11-08 05:00:00+00:00,0.0
2008-11-08 06:00:00+00:00,0.0
2008-11-08 07:00:00+00:00,0.0
2008-11-08 08:00:00+00:00,0.0
2008-11-08 09:00:00+00:00,0.0
2008-11-08 10:00:00+00:00,0.0
2008-11-08 11:00:00+00:00,0.0
2008-11-08 12:00:00+00:00,0.0
2008-11-08 13:00:00+00:00,0.010297671999999999
2008-11-08 14:00:00+00:00,0.54233545
2008-11-08 15:00:00+00:00,0.58043575
2008-11-08 16:00:00+00:00,0.54196817
2008-11-08 17:00:00+00:00,0.5064282999999999
2008-11-08 18:00:00+00:00,0.48314529999999994
2008-11-08 19:00:00+00:00,0.5409543000000001
2008-11-08 20:00:00+00:00,0.34792393
2008-11-08 21:00:00+00:00,0.21877319
2008-11-08 22:00:00+00:00,0.048028994000000005
2008-11-08 23:00:00+00:00,0.0
2008-11-09 00:00:00+00:00,0.0
2008-11-09 01:00:00+00:00,0.0
2008-11-09 02:00:00+00:00,0.0
2008-11-09 03:00:00+00:00,0.0
2008-11-09 04:00:00+00:00,0.0
2008-11-09 05:00:00+00:00,0.0
2008-11-09 06:00:00+00:00,0.0
2008-11-09 07:00:00+00:00,0.0
2008-11-09 08:00:00+00:00,0.0
2008-11-09 09:00:00+00:00,0.0
2008-11-09 10:00:00+00:00,0.0
2008-11-09 11:00:00+00:00,0.0
2008-11-09 12:00:00+00:00,0.0
2008-11-09 13:00:00+00:00,0.13761383
2008-11-09 14:00:00+00:00,0.025170555
2008-11-09 15:00:00+00:00,0.093300715
2008-11-09 16:00:00+00:00,0.15073898
2008-11-09 17:00:00+00:00,0.14902157
2008-11-09 18:00:00+00:00,0.050204795
2008-11-09 19:00:00+00:00,0.044455968
2008-11-09 20:00:00+00:00,0.019757466
2008-11-09 21:00:00+00:00,0.008500813000000001
2008-11-09 22:00:00+00:00,0.0
2008-11-09 23:00:00+00:00,0.0
2008-11-10 00:00:00+00:00,0.0
2008-11-10 01:00:00+00:00,0.0
2008-11-10 02:00:00+00:00,0.0
2008-11-10 03:00:00+00:00,0.0
2008-11-10 04:00:00+00:00,0.0
2008-11-10 05:00:00+00:00,0.0
2008-11-10 06:00:00+00:00,0.0
2008-11-10 07:00:00+00:00,0.0
2008-11-10 08:00:00+00:00,0.0
2008-11-10 09:00:00+00:00,0.0
2008-11-10 10:00:00+00:00,0.0
2008-11-10 11:00:00+00:00,0.0
2008-11-10 12:00:00+00:00,0.0
2008-11-10 13:00:00+00:00,0.19420883
2008-11-10 14:00:00+00:00,0.5545183000000001
2008-11-10 15:00:00+00:00,0.5922841999999999
2008-11-10 16:00:00+00:00,0.54966414
2008-11-10 17:00:00+00:00,0.5114148000000001
2008-11-10 18:00:00+00:00,0.5138275
2008-11-10 19:00:00+00:00,0.42146754
2008-11-10 20:00:00+00:00,0.57003915
2008-11-10 21:00:00+00:00,0.42418715
2008-11-10 22:00:00+00:00,0.110239804
2008-11-10 23:00:00+00:00,0.0
2008-11-11 00:00:00+00:00,0.0
2008-11-11 01:00:00+00:00,0.0
2008-11-11 02:00:00+00:00,0.0
2008-11-11 03:00:00+00:00,0.0
2008-11-11 04:00:00+00:00,0.0
2008-11-11 05:00:00+00:00,0.0
2008-11-11 06:00:00+00:00,0.0
2008-11-11 07:00:00+00:00,0.0
2008-11-11 08:00:00+00:00,0.0
2008-11-11 09:00:00+00:00,0.0
2008-11-11 10:00:00+00:00,0.0
2008-11-11 11:00:00+00:00,0.0
2008-11-11 12:00:00+00:00,0.0
2008-11-11 13:00:00+00:00,0.00050435413
2008-11-11 14:00:00+00:00,0.024754616
2008-11-11 15:00:00+00:00,0.012698131000000001
2008-11-11 16:00:00+00:00,0.04429145
2008-11-11 17:00:00+00:00,0.20159675
2008-11-11 18:00:00+00:00,0.21685892
2008-11-11 19:00:00+00:00,0.08080869
2008-11-11 20:00:00+00:00,0.08079008
2008-11-11 21:00:00+00:00,0.06991502
2008-11-11 22:00:00+00:00,0.006367846999999999
2008-11-11 23:00:00+00:00,0.0
2008-11-12 00:00:00+00:00,0.0
2008-11-12 01:00:00+00:00,0.0
2008-11-12 02:00:00+00:00,0.0
2008-11-12 03:00:00+00:00,0.0
2008-11-12 04:00:00+00:00,0.0
2008-11-12 05:00:00+00:00,0.0
2008-11-12 06:00:00+00:00,0.0
2008-11-12 07:00:00+00:00,0.0
2008-11-12 08:00:00+00:00,0.0
2008-11-12 09:00:00+00:00,0.0
2008-11-12 10:00:00+00:00,0.0
2008-11-12 11:00:00+00:00,0.0
2008-11-12 12:00:00+00:00,0.0
2008-11-12 13:00:00+00:00,0.0
2008-11-12 14:00:00+00:00,0.011516144499999999
2008-11-12 15:00:00+00:00,0.06916616
2008-11-12 16:00:00+00:00,0.13723874
2008-11-12 17:00:00+00:00,0.084796704
2008-11-12 18:00:00+00:00,0.14278628
2008-11-12 19:00:00+00:00,0.05482078
2008-11-12 20:00:00+00:00,0.061862677000000005
2008-11-12 21:00:00+00:00,0.023537042
2008-11-12 22:00:00+00:00,0.001131173
2008-11-12 23:00:00+00:00,0.0
2008-11-13 00:00:00+00:00,0.0
2008-11-13 01:00:00+00:00,0.0
2008-11-13 02:00:00+00:00,0.0
2008-11-13 03:00:00+00:00,0.0
2008-11-13 04:00:00+00:00,0.0
2008-11-13 05:00:00+00:00,0.0
2008-11-13 06:00:00+00:00,0.0
2008-11-13 07:00:00+00:00,0.0
2008-11-13 08:00:00+00:00,0.0
2008-11-13 09:00:00+00:00,0.0
2008-11-13 10:00:00+00:00,0.0
2008-11-13 11:00:00+00:00,0.0
2008-11-13 12:00:00+00:00,0.0
2008-11-13 13:00:00+00:00,0.07357141
2008-11-13 14:00:00+00:00,0.13554253
2008-11-13 15:00:00+00:00,0.0343529
2008-11-13 16:00:00+00:00,0.044528555
2008-11-13 17:00:00+00:00,0.12761112
2008-11-13 18:00:00+00:00,0.11061093
2008-11-13 19:00:00+00:00,0.3145743
2008-11-13 20:00:00+00:00,0.40767854
2008-11-13 21:00:00+00:00,0.32287140000000003
2008-11-13 22:00:00+00:00,0.064980365
2008-11-13 23:00:00+00:00,0.0
2008-11-14 00:00:00+00:00,0.0
2008-11-14 01:00:00+00:00,0.0
2008-11-14 02:00:00+00:00,0.0
2008-11-14 03:00:00+00:00,0.0
2008-11-14 04:00:00+00:00,0.0
2008-11-14 05:00:00+00:00,0.0
2008-11-14 06:00:00+00:00,0.0
2008-11-14 07:00:00+00:00,0.0
2008-11-14 08:00:00+00:00,0.0
2008-11-14 09:00:00+00:00,0.0
2008-11-14 10:00:00+00:00,0.0
2008-11-14 11:00:00+00:00,0.0
2008-11-14 12:00:00+00:00,0.0
2008-11-14 13:00:00+00:00,0.14769767
2008-11-14 14:00:00+00:00,0.39889228
2008-11-14 15:00:00+00:00,0.31574664
2008-11-14 16:00:00+00:00,0.078315444
2008-11-14 17:00:00+00:00,0.07876502
2008-11-14 18:00:00+00:00,0.07615405
2008-11-14 19:00:00+00:00,0.115427986
2008-11-14 20:00:00+00:00,0.0053093457
2008-11-14 21:00:00+00:00,0.019237004
2008-11-14 22:00:00+00:00,0.0007861025
2008-11-14 23:00:00+00:00,0.0
2008-11-15 00:00:00+00:00,0.0
2008-11-15 01:00:00+00:00,0.0
2008-11-15 02:00:00+00:00,0.0
2008-11-15 03:00:00+00:00,0.0
2008-11-15 04:00:00+00:00,0.0
2008-11-15 05:00:00+00:00,0.0
2008-11-15 06:00:00+00:00,0.0
2008-11-15 07:00:00+00:00,0.0
2008-11-15 08:00:00+00:00,0.0
2008-11-15 09:00:00+00:00,0.0
2008-11-15 10:00:00+00:00,0.0
2008-11-15 11:00:00+00:00,0.0
2008-11-15 12:00:00+00:00,0.0
2008-11-15 13:00:00+00:00,0.011722896000000002
2008-11-15 14:00:00+00:00,0.011854934499999999
2008-11-15 15:00:00+00:00,0.052961875
2008-11-15 16:00:00+00:00,0.03884465
2008-11-15 17:00:00+00:00,0.08890052
2008-11-15 18:00:00+00:00,0.11122828
2008-11-15 19:00:00+00:00,0.10097349
2008-11-15 20:00:00+00:00,0.13974996
2008-11-15 21:00:00+00:00,0.066165805
2008-11-15 22:00:00+00:00,0.0034135783
2008-11-15 23:00:00+00:00,0.0
2008-11-16 00:00:00+00:00,0.0
2008-11-16 01:00:00+00:00,0.0
2008-11-16 02:00:00+00:00,0.0
2008-11-16 03:00:00+00:00,0.0
2008-11-16 04:00:00+00:00,0.0
2008-11-16 05:00:00+00:00,0.0
2008-11-16 06:00:00+00:00,0.0
2008-11-16 07:00:00+00:00,0.0
2008-11-16 08:00:00+00:00,0.0
2008-11-16 09:00:00+00:00,0.0
2008-11-16 10:00:00+00:00,0.0
2008-11-16 11:00:00+00:00,0.0
2008-11-16 12:00:00+00:00,0.0
2008-11-16 13:00:00+00:00,0.0
2008-11-16 14:00:00+00:00,0.004878112
2008-11-16 15:00:00+00:00,0.048410155
2008-11-16 16:00:00+00:00,0.055905867000000005
2008-11-16 17:00:00+00:00,0.110066175
2008-11-16 18:00:00+00:00,0.17899805
2008-11-16 19:00:00+00:00,0.20975655
2008-11-16 20:00:00+00:00,0.14724937
2008-11-16 21:00:00+00:00,0.05691013
2008-11-16 22:00:00+00:00,0.007856869
2008-11-16 23:00:00+00:00,0.0
2008-11-17 00:00:00+00:00,0.0
2008-11-17 01:00:00+00:00,0.0
2008-11-17 02:00:00+00:00,0.0
2008-11-17 03:00:00+00:00,0.0
2008-11-17 04:00:00+00:00,0.0
2008-11-17 05:00:00+00:00,0.0
2008-11-17 06:00:00+00:00,0.0
2008-11-17 07:00:00+00:00,0.0
2008-11-17 08:00:00+00:00,0.0
2008-11-17 09:00:00+00:00,0.0
2008-11-17 10:00:00+00:00,0.0
2008-11-17 11:00:00+00:00,0.0
2008-11-17 12:00:00+00:00,0.0
2008-11-17 13:00:00+00:00,0.01151921
2008-11-17 14:00:00+00:00,0.29142353
2008-11-17 15:00:00+00:00,0.020716993
2008-11-17 16:00:00+00:00,0.12087708
2008-11-17 17:00:00+00:00,0.09812083
2008-11-17 18:00:00+00:00,0.093956955
2008-11-17 19:00:00+00:00,0.1108753
2008-11-17 20:00:00+00:00,0.05090943
2008-11-17 21:00:00+00:00,0.050421562
2008-11-17 22:00:00+00:00,0.0013994953
2008-11-17 23:00:00+00:00,0.0
2008-11-18 00:00:00+00:00,0.0
2008-11-18 01:00:00+00:00,0.0
2008-11-18 02:00:00+00:00,0.0
2008-11-18 03:00:00+00:00,0.0
2008-11-18 04:00:00+00:00,0.0
2008-11-18 05:00:00+00:00,0.0
2008-11-18 06:00:00+00:00,0.0
2008-11-18 07:00:00+00:00,0.0
2008-11-18 08:00:00+00:00,0.0
2008-11-18 09:00:00+00:00,0.0
2008-11-18 10:00:00+00:00,0.0
2008-11-18 11:00:00+00:00,0.0
2008-11-18 12:00:00+00:00,0.0
2008-11-18 13:00:00+00:00,0.1398251
2008-11-18 14:00:00+00:00,0.49400064
2008-11-18 15:00:00+00:00,0.5829629
2008-11-18 16:00:00+00:00,0.5431829
2008-11-18 17:00:00+00:00,0.45305613
2008-11-18 18:00:00+00:00,0.35356212
2008-11-18 19:00:00+00:00,0.3868995
2008-11-18 20:00:00+00:00,0.27442166
2008-11-18 21:00:00+00:00,0.14358264
2008-11-18 22:00:00+00:00,0.05168314
2008-11-18 23:00:00+00:00,0.0
2008-11-19 00:00:00+00:00,0.0
2008-11-19 01:00:00+00:00,0.0
2008-11-19 02:00:00+00:00,0.0
2008-11-19 03:00:00+00:00,0.0
2008-11-19 04:00:00+00:00,0.0
2008-11-19 05:00:00+00:00,0.0
2008-11-19 06:00:00+00:00,0.0
2008-11-19 07:00:00+00:00,0.0
2008-11-19 08:00:00+00:00,0.0
2008-11-19 09:00:00+00:00,0.0
2008-11-19 10:00:00+00:00,0.0
2008-11-19 11:00:00+00:00,0.0
2008-11-19 12:00:00+00:00,0.0
2008-11-19 13:00:00+00:00,0.053855803
2008-11-19 14:00:00+00:00,0.1657221
2008-11-19 15:00:00+00:00,0.24805266
2008-11-19 16:00:00+00:00,0.25244647
2008-11-19 17:00:00+00:00,0.30248427
2008-11-19 18:00:00+00:00,0.3951343
2008-11-19 19:00:00+00:00,0.52179414
2008-11-19 20:00:00+00:00,0.5453243
2008-11-19 21:00:00+00:00,0.40244782
2008-11-19 22:00:00+00:00,0.042075768
2008-11-19 23:00:00+00:00,0.0
2008-11-20 00:00:00+00:00,0.0
2008-11-20 01:00:00+00:00,0.0
2008-11-20 02:00:00+00:00,0.0
2008-11-20 03:00:00+00:00,0.0
2008-11-20 04:00:00+00:00,0.0
2008-11-20 05:00:00+00:00,0.0
2008-11-20 06:00:00+00:00,0.0
2008-11-20 07:00:00+00:00,0.0
2008-11-20 08:00:00+00:00,0.0
2008-11-20 09:00:00+00:00,0.0
2008-11-20 10:00:00+00:00,0.0
2008-11-20 11:00:00+00:00,0.0
2008-11-20 12:00:00+00:00,0.0
2008-11-20 13:00:00+00:00,0.11040275
2008-11-20 14:00:00+00:00,0.42105818
2008-11-20 15:00:00+00:00,0.513034
2008-11-20 16:00:00+00:00,0.14465843
2008-11-20 17:00:00+00:00,0.15739402
2008-11-20 18:00:00+00:00,0.13244124
2008-11-20 19:00:00+00:00,0.039518904
2008-11-20 20:00:00+00:00,0.035627916
2008-11-20 21:00:00+00:00,0.013288255
2008-11-20 22:00:00+00:00,0.0
2008-11-20 23:00:00+00:00,0.0
2008-11-21 00:00:00+00:00,0.0
2008-11-21 01:00:00+00:00,0.0
2008-11-21 02:00:00+00:00,0.0
2008-11-21 03:00:00+00:00,0.0
2008-11-21 04:00:00+00:00,0.0
2008-11-21 05:00:00+00:00,0.0
2008-11-21 06:00:00+00:00,0.0
2008-11-21 07:00:00+00:00,0.0
2008-11-21 08:00:00+00:00,0.0
2008-11-21 09:00:00+00:00,0.0
2008-11-21 10:00:00+00:00,0.0
2008-11-21 11:00:00+00:00,0.0
2008-11-21 12:00:00+00:00,0.0
2008-11-21 13:00:00+00:00,0.08195912
2008-11-21 14:00:00+00:00,0.40631607
2008-11-21 15:00:00+00:00,0.5710814000000001
2008-11-21 16:00:00+00:00,0.53794914
2008-11-21 17:00:00+00:00,0.49551514
2008-11-21 18:00:00+00:00,0.33569768
2008-11-21 19:00:00+00:00,0.35814050000000003
2008-11-21 20:00:00+00:00,0.48990086
2008-11-21 21:00:00+00:00,0.40666524
2008-11-21 22:00:00+00:00,0.02960835
2008-11-21 23:00:00+00:00,0.0
2008-11-22 00:00:00+00:00,0.0
2008-11-22 01:00:00+00:00,0.0
2008-11-22 02:00:00+00:00,0.0
2008-11-22 03:00:00+00:00,0.0
2008-11-22 04:00:00+00:00,0.0
2008-11-22 05:00:00+00:00,0.0
2008-11-22 06:00:00+00:00,0.0
2008-11-22 07:00:00+00:00,0.0
2008-11-22 08:00:00+00:00,0.0
2008-11-22 09:00:00+00:00,0.0
2008-11-22 10:00:00+00:00,0.0
2008-11-22 11:00:00+00:00,0.0
2008-11-22 12:00:00+00:00,0.0
2008-11-22 13:00:00+00:00,0.046756774
2008-11-22 14:00:00+00:00,0.30786255
2008-11-22 15:00:00+00:00,0.14170629
2008-11-22 16:00:00+00:00,0.20728418
2008-11-22 17:00:00+00:00,0.30018520000000004
2008-11-22 18:00:00+00:00,0.1969173
2008-11-22 19:00:00+00:00,0.26859206
2008-11-22 20:00:00+00:00,0.13441901
2008-11-22 21:00:00+00:00,0.052580334000000006
2008-11-22 22:00:00+00:00,0.0
2008-11-22 23:00:00+00:00,0.0
2008-11-23 00:00:00+00:00,0.0
2008-11-23 01:00:00+00:00,0.0
2008-11-23 02:00:00+00:00,0.0
2008-11-23 03:00:00+00:00,0.0
2008-11-23 04:00:00+00:00,0.0
2008-11-23 05:00:00+00:00,0.0
2008-11-23 06:00:00+00:00,0.0
2008-11-23 07:00:00+00:00,0.0
2008-11-23 08:00:00+00:00,0.0
2008-11-23 09:00:00+00:00,0.0
2008-11-23 10:00:00+00:00,0.0
2008-11-23 11:00:00+00:00,0.0
2008-11-23 12:00:00+00:00,0.0
2008-11-23 13:00:00+00:00,0.11017635
2008-11-23 14:00:00+00:00,0.4559565
2008-11-23 15:00:00+00:00,0.5540661
2008-11-23 16:00:00+00:00,0.51619536
2008-11-23 17:00:00+00:00,0.47111863
2008-11-23 18:00:00+00:00,0.47018063
2008-11-23 19:00:00+00:00,0.5090778
2008-11-23 20:00:00+00:00,0.5252557
2008-11-23 21:00:00+00:00,0.3759945
2008-11-23 22:00:00+00:00,0.016003693
2008-11-23 23:00:00+00:00,0.0
2008-11-24 00:00:00+00:00,0.0
2008-11-24 01:00:00+00:00,0.0
2008-11-24 02:00:00+00:00,0.0
2008-11-24 03:00:00+00:00,0.0
2008-11-24 04:00:00+00:00,0.0
2008-11-24 05:00:00+00:00,0.0
2008-11-24 06:00:00+00:00,0.0
2008-11-24 07:00:00+00:00,0.0
2008-11-24 08:00:00+00:00,0.0
2008-11-24 09:00:00+00:00,0.0
2008-11-24 10:00:00+00:00,0.0
2008-11-24 11:00:00+00:00,0.0
2008-11-24 12:00:00+00:00,0.0
2008-11-24 13:00:00+00:00,0.00079957145
2008-11-24 14:00:00+00:00,0.0031675126
2008-11-24 15:00:00+00:00,0.023032392999999998
2008-11-24 16:00:00+00:00,0.018826775
2008-11-24 17:00:00+00:00,0.032409903
2008-11-24 18:00:00+00:00,0.106430285
2008-11-24 19:00:00+00:00,0.01939845
2008-11-24 20:00:00+00:00,0.0038576396
2008-11-24 21:00:00+00:00,0.008876634
2008-11-24 22:00:00+00:00,0.0
2008-11-24 23:00:00+00:00,0.0
2008-11-25 00:00:00+00:00,0.0
2008-11-25 01:00:00+00:00,0.0
2008-11-25 02:00:00+00:00,0.0
2008-11-25 03:00:00+00:00,0.0
2008-11-25 04:00:00+00:00,0.0
2008-11-25 05:00:00+00:00,0.0
2008-11-25 06:00:00+00:00,0.0
2008-11-25 07:00:00+00:00,0.0
2008-11-25 08:00:00+00:00,0.0
2008-11-25 09:00:00+00:00,0.0
2008-11-25 10:00:00+00:00,0.0
2008-11-25 11:00:00+00:00,0.0
2008-11-25 12:00:00+00:00,0.0
2008-11-25 13:00:00+00:00,0.08788039
2008-11-25 14:00:00+00:00,0.44938820000000007
2008-11-25 15:00:00+00:00,0.5540892
2008-11-25 16:00:00+00:00,0.44325763
2008-11-25 17:00:00+00:00,0.39970082
2008-11-25 18:00:00+00:00,0.32996434
2008-11-25 19:00:00+00:00,0.34272525
2008-11-25 20:00:00+00:00,0.5497671
2008-11-25 21:00:00+00:00,0.39781700000000003
2008-11-25 22:00:00+00:00,0.0042003940000000005
2008-11-25 23:00:00+00:00,0.0
2008-11-26 00:00:00+00:00,0.0
2008-11-26 01:00:00+00:00,0.0
2008-11-26 02:00:00+00:00,0.0
2008-11-26 03:00:00+00:00,0.0
2008-11-26 04:00:00+00:00,0.0
2008-11-26 05:00:00+00:00,0.0
2008-11-26 06:00:00+00:00,0.0
2008-11-26 07:00:00+00:00,0.0
2008-11-26 08:00:00+00:00,0.0
2008-11-26 09:00:00+00:00,0.0
2008-11-26 10:00:00+00:00,0.0
2008-11-26 11:00:00+00:00,0.0
2008-11-26 12:00:00+00:00,0.0
2008-11-26 13:00:00+00:00,0.07873028
2008-11-26 14:00:00+00:00,0.44388697
2008-11-26 15:00:00+00:00,0.5492336
2008-11-26 16:00:00+00:00,0.50826156
2008-11-26 17:00:00+00:00,0.46381940000000005
2008-11-26 18:00:00+00:00,0.46286657
2008-11-26 19:00:00+00:00,0.5020136
2008-11-26 20:00:00+00:00,0.52078754
2008-11-26 21:00:00+00:00,0.36799344
2008-11-26 22:00:00+00:00,5.6217533999999995e-05
2008-11-26 23:00:00+00:00,0.0
2008-11-27 00:00:00+00:00,0.0
2008-11-27 01:00:00+00:00,0.0
2008-11-27 02:00:00+00:00,0.0
2008-11-27 03:00:00+00:00,0.0
2008-11-27 04:00:00+00:00,0.0
2008-11-27 05:00:00+00:00,0.0
2008-11-27 06:00:00+00:00,0.0
2008-11-27 07:00:00+00:00,0.0
2008-11-27 08:00:00+00:00,0.0
2008-11-27 09:00:00+00:00,0.0
2008-11-27 10:00:00+00:00,0.0
2008-11-27 11:00:00+00:00,0.0
2008-11-27 12:00:00+00:00,0.0
2008-11-27 13:00:00+00:00,0.061058648
2008-11-27 14:00:00+00:00,0.32704026
2008-11-27 15:00:00+00:00,0.5289793
2008-11-27 16:00:00+00:00,0.49570101
2008-11-27 17:00:00+00:00,0.45124498
2008-11-27 18:00:00+00:00,0.4516088
2008-11-27 19:00:00+00:00,0.49180168
2008-11-27 20:00:00+00:00,0.40979493
2008-11-27 21:00:00+00:00,0.17226923
2008-11-27 22:00:00+00:00,0.0
2008-11-27 23:00:00+00:00,0.0
2008-11-28 00:00:00+00:00,0.0
2008-11-28 01:00:00+00:00,0.0
2008-11-28 02:00:00+00:00,0.0
2008-11-28 03:00:00+00:00,0.0
2008-11-28 04:00:00+00:00,0.0
2008-11-28 05:00:00+00:00,0.0
2008-11-28 06:00:00+00:00,0.0
2008-11-28 07:00:00+00:00,0.0
2008-11-28 08:00:00+00:00,0.0
2008-11-28 09:00:00+00:00,0.0
2008-11-28 10:00:00+00:00,0.0
2008-11-28 11:00:00+00:00,0.0
2008-11-28 12:00:00+00:00,0.0
2008-11-28 13:00:00+00:00,0.002817434
2008-11-28 14:00:00+00:00,0.21312511
2008-11-28 15:00:00+00:00,0.27119598
2008-11-28 16:00:00+00:00,0.3558152
2008-11-28 17:00:00+00:00,0.36488768
2008-11-28 18:00:00+00:00,0.45581263
2008-11-28 19:00:00+00:00,0.49807906
2008-11-28 20:00:00+00:00,0.5250842
2008-11-28 21:00:00+00:00,0.19572365
2008-11-28 22:00:00+00:00,0.0
2008-11-28 23:00:00+00:00,0.0
2008-11-29 00:00:00+00:00,0.0
2008-11-29 01:00:00+00:00,0.0
2008-11-29 02:00:00+00:00,0.0
2008-11-29 03:00:00+00:00,0.0
2008-11-29 04:00:00+00:00,0.0
2008-11-29 05:00:00+00:00,0.0
2008-11-29 06:00:00+00:00,0.0
2008-11-29 07:00:00+00:00,0.0
2008-11-29 08:00:00+00:00,0.0
2008-11-29 09:00:00+00:00,0.0
2008-11-29 10:00:00+00:00,0.0
2008-11-29 11:00:00+00:00,0.0
2008-11-29 12:00:00+00:00,0.0
2008-11-29 13:00:00+00:00,0.0012898006
2008-11-29 14:00:00+00:00,0.038562442999999995
2008-11-29 15:00:00+00:00,0.12369159
2008-11-29 16:00:00+00:00,0.06641918
2008-11-29 17:00:00+00:00,0.19568314
2008-11-29 18:00:00+00:00,0.15588091
2008-11-29 19:00:00+00:00,0.22791195
2008-11-29 20:00:00+00:00,0.5055632999999999
2008-11-29 21:00:00+00:00,0.3661458
2008-11-29 22:00:00+00:00,0.0
2008-11-29 23:00:00+00:00,0.0
2008-11-30 00:00:00+00:00,0.0
2008-11-30 01:00:00+00:00,0.0
2008-11-30 02:00:00+00:00,0.0
2008-11-30 03:00:00+00:00,0.0
2008-11-30 04:00:00+00:00,0.0
2008-11-30 05:00:00+00:00,0.0
2008-11-30 06:00:00+00:00,0.0
2008-11-30 07:00:00+00:00,0.0
2008-11-30 08:00:00+00:00,0.0
2008-11-30 09:00:00+00:00,0.0
2008-11-30 10:00:00+00:00,0.0
2008-11-30 11:00:00+00:00,0.0
2008-11-30 12:00:00+00:00,0.0
2008-11-30 13:00:00+00:00,0.0
2008-11-30 14:00:00+00:00,0.09904459
2008-11-30 15:00:00+00:00,0.0105594825
2008-11-30 16:00:00+00:00,0.02123721
2008-11-30 17:00:00+00:00,0.032103404
2008-11-30 18:00:00+00:00,0.0252519
2008-11-30 19:00:00+00:00,0.029205177000000002
2008-11-30 20:00:00+00:00,0.039977524
2008-11-30 21:00:00+00:00,0.008219985
2008-11-30 22:00:00+00:00,0.0
2008-11-30 23:00:00+00:00,0.0
2008-12-01 00:00:00+00:00,0.0
2008-12-01 01:00:00+00:00,0.0
2008-12-01 02:00:00+00:00,0.0
2008-12-01 03:00:00+00:00,0.0
2008-12-01 04:00:00+00:00,0.0
2008-12-01 05:00:00+00:00,0.0
2008-12-01 06:00:00+00:00,0.0
2008-12-01 07:00:00+00:00,0.0
2008-12-01 08:00:00+00:00,0.0
2008-12-01 09:00:00+00:00,0.0
2008-12-01 10:00:00+00:00,0.0
2008-12-01 11:00:00+00:00,0.0
2008-12-01 12:00:00+00:00,0.0
2008-12-01 13:00:00+00:00,0.0073620155
2008-12-01 14:00:00+00:00,0.26235875
2008-12-01 15:00:00+00:00,0.41536915
2008-12-01 16:00:00+00:00,0.42822248
2008-12-01 17:00:00+00:00,0.41597614
2008-12-01 18:00:00+00:00,0.41392773
2008-12-01 19:00:00+00:00,0.42793784
2008-12-01 20:00:00+00:00,0.4225978
2008-12-01 21:00:00+00:00,0.27223748
2008-12-01 22:00:00+00:00,0.0
2008-12-01 23:00:00+00:00,0.0
2008-12-02 00:00:00+00:00,0.0
2008-12-02 01:00:00+00:00,0.0
2008-12-02 02:00:00+00:00,0.0
2008-12-02 03:00:00+00:00,0.0
2008-12-02 04:00:00+00:00,0.0
2008-12-02 05:00:00+00:00,0.0
2008-12-02 06:00:00+00:00,0.0
2008-12-02 07:00:00+00:00,0.0
2008-12-02 08:00:00+00:00,0.0
2008-12-02 09:00:00+00:00,0.0
2008-12-02 10:00:00+00:00,0.0
2008-12-02 11:00:00+00:00,0.0
2008-12-02 12:00:00+00:00,0.0
2008-12-02 13:00:00+00:00,0.008811032
2008-12-02 14:00:00+00:00,0.4150428
2008-12-02 15:00:00+00:00,0.5589224
2008-12-02 16:00:00+00:00,0.52810544
2008-12-02 17:00:00+00:00,0.4816851
2008-12-02 18:00:00+00:00,0.48041192
2008-12-02 19:00:00+00:00,0.5200343
2008-12-02 20:00:00+00:00,0.5413168
2008-12-02 21:00:00+00:00,0.374368
2008-12-02 22:00:00+00:00,0.0
2008-12-02 23:00:00+00:00,0.0
2008-12-03 00:00:00+00:00,0.0
2008-12-03 01:00:00+00:00,0.0
2008-12-03 02:00:00+00:00,0.0
2008-12-03 03:00:00+00:00,0.0
2008-12-03 04:00:00+00:00,0.0
2008-12-03 05:00:00+00:00,0.0
2008-12-03 06:00:00+00:00,0.0
2008-12-03 07:00:00+00:00,0.0
2008-12-03 08:00:00+00:00,0.0
2008-12-03 09:00:00+00:00,0.0
2008-12-03 10:00:00+00:00,0.0
2008-12-03 11:00:00+00:00,0.0
2008-12-03 12:00:00+00:00,0.0
2008-12-03 13:00:00+00:00,1.5983542e-06
2008-12-03 14:00:00+00:00,0.3736005
2008-12-03 15:00:00+00:00,0.50163704
2008-12-03 16:00:00+00:00,0.46888729999999995
2008-12-03 17:00:00+00:00,0.42477587
2008-12-03 18:00:00+00:00,0.42321432
2008-12-03 19:00:00+00:00,0.45962518
2008-12-03 20:00:00+00:00,0.46962976
2008-12-03 21:00:00+00:00,0.31228438
2008-12-03 22:00:00+00:00,0.0
2008-12-03 23:00:00+00:00,0.0
2008-12-04 00:00:00+00:00,0.0
2008-12-04 01:00:00+00:00,0.0
2008-12-04 02:00:00+00:00,0.0
2008-12-04 03:00:00+00:00,0.0
2008-12-04 04:00:00+00:00,0.0
2008-12-04 05:00:00+00:00,0.0
2008-12-04 06:00:00+00:00,0.0
2008-12-04 07:00:00+00:00,0.0
2008-12-04 08:00:00+00:00,0.0
2008-12-04 09:00:00+00:00,0.0
2008-12-04 10:00:00+00:00,0.0
2008-12-04 11:00:00+00:00,0.0
2008-12-04 12:00:00+00:00,0.0
2008-12-04 13:00:00+00:00,0.0
2008-12-04 14:00:00+00:00,0.34598702
2008-12-04 15:00:00+00:00,0.5086763
2008-12-04 16:00:00+00:00,0.49688438
2008-12-04 17:00:00+00:00,0.45843858
2008-12-04 18:00:00+00:00,0.46240783
2008-12-04 19:00:00+00:00,0.51152205
2008-12-04 20:00:00+00:00,0.54807013
2008-12-04 21:00:00+00:00,0.39052698
2008-12-04 22:00:00+00:00,0.0
2008-12-04 23:00:00+00:00,0.0
2008-12-05 00:00:00+00:00,0.0
2008-12-05 01:00:00+00:00,0.0
2008-12-05 02:00:00+00:00,0.0
2008-12-05 03:00:00+00:00,0.0
2008-12-05 04:00:00+00:00,0.0
2008-12-05 05:00:00+00:00,0.0
2008-12-05 06:00:00+00:00,0.0
2008-12-05 07:00:00+00:00,0.0
2008-12-05 08:00:00+00:00,0.0
2008-12-05 09:00:00+00:00,0.0
2008-12-05 10:00:00+00:00,0.0
2008-12-05 11:00:00+00:00,0.0
2008-12-05 12:00:00+00:00,0.0
2008-12-05 13:00:00+00:00,0.0
2008-12-05 14:00:00+00:00,0.3599078
2008-12-05 15:00:00+00:00,0.5171032999999999
2008-12-05 16:00:00+00:00,0.4927073
2008-12-05 17:00:00+00:00,0.45246598
2008-12-05 18:00:00+00:00,0.45759767
2008-12-05 19:00:00+00:00,0.5104808
2008-12-05 20:00:00+00:00,0.5485505
2008-12-05 21:00:00+00:00,0.39461207
2008-12-05 22:00:00+00:00,0.0
2008-12-05 23:00:00+00:00,0.0
2008-12-06 00:00:00+00:00,0.0
2008-12-06 01:00:00+00:00,0.0
2008-12-06 02:00:00+00:00,0.0
2008-12-06 03:00:00+00:00,0.0
2008-12-06 04:00:00+00:00,0.0
2008-12-06 05:00:00+00:00,0.0
2008-12-06 06:00:00+00:00,0.0
2008-12-06 07:00:00+00:00,0.0
2008-12-06 08:00:00+00:00,0.0
2008-12-06 09:00:00+00:00,0.0
2008-12-06 10:00:00+00:00,0.0
2008-12-06 11:00:00+00:00,0.0
2008-12-06 12:00:00+00:00,0.0
2008-12-06 13:00:00+00:00,0.0
2008-12-06 14:00:00+00:00,0.32875586
2008-12-06 15:00:00+00:00,0.49060866
2008-12-06 16:00:00+00:00,0.47902095
2008-12-06 17:00:00+00:00,0.441852
2008-12-06 18:00:00+00:00,0.435788
2008-12-06 19:00:00+00:00,0.46573794
2008-12-06 20:00:00+00:00,0.46633273
2008-12-06 21:00:00+00:00,0.29649627
2008-12-06 22:00:00+00:00,0.0
2008-12-06 23:00:00+00:00,0.0
2008-12-07 00:00:00+00:00,0.0
2008-12-07 01:00:00+00:00,0.0
2008-12-07 02:00:00+00:00,0.0
2008-12-07 03:00:00+00:00,0.0
2008-12-07 04:00:00+00:00,0.0
2008-12-07 05:00:00+00:00,0.0
2008-12-07 06:00:00+00:00,0.0
2008-12-07 07:00:00+00:00,0.0
2008-12-07 08:00:00+00:00,0.0
2008-12-07 09:00:00+00:00,0.0
2008-12-07 10:00:00+00:00,0.0
2008-12-07 11:00:00+00:00,0.0
2008-12-07 12:00:00+00:00,0.0
2008-12-07 13:00:00+00:00,0.0
2008-12-07 14:00:00+00:00,0.39179537
2008-12-07 15:00:00+00:00,0.5458078000000001
2008-12-07 16:00:00+00:00,0.51405895
2008-12-07 17:00:00+00:00,0.46419259999999996
2008-12-07 18:00:00+00:00,0.45857632
2008-12-07 19:00:00+00:00,0.49848992
2008-12-07 20:00:00+00:00,0.5248
2008-12-07 21:00:00+00:00,0.37262315
2008-12-07 22:00:00+00:00,0.0
2008-12-07 23:00:00+00:00,0.0
2008-12-08 00:00:00+00:00,0.0
2008-12-08 01:00:00+00:00,0.0
2008-12-08 02:00:00+00:00,0.0
2008-12-08 03:00:00+00:00,0.0
2008-12-08 04:00:00+00:00,0.0
2008-12-08 05:00:00+00:00,0.0
2008-12-08 06:00:00+00:00,0.0
2008-12-08 07:00:00+00:00,0.0
2008-12-08 08:00:00+00:00,0.0
2008-12-08 09:00:00+00:00,0.0
2008-12-08 10:00:00+00:00,0.0
2008-12-08 11:00:00+00:00,0.0
2008-12-08 12:00:00+00:00,0.0
2008-12-08 13:00:00+00:00,0.0
2008-12-08 14:00:00+00:00,0.01147138
2008-12-08 15:00:00+00:00,0.025984034
2008-12-08 16:00:00+00:00,0.036523834
2008-12-08 17:00:00+00:00,0.04869079
2008-12-08 18:00:00+00:00,0.04808419
2008-12-08 19:00:00+00:00,0.03604651
2008-12-08 20:00:00+00:00,0.025319473999999998
2008-12-08 21:00:00+00:00,0.011903676
2008-12-08 22:00:00+00:00,0.0
2008-12-08 23:00:00+00:00,0.0
2008-12-09 00:00:00+00:00,0.0
2008-12-09 01:00:00+00:00,0.0
2008-12-09 02:00:00+00:00,0.0
2008-12-09 03:00:00+00:00,0.0
2008-12-09 04:00:00+00:00,0.0
2008-12-09 05:00:00+00:00,0.0
2008-12-09 06:00:00+00:00,0.0
2008-12-09 07:00:00+00:00,0.0
2008-12-09 08:00:00+00:00,0.0
2008-12-09 09:00:00+00:00,0.0
2008-12-09 10:00:00+00:00,0.0
2008-12-09 11:00:00+00:00,0.0
2008-12-09 12:00:00+00:00,0.0
2008-12-09 13:00:00+00:00,0.0
2008-12-09 14:00:00+00:00,0.0098272255
2008-12-09 15:00:00+00:00,0.02249698
2008-12-09 16:00:00+00:00,0.03250658
2008-12-09 17:00:00+00:00,0.043931313
2008-12-09 18:00:00+00:00,0.044497012999999995
2008-12-09 19:00:00+00:00,0.032861304
2008-12-09 20:00:00+00:00,0.022041664
2008-12-09 21:00:00+00:00,0.0097681
2008-12-09 22:00:00+00:00,0.0
2008-12-09 23:00:00+00:00,0.0
2008-12-10 00:00:00+00:00,0.0
2008-12-10 01:00:00+00:00,0.0
2008-12-10 02:00:00+00:00,0.0
2008-12-10 03:00:00+00:00,0.0
2008-12-10 04:00:00+00:00,0.0
2008-12-10 05:00:00+00:00,0.0
2008-12-10 06:00:00+00:00,0.0
2008-12-10 07:00:00+00:00,0.0
2008-12-10 08:00:00+00:00,0.0
2008-12-10 09:00:00+00:00,0.0
2008-12-10 10:00:00+00:00,0.0
2008-12-10 11:00:00+00:00,0.0
2008-12-10 12:00:00+00:00,0.0
2008-12-10 13:00:00+00:00,0.0
2008-12-10 14:00:00+00:00,0.00842532
2008-12-10 15:00:00+00:00,0.02127581
2008-12-10 16:00:00+00:00,0.03200016
2008-12-10 17:00:00+00:00,0.044222526
2008-12-10 18:00:00+00:00,0.044623915
2008-12-10 19:00:00+00:00,0.032664835
2008-12-10 20:00:00+00:00,0.021819575
2008-12-10 21:00:00+00:00,0.00908988
2008-12-10 22:00:00+00:00,0.0
2008-12-10 23:00:00+00:00,0.0
2008-12-11 00:00:00+00:00,0.0
2008-12-11 01:00:00+00:00,0.0
2008-12-11 02:00:00+00:00,0.0
2008-12-11 03:00:00+00:00,0.0
2008-12-11 04:00:00+00:00,0.0
2008-12-11 05:00:00+00:00,0.0
2008-12-11 06:00:00+00:00,0.0
2008-12-11 07:00:00+00:00,0.0
2008-12-11 08:00:00+00:00,0.0
2008-12-11 09:00:00+00:00,0.0
2008-12-11 10:00:00+00:00,0.0
2008-12-11 11:00:00+00:00,0.0
2008-12-11 12:00:00+00:00,0.0
2008-12-11 13:00:00+00:00,0.0
2008-12-11 14:00:00+00:00,0.009460762
2008-12-11 15:00:00+00:00,0.022533422
2008-12-11 16:00:00+00:00,0.032788463
2008-12-11 17:00:00+00:00,0.045380604000000005
2008-12-11 18:00:00+00:00,0.045726842999999996
2008-12-11 19:00:00+00:00,0.0340219
2008-12-11 20:00:00+00:00,0.023822537
2008-12-11 21:00:00+00:00,0.011347752
2008-12-11 22:00:00+00:00,0.0
2008-12-11 23:00:00+00:00,0.0
2008-12-12 00:00:00+00:00,0.0
2008-12-12 01:00:00+00:00,0.0
2008-12-12 02:00:00+00:00,0.0
2008-12-12 03:00:00+00:00,0.0
2008-12-12 04:00:00+00:00,0.0
2008-12-12 05:00:00+00:00,0.0
2008-12-12 06:00:00+00:00,0.0
2008-12-12 07:00:00+00:00,0.0
2008-12-12 08:00:00+00:00,0.0
2008-12-12 09:00:00+00:00,0.0
2008-12-12 10:00:00+00:00,0.0
2008-12-12 11:00:00+00:00,0.0
2008-12-12 12:00:00+00:00,0.0
2008-12-12 13:00:00+00:00,0.0
2008-12-12 14:00:00+00:00,0.010652285
2008-12-12 15:00:00+00:00,0.024646353
2008-12-12 16:00:00+00:00,0.035836633
2008-12-12 17:00:00+00:00,0.04930984
2008-12-12 18:00:00+00:00,0.049648084
2008-12-12 19:00:00+00:00,0.03744696
2008-12-12 20:00:00+00:00,0.025620846
2008-12-12 21:00:00+00:00,0.011316845
2008-12-12 22:00:00+00:00,0.0
2008-12-12 23:00:00+00:00,0.0
2008-12-13 00:00:00+00:00,0.0
2008-12-13 01:00:00+00:00,0.0
2008-12-13 02:00:00+00:00,0.0
2008-12-13 03:00:00+00:00,0.0
2008-12-13 04:00:00+00:00,0.0
2008-12-13 05:00:00+00:00,0.0
2008-12-13 06:00:00+00:00,0.0
2008-12-13 07:00:00+00:00,0.0
2008-12-13 08:00:00+00:00,0.0
2008-12-13 09:00:00+00:00,0.0
2008-12-13 10:00:00+00:00,0.0
2008-12-13 11:00:00+00:00,0.0
2008-12-13 12:00:00+00:00,0.0
2008-12-13 13:00:00+00:00,0.0
2008-12-13 14:00:00+00:00,0.01220545
2008-12-13 15:00:00+00:00,0.026200382
2008-12-13 16:00:00+00:00,0.03733442
2008-12-13 17:00:00+00:00,0.049955547
2008-12-13 18:00:00+00:00,0.050284962999999995
2008-12-13 19:00:00+00:00,0.037273936
2008-12-13 20:00:00+00:00,0.025559032000000002
2008-12-13 21:00:00+00:00,0.011716905
2008-12-13 22:00:00+00:00,0.0
2008-12-13 23:00:00+00:00,0.0
2008-12-14 00:00:00+00:00,0.0
2008-12-14 01:00:00+00:00,0.0
2008-12-14 02:00:00+00:00,0.0
2008-12-14 03:00:00+00:00,0.0
2008-12-14 04:00:00+00:00,0.0
2008-12-14 05:00:00+00:00,0.0
2008-12-14 06:00:00+00:00,0.0
2008-12-14 07:00:00+00:00,0.0
2008-12-14 08:00:00+00:00,0.0
2008-12-14 09:00:00+00:00,0.0
2008-12-14 10:00:00+00:00,0.0
2008-12-14 11:00:00+00:00,0.0
2008-12-14 12:00:00+00:00,0.0
2008-12-14 13:00:00+00:00,0.0
2008-12-14 14:00:00+00:00,0.00982395
2008-12-14 15:00:00+00:00,0.023242713999999998
2008-12-14 16:00:00+00:00,0.034039382
2008-12-14 17:00:00+00:00,0.046060294
2008-12-14 18:00:00+00:00,0.047158412999999996
2008-12-14 19:00:00+00:00,0.034979883999999996
2008-12-14 20:00:00+00:00,0.02406084
2008-12-14 21:00:00+00:00,0.01059047
2008-12-14 22:00:00+00:00,0.0
2008-12-14 23:00:00+00:00,0.0
2008-12-15 00:00:00+00:00,0.0
2008-12-15 01:00:00+00:00,0.0
2008-12-15 02:00:00+00:00,0.0
2008-12-15 03:00:00+00:00,0.0
2008-12-15 04:00:00+00:00,0.0
2008-12-15 05:00:00+00:00,0.0
2008-12-15 06:00:00+00:00,0.0
2008-12-15 07:00:00+00:00,0.0
2008-12-15 08:00:00+00:00,0.0
2008-12-15 09:00:00+00:00,0.0
2008-12-15 10:00:00+00:00,0.0
2008-12-15 11:00:00+00:00,0.0
2008-12-15 12:00:00+00:00,0.0
2008-12-15 13:00:00+00:00,0.0
2008-12-15 14:00:00+00:00,0.00027111341
2008-12-15 15:00:00+00:00,0.010857695
2008-12-15 16:00:00+00:00,0.037793352999999995
2008-12-15 17:00:00+00:00,0.030043714
2008-12-15 18:00:00+00:00,0.083219215
2008-12-15 19:00:00+00:00,0.06684491
2008-12-15 20:00:00+00:00,0.020774832
2008-12-15 21:00:00+00:00,0.010659966000000002
2008-12-15 22:00:00+00:00,0.0
2008-12-15 23:00:00+00:00,0.0
2008-12-16 00:00:00+00:00,0.0
2008-12-16 01:00:00+00:00,0.0
2008-12-16 02:00:00+00:00,0.0
2008-12-16 03:00:00+00:00,0.0
2008-12-16 04:00:00+00:00,0.0
2008-12-16 05:00:00+00:00,0.0
2008-12-16 06:00:00+00:00,0.0
2008-12-16 07:00:00+00:00,0.0
2008-12-16 08:00:00+00:00,0.0
2008-12-16 09:00:00+00:00,0.0
2008-12-16 10:00:00+00:00,0.0
2008-12-16 11:00:00+00:00,0.0
2008-12-16 12:00:00+00:00,0.0
2008-12-16 13:00:00+00:00,0.0
2008-12-16 14:00:00+00:00,0.014699516000000001
2008-12-16 15:00:00+00:00,0.017615682
2008-12-16 16:00:00+00:00,0.056172542
2008-12-16 17:00:00+00:00,0.04162092
2008-12-16 18:00:00+00:00,0.046230573
2008-12-16 19:00:00+00:00,0.07899115
2008-12-16 20:00:00+00:00,0.03934848
2008-12-16 21:00:00+00:00,0.034442373
2008-12-16 22:00:00+00:00,0.0
2008-12-16 23:00:00+00:00,0.0
2008-12-17 00:00:00+00:00,0.0
2008-12-17 01:00:00+00:00,0.0
2008-12-17 02:00:00+00:00,0.0
2008-12-17 03:00:00+00:00,0.0
2008-12-17 04:00:00+00:00,0.0
2008-12-17 05:00:00+00:00,0.0
2008-12-17 06:00:00+00:00,0.0
2008-12-17 07:00:00+00:00,0.0
2008-12-17 08:00:00+00:00,0.0
2008-12-17 09:00:00+00:00,0.0
2008-12-17 10:00:00+00:00,0.0
2008-12-17 11:00:00+00:00,0.0
2008-12-17 12:00:00+00:00,0.0
2008-12-17 13:00:00+00:00,0.0
2008-12-17 14:00:00+00:00,0.013820788
2008-12-17 15:00:00+00:00,0.066452414
2008-12-17 16:00:00+00:00,0.05420114
2008-12-17 17:00:00+00:00,0.058396935
2008-12-17 18:00:00+00:00,0.11197939
2008-12-17 19:00:00+00:00,0.06536377
2008-12-17 20:00:00+00:00,0.034211107000000004
2008-12-17 21:00:00+00:00,0.047261395
2008-12-17 22:00:00+00:00,0.0
2008-12-17 23:00:00+00:00,0.0
2008-12-18 00:00:00+00:00,0.0
2008-12-18 01:00:00+00:00,0.0
2008-12-18 02:00:00+00:00,0.0
2008-12-18 03:00:00+00:00,0.0
2008-12-18 04:00:00+00:00,0.0
2008-12-18 05:00:00+00:00,0.0
2008-12-18 06:00:00+00:00,0.0
2008-12-18 07:00:00+00:00,0.0
2008-12-18 08:00:00+00:00,0.0
2008-12-18 09:00:00+00:00,0.0
2008-12-18 10:00:00+00:00,0.0
2008-12-18 11:00:00+00:00,0.0
2008-12-18 12:00:00+00:00,0.0
2008-12-18 13:00:00+00:00,0.0
2008-12-18 14:00:00+00:00,0.13365635
2008-12-18 15:00:00+00:00,0.07704503
2008-12-18 16:00:00+00:00,0.03464054
2008-12-18 17:00:00+00:00,0.11506806
2008-12-18 18:00:00+00:00,0.11906718
2008-12-18 19:00:00+00:00,0.07996345
2008-12-18 20:00:00+00:00,0.009133081
2008-12-18 21:00:00+00:00,0.017624428
2008-12-18 22:00:00+00:00,0.0
2008-12-18 23:00:00+00:00,0.0
2008-12-19 00:00:00+00:00,0.0
2008-12-19 01:00:00+00:00,0.0
2008-12-19 02:00:00+00:00,0.0
2008-12-19 03:00:00+00:00,0.0
2008-12-19 04:00:00+00:00,0.0
2008-12-19 05:00:00+00:00,0.0
2008-12-19 06:00:00+00:00,0.0
2008-12-19 07:00:00+00:00,0.0
2008-12-19 08:00:00+00:00,0.0
2008-12-19 09:00:00+00:00,0.0
2008-12-19 10:00:00+00:00,0.0
2008-12-19 11:00:00+00:00,0.0
2008-12-19 12:00:00+00:00,0.0
2008-12-19 13:00:00+00:00,0.0
2008-12-19 14:00:00+00:00,0.0008259134
2008-12-19 15:00:00+00:00,0.021478256
2008-12-19 16:00:00+00:00,0.27973598
2008-12-19 17:00:00+00:00,0.40762220000000005
2008-12-19 18:00:00+00:00,0.22661236
2008-12-19 19:00:00+00:00,0.36996028
2008-12-19 20:00:00+00:00,0.48196718
2008-12-19 21:00:00+00:00,0.2983019
2008-12-19 22:00:00+00:00,0.00040982896
2008-12-19 23:00:00+00:00,0.0
2008-12-20 00:00:00+00:00,0.0
2008-12-20 01:00:00+00:00,0.0
2008-12-20 02:00:00+00:00,0.0
2008-12-20 03:00:00+00:00,0.0
2008-12-20 04:00:00+00:00,0.0
2008-12-20 05:00:00+00:00,0.0
2008-12-20 06:00:00+00:00,0.0
2008-12-20 07:00:00+00:00,0.0
2008-12-20 08:00:00+00:00,0.0
2008-12-20 09:00:00+00:00,0.0
2008-12-20 10:00:00+00:00,0.0
2008-12-20 11:00:00+00:00,0.0
2008-12-20 12:00:00+00:00,0.0
2008-12-20 13:00:00+00:00,0.0
2008-12-20 14:00:00+00:00,0.021157267
2008-12-20 15:00:00+00:00,0.08411102
2008-12-20 16:00:00+00:00,0.09124338
2008-12-20 17:00:00+00:00,0.11514625
2008-12-20 18:00:00+00:00,0.08559646
2008-12-20 19:00:00+00:00,0.053726185
2008-12-20 20:00:00+00:00,0.029473827999999997
2008-12-20 21:00:00+00:00,0.06737214
2008-12-20 22:00:00+00:00,0.0
2008-12-20 23:00:00+00:00,0.0
2008-12-21 00:00:00+00:00,0.0
2008-12-21 01:00:00+00:00,0.0
2008-12-21 02:00:00+00:00,0.0
2008-12-21 03:00:00+00:00,0.0
2008-12-21 04:00:00+00:00,0.0
2008-12-21 05:00:00+00:00,0.0
2008-12-21 06:00:00+00:00,0.0
2008-12-21 07:00:00+00:00,0.0
2008-12-21 08:00:00+00:00,0.0
2008-12-21 09:00:00+00:00,0.0
2008-12-21 10:00:00+00:00,0.0
2008-12-21 11:00:00+00:00,0.0
2008-12-21 12:00:00+00:00,0.0
2008-12-21 13:00:00+00:00,0.0
2008-12-21 14:00:00+00:00,0.33770826
2008-12-21 15:00:00+00:00,0.52659863
2008-12-21 16:00:00+00:00,0.5326605
2008-12-21 17:00:00+00:00,0.47730896
2008-12-21 18:00:00+00:00,0.46830603
2008-12-21 19:00:00+00:00,0.5164151
2008-12-21 20:00:00+00:00,0.5546164000000001
2008-12-21 21:00:00+00:00,0.4123714
2008-12-21 22:00:00+00:00,0.018891243000000002
2008-12-21 23:00:00+00:00,0.0
2008-12-22 00:00:00+00:00,0.0
2008-12-22 01:00:00+00:00,0.0
2008-12-22 02:00:00+00:00,0.0
2008-12-22 03:00:00+00:00,0.0
2008-12-22 04:00:00+00:00,0.0
2008-12-22 05:00:00+00:00,0.0
2008-12-22 06:00:00+00:00,0.0
2008-12-22 07:00:00+00:00,0.0
2008-12-22 08:00:00+00:00,0.0
2008-12-22 09:00:00+00:00,0.0
2008-12-22 10:00:00+00:00,0.0
2008-12-22 11:00:00+00:00,0.0
2008-12-22 12:00:00+00:00,0.0
2008-12-22 13:00:00+00:00,0.0
2008-12-22 14:00:00+00:00,0.3246507
2008-12-22 15:00:00+00:00,0.5362708
2008-12-22 16:00:00+00:00,0.51911414
2008-12-22 17:00:00+00:00,0.46907780000000004
2008-12-22 18:00:00+00:00,0.46266434
2008-12-22 19:00:00+00:00,0.5092508
2008-12-22 20:00:00+00:00,0.54944295
2008-12-22 21:00:00+00:00,0.41011956
2008-12-22 22:00:00+00:00,0.02768266
2008-12-22 23:00:00+00:00,0.0
2008-12-23 00:00:00+00:00,0.0
2008-12-23 01:00:00+00:00,0.0
2008-12-23 02:00:00+00:00,0.0
2008-12-23 03:00:00+00:00,0.0
2008-12-23 04:00:00+00:00,0.0
2008-12-23 05:00:00+00:00,0.0
2008-12-23 06:00:00+00:00,0.0
2008-12-23 07:00:00+00:00,0.0
2008-12-23 08:00:00+00:00,0.0
2008-12-23 09:00:00+00:00,0.0
2008-12-23 10:00:00+00:00,0.0
2008-12-23 11:00:00+00:00,0.0
2008-12-23 12:00:00+00:00,0.0
2008-12-23 13:00:00+00:00,0.0
2008-12-23 14:00:00+00:00,0.0027600140000000003
2008-12-23 15:00:00+00:00,0.014785125
2008-12-23 16:00:00+00:00,0.052353848
2008-12-23 17:00:00+00:00,0.07390967
2008-12-23 18:00:00+00:00,0.074094854
2008-12-23 19:00:00+00:00,0.019777348
2008-12-23 20:00:00+00:00,0.036072772
2008-12-23 21:00:00+00:00,0.0049625933
2008-12-23 22:00:00+00:00,0.00015440391
2008-12-23 23:00:00+00:00,0.0
2008-12-24 00:00:00+00:00,0.0
2008-12-24 01:00:00+00:00,0.0
2008-12-24 02:00:00+00:00,0.0
2008-12-24 03:00:00+00:00,0.0
2008-12-24 04:00:00+00:00,0.0
2008-12-24 05:00:00+00:00,0.0
2008-12-24 06:00:00+00:00,0.0
2008-12-24 07:00:00+00:00,0.0
2008-12-24 08:00:00+00:00,0.0
2008-12-24 09:00:00+00:00,0.0
2008-12-24 10:00:00+00:00,0.0
2008-12-24 11:00:00+00:00,0.0
2008-12-24 12:00:00+00:00,0.0
2008-12-24 13:00:00+00:00,0.0
2008-12-24 14:00:00+00:00,0.004855671
2008-12-24 15:00:00+00:00,0.057949293
2008-12-24 16:00:00+00:00,0.034770623
2008-12-24 17:00:00+00:00,0.036691014
2008-12-24 18:00:00+00:00,0.035556199999999996
2008-12-24 19:00:00+00:00,0.033146363
2008-12-24 20:00:00+00:00,0.028180318
2008-12-24 21:00:00+00:00,0.036859907000000004
2008-12-24 22:00:00+00:00,3.3133772e-05
2008-12-24 23:00:00+00:00,0.0
2008-12-25 00:00:00+00:00,0.0
2008-12-25 01:00:00+00:00,0.0
2008-12-25 02:00:00+00:00,0.0
2008-12-25 03:00:00+00:00,0.0
2008-12-25 04:00:00+00:00,0.0
2008-12-25 05:00:00+00:00,0.0
2008-12-25 06:00:00+00:00,0.0
2008-12-25 07:00:00+00:00,0.0
2008-12-25 08:00:00+00:00,0.0
2008-12-25 09:00:00+00:00,0.0
2008-12-25 10:00:00+00:00,0.0
2008-12-25 11:00:00+00:00,0.0
2008-12-25 12:00:00+00:00,0.0
2008-12-25 13:00:00+00:00,0.0
2008-12-25 14:00:00+00:00,0.30326238
2008-12-25 15:00:00+00:00,0.5092869999999999
2008-12-25 16:00:00+00:00,0.48597217
2008-12-25 17:00:00+00:00,0.40028888
2008-12-25 18:00:00+00:00,0.38354364
2008-12-25 19:00:00+00:00,0.34387934
2008-12-25 20:00:00+00:00,0.36487705
2008-12-25 21:00:00+00:00,0.32024026
2008-12-25 22:00:00+00:00,0.042770468
2008-12-25 23:00:00+00:00,0.0
2008-12-26 00:00:00+00:00,0.0
2008-12-26 01:00:00+00:00,0.0
2008-12-26 02:00:00+00:00,0.0
2008-12-26 03:00:00+00:00,0.0
2008-12-26 04:00:00+00:00,0.0
2008-12-26 05:00:00+00:00,0.0
2008-12-26 06:00:00+00:00,0.0
2008-12-26 07:00:00+00:00,0.0
2008-12-26 08:00:00+00:00,0.0
2008-12-26 09:00:00+00:00,0.0
2008-12-26 10:00:00+00:00,0.0
2008-12-26 11:00:00+00:00,0.0
2008-12-26 12:00:00+00:00,0.0
2008-12-26 13:00:00+00:00,0.0
2008-12-26 14:00:00+00:00,0.18858144
2008-12-26 15:00:00+00:00,0.06283185
2008-12-26 16:00:00+00:00,0.07008992
2008-12-26 17:00:00+00:00,0.10001950000000001
2008-12-26 18:00:00+00:00,0.07431307
2008-12-26 19:00:00+00:00,0.020901676
2008-12-26 20:00:00+00:00,0.03403543
2008-12-26 21:00:00+00:00,0.17379634
2008-12-26 22:00:00+00:00,0.035957325
2008-12-26 23:00:00+00:00,0.0
2008-12-27 00:00:00+00:00,0.0
2008-12-27 01:00:00+00:00,0.0
2008-12-27 02:00:00+00:00,0.0
2008-12-27 03:00:00+00:00,0.0
2008-12-27 04:00:00+00:00,0.0
2008-12-27 05:00:00+00:00,0.0
2008-12-27 06:00:00+00:00,0.0
2008-12-27 07:00:00+00:00,0.0
2008-12-27 08:00:00+00:00,0.0
2008-12-27 09:00:00+00:00,0.0
2008-12-27 10:00:00+00:00,0.0
2008-12-27 11:00:00+00:00,0.0
2008-12-27 12:00:00+00:00,0.0
2008-12-27 13:00:00+00:00,0.0
2008-12-27 14:00:00+00:00,0.047635738
2008-12-27 15:00:00+00:00,0.15634951
2008-12-27 16:00:00+00:00,0.32883382
2008-12-27 17:00:00+00:00,0.27578723
2008-12-27 18:00:00+00:00,0.24178039
2008-12-27 19:00:00+00:00,0.23443091
2008-12-27 20:00:00+00:00,0.07427964
2008-12-27 21:00:00+00:00,0.029710400000000005
2008-12-27 22:00:00+00:00,0.00012423853
2008-12-27 23:00:00+00:00,0.0
2008-12-28 00:00:00+00:00,0.0
2008-12-28 01:00:00+00:00,0.0
2008-12-28 02:00:00+00:00,0.0
2008-12-28 03:00:00+00:00,0.0
2008-12-28 04:00:00+00:00,0.0
2008-12-28 05:00:00+00:00,0.0
2008-12-28 06:00:00+00:00,0.0
2008-12-28 07:00:00+00:00,0.0
2008-12-28 08:00:00+00:00,0.0
2008-12-28 09:00:00+00:00,0.0
2008-12-28 10:00:00+00:00,0.0
2008-12-28 11:00:00+00:00,0.0
2008-12-28 12:00:00+00:00,0.0
2008-12-28 13:00:00+00:00,0.0
2008-12-28 14:00:00+00:00,0.23493426
2008-12-28 15:00:00+00:00,0.52895343
2008-12-28 16:00:00+00:00,0.50474745
2008-12-28 17:00:00+00:00,0.45096379999999997
2008-12-28 18:00:00+00:00,0.43854209999999993
2008-12-28 19:00:00+00:00,0.47930482
2008-12-28 20:00:00+00:00,0.52040756
2008-12-28 21:00:00+00:00,0.42036772
2008-12-28 22:00:00+00:00,0.0665277
2008-12-28 23:00:00+00:00,0.0
2008-12-29 00:00:00+00:00,0.0
2008-12-29 01:00:00+00:00,0.0
2008-12-29 02:00:00+00:00,0.0
2008-12-29 03:00:00+00:00,0.0
2008-12-29 04:00:00+00:00,0.0
2008-12-29 05:00:00+00:00,0.0
2008-12-29 06:00:00+00:00,0.0
2008-12-29 07:00:00+00:00,0.0
2008-12-29 08:00:00+00:00,0.0
2008-12-29 09:00:00+00:00,0.0
2008-12-29 10:00:00+00:00,0.0
2008-12-29 11:00:00+00:00,0.0
2008-12-29 12:00:00+00:00,0.0
2008-12-29 13:00:00+00:00,0.0
2008-12-29 14:00:00+00:00,0.29673648
2008-12-29 15:00:00+00:00,0.51878697
2008-12-29 16:00:00+00:00,0.49528720000000004
2008-12-29 17:00:00+00:00,0.44277543
2008-12-29 18:00:00+00:00,0.42947170000000007
2008-12-29 19:00:00+00:00,0.4700078
2008-12-29 20:00:00+00:00,0.5105587
2008-12-29 21:00:00+00:00,0.40995982
2008-12-29 22:00:00+00:00,0.07160461
2008-12-29 23:00:00+00:00,0.0
2008-12-30 00:00:00+00:00,0.0
2008-12-30 01:00:00+00:00,0.0
2008-12-30 02:00:00+00:00,0.0
2008-12-30 03:00:00+00:00,0.0
2008-12-30 04:00:00+00:00,0.0
2008-12-30 05:00:00+00:00,0.0
2008-12-30 06:00:00+00:00,0.0
2008-12-30 07:00:00+00:00,0.0
2008-12-30 08:00:00+00:00,0.0
2008-12-30 09:00:00+00:00,0.0
2008-12-30 10:00:00+00:00,0.0
2008-12-30 11:00:00+00:00,0.0
2008-12-30 12:00:00+00:00,0.0
2008-12-30 13:00:00+00:00,0.0
2008-12-30 14:00:00+00:00,0.2829136
2008-12-30 15:00:00+00:00,0.50522125
2008-12-30 16:00:00+00:00,0.48933180000000004
2008-12-30 17:00:00+00:00,0.43520814
2008-12-30 18:00:00+00:00,0.42333144
2008-12-30 19:00:00+00:00,0.46269390000000005
2008-12-30 20:00:00+00:00,0.5056955
2008-12-30 21:00:00+00:00,0.41395465
2008-12-30 22:00:00+00:00,0.07676547
2008-12-30 23:00:00+00:00,0.0
2008-12-31 00:00:00+00:00,0.0
2008-12-31 01:00:00+00:00,0.0
2008-12-31 02:00:00+00:00,0.0
2008-12-31 03:00:00+00:00,0.0
2008-12-31 04:00:00+00:00,0.0
2008-12-31 05:00:00+00:00,0.0
2008-12-31 06:00:00+00:00,0.0
2008-12-31 07:00:00+00:00,0.0
2008-12-31 08:00:00+00:00,0.0
2008-12-31 09:00:00+00:00,0.0
2008-12-31 10:00:00+00:00,0.0
2008-12-31 11:00:00+00:00,0.0
2008-12-31 12:00:00+00:00,0.0
2008-12-31 13:00:00+00:00,0.0
2008-12-31 14:00:00+00:00,0.3111882
2008-12-31 15:00:00+00:00,0.54042804
2008-12-31 16:00:00+00:00,0.5153109
2008-12-31 17:00:00+00:00,0.45719132
2008-12-31 18:00:00+00:00,0.37059852
2008-12-31 19:00:00+00:00,0.35060328
2008-12-31 20:00:00+00:00,0.44711664
2008-12-31 21:00:00+00:00,0.09809924
2008-12-31 22:00:00+00:00,0.014248571000000002
2008-12-31 23:00:00+00:00,0.0
2009-01-01 00:00:00+00:00,0.0
2009-01-01 01:00:00+00:00,0.0
2009-01-01 02:00:00+00:00,0.0
2009-01-01 03:00:00+00:00,0.0
2009-01-01 04:00:00+00:00,0.0
2009-01-01 05:00:00+00:00,0.0
2009-01-01 06:00:00+00:00,0.0
2009-01-01 07:00:00+00:00,0.0
2009-01-01 08:00:00+00:00,0.0
2009-01-01 09:00:00+00:00,0.0
2009-01-01 10:00:00+00:00,0.0
2009-01-01 11:00:00+00:00,0.0
2009-01-01 12:00:00+00:00,0.0
2009-01-01 13:00:00+00:00,0.0
2009-01-01 14:00:00+00:00,0.12343079
2009-01-01 15:00:00+00:00,0.2774036
2009-01-01 16:00:00+00:00,0.3022331
2009-01-01 17:00:00+00:00,0.35146020000000006
2009-01-01 18:00:00+00:00,0.33874628
2009-01-01 19:00:00+00:00,0.34751666
2009-01-01 20:00:00+00:00,0.34330863
2009-01-01 21:00:00+00:00,0.23536475
2009-01-01 22:00:00+00:00,0.08964680000000001
2009-01-01 23:00:00+00:00,0.0
2009-01-02 00:00:00+00:00,0.0
2009-01-02 01:00:00+00:00,0.0
2009-01-02 02:00:00+00:00,0.0
2009-01-02 03:00:00+00:00,0.0
2009-01-02 04:00:00+00:00,0.0
2009-01-02 05:00:00+00:00,0.0
2009-01-02 06:00:00+00:00,0.0
2009-01-02 07:00:00+00:00,0.0
2009-01-02 08:00:00+00:00,0.0
2009-01-02 09:00:00+00:00,0.0
2009-01-02 10:00:00+00:00,0.0
2009-01-02 11:00:00+00:00,0.0
2009-01-02 12:00:00+00:00,0.0
2009-01-02 13:00:00+00:00,0.0
2009-01-02 14:00:00+00:00,0.17713608
2009-01-02 15:00:00+00:00,0.054009072000000005
2009-01-02 16:00:00+00:00,0.14159337
2009-01-02 17:00:00+00:00,0.19540578
2009-01-02 18:00:00+00:00,0.28177172
2009-01-02 19:00:00+00:00,0.25721955
2009-01-02 20:00:00+00:00,0.06723412
2009-01-02 21:00:00+00:00,0.07246021
2009-01-02 22:00:00+00:00,0.008462038
2009-01-02 23:00:00+00:00,0.0
2009-01-03 00:00:00+00:00,0.0
2009-01-03 01:00:00+00:00,0.0
2009-01-03 02:00:00+00:00,0.0
2009-01-03 03:00:00+00:00,0.0
2009-01-03 04:00:00+00:00,0.0
2009-01-03 05:00:00+00:00,0.0
2009-01-03 06:00:00+00:00,0.0
2009-01-03 07:00:00+00:00,0.0
2009-01-03 08:00:00+00:00,0.0
2009-01-03 09:00:00+00:00,0.0
2009-01-03 10:00:00+00:00,0.0
2009-01-03 11:00:00+00:00,0.0
2009-01-03 12:00:00+00:00,0.0
2009-01-03 13:00:00+00:00,0.0
2009-01-03 14:00:00+00:00,0.16349556
2009-01-03 15:00:00+00:00,0.020535601
2009-01-03 16:00:00+00:00,0.03655977
2009-01-03 17:00:00+00:00,0.049484442999999996
2009-01-03 18:00:00+00:00,0.09278435
2009-01-03 19:00:00+00:00,0.062440928
2009-01-03 20:00:00+00:00,0.28300908
2009-01-03 21:00:00+00:00,0.25968507
2009-01-03 22:00:00+00:00,0.06050686
2009-01-03 23:00:00+00:00,0.0
2009-01-04 00:00:00+00:00,0.0
2009-01-04 01:00:00+00:00,0.0
2009-01-04 02:00:00+00:00,0.0
2009-01-04 03:00:00+00:00,0.0
2009-01-04 04:00:00+00:00,0.0
2009-01-04 05:00:00+00:00,0.0
2009-01-04 06:00:00+00:00,0.0
2009-01-04 07:00:00+00:00,0.0
2009-01-04 08:00:00+00:00,0.0
2009-01-04 09:00:00+00:00,0.0
2009-01-04 10:00:00+00:00,0.0
2009-01-04 11:00:00+00:00,0.0
2009-01-04 12:00:00+00:00,0.0
2009-01-04 13:00:00+00:00,0.0
2009-01-04 14:00:00+00:00,0.0111384
2009-01-04 15:00:00+00:00,0.30309573
2009-01-04 16:00:00+00:00,0.31323963
2009-01-04 17:00:00+00:00,0.25303248
2009-01-04 18:00:00+00:00,0.19998306
2009-01-04 19:00:00+00:00,0.08369694
2009-01-04 20:00:00+00:00,0.07316086
2009-01-04 21:00:00+00:00,0.040987715
2009-01-04 22:00:00+00:00,0.004879965
2009-01-04 23:00:00+00:00,0.0
2009-01-05 00:00:00+00:00,0.0
2009-01-05 01:00:00+00:00,0.0
2009-01-05 02:00:00+00:00,0.0
2009-01-05 03:00:00+00:00,0.0
2009-01-05 04:00:00+00:00,0.0
2009-01-05 05:00:00+00:00,0.0
2009-01-05 06:00:00+00:00,0.0
2009-01-05 07:00:00+00:00,0.0
2009-01-05 08:00:00+00:00,0.0
2009-01-05 09:00:00+00:00,0.0
2009-01-05 10:00:00+00:00,0.0
2009-01-05 11:00:00+00:00,0.0
2009-01-05 12:00:00+00:00,0.0
2009-01-05 13:00:00+00:00,0.0
2009-01-05 14:00:00+00:00,0.0064854940000000005
2009-01-05 15:00:00+00:00,0.06460725
2009-01-05 16:00:00+00:00,0.028760652999999997
2009-01-05 17:00:00+00:00,0.08597545
2009-01-05 18:00:00+00:00,0.04597467
2009-01-05 19:00:00+00:00,0.034525584
2009-01-05 20:00:00+00:00,0.014694867
2009-01-05 21:00:00+00:00,0.017315516
2009-01-05 22:00:00+00:00,0.0005913767
2009-01-05 23:00:00+00:00,0.0
2009-01-06 00:00:00+00:00,0.0
2009-01-06 01:00:00+00:00,0.0
2009-01-06 02:00:00+00:00,0.0
2009-01-06 03:00:00+00:00,0.0
2009-01-06 04:00:00+00:00,0.0
2009-01-06 05:00:00+00:00,0.0
2009-01-06 06:00:00+00:00,0.0
2009-01-06 07:00:00+00:00,0.0
2009-01-06 08:00:00+00:00,0.0
2009-01-06 09:00:00+00:00,0.0
2009-01-06 10:00:00+00:00,0.0
2009-01-06 11:00:00+00:00,0.0
2009-01-06 12:00:00+00:00,0.0
2009-01-06 13:00:00+00:00,0.0
2009-01-06 14:00:00+00:00,0.008744432
2009-01-06 15:00:00+00:00,0.06773014
2009-01-06 16:00:00+00:00,0.091303736
2009-01-06 17:00:00+00:00,0.22102596
2009-01-06 18:00:00+00:00,0.1117558
2009-01-06 19:00:00+00:00,0.117897056
2009-01-06 20:00:00+00:00,0.20610008
2009-01-06 21:00:00+00:00,0.0044365237
2009-01-06 22:00:00+00:00,0.00023193640999999998
2009-01-06 23:00:00+00:00,0.0
2009-01-07 00:00:00+00:00,0.0
2009-01-07 01:00:00+00:00,0.0
2009-01-07 02:00:00+00:00,0.0
2009-01-07 03:00:00+00:00,0.0
2009-01-07 04:00:00+00:00,0.0
2009-01-07 05:00:00+00:00,0.0
2009-01-07 06:00:00+00:00,0.0
2009-01-07 07:00:00+00:00,0.0
2009-01-07 08:00:00+00:00,0.0
2009-01-07 09:00:00+00:00,0.0
2009-01-07 10:00:00+00:00,0.0
2009-01-07 11:00:00+00:00,0.0
2009-01-07 12:00:00+00:00,0.0
2009-01-07 13:00:00+00:00,0.0
2009-01-07 14:00:00+00:00,0.30617976
2009-01-07 15:00:00+00:00,0.546888
2009-01-07 16:00:00+00:00,0.5374965
2009-01-07 17:00:00+00:00,0.48846143
2009-01-07 18:00:00+00:00,0.40557924
2009-01-07 19:00:00+00:00,0.25641924
2009-01-07 20:00:00+00:00,0.23332362
2009-01-07 21:00:00+00:00,0.23952535
2009-01-07 22:00:00+00:00,0.064527236
2009-01-07 23:00:00+00:00,0.0
2009-01-08 00:00:00+00:00,0.0
2009-01-08 01:00:00+00:00,0.0
2009-01-08 02:00:00+00:00,0.0
2009-01-08 03:00:00+00:00,0.0
2009-01-08 04:00:00+00:00,0.0
2009-01-08 05:00:00+00:00,0.0
2009-01-08 06:00:00+00:00,0.0
2009-01-08 07:00:00+00:00,0.0
2009-01-08 08:00:00+00:00,0.0
2009-01-08 09:00:00+00:00,0.0
2009-01-08 10:00:00+00:00,0.0
2009-01-08 11:00:00+00:00,0.0
2009-01-08 12:00:00+00:00,0.0
2009-01-08 13:00:00+00:00,0.0
2009-01-08 14:00:00+00:00,0.23518467
2009-01-08 15:00:00+00:00,0.5132101
2009-01-08 16:00:00+00:00,0.5030779000000001
2009-01-08 17:00:00+00:00,0.45364687
2009-01-08 18:00:00+00:00,0.43664992
2009-01-08 19:00:00+00:00,0.31759602
2009-01-08 20:00:00+00:00,0.51748055
2009-01-08 21:00:00+00:00,0.46289402
2009-01-08 22:00:00+00:00,0.13945425
2009-01-08 23:00:00+00:00,0.0
2009-01-09 00:00:00+00:00,0.0
2009-01-09 01:00:00+00:00,0.0
2009-01-09 02:00:00+00:00,0.0
2009-01-09 03:00:00+00:00,0.0
2009-01-09 04:00:00+00:00,0.0
2009-01-09 05:00:00+00:00,0.0
2009-01-09 06:00:00+00:00,0.0
2009-01-09 07:00:00+00:00,0.0
2009-01-09 08:00:00+00:00,0.0
2009-01-09 09:00:00+00:00,0.0
2009-01-09 10:00:00+00:00,0.0
2009-01-09 11:00:00+00:00,0.0
2009-01-09 12:00:00+00:00,0.0
2009-01-09 13:00:00+00:00,0.0
2009-01-09 14:00:00+00:00,0.05998193
2009-01-09 15:00:00+00:00,0.018885618
2009-01-09 16:00:00+00:00,0.054351675999999995
2009-01-09 17:00:00+00:00,0.043444682000000005
2009-01-09 18:00:00+00:00,0.026663342000000003
2009-01-09 19:00:00+00:00,0.015785538000000002
2009-01-09 20:00:00+00:00,0.014392661000000001
2009-01-09 21:00:00+00:00,0.0051751340000000005
2009-01-09 22:00:00+00:00,0.06638639
2009-01-09 23:00:00+00:00,0.0
2009-01-10 00:00:00+00:00,0.0
2009-01-10 01:00:00+00:00,0.0
2009-01-10 02:00:00+00:00,0.0
2009-01-10 03:00:00+00:00,0.0
2009-01-10 04:00:00+00:00,0.0
2009-01-10 05:00:00+00:00,0.0
2009-01-10 06:00:00+00:00,0.0
2009-01-10 07:00:00+00:00,0.0
2009-01-10 08:00:00+00:00,0.0
2009-01-10 09:00:00+00:00,0.0
2009-01-10 10:00:00+00:00,0.0
2009-01-10 11:00:00+00:00,0.0
2009-01-10 12:00:00+00:00,0.0
2009-01-10 13:00:00+00:00,0.0
2009-01-10 14:00:00+00:00,0.0021755546
2009-01-10 15:00:00+00:00,0.019367322
2009-01-10 16:00:00+00:00,0.05560717
2009-01-10 17:00:00+00:00,0.14543693
2009-01-10 18:00:00+00:00,0.10283019
2009-01-10 19:00:00+00:00,0.08321125
2009-01-10 20:00:00+00:00,0.3719241
2009-01-10 21:00:00+00:00,0.45084345
2009-01-10 22:00:00+00:00,0.13893723
2009-01-10 23:00:00+00:00,0.0
2009-01-11 00:00:00+00:00,0.0
2009-01-11 01:00:00+00:00,0.0
2009-01-11 02:00:00+00:00,0.0
2009-01-11 03:00:00+00:00,0.0
2009-01-11 04:00:00+00:00,0.0
2009-01-11 05:00:00+00:00,0.0
2009-01-11 06:00:00+00:00,0.0
2009-01-11 07:00:00+00:00,0.0
2009-01-11 08:00:00+00:00,0.0
2009-01-11 09:00:00+00:00,0.0
2009-01-11 10:00:00+00:00,0.0
2009-01-11 11:00:00+00:00,0.0
2009-01-11 12:00:00+00:00,0.0
2009-01-11 13:00:00+00:00,0.0
2009-01-11 14:00:00+00:00,0.027291602999999998
2009-01-11 15:00:00+00:00,0.26345846
2009-01-11 16:00:00+00:00,0.30899036
2009-01-11 17:00:00+00:00,0.26660448
2009-01-11 18:00:00+00:00,0.31419754
2009-01-11 19:00:00+00:00,0.21224548
2009-01-11 20:00:00+00:00,0.23939669
2009-01-11 21:00:00+00:00,0.14590533
2009-01-11 22:00:00+00:00,0.040467456
2009-01-11 23:00:00+00:00,0.0
2009-01-12 00:00:00+00:00,0.0
2009-01-12 01:00:00+00:00,0.0
2009-01-12 02:00:00+00:00,0.0
2009-01-12 03:00:00+00:00,0.0
2009-01-12 04:00:00+00:00,0.0
2009-01-12 05:00:00+00:00,0.0
2009-01-12 06:00:00+00:00,0.0
2009-01-12 07:00:00+00:00,0.0
2009-01-12 08:00:00+00:00,0.0
2009-01-12 09:00:00+00:00,0.0
2009-01-12 10:00:00+00:00,0.0
2009-01-12 11:00:00+00:00,0.0
2009-01-12 12:00:00+00:00,0.0
2009-01-12 13:00:00+00:00,0.0
2009-01-12 14:00:00+00:00,0.029514456
2009-01-12 15:00:00+00:00,0.024733972000000003
2009-01-12 16:00:00+00:00,0.025525813999999997
2009-01-12 17:00:00+00:00,0.08681939999999999
2009-01-12 18:00:00+00:00,0.08896806
2009-01-12 19:00:00+00:00,0.07288059
2009-01-12 20:00:00+00:00,0.10774563
2009-01-12 21:00:00+00:00,0.1644675
2009-01-12 22:00:00+00:00,0.05162959999999999
2009-01-12 23:00:00+00:00,0.0
2009-01-13 00:00:00+00:00,0.0
2009-01-13 01:00:00+00:00,0.0
2009-01-13 02:00:00+00:00,0.0
2009-01-13 03:00:00+00:00,0.0
2009-01-13 04:00:00+00:00,0.0
2009-01-13 05:00:00+00:00,0.0
2009-01-13 06:00:00+00:00,0.0
2009-01-13 07:00:00+00:00,0.0
2009-01-13 08:00:00+00:00,0.0
2009-01-13 09:00:00+00:00,0.0
2009-01-13 10:00:00+00:00,0.0
2009-01-13 11:00:00+00:00,0.0
2009-01-13 12:00:00+00:00,0.0
2009-01-13 13:00:00+00:00,0.0
2009-01-13 14:00:00+00:00,0.09141916
2009-01-13 15:00:00+00:00,0.083866045
2009-01-13 16:00:00+00:00,0.33255196
2009-01-13 17:00:00+00:00,0.30450459999999996
2009-01-13 18:00:00+00:00,0.29417926
2009-01-13 19:00:00+00:00,0.34123236
2009-01-13 20:00:00+00:00,0.06811282
2009-01-13 21:00:00+00:00,0.0496722
2009-01-13 22:00:00+00:00,0.027632395
2009-01-13 23:00:00+00:00,0.0
2009-01-14 00:00:00+00:00,0.0
2009-01-14 01:00:00+00:00,0.0
2009-01-14 02:00:00+00:00,0.0
2009-01-14 03:00:00+00:00,0.0
2009-01-14 04:00:00+00:00,0.0
2009-01-14 05:00:00+00:00,0.0
2009-01-14 06:00:00+00:00,0.0
2009-01-14 07:00:00+00:00,0.0
2009-01-14 08:00:00+00:00,0.0
2009-01-14 09:00:00+00:00,0.0
2009-01-14 10:00:00+00:00,0.0
2009-01-14 11:00:00+00:00,0.0
2009-01-14 12:00:00+00:00,0.0
2009-01-14 13:00:00+00:00,0.0
2009-01-14 14:00:00+00:00,0.06525919599999999
2009-01-14 15:00:00+00:00,0.39475125
2009-01-14 16:00:00+00:00,0.5880107
2009-01-14 17:00:00+00:00,0.5355186
2009-01-14 18:00:00+00:00,0.51697093
2009-01-14 19:00:00+00:00,0.55761826
2009-01-14 20:00:00+00:00,0.6112719
2009-01-14 21:00:00+00:00,0.58551085
2009-01-14 22:00:00+00:00,0.20713589999999998
2009-01-14 23:00:00+00:00,0.0
2009-01-15 00:00:00+00:00,0.0
2009-01-15 01:00:00+00:00,0.0
2009-01-15 02:00:00+00:00,0.0
2009-01-15 03:00:00+00:00,0.0
2009-01-15 04:00:00+00:00,0.0
2009-01-15 05:00:00+00:00,0.0
2009-01-15 06:00:00+00:00,0.0
2009-01-15 07:00:00+00:00,0.0
2009-01-15 08:00:00+00:00,0.0
2009-01-15 09:00:00+00:00,0.0
2009-01-15 10:00:00+00:00,0.0
2009-01-15 11:00:00+00:00,0.0
2009-01-15 12:00:00+00:00,0.0
2009-01-15 13:00:00+00:00,0.0
2009-01-15 14:00:00+00:00,0.36348477
2009-01-15 15:00:00+00:00,0.6099975000000001
2009-01-15 16:00:00+00:00,0.5860951
2009-01-15 17:00:00+00:00,0.52834153
2009-01-15 18:00:00+00:00,0.5073247999999999
2009-01-15 19:00:00+00:00,0.46309066
2009-01-15 20:00:00+00:00,0.54137254
2009-01-15 21:00:00+00:00,0.37728167
2009-01-15 22:00:00+00:00,0.2027269
2009-01-15 23:00:00+00:00,0.0
2009-01-16 00:00:00+00:00,0.0
2009-01-16 01:00:00+00:00,0.0
2009-01-16 02:00:00+00:00,0.0
2009-01-16 03:00:00+00:00,0.0
2009-01-16 04:00:00+00:00,0.0
2009-01-16 05:00:00+00:00,0.0
2009-01-16 06:00:00+00:00,0.0
2009-01-16 07:00:00+00:00,0.0
2009-01-16 08:00:00+00:00,0.0
2009-01-16 09:00:00+00:00,0.0
2009-01-16 10:00:00+00:00,0.0
2009-01-16 11:00:00+00:00,0.0
2009-01-16 12:00:00+00:00,0.0
2009-01-16 13:00:00+00:00,0.0
2009-01-16 14:00:00+00:00,0.121085964
2009-01-16 15:00:00+00:00,0.25019404
2009-01-16 16:00:00+00:00,0.27268788
2009-01-16 17:00:00+00:00,0.34361909999999996
2009-01-16 18:00:00+00:00,0.18885289
2009-01-16 19:00:00+00:00,0.1746192
2009-01-16 20:00:00+00:00,0.5318795999999999
2009-01-16 21:00:00+00:00,0.48658293
2009-01-16 22:00:00+00:00,0.16568968
2009-01-16 23:00:00+00:00,0.0
2009-01-17 00:00:00+00:00,0.0
2009-01-17 01:00:00+00:00,0.0
2009-01-17 02:00:00+00:00,0.0
2009-01-17 03:00:00+00:00,0.0
2009-01-17 04:00:00+00:00,0.0
2009-01-17 05:00:00+00:00,0.0
2009-01-17 06:00:00+00:00,0.0
2009-01-17 07:00:00+00:00,0.0
2009-01-17 08:00:00+00:00,0.0
2009-01-17 09:00:00+00:00,0.0
2009-01-17 10:00:00+00:00,0.0
2009-01-17 11:00:00+00:00,0.0
2009-01-17 12:00:00+00:00,0.0
2009-01-17 13:00:00+00:00,0.0
2009-01-17 14:00:00+00:00,0.0024509907
2009-01-17 15:00:00+00:00,0.022271901
2009-01-17 16:00:00+00:00,0.056346387000000005
2009-01-17 17:00:00+00:00,0.12051549
2009-01-17 18:00:00+00:00,0.195079
2009-01-17 19:00:00+00:00,0.15453553
2009-01-17 20:00:00+00:00,0.18733469
2009-01-17 21:00:00+00:00,0.14296366
2009-01-17 22:00:00+00:00,0.1521401
2009-01-17 23:00:00+00:00,0.0
2009-01-18 00:00:00+00:00,0.0
2009-01-18 01:00:00+00:00,0.0
2009-01-18 02:00:00+00:00,0.0
2009-01-18 03:00:00+00:00,0.0
2009-01-18 04:00:00+00:00,0.0
2009-01-18 05:00:00+00:00,0.0
2009-01-18 06:00:00+00:00,0.0
2009-01-18 07:00:00+00:00,0.0
2009-01-18 08:00:00+00:00,0.0
2009-01-18 09:00:00+00:00,0.0
2009-01-18 10:00:00+00:00,0.0
2009-01-18 11:00:00+00:00,0.0
2009-01-18 12:00:00+00:00,0.0
2009-01-18 13:00:00+00:00,0.0
2009-01-18 14:00:00+00:00,0.18190563
2009-01-18 15:00:00+00:00,0.5440543000000001
2009-01-18 16:00:00+00:00,0.5564559
2009-01-18 17:00:00+00:00,0.51855487
2009-01-18 18:00:00+00:00,0.5004026
2009-01-18 19:00:00+00:00,0.48603898
2009-01-18 20:00:00+00:00,0.40866634
2009-01-18 21:00:00+00:00,0.13692959
2009-01-18 22:00:00+00:00,0.07400151
2009-01-18 23:00:00+00:00,0.0
2009-01-19 00:00:00+00:00,0.0
2009-01-19 01:00:00+00:00,0.0
2009-01-19 02:00:00+00:00,0.0
2009-01-19 03:00:00+00:00,0.0
2009-01-19 04:00:00+00:00,0.0
2009-01-19 05:00:00+00:00,0.0
2009-01-19 06:00:00+00:00,0.0
2009-01-19 07:00:00+00:00,0.0
2009-01-19 08:00:00+00:00,0.0
2009-01-19 09:00:00+00:00,0.0
2009-01-19 10:00:00+00:00,0.0
2009-01-19 11:00:00+00:00,0.0
2009-01-19 12:00:00+00:00,0.0
2009-01-19 13:00:00+00:00,0.0
2009-01-19 14:00:00+00:00,0.17973818
2009-01-19 15:00:00+00:00,0.31716704
2009-01-19 16:00:00+00:00,0.21271671
2009-01-19 17:00:00+00:00,0.37139508
2009-01-19 18:00:00+00:00,0.2814238
2009-01-19 19:00:00+00:00,0.32798165
2009-01-19 20:00:00+00:00,0.20571932
2009-01-19 21:00:00+00:00,0.20231569
2009-01-19 22:00:00+00:00,0.19488351
2009-01-19 23:00:00+00:00,0.0
2009-01-20 00:00:00+00:00,0.0
2009-01-20 01:00:00+00:00,0.0
2009-01-20 02:00:00+00:00,0.0
2009-01-20 03:00:00+00:00,0.0
2009-01-20 04:00:00+00:00,0.0
2009-01-20 05:00:00+00:00,0.0
2009-01-20 06:00:00+00:00,0.0
2009-01-20 07:00:00+00:00,0.0
2009-01-20 08:00:00+00:00,0.0
2009-01-20 09:00:00+00:00,0.0
2009-01-20 10:00:00+00:00,0.0
2009-01-20 11:00:00+00:00,0.0
2009-01-20 12:00:00+00:00,0.0
2009-01-20 13:00:00+00:00,0.0
2009-01-20 14:00:00+00:00,0.16881669
2009-01-20 15:00:00+00:00,0.34427786
2009-01-20 16:00:00+00:00,0.57342136
2009-01-20 17:00:00+00:00,0.46692446
2009-01-20 18:00:00+00:00,0.50729775
2009-01-20 19:00:00+00:00,0.5388231
2009-01-20 20:00:00+00:00,0.5800208
2009-01-20 21:00:00+00:00,0.5538531
2009-01-20 22:00:00+00:00,0.22972547
2009-01-20 23:00:00+00:00,0.0
2009-01-21 00:00:00+00:00,0.0
2009-01-21 01:00:00+00:00,0.0
2009-01-21 02:00:00+00:00,0.0
2009-01-21 03:00:00+00:00,0.0
2009-01-21 04:00:00+00:00,0.0
2009-01-21 05:00:00+00:00,0.0
2009-01-21 06:00:00+00:00,0.0
2009-01-21 07:00:00+00:00,0.0
2009-01-21 08:00:00+00:00,0.0
2009-01-21 09:00:00+00:00,0.0
2009-01-21 10:00:00+00:00,0.0
2009-01-21 11:00:00+00:00,0.0
2009-01-21 12:00:00+00:00,0.0
2009-01-21 13:00:00+00:00,0.0
2009-01-21 14:00:00+00:00,0.33658576
2009-01-21 15:00:00+00:00,0.55439216
2009-01-21 16:00:00+00:00,0.54569775
2009-01-21 17:00:00+00:00,0.38919709999999996
2009-01-21 18:00:00+00:00,0.45824899999999996
2009-01-21 19:00:00+00:00,0.50393146
2009-01-21 20:00:00+00:00,0.539219
2009-01-21 21:00:00+00:00,0.5097885
2009-01-21 22:00:00+00:00,0.21667552
2009-01-21 23:00:00+00:00,0.0
2009-01-22 00:00:00+00:00,0.0
2009-01-22 01:00:00+00:00,0.0
2009-01-22 02:00:00+00:00,0.0
2009-01-22 03:00:00+00:00,0.0
2009-01-22 04:00:00+00:00,0.0
2009-01-22 05:00:00+00:00,0.0
2009-01-22 06:00:00+00:00,0.0
2009-01-22 07:00:00+00:00,0.0
2009-01-22 08:00:00+00:00,0.0
2009-01-22 09:00:00+00:00,0.0
2009-01-22 10:00:00+00:00,0.0
2009-01-22 11:00:00+00:00,0.0
2009-01-22 12:00:00+00:00,0.0
2009-01-22 13:00:00+00:00,0.0
2009-01-22 14:00:00+00:00,0.27590534
2009-01-22 15:00:00+00:00,0.50983834
2009-01-22 16:00:00+00:00,0.46916062
2009-01-22 17:00:00+00:00,0.33681232
2009-01-22 18:00:00+00:00,0.35709178
2009-01-22 19:00:00+00:00,0.46023646
2009-01-22 20:00:00+00:00,0.35727262
2009-01-22 21:00:00+00:00,0.17666158
2009-01-22 22:00:00+00:00,0.08103074
2009-01-22 23:00:00+00:00,0.0
2009-01-23 00:00:00+00:00,0.0
2009-01-23 01:00:00+00:00,0.0
2009-01-23 02:00:00+00:00,0.0
2009-01-23 03:00:00+00:00,0.0
2009-01-23 04:00:00+00:00,0.0
2009-01-23 05:00:00+00:00,0.0
2009-01-23 06:00:00+00:00,0.0
2009-01-23 07:00:00+00:00,0.0
2009-01-23 08:00:00+00:00,0.0
2009-01-23 09:00:00+00:00,0.0
2009-01-23 10:00:00+00:00,0.0
2009-01-23 11:00:00+00:00,0.0
2009-01-23 12:00:00+00:00,0.0
2009-01-23 13:00:00+00:00,0.0
2009-01-23 14:00:00+00:00,0.04218865
2009-01-23 15:00:00+00:00,0.048685055
2009-01-23 16:00:00+00:00,0.09086748
2009-01-23 17:00:00+00:00,0.23711656
2009-01-23 18:00:00+00:00,0.51173466
2009-01-23 19:00:00+00:00,0.543504
2009-01-23 20:00:00+00:00,0.5945935999999999
2009-01-23 21:00:00+00:00,0.56577426
2009-01-23 22:00:00+00:00,0.25672415
2009-01-23 23:00:00+00:00,0.0
2009-01-24 00:00:00+00:00,0.0
2009-01-24 01:00:00+00:00,0.0
2009-01-24 02:00:00+00:00,0.0
2009-01-24 03:00:00+00:00,0.0
2009-01-24 04:00:00+00:00,0.0
2009-01-24 05:00:00+00:00,0.0
2009-01-24 06:00:00+00:00,0.0
2009-01-24 07:00:00+00:00,0.0
2009-01-24 08:00:00+00:00,0.0
2009-01-24 09:00:00+00:00,0.0
2009-01-24 10:00:00+00:00,0.0
2009-01-24 11:00:00+00:00,0.0
2009-01-24 12:00:00+00:00,0.0
2009-01-24 13:00:00+00:00,0.0
2009-01-24 14:00:00+00:00,0.26301768
2009-01-24 15:00:00+00:00,0.1915001
2009-01-24 16:00:00+00:00,0.09923799999999999
2009-01-24 17:00:00+00:00,0.07658855
2009-01-24 18:00:00+00:00,0.051129464000000006
2009-01-24 19:00:00+00:00,0.07395321
2009-01-24 20:00:00+00:00,0.067566656
2009-01-24 21:00:00+00:00,0.011087993999999999
2009-01-24 22:00:00+00:00,0.16416454
2009-01-24 23:00:00+00:00,0.0
2009-01-25 00:00:00+00:00,0.0
2009-01-25 01:00:00+00:00,0.0
2009-01-25 02:00:00+00:00,0.0
2009-01-25 03:00:00+00:00,0.0
2009-01-25 04:00:00+00:00,0.0
2009-01-25 05:00:00+00:00,0.0
2009-01-25 06:00:00+00:00,0.0
2009-01-25 07:00:00+00:00,0.0
2009-01-25 08:00:00+00:00,0.0
2009-01-25 09:00:00+00:00,0.0
2009-01-25 10:00:00+00:00,0.0
2009-01-25 11:00:00+00:00,0.0
2009-01-25 12:00:00+00:00,0.0
2009-01-25 13:00:00+00:00,0.0
2009-01-25 14:00:00+00:00,0.27650820000000004
2009-01-25 15:00:00+00:00,0.31389335
2009-01-25 16:00:00+00:00,0.16749921
2009-01-25 17:00:00+00:00,0.12385283400000001
2009-01-25 18:00:00+00:00,0.1479233
2009-01-25 19:00:00+00:00,0.15250635
2009-01-25 20:00:00+00:00,0.087336384
2009-01-25 21:00:00+00:00,0.38123494
2009-01-25 22:00:00+00:00,0.17571652
2009-01-25 23:00:00+00:00,0.0
2009-01-26 00:00:00+00:00,0.0
2009-01-26 01:00:00+00:00,0.0
2009-01-26 02:00:00+00:00,0.0
2009-01-26 03:00:00+00:00,0.0
2009-01-26 04:00:00+00:00,0.0
2009-01-26 05:00:00+00:00,0.0
2009-01-26 06:00:00+00:00,0.0
2009-01-26 07:00:00+00:00,0.0
2009-01-26 08:00:00+00:00,0.0
2009-01-26 09:00:00+00:00,0.0
2009-01-26 10:00:00+00:00,0.0
2009-01-26 11:00:00+00:00,0.0
2009-01-26 12:00:00+00:00,0.0
2009-01-26 13:00:00+00:00,0.0
2009-01-26 14:00:00+00:00,0.006698415
2009-01-26 15:00:00+00:00,0.019533308
2009-01-26 16:00:00+00:00,0.014474543999999999
2009-01-26 17:00:00+00:00,0.055495072
2009-01-26 18:00:00+00:00,0.03323189
2009-01-26 19:00:00+00:00,0.07846260000000001
2009-01-26 20:00:00+00:00,0.037794366
2009-01-26 21:00:00+00:00,0.048408926
2009-01-26 22:00:00+00:00,0.014922738999999999
2009-01-26 23:00:00+00:00,0.0
2009-01-27 00:00:00+00:00,0.0
2009-01-27 01:00:00+00:00,0.0
2009-01-27 02:00:00+00:00,0.0
2009-01-27 03:00:00+00:00,0.0
2009-01-27 04:00:00+00:00,0.0
2009-01-27 05:00:00+00:00,0.0
2009-01-27 06:00:00+00:00,0.0
2009-01-27 07:00:00+00:00,0.0
2009-01-27 08:00:00+00:00,0.0
2009-01-27 09:00:00+00:00,0.0
2009-01-27 10:00:00+00:00,0.0
2009-01-27 11:00:00+00:00,0.0
2009-01-27 12:00:00+00:00,0.0
2009-01-27 13:00:00+00:00,0.0
2009-01-27 14:00:00+00:00,0.066870846
2009-01-27 15:00:00+00:00,0.019162262
2009-01-27 16:00:00+00:00,0.07460794
2009-01-27 17:00:00+00:00,0.13493586
2009-01-27 18:00:00+00:00,0.12390071
2009-01-27 19:00:00+00:00,0.10360685
2009-01-27 20:00:00+00:00,0.05667951
2009-01-27 21:00:00+00:00,0.03131553
2009-01-27 22:00:00+00:00,0.17352308
2009-01-27 23:00:00+00:00,0.0
2009-01-28 00:00:00+00:00,0.0
2009-01-28 01:00:00+00:00,0.0
2009-01-28 02:00:00+00:00,0.0
2009-01-28 03:00:00+00:00,0.0
2009-01-28 04:00:00+00:00,0.0
2009-01-28 05:00:00+00:00,0.0
2009-01-28 06:00:00+00:00,0.0
2009-01-28 07:00:00+00:00,0.0
2009-01-28 08:00:00+00:00,0.0
2009-01-28 09:00:00+00:00,0.0
2009-01-28 10:00:00+00:00,0.0
2009-01-28 11:00:00+00:00,0.0
2009-01-28 12:00:00+00:00,0.0
2009-01-28 13:00:00+00:00,0.0
2009-01-28 14:00:00+00:00,0.09958695599999999
2009-01-28 15:00:00+00:00,0.033104345
2009-01-28 16:00:00+00:00,0.07312177
2009-01-28 17:00:00+00:00,0.15669368
2009-01-28 18:00:00+00:00,0.10721051
2009-01-28 19:00:00+00:00,0.10404588
2009-01-28 20:00:00+00:00,0.064564
2009-01-28 21:00:00+00:00,0.032611318
2009-01-28 22:00:00+00:00,0.25435713
2009-01-28 23:00:00+00:00,0.0
2009-01-29 00:00:00+00:00,0.0
2009-01-29 01:00:00+00:00,0.0
2009-01-29 02:00:00+00:00,0.0
2009-01-29 03:00:00+00:00,0.0
2009-01-29 04:00:00+00:00,0.0
2009-01-29 05:00:00+00:00,0.0
2009-01-29 06:00:00+00:00,0.0
2009-01-29 07:00:00+00:00,0.0
2009-01-29 08:00:00+00:00,0.0
2009-01-29 09:00:00+00:00,0.0
2009-01-29 10:00:00+00:00,0.0
2009-01-29 11:00:00+00:00,0.0
2009-01-29 12:00:00+00:00,0.0
2009-01-29 13:00:00+00:00,0.0
2009-01-29 14:00:00+00:00,0.075002864
2009-01-29 15:00:00+00:00,0.06582791
2009-01-29 16:00:00+00:00,0.0722618
2009-01-29 17:00:00+00:00,0.07432695
2009-01-29 18:00:00+00:00,0.104889445
2009-01-29 19:00:00+00:00,0.3224587
2009-01-29 20:00:00+00:00,0.39695635
2009-01-29 21:00:00+00:00,0.5787051999999999
2009-01-29 22:00:00+00:00,0.2739091
2009-01-29 23:00:00+00:00,0.0
2009-01-30 00:00:00+00:00,0.0
2009-01-30 01:00:00+00:00,0.0
2009-01-30 02:00:00+00:00,0.0
2009-01-30 03:00:00+00:00,0.0
2009-01-30 04:00:00+00:00,0.0
2009-01-30 05:00:00+00:00,0.0
2009-01-30 06:00:00+00:00,0.0
2009-01-30 07:00:00+00:00,0.0
2009-01-30 08:00:00+00:00,0.0
2009-01-30 09:00:00+00:00,0.0
2009-01-30 10:00:00+00:00,0.0
2009-01-30 11:00:00+00:00,0.0
2009-01-30 12:00:00+00:00,0.0
2009-01-30 13:00:00+00:00,0.0
2009-01-30 14:00:00+00:00,0.41954040000000004
2009-01-30 15:00:00+00:00,0.62633824
2009-01-30 16:00:00+00:00,0.4018922
2009-01-30 17:00:00+00:00,0.32152194
2009-01-30 18:00:00+00:00,0.53954834
2009-01-30 19:00:00+00:00,0.56255174
2009-01-30 20:00:00+00:00,0.22188365
2009-01-30 21:00:00+00:00,0.5730854999999999
2009-01-30 22:00:00+00:00,0.2873366
2009-01-30 23:00:00+00:00,0.0
2009-01-31 00:00:00+00:00,0.0
2009-01-31 01:00:00+00:00,0.0
2009-01-31 02:00:00+00:00,0.0
2009-01-31 03:00:00+00:00,0.0
2009-01-31 04:00:00+00:00,0.0
2009-01-31 05:00:00+00:00,0.0
2009-01-31 06:00:00+00:00,0.0
2009-01-31 07:00:00+00:00,0.0
2009-01-31 08:00:00+00:00,0.0
2009-01-31 09:00:00+00:00,0.0
2009-01-31 10:00:00+00:00,0.0
2009-01-31 11:00:00+00:00,0.0
2009-01-31 12:00:00+00:00,0.0
2009-01-31 13:00:00+00:00,0.0
2009-01-31 14:00:00+00:00,0.40127853
2009-01-31 15:00:00+00:00,0.604608
2009-01-31 16:00:00+00:00,0.5974025
2009-01-31 17:00:00+00:00,0.5526838000000001
2009-01-31 18:00:00+00:00,0.52741957
2009-01-31 19:00:00+00:00,0.5507015000000001
2009-01-31 20:00:00+00:00,0.5803996
2009-01-31 21:00:00+00:00,0.5444078
2009-01-31 22:00:00+00:00,0.27379963
2009-01-31 23:00:00+00:00,0.0
2009-02-01 00:00:00+00:00,0.0
2009-02-01 01:00:00+00:00,0.0
2009-02-01 02:00:00+00:00,0.0
2009-02-01 03:00:00+00:00,0.0
2009-02-01 04:00:00+00:00,0.0
2009-02-01 05:00:00+00:00,0.0
2009-02-01 06:00:00+00:00,0.0
2009-02-01 07:00:00+00:00,0.0
2009-02-01 08:00:00+00:00,0.0
2009-02-01 09:00:00+00:00,0.0
2009-02-01 10:00:00+00:00,0.0
2009-02-01 11:00:00+00:00,0.0
2009-02-01 12:00:00+00:00,0.0
2009-02-01 13:00:00+00:00,0.0
2009-02-01 14:00:00+00:00,0.07703957
2009-02-01 15:00:00+00:00,0.28490427
2009-02-01 16:00:00+00:00,0.48635817
2009-02-01 17:00:00+00:00,0.4876518
2009-02-01 18:00:00+00:00,0.4757282
2009-02-01 19:00:00+00:00,0.48900887
2009-02-01 20:00:00+00:00,0.62987554
2009-02-01 21:00:00+00:00,0.6061273
2009-02-01 22:00:00+00:00,0.31971163
2009-02-01 23:00:00+00:00,0.0
2009-02-02 00:00:00+00:00,0.0
2009-02-02 01:00:00+00:00,0.0
2009-02-02 02:00:00+00:00,0.0
2009-02-02 03:00:00+00:00,0.0
2009-02-02 04:00:00+00:00,0.0
2009-02-02 05:00:00+00:00,0.0
2009-02-02 06:00:00+00:00,0.0
2009-02-02 07:00:00+00:00,0.0
2009-02-02 08:00:00+00:00,0.0
2009-02-02 09:00:00+00:00,0.0
2009-02-02 10:00:00+00:00,0.0
2009-02-02 11:00:00+00:00,0.0
2009-02-02 12:00:00+00:00,0.0
2009-02-02 13:00:00+00:00,0.0
2009-02-02 14:00:00+00:00,0.003900401
2009-02-02 15:00:00+00:00,0.032771397
2009-02-02 16:00:00+00:00,0.030516086
2009-02-02 17:00:00+00:00,0.06769119999999999
2009-02-02 18:00:00+00:00,0.14405464
2009-02-02 19:00:00+00:00,0.18835886
2009-02-02 20:00:00+00:00,0.11927339
2009-02-02 21:00:00+00:00,0.07424773
2009-02-02 22:00:00+00:00,0.015109361000000002
2009-02-02 23:00:00+00:00,0.0
2009-02-03 00:00:00+00:00,0.0
2009-02-03 01:00:00+00:00,0.0
2009-02-03 02:00:00+00:00,0.0
2009-02-03 03:00:00+00:00,0.0
2009-02-03 04:00:00+00:00,0.0
2009-02-03 05:00:00+00:00,0.0
2009-02-03 06:00:00+00:00,0.0
2009-02-03 07:00:00+00:00,0.0
2009-02-03 08:00:00+00:00,0.0
2009-02-03 09:00:00+00:00,0.0
2009-02-03 10:00:00+00:00,0.0
2009-02-03 11:00:00+00:00,0.0
2009-02-03 12:00:00+00:00,0.0
2009-02-03 13:00:00+00:00,0.0
2009-02-03 14:00:00+00:00,0.30107653
2009-02-03 15:00:00+00:00,0.18853284
2009-02-03 16:00:00+00:00,0.6314813
2009-02-03 17:00:00+00:00,0.5998955
2009-02-03 18:00:00+00:00,0.29627493
2009-02-03 19:00:00+00:00,0.26732677
2009-02-03 20:00:00+00:00,0.18606772
2009-02-03 21:00:00+00:00,0.43754244
2009-02-03 22:00:00+00:00,0.31098226
2009-02-03 23:00:00+00:00,0.0
2009-02-04 00:00:00+00:00,0.0
2009-02-04 01:00:00+00:00,0.0
2009-02-04 02:00:00+00:00,0.0
2009-02-04 03:00:00+00:00,0.0
2009-02-04 04:00:00+00:00,0.0
2009-02-04 05:00:00+00:00,0.0
2009-02-04 06:00:00+00:00,0.0
2009-02-04 07:00:00+00:00,0.0
2009-02-04 08:00:00+00:00,0.0
2009-02-04 09:00:00+00:00,0.0
2009-02-04 10:00:00+00:00,0.0
2009-02-04 11:00:00+00:00,0.0
2009-02-04 12:00:00+00:00,0.0
2009-02-04 13:00:00+00:00,0.0067259334
2009-02-04 14:00:00+00:00,0.45756
2009-02-04 15:00:00+00:00,0.6537463000000001
2009-02-04 16:00:00+00:00,0.6454755999999999
2009-02-04 17:00:00+00:00,0.6015053000000001
2009-02-04 18:00:00+00:00,0.57296616
2009-02-04 19:00:00+00:00,0.59787995
2009-02-04 20:00:00+00:00,0.62997895
2009-02-04 21:00:00+00:00,0.61047834
2009-02-04 22:00:00+00:00,0.3463442
2009-02-04 23:00:00+00:00,0.0
2009-02-05 00:00:00+00:00,0.0
2009-02-05 01:00:00+00:00,0.0
2009-02-05 02:00:00+00:00,0.0
2009-02-05 03:00:00+00:00,0.0
2009-02-05 04:00:00+00:00,0.0
2009-02-05 05:00:00+00:00,0.0
2009-02-05 06:00:00+00:00,0.0
2009-02-05 07:00:00+00:00,0.0
2009-02-05 08:00:00+00:00,0.0
2009-02-05 09:00:00+00:00,0.0
2009-02-05 10:00:00+00:00,0.0
2009-02-05 11:00:00+00:00,0.0
2009-02-05 12:00:00+00:00,0.0
2009-02-05 13:00:00+00:00,0.018476412
2009-02-05 14:00:00+00:00,0.39807552
2009-02-05 15:00:00+00:00,0.582565
2009-02-05 16:00:00+00:00,0.5906176
2009-02-05 17:00:00+00:00,0.56090486
2009-02-05 18:00:00+00:00,0.53979737
2009-02-05 19:00:00+00:00,0.5593679
2009-02-05 20:00:00+00:00,0.5831876
2009-02-05 21:00:00+00:00,0.5530944999999999
2009-02-05 22:00:00+00:00,0.30664240000000004
2009-02-05 23:00:00+00:00,0.0
2009-02-06 00:00:00+00:00,0.0
2009-02-06 01:00:00+00:00,0.0
2009-02-06 02:00:00+00:00,0.0
2009-02-06 03:00:00+00:00,0.0
2009-02-06 04:00:00+00:00,0.0
2009-02-06 05:00:00+00:00,0.0
2009-02-06 06:00:00+00:00,0.0
2009-02-06 07:00:00+00:00,0.0
2009-02-06 08:00:00+00:00,0.0
2009-02-06 09:00:00+00:00,0.0
2009-02-06 10:00:00+00:00,0.0
2009-02-06 11:00:00+00:00,0.0
2009-02-06 12:00:00+00:00,0.0
2009-02-06 13:00:00+00:00,0.026819073
2009-02-06 14:00:00+00:00,0.35724264
2009-02-06 15:00:00+00:00,0.45620388
2009-02-06 16:00:00+00:00,0.20599186
2009-02-06 17:00:00+00:00,0.24962041
2009-02-06 18:00:00+00:00,0.0770909
2009-02-06 19:00:00+00:00,0.15329874
2009-02-06 20:00:00+00:00,0.07899049999999999
2009-02-06 21:00:00+00:00,0.21591839
2009-02-06 22:00:00+00:00,0.2639131
2009-02-06 23:00:00+00:00,0.0
2009-02-07 00:00:00+00:00,0.0
2009-02-07 01:00:00+00:00,0.0
2009-02-07 02:00:00+00:00,0.0
2009-02-07 03:00:00+00:00,0.0
2009-02-07 04:00:00+00:00,0.0
2009-02-07 05:00:00+00:00,0.0
2009-02-07 06:00:00+00:00,0.0
2009-02-07 07:00:00+00:00,0.0
2009-02-07 08:00:00+00:00,0.0
2009-02-07 09:00:00+00:00,0.0
2009-02-07 10:00:00+00:00,0.0
2009-02-07 11:00:00+00:00,0.0
2009-02-07 12:00:00+00:00,0.0
2009-02-07 13:00:00+00:00,0.012942896
2009-02-07 14:00:00+00:00,0.10790496
2009-02-07 15:00:00+00:00,0.18544288
2009-02-07 16:00:00+00:00,0.23030506
2009-02-07 17:00:00+00:00,0.33422932
2009-02-07 18:00:00+00:00,0.38500294
2009-02-07 19:00:00+00:00,0.53371656
2009-02-07 20:00:00+00:00,0.5637079
2009-02-07 21:00:00+00:00,0.53970695
2009-02-07 22:00:00+00:00,0.30378833
2009-02-07 23:00:00+00:00,0.0
2009-02-08 00:00:00+00:00,0.0
2009-02-08 01:00:00+00:00,0.0
2009-02-08 02:00:00+00:00,0.0
2009-02-08 03:00:00+00:00,0.0
2009-02-08 04:00:00+00:00,0.0
2009-02-08 05:00:00+00:00,0.0
2009-02-08 06:00:00+00:00,0.0
2009-02-08 07:00:00+00:00,0.0
2009-02-08 08:00:00+00:00,0.0
2009-02-08 09:00:00+00:00,0.0
2009-02-08 10:00:00+00:00,0.0
2009-02-08 11:00:00+00:00,0.0
2009-02-08 12:00:00+00:00,0.0
2009-02-08 13:00:00+00:00,0.0035488909999999998
2009-02-08 14:00:00+00:00,0.073629
2009-02-08 15:00:00+00:00,0.22751255
2009-02-08 16:00:00+00:00,0.40273482
2009-02-08 17:00:00+00:00,0.41712546
2009-02-08 18:00:00+00:00,0.3933191
2009-02-08 19:00:00+00:00,0.33993736
2009-02-08 20:00:00+00:00,0.24869548
2009-02-08 21:00:00+00:00,0.18219168
2009-02-08 22:00:00+00:00,0.21687518
2009-02-08 23:00:00+00:00,0.0
2009-02-09 00:00:00+00:00,0.0
2009-02-09 01:00:00+00:00,0.0
2009-02-09 02:00:00+00:00,0.0
2009-02-09 03:00:00+00:00,0.0
2009-02-09 04:00:00+00:00,0.0
2009-02-09 05:00:00+00:00,0.0
2009-02-09 06:00:00+00:00,0.0
2009-02-09 07:00:00+00:00,0.0
2009-02-09 08:00:00+00:00,0.0
2009-02-09 09:00:00+00:00,0.0
2009-02-09 10:00:00+00:00,0.0
2009-02-09 11:00:00+00:00,0.0
2009-02-09 12:00:00+00:00,0.0
2009-02-09 13:00:00+00:00,0.0
2009-02-09 14:00:00+00:00,0.0
2009-02-09 15:00:00+00:00,0.0064472356
2009-02-09 16:00:00+00:00,0.028585747
2009-02-09 17:00:00+00:00,0.039107267
2009-02-09 18:00:00+00:00,0.13712743
2009-02-09 19:00:00+00:00,0.09916206400000001
2009-02-09 20:00:00+00:00,0.06150013
2009-02-09 21:00:00+00:00,0.044619045999999996
2009-02-09 22:00:00+00:00,0.0053779890000000006
2009-02-09 23:00:00+00:00,0.0
2009-02-10 00:00:00+00:00,0.0
2009-02-10 01:00:00+00:00,0.0
2009-02-10 02:00:00+00:00,0.0
2009-02-10 03:00:00+00:00,0.0
2009-02-10 04:00:00+00:00,0.0
2009-02-10 05:00:00+00:00,0.0
2009-02-10 06:00:00+00:00,0.0
2009-02-10 07:00:00+00:00,0.0
2009-02-10 08:00:00+00:00,0.0
2009-02-10 09:00:00+00:00,0.0
2009-02-10 10:00:00+00:00,0.0
2009-02-10 11:00:00+00:00,0.0
2009-02-10 12:00:00+00:00,0.0
2009-02-10 13:00:00+00:00,0.0032503842
2009-02-10 14:00:00+00:00,0.086065635
2009-02-10 15:00:00+00:00,0.22414449
2009-02-10 16:00:00+00:00,0.05506862
2009-02-10 17:00:00+00:00,0.15740103
2009-02-10 18:00:00+00:00,0.095099665
2009-02-10 19:00:00+00:00,0.016797081999999998
2009-02-10 20:00:00+00:00,0.020043781
2009-02-10 21:00:00+00:00,0.35117295
2009-02-10 22:00:00+00:00,0.35729185
2009-02-10 23:00:00+00:00,0.0
2009-02-11 00:00:00+00:00,0.0
2009-02-11 01:00:00+00:00,0.0
2009-02-11 02:00:00+00:00,0.0
2009-02-11 03:00:00+00:00,0.0
2009-02-11 04:00:00+00:00,0.0
2009-02-11 05:00:00+00:00,0.0
2009-02-11 06:00:00+00:00,0.0
2009-02-11 07:00:00+00:00,0.0
2009-02-11 08:00:00+00:00,0.0
2009-02-11 09:00:00+00:00,0.0
2009-02-11 10:00:00+00:00,0.0
2009-02-11 11:00:00+00:00,0.0
2009-02-11 12:00:00+00:00,0.0
2009-02-11 13:00:00+00:00,0.09621016
2009-02-11 14:00:00+00:00,0.48001903
2009-02-11 15:00:00+00:00,0.6335258
2009-02-11 16:00:00+00:00,0.6199849000000001
2009-02-11 17:00:00+00:00,0.5784894
2009-02-11 18:00:00+00:00,0.5616526999999999
2009-02-11 19:00:00+00:00,0.5828333
2009-02-11 20:00:00+00:00,0.45878872
2009-02-11 21:00:00+00:00,0.6010711
2009-02-11 22:00:00+00:00,0.3736301
2009-02-11 23:00:00+00:00,0.0
2009-02-12 00:00:00+00:00,0.0
2009-02-12 01:00:00+00:00,0.0
2009-02-12 02:00:00+00:00,0.0
2009-02-12 03:00:00+00:00,0.0
2009-02-12 04:00:00+00:00,0.0
2009-02-12 05:00:00+00:00,0.0
2009-02-12 06:00:00+00:00,0.0
2009-02-12 07:00:00+00:00,0.0
2009-02-12 08:00:00+00:00,0.0
2009-02-12 09:00:00+00:00,0.0
2009-02-12 10:00:00+00:00,0.0
2009-02-12 11:00:00+00:00,0.0
2009-02-12 12:00:00+00:00,0.0
2009-02-12 13:00:00+00:00,0.103335455
2009-02-12 14:00:00+00:00,0.47440790000000005
2009-02-12 15:00:00+00:00,0.16928865
2009-02-12 16:00:00+00:00,0.43511075
2009-02-12 17:00:00+00:00,0.3231152
2009-02-12 18:00:00+00:00,0.35609305
2009-02-12 19:00:00+00:00,0.26735803
2009-02-12 20:00:00+00:00,0.20575021
2009-02-12 21:00:00+00:00,0.1493539
2009-02-12 22:00:00+00:00,0.069232896
2009-02-12 23:00:00+00:00,0.0
2009-02-13 00:00:00+00:00,0.0
2009-02-13 01:00:00+00:00,0.0
2009-02-13 02:00:00+00:00,0.0
2009-02-13 03:00:00+00:00,0.0
2009-02-13 04:00:00+00:00,0.0
2009-02-13 05:00:00+00:00,0.0
2009-02-13 06:00:00+00:00,0.0
2009-02-13 07:00:00+00:00,0.0
2009-02-13 08:00:00+00:00,0.0
2009-02-13 09:00:00+00:00,0.0
2009-02-13 10:00:00+00:00,0.0
2009-02-13 11:00:00+00:00,0.0
2009-02-13 12:00:00+00:00,0.0
2009-02-13 13:00:00+00:00,0.031753942
2009-02-13 14:00:00+00:00,0.33857045
2009-02-13 15:00:00+00:00,0.38004404
2009-02-13 16:00:00+00:00,0.31338322
2009-02-13 17:00:00+00:00,0.54167134
2009-02-13 18:00:00+00:00,0.54802805
2009-02-13 19:00:00+00:00,0.4683448
2009-02-13 20:00:00+00:00,0.15617678
2009-02-13 21:00:00+00:00,0.07705664
2009-02-13 22:00:00+00:00,0.021139692999999998
2009-02-13 23:00:00+00:00,0.0
2009-02-14 00:00:00+00:00,0.0
2009-02-14 01:00:00+00:00,0.0
2009-02-14 02:00:00+00:00,0.0
2009-02-14 03:00:00+00:00,0.0
2009-02-14 04:00:00+00:00,0.0
2009-02-14 05:00:00+00:00,0.0
2009-02-14 06:00:00+00:00,0.0
2009-02-14 07:00:00+00:00,0.0
2009-02-14 08:00:00+00:00,0.0
2009-02-14 09:00:00+00:00,0.0
2009-02-14 10:00:00+00:00,0.0
2009-02-14 11:00:00+00:00,0.0
2009-02-14 12:00:00+00:00,0.0
2009-02-14 13:00:00+00:00,0.11244671
2009-02-14 14:00:00+00:00,0.32552570000000003
2009-02-14 15:00:00+00:00,0.45661384
2009-02-14 16:00:00+00:00,0.44620737
2009-02-14 17:00:00+00:00,0.27020478
2009-02-14 18:00:00+00:00,0.24148121
2009-02-14 19:00:00+00:00,0.33399840000000003
2009-02-14 20:00:00+00:00,0.31068066
2009-02-14 21:00:00+00:00,0.32494270000000003
2009-02-14 22:00:00+00:00,0.09892344
2009-02-14 23:00:00+00:00,0.0
2009-02-15 00:00:00+00:00,0.0
2009-02-15 01:00:00+00:00,0.0
2009-02-15 02:00:00+00:00,0.0
2009-02-15 03:00:00+00:00,0.0
2009-02-15 04:00:00+00:00,0.0
2009-02-15 05:00:00+00:00,0.0
2009-02-15 06:00:00+00:00,0.0
2009-02-15 07:00:00+00:00,0.0
2009-02-15 08:00:00+00:00,0.0
2009-02-15 09:00:00+00:00,0.0
2009-02-15 10:00:00+00:00,0.0
2009-02-15 11:00:00+00:00,0.0
2009-02-15 12:00:00+00:00,0.0
2009-02-15 13:00:00+00:00,0.13304108
2009-02-15 14:00:00+00:00,0.5261212
2009-02-15 15:00:00+00:00,0.6638917
2009-02-15 16:00:00+00:00,0.28265828
2009-02-15 17:00:00+00:00,0.40428448
2009-02-15 18:00:00+00:00,0.52403307
2009-02-15 19:00:00+00:00,0.6040131999999999
2009-02-15 20:00:00+00:00,0.6521305000000001
2009-02-15 21:00:00+00:00,0.63907313
2009-02-15 22:00:00+00:00,0.42458546
2009-02-15 23:00:00+00:00,4.145072e-06
2009-02-16 00:00:00+00:00,0.0
2009-02-16 01:00:00+00:00,0.0
2009-02-16 02:00:00+00:00,0.0
2009-02-16 03:00:00+00:00,0.0
2009-02-16 04:00:00+00:00,0.0
2009-02-16 05:00:00+00:00,0.0
2009-02-16 06:00:00+00:00,0.0
2009-02-16 07:00:00+00:00,0.0
2009-02-16 08:00:00+00:00,0.0
2009-02-16 09:00:00+00:00,0.0
2009-02-16 10:00:00+00:00,0.0
2009-02-16 11:00:00+00:00,0.0
2009-02-16 12:00:00+00:00,0.0
2009-02-16 13:00:00+00:00,0.10367617
2009-02-16 14:00:00+00:00,0.41028145
2009-02-16 15:00:00+00:00,0.49747065
2009-02-16 16:00:00+00:00,0.51875573
2009-02-16 17:00:00+00:00,0.5054333
2009-02-16 18:00:00+00:00,0.5549968000000001
2009-02-16 19:00:00+00:00,0.5319155
2009-02-16 20:00:00+00:00,0.49055627
2009-02-16 21:00:00+00:00,0.09515727
2009-02-16 22:00:00+00:00,0.0045766393
2009-02-16 23:00:00+00:00,0.0
2009-02-17 00:00:00+00:00,0.0
2009-02-17 01:00:00+00:00,0.0
2009-02-17 02:00:00+00:00,0.0
2009-02-17 03:00:00+00:00,0.0
2009-02-17 04:00:00+00:00,0.0
2009-02-17 05:00:00+00:00,0.0
2009-02-17 06:00:00+00:00,0.0
2009-02-17 07:00:00+00:00,0.0
2009-02-17 08:00:00+00:00,0.0
2009-02-17 09:00:00+00:00,0.0
2009-02-17 10:00:00+00:00,0.0
2009-02-17 11:00:00+00:00,0.0
2009-02-17 12:00:00+00:00,0.0
2009-02-17 13:00:00+00:00,0.005949871999999999
2009-02-17 14:00:00+00:00,0.0015301841
2009-02-17 15:00:00+00:00,0.007027765
2009-02-17 16:00:00+00:00,0.068260506
2009-02-17 17:00:00+00:00,0.21177101
2009-02-17 18:00:00+00:00,0.3943997
2009-02-17 19:00:00+00:00,0.5650864999999999
2009-02-17 20:00:00+00:00,0.28499624
2009-02-17 21:00:00+00:00,0.47476850000000004
2009-02-17 22:00:00+00:00,0.17128137
2009-02-17 23:00:00+00:00,0.012315419
2009-02-18 00:00:00+00:00,0.0
2009-02-18 01:00:00+00:00,0.0
2009-02-18 02:00:00+00:00,0.0
2009-02-18 03:00:00+00:00,0.0
2009-02-18 04:00:00+00:00,0.0
2009-02-18 05:00:00+00:00,0.0
2009-02-18 06:00:00+00:00,0.0
2009-02-18 07:00:00+00:00,0.0
2009-02-18 08:00:00+00:00,0.0
2009-02-18 09:00:00+00:00,0.0
2009-02-18 10:00:00+00:00,0.0
2009-02-18 11:00:00+00:00,0.0
2009-02-18 12:00:00+00:00,0.0
2009-02-18 13:00:00+00:00,0.1366683
2009-02-18 14:00:00+00:00,0.17213842
2009-02-18 15:00:00+00:00,0.40485704
2009-02-18 16:00:00+00:00,0.10454515
2009-02-18 17:00:00+00:00,0.13850692
2009-02-18 18:00:00+00:00,0.3165045
2009-02-18 19:00:00+00:00,0.38051894
2009-02-18 20:00:00+00:00,0.45228779999999996
2009-02-18 21:00:00+00:00,0.43958154
2009-02-18 22:00:00+00:00,0.20282142
2009-02-18 23:00:00+00:00,0.044632383
2009-02-19 00:00:00+00:00,0.0
2009-02-19 01:00:00+00:00,0.0
2009-02-19 02:00:00+00:00,0.0
2009-02-19 03:00:00+00:00,0.0
2009-02-19 04:00:00+00:00,0.0
2009-02-19 05:00:00+00:00,0.0
2009-02-19 06:00:00+00:00,0.0
2009-02-19 07:00:00+00:00,0.0
2009-02-19 08:00:00+00:00,0.0
2009-02-19 09:00:00+00:00,0.0
2009-02-19 10:00:00+00:00,0.0
2009-02-19 11:00:00+00:00,0.0
2009-02-19 12:00:00+00:00,0.0
2009-02-19 13:00:00+00:00,0.17076106
2009-02-19 14:00:00+00:00,0.5671020999999999
2009-02-19 15:00:00+00:00,0.6798287
2009-02-19 16:00:00+00:00,0.66766953
2009-02-19 17:00:00+00:00,0.6329951
2009-02-19 18:00:00+00:00,0.61668533
2009-02-19 19:00:00+00:00,0.59986085
2009-02-19 20:00:00+00:00,0.49710550000000003
2009-02-19 21:00:00+00:00,0.41124278
2009-02-19 22:00:00+00:00,0.13904452
2009-02-19 23:00:00+00:00,0.0042638476000000005
2009-02-20 00:00:00+00:00,0.0
2009-02-20 01:00:00+00:00,0.0
2009-02-20 02:00:00+00:00,0.0
2009-02-20 03:00:00+00:00,0.0
2009-02-20 04:00:00+00:00,0.0
2009-02-20 05:00:00+00:00,0.0
2009-02-20 06:00:00+00:00,0.0
2009-02-20 07:00:00+00:00,0.0
2009-02-20 08:00:00+00:00,0.0
2009-02-20 09:00:00+00:00,0.0
2009-02-20 10:00:00+00:00,0.0
2009-02-20 11:00:00+00:00,0.0
2009-02-20 12:00:00+00:00,0.0
2009-02-20 13:00:00+00:00,0.0030334366
2009-02-20 14:00:00+00:00,0.030529726
2009-02-20 15:00:00+00:00,0.0818048
2009-02-20 16:00:00+00:00,0.34416568
2009-02-20 17:00:00+00:00,0.22594704
2009-02-20 18:00:00+00:00,0.17471589999999998
2009-02-20 19:00:00+00:00,0.11661124
2009-02-20 20:00:00+00:00,0.032432765
2009-02-20 21:00:00+00:00,0.042378303
2009-02-20 22:00:00+00:00,0.016930863
2009-02-20 23:00:00+00:00,2.0087879e-05
2009-02-21 00:00:00+00:00,0.0
2009-02-21 01:00:00+00:00,0.0
2009-02-21 02:00:00+00:00,0.0
2009-02-21 03:00:00+00:00,0.0
2009-02-21 04:00:00+00:00,0.0
2009-02-21 05:00:00+00:00,0.0
2009-02-21 06:00:00+00:00,0.0
2009-02-21 07:00:00+00:00,0.0
2009-02-21 08:00:00+00:00,0.0
2009-02-21 09:00:00+00:00,0.0
2009-02-21 10:00:00+00:00,0.0
2009-02-21 11:00:00+00:00,0.0
2009-02-21 12:00:00+00:00,0.0
2009-02-21 13:00:00+00:00,0.0051677963
2009-02-21 14:00:00+00:00,0.17479260000000002
2009-02-21 15:00:00+00:00,0.19801868
2009-02-21 16:00:00+00:00,0.34278697
2009-02-21 17:00:00+00:00,0.2923283
2009-02-21 18:00:00+00:00,0.25501058
2009-02-21 19:00:00+00:00,0.43598157
2009-02-21 20:00:00+00:00,0.41257849999999996
2009-02-21 21:00:00+00:00,0.16693524
2009-02-21 22:00:00+00:00,0.10481162
2009-02-21 23:00:00+00:00,0.06010895
2009-02-22 00:00:00+00:00,0.0
2009-02-22 01:00:00+00:00,0.0
2009-02-22 02:00:00+00:00,0.0
2009-02-22 03:00:00+00:00,0.0
2009-02-22 04:00:00+00:00,0.0
2009-02-22 05:00:00+00:00,0.0
2009-02-22 06:00:00+00:00,0.0
2009-02-22 07:00:00+00:00,0.0
2009-02-22 08:00:00+00:00,0.0
2009-02-22 09:00:00+00:00,0.0
2009-02-22 10:00:00+00:00,0.0
2009-02-22 11:00:00+00:00,0.0
2009-02-22 12:00:00+00:00,0.0
2009-02-22 13:00:00+00:00,0.11804744
2009-02-22 14:00:00+00:00,0.5502557
2009-02-22 15:00:00+00:00,0.6913948000000001
2009-02-22 16:00:00+00:00,0.35474452
2009-02-22 17:00:00+00:00,0.47297102
2009-02-22 18:00:00+00:00,0.5909856
2009-02-22 19:00:00+00:00,0.6120668
2009-02-22 20:00:00+00:00,0.6524346999999999
2009-02-22 21:00:00+00:00,0.6454128
2009-02-22 22:00:00+00:00,0.35370722
2009-02-22 23:00:00+00:00,0.08561903
2009-02-23 00:00:00+00:00,0.0
2009-02-23 01:00:00+00:00,0.0
2009-02-23 02:00:00+00:00,0.0
2009-02-23 03:00:00+00:00,0.0
2009-02-23 04:00:00+00:00,0.0
2009-02-23 05:00:00+00:00,0.0
2009-02-23 06:00:00+00:00,0.0
2009-02-23 07:00:00+00:00,0.0
2009-02-23 08:00:00+00:00,0.0
2009-02-23 09:00:00+00:00,0.0
2009-02-23 10:00:00+00:00,0.0
2009-02-23 11:00:00+00:00,0.0
2009-02-23 12:00:00+00:00,0.0
2009-02-23 13:00:00+00:00,0.035581037
2009-02-23 14:00:00+00:00,0.42189217
2009-02-23 15:00:00+00:00,0.6574536
2009-02-23 16:00:00+00:00,0.5031883
2009-02-23 17:00:00+00:00,0.52693117
2009-02-23 18:00:00+00:00,0.59729815
2009-02-23 19:00:00+00:00,0.6103761999999999
2009-02-23 20:00:00+00:00,0.6407583
2009-02-23 21:00:00+00:00,0.46373644
2009-02-23 22:00:00+00:00,0.42608342
2009-02-23 23:00:00+00:00,0.08302797
2009-02-24 00:00:00+00:00,0.0
2009-02-24 01:00:00+00:00,0.0
2009-02-24 02:00:00+00:00,0.0
2009-02-24 03:00:00+00:00,0.0
2009-02-24 04:00:00+00:00,0.0
2009-02-24 05:00:00+00:00,0.0
2009-02-24 06:00:00+00:00,0.0
2009-02-24 07:00:00+00:00,0.0
2009-02-24 08:00:00+00:00,0.0
2009-02-24 09:00:00+00:00,0.0
2009-02-24 10:00:00+00:00,0.0
2009-02-24 11:00:00+00:00,0.0
2009-02-24 12:00:00+00:00,0.0
2009-02-24 13:00:00+00:00,0.016847182
2009-02-24 14:00:00+00:00,0.07712012
2009-02-24 15:00:00+00:00,0.19831902
2009-02-24 16:00:00+00:00,0.60633624
2009-02-24 17:00:00+00:00,0.3594485
2009-02-24 18:00:00+00:00,0.36384824
2009-02-24 19:00:00+00:00,0.57881147
2009-02-24 20:00:00+00:00,0.11989011599999999
2009-02-24 21:00:00+00:00,0.025169518
2009-02-24 22:00:00+00:00,0.004284853
2009-02-24 23:00:00+00:00,0.040423717000000005
2009-02-25 00:00:00+00:00,0.0
2009-02-25 01:00:00+00:00,0.0
2009-02-25 02:00:00+00:00,0.0
2009-02-25 03:00:00+00:00,0.0
2009-02-25 04:00:00+00:00,0.0
2009-02-25 05:00:00+00:00,0.0
2009-02-25 06:00:00+00:00,0.0
2009-02-25 07:00:00+00:00,0.0
2009-02-25 08:00:00+00:00,0.0
2009-02-25 09:00:00+00:00,0.0
2009-02-25 10:00:00+00:00,0.0
2009-02-25 11:00:00+00:00,0.0
2009-02-25 12:00:00+00:00,0.0
2009-02-25 13:00:00+00:00,0.0
2009-02-25 14:00:00+00:00,0.021821592
2009-02-25 15:00:00+00:00,0.009358984
2009-02-25 16:00:00+00:00,0.06366944
2009-02-25 17:00:00+00:00,0.1365276
2009-02-25 18:00:00+00:00,0.34051073
2009-02-25 19:00:00+00:00,0.36277157
2009-02-25 20:00:00+00:00,0.19067346
2009-02-25 21:00:00+00:00,0.1350449
2009-02-25 22:00:00+00:00,0.13308291
2009-02-25 23:00:00+00:00,0.014829713999999999
2009-02-26 00:00:00+00:00,0.0
2009-02-26 01:00:00+00:00,0.0
2009-02-26 02:00:00+00:00,0.0
2009-02-26 03:00:00+00:00,0.0
2009-02-26 04:00:00+00:00,0.0
2009-02-26 05:00:00+00:00,0.0
2009-02-26 06:00:00+00:00,0.0
2009-02-26 07:00:00+00:00,0.0
2009-02-26 08:00:00+00:00,0.0
2009-02-26 09:00:00+00:00,0.0
2009-02-26 10:00:00+00:00,0.0
2009-02-26 11:00:00+00:00,0.0
2009-02-26 12:00:00+00:00,0.0
2009-02-26 13:00:00+00:00,0.0041699097
2009-02-26 14:00:00+00:00,0.046663906
2009-02-26 15:00:00+00:00,0.020769874
2009-02-26 16:00:00+00:00,0.054785382
2009-02-26 17:00:00+00:00,0.082859516
2009-02-26 18:00:00+00:00,0.253193
2009-02-26 19:00:00+00:00,0.5796743000000001
2009-02-26 20:00:00+00:00,0.16483885
2009-02-26 21:00:00+00:00,0.14703125
2009-02-26 22:00:00+00:00,0.02755716
2009-02-26 23:00:00+00:00,0.0019421942
2009-02-27 00:00:00+00:00,0.0
2009-02-27 01:00:00+00:00,0.0
2009-02-27 02:00:00+00:00,0.0
2009-02-27 03:00:00+00:00,0.0
2009-02-27 04:00:00+00:00,0.0
2009-02-27 05:00:00+00:00,0.0
2009-02-27 06:00:00+00:00,0.0
2009-02-27 07:00:00+00:00,0.0
2009-02-27 08:00:00+00:00,0.0
2009-02-27 09:00:00+00:00,0.0
2009-02-27 10:00:00+00:00,0.0
2009-02-27 11:00:00+00:00,0.0
2009-02-27 12:00:00+00:00,0.0
2009-02-27 13:00:00+00:00,0.0006531032
2009-02-27 14:00:00+00:00,0.0036303645000000002
2009-02-27 15:00:00+00:00,0.03023276
2009-02-27 16:00:00+00:00,0.07903066
2009-02-27 17:00:00+00:00,0.11835807
2009-02-27 18:00:00+00:00,0.055164613
2009-02-27 19:00:00+00:00,0.037087742
2009-02-27 20:00:00+00:00,0.03740324
2009-02-27 21:00:00+00:00,0.04334985
2009-02-27 22:00:00+00:00,0.016627565
2009-02-27 23:00:00+00:00,0.0017206873000000001
2009-02-28 00:00:00+00:00,0.0
2009-02-28 01:00:00+00:00,0.0
2009-02-28 02:00:00+00:00,0.0
2009-02-28 03:00:00+00:00,0.0
2009-02-28 04:00:00+00:00,0.0
2009-02-28 05:00:00+00:00,0.0
2009-02-28 06:00:00+00:00,0.0
2009-02-28 07:00:00+00:00,0.0
2009-02-28 08:00:00+00:00,0.0
2009-02-28 09:00:00+00:00,0.0
2009-02-28 10:00:00+00:00,0.0
2009-02-28 11:00:00+00:00,0.0
2009-02-28 12:00:00+00:00,0.0
2009-02-28 13:00:00+00:00,0.23869926
2009-02-28 14:00:00+00:00,0.63865274
2009-02-28 15:00:00+00:00,0.7084615
2009-02-28 16:00:00+00:00,0.70842034
2009-02-28 17:00:00+00:00,0.6751383000000001
2009-02-28 18:00:00+00:00,0.6532856
2009-02-28 19:00:00+00:00,0.605633
2009-02-28 20:00:00+00:00,0.6973988
2009-02-28 21:00:00+00:00,0.6492584
2009-02-28 22:00:00+00:00,0.52180904
2009-02-28 23:00:00+00:00,0.1276377
2009-03-01 00:00:00+00:00,0.0
2009-03-01 01:00:00+00:00,0.0
2009-03-01 02:00:00+00:00,0.0
2009-03-01 03:00:00+00:00,0.0
2009-03-01 04:00:00+00:00,0.0
2009-03-01 05:00:00+00:00,0.0
2009-03-01 06:00:00+00:00,0.0
2009-03-01 07:00:00+00:00,0.0
2009-03-01 08:00:00+00:00,0.0
2009-03-01 09:00:00+00:00,0.0
2009-03-01 10:00:00+00:00,0.0
2009-03-01 11:00:00+00:00,0.0
2009-03-01 12:00:00+00:00,0.0
2009-03-01 13:00:00+00:00,0.26759097
2009-03-01 14:00:00+00:00,0.681082
2009-03-01 15:00:00+00:00,0.74497914
2009-03-01 16:00:00+00:00,0.72796077
2009-03-01 17:00:00+00:00,0.69115925
2009-03-01 18:00:00+00:00,0.67684233
2009-03-01 19:00:00+00:00,0.6940033
2009-03-01 20:00:00+00:00,0.7242375
2009-03-01 21:00:00+00:00,0.7134526
2009-03-01 22:00:00+00:00,0.5467429
2009-03-01 23:00:00+00:00,0.13948561
2009-03-02 00:00:00+00:00,0.0
2009-03-02 01:00:00+00:00,0.0
2009-03-02 02:00:00+00:00,0.0
2009-03-02 03:00:00+00:00,0.0
2009-03-02 04:00:00+00:00,0.0
2009-03-02 05:00:00+00:00,0.0
2009-03-02 06:00:00+00:00,0.0
2009-03-02 07:00:00+00:00,0.0
2009-03-02 08:00:00+00:00,0.0
2009-03-02 09:00:00+00:00,0.0
2009-03-02 10:00:00+00:00,0.0
2009-03-02 11:00:00+00:00,0.0
2009-03-02 12:00:00+00:00,0.0
2009-03-02 13:00:00+00:00,0.28103256
2009-03-02 14:00:00+00:00,0.6801281
2009-03-02 15:00:00+00:00,0.73590195
2009-03-02 16:00:00+00:00,0.7109843000000001
2009-03-02 17:00:00+00:00,0.6692376999999999
2009-03-02 18:00:00+00:00,0.6539684
2009-03-02 19:00:00+00:00,0.6700669
2009-03-02 20:00:00+00:00,0.69536644
2009-03-02 21:00:00+00:00,0.6805088
2009-03-02 22:00:00+00:00,0.5230899
2009-03-02 23:00:00+00:00,0.13677947
2009-03-03 00:00:00+00:00,0.0
2009-03-03 01:00:00+00:00,0.0
2009-03-03 02:00:00+00:00,0.0
2009-03-03 03:00:00+00:00,0.0
2009-03-03 04:00:00+00:00,0.0
2009-03-03 05:00:00+00:00,0.0
2009-03-03 06:00:00+00:00,0.0
2009-03-03 07:00:00+00:00,0.0
2009-03-03 08:00:00+00:00,0.0
2009-03-03 09:00:00+00:00,0.0
2009-03-03 10:00:00+00:00,0.0
2009-03-03 11:00:00+00:00,0.0
2009-03-03 12:00:00+00:00,0.0
2009-03-03 13:00:00+00:00,0.22902547
2009-03-03 14:00:00+00:00,0.5804670999999999
2009-03-03 15:00:00+00:00,0.6597301999999999
2009-03-03 16:00:00+00:00,0.5227321
2009-03-03 17:00:00+00:00,0.46505779999999997
2009-03-03 18:00:00+00:00,0.63050103
2009-03-03 19:00:00+00:00,0.6442361999999999
2009-03-03 20:00:00+00:00,0.66290647
2009-03-03 21:00:00+00:00,0.6481209
2009-03-03 22:00:00+00:00,0.5010496
2009-03-03 23:00:00+00:00,0.13453075
2009-03-04 00:00:00+00:00,0.0
2009-03-04 01:00:00+00:00,0.0
2009-03-04 02:00:00+00:00,0.0
2009-03-04 03:00:00+00:00,0.0
2009-03-04 04:00:00+00:00,0.0
2009-03-04 05:00:00+00:00,0.0
2009-03-04 06:00:00+00:00,0.0
2009-03-04 07:00:00+00:00,0.0
2009-03-04 08:00:00+00:00,0.0
2009-03-04 09:00:00+00:00,0.0
2009-03-04 10:00:00+00:00,0.0
2009-03-04 11:00:00+00:00,0.0
2009-03-04 12:00:00+00:00,0.0
2009-03-04 13:00:00+00:00,0.038373500000000005
2009-03-04 14:00:00+00:00,0.37254494
2009-03-04 15:00:00+00:00,0.41502032
2009-03-04 16:00:00+00:00,0.29538232
2009-03-04 17:00:00+00:00,0.4397213
2009-03-04 18:00:00+00:00,0.5471921
2009-03-04 19:00:00+00:00,0.46073663
2009-03-04 20:00:00+00:00,0.4287205
2009-03-04 21:00:00+00:00,0.15737183
2009-03-04 22:00:00+00:00,0.19094629999999999
2009-03-04 23:00:00+00:00,0.06721473
2009-03-05 00:00:00+00:00,0.0
2009-03-05 01:00:00+00:00,0.0
2009-03-05 02:00:00+00:00,0.0
2009-03-05 03:00:00+00:00,0.0
2009-03-05 04:00:00+00:00,0.0
2009-03-05 05:00:00+00:00,0.0
2009-03-05 06:00:00+00:00,0.0
2009-03-05 07:00:00+00:00,0.0
2009-03-05 08:00:00+00:00,0.0
2009-03-05 09:00:00+00:00,0.0
2009-03-05 10:00:00+00:00,0.0
2009-03-05 11:00:00+00:00,0.0
2009-03-05 12:00:00+00:00,0.0
2009-03-05 13:00:00+00:00,0.10464438
2009-03-05 14:00:00+00:00,0.13667335
2009-03-05 15:00:00+00:00,0.084088966
2009-03-05 16:00:00+00:00,0.09563730000000001
2009-03-05 17:00:00+00:00,0.1329318
2009-03-05 18:00:00+00:00,0.118618175
2009-03-05 19:00:00+00:00,0.162138
2009-03-05 20:00:00+00:00,0.12540232
2009-03-05 21:00:00+00:00,0.053133722
2009-03-05 22:00:00+00:00,0.037649736
2009-03-05 23:00:00+00:00,0.10010432
2009-03-06 00:00:00+00:00,0.0
2009-03-06 01:00:00+00:00,0.0
2009-03-06 02:00:00+00:00,0.0
2009-03-06 03:00:00+00:00,0.0
2009-03-06 04:00:00+00:00,0.0
2009-03-06 05:00:00+00:00,0.0
2009-03-06 06:00:00+00:00,0.0
2009-03-06 07:00:00+00:00,0.0
2009-03-06 08:00:00+00:00,0.0
2009-03-06 09:00:00+00:00,0.0
2009-03-06 10:00:00+00:00,0.0
2009-03-06 11:00:00+00:00,0.0
2009-03-06 12:00:00+00:00,0.0
2009-03-06 13:00:00+00:00,0.16929655
2009-03-06 14:00:00+00:00,0.481364
2009-03-06 15:00:00+00:00,0.47962466
2009-03-06 16:00:00+00:00,0.39241427
2009-03-06 17:00:00+00:00,0.45747077
2009-03-06 18:00:00+00:00,0.5161551999999999
2009-03-06 19:00:00+00:00,0.51386577
2009-03-06 20:00:00+00:00,0.55887496
2009-03-06 21:00:00+00:00,0.6127806
2009-03-06 22:00:00+00:00,0.4828755
2009-03-06 23:00:00+00:00,0.12471385
2009-03-07 00:00:00+00:00,0.0
2009-03-07 01:00:00+00:00,0.0
2009-03-07 02:00:00+00:00,0.0
2009-03-07 03:00:00+00:00,0.0
2009-03-07 04:00:00+00:00,0.0
2009-03-07 05:00:00+00:00,0.0
2009-03-07 06:00:00+00:00,0.0
2009-03-07 07:00:00+00:00,0.0
2009-03-07 08:00:00+00:00,0.0
2009-03-07 09:00:00+00:00,0.0
2009-03-07 10:00:00+00:00,0.0
2009-03-07 11:00:00+00:00,0.0
2009-03-07 12:00:00+00:00,0.0
2009-03-07 13:00:00+00:00,0.040949217999999996
2009-03-07 14:00:00+00:00,0.20282671
2009-03-07 15:00:00+00:00,0.11925194
2009-03-07 16:00:00+00:00,0.04465891
2009-03-07 17:00:00+00:00,0.21725492
2009-03-07 18:00:00+00:00,0.11207657
2009-03-07 19:00:00+00:00,0.09689136599999999
2009-03-07 20:00:00+00:00,0.14948924
2009-03-07 21:00:00+00:00,0.06721386
2009-03-07 22:00:00+00:00,0.00940841
2009-03-07 23:00:00+00:00,0.0057592780000000005
2009-03-08 00:00:00+00:00,0.0
2009-03-08 01:00:00+00:00,0.0
2009-03-08 02:00:00+00:00,0.0
2009-03-08 03:00:00+00:00,0.0
2009-03-08 04:00:00+00:00,0.0
2009-03-08 05:00:00+00:00,0.0
2009-03-08 06:00:00+00:00,0.0
2009-03-08 07:00:00+00:00,0.0
2009-03-08 08:00:00+00:00,0.0
2009-03-08 09:00:00+00:00,0.0
2009-03-08 10:00:00+00:00,0.0
2009-03-08 11:00:00+00:00,0.0
2009-03-08 12:00:00+00:00,0.0
2009-03-08 13:00:00+00:00,0.29617150000000003
2009-03-08 14:00:00+00:00,0.55708027
2009-03-08 15:00:00+00:00,0.53968686
2009-03-08 16:00:00+00:00,0.6037904000000001
2009-03-08 17:00:00+00:00,0.6340595
2009-03-08 18:00:00+00:00,0.6196643000000001
2009-03-08 19:00:00+00:00,0.63008016
2009-03-08 20:00:00+00:00,0.5716296
2009-03-08 21:00:00+00:00,0.47750828
2009-03-08 22:00:00+00:00,0.15581913
2009-03-08 23:00:00+00:00,0.06642725
2009-03-09 00:00:00+00:00,0.0
2009-03-09 01:00:00+00:00,0.0
2009-03-09 02:00:00+00:00,0.0
2009-03-09 03:00:00+00:00,0.0
2009-03-09 04:00:00+00:00,0.0
2009-03-09 05:00:00+00:00,0.0
2009-03-09 06:00:00+00:00,0.0
2009-03-09 07:00:00+00:00,0.0
2009-03-09 08:00:00+00:00,0.0
2009-03-09 09:00:00+00:00,0.0
2009-03-09 10:00:00+00:00,0.0
2009-03-09 11:00:00+00:00,0.0
2009-03-09 12:00:00+00:00,0.0
2009-03-09 13:00:00+00:00,0.1978154
2009-03-09 14:00:00+00:00,0.44669545
2009-03-09 15:00:00+00:00,0.30094668
2009-03-09 16:00:00+00:00,0.32144377
2009-03-09 17:00:00+00:00,0.3176617
2009-03-09 18:00:00+00:00,0.46372053
2009-03-09 19:00:00+00:00,0.4245915
2009-03-09 20:00:00+00:00,0.4676205
2009-03-09 21:00:00+00:00,0.39986673
2009-03-09 22:00:00+00:00,0.29993838
2009-03-09 23:00:00+00:00,0.090327755
2009-03-10 00:00:00+00:00,0.0
2009-03-10 01:00:00+00:00,0.0
2009-03-10 02:00:00+00:00,0.0
2009-03-10 03:00:00+00:00,0.0
2009-03-10 04:00:00+00:00,0.0
2009-03-10 05:00:00+00:00,0.0
2009-03-10 06:00:00+00:00,0.0
2009-03-10 07:00:00+00:00,0.0
2009-03-10 08:00:00+00:00,0.0
2009-03-10 09:00:00+00:00,0.0
2009-03-10 10:00:00+00:00,0.0
2009-03-10 11:00:00+00:00,0.0
2009-03-10 12:00:00+00:00,0.0
2009-03-10 13:00:00+00:00,0.0040475037
2009-03-10 14:00:00+00:00,0.022305963999999998
2009-03-10 15:00:00+00:00,0.1247297
2009-03-10 16:00:00+00:00,0.08363572
2009-03-10 17:00:00+00:00,0.19179933
2009-03-10 18:00:00+00:00,0.094871886
2009-03-10 19:00:00+00:00,0.17266983
2009-03-10 20:00:00+00:00,0.19342020000000001
2009-03-10 21:00:00+00:00,0.20370112
2009-03-10 22:00:00+00:00,0.4264768
2009-03-10 23:00:00+00:00,0.118959576
2009-03-11 00:00:00+00:00,0.0
2009-03-11 01:00:00+00:00,0.0
2009-03-11 02:00:00+00:00,0.0
2009-03-11 03:00:00+00:00,0.0
2009-03-11 04:00:00+00:00,0.0
2009-03-11 05:00:00+00:00,0.0
2009-03-11 06:00:00+00:00,0.0
2009-03-11 07:00:00+00:00,0.0
2009-03-11 08:00:00+00:00,0.0
2009-03-11 09:00:00+00:00,0.0
2009-03-11 10:00:00+00:00,0.0
2009-03-11 11:00:00+00:00,0.0
2009-03-11 12:00:00+00:00,0.0
2009-03-11 13:00:00+00:00,0.01221386
2009-03-11 14:00:00+00:00,0.069077775
2009-03-11 15:00:00+00:00,0.23728786
2009-03-11 16:00:00+00:00,0.23561195
2009-03-11 17:00:00+00:00,0.22415805
2009-03-11 18:00:00+00:00,0.19892144
2009-03-11 19:00:00+00:00,0.102044515
2009-03-11 20:00:00+00:00,0.07084714
2009-03-11 21:00:00+00:00,0.0631771
2009-03-11 22:00:00+00:00,0.036646865
2009-03-11 23:00:00+00:00,0.0042255213
2009-03-12 00:00:00+00:00,0.0
2009-03-12 01:00:00+00:00,0.0
2009-03-12 02:00:00+00:00,0.0
2009-03-12 03:00:00+00:00,0.0
2009-03-12 04:00:00+00:00,0.0
2009-03-12 05:00:00+00:00,0.0
2009-03-12 06:00:00+00:00,0.0
2009-03-12 07:00:00+00:00,0.0
2009-03-12 08:00:00+00:00,0.0
2009-03-12 09:00:00+00:00,0.0
2009-03-12 10:00:00+00:00,0.0
2009-03-12 11:00:00+00:00,0.0
2009-03-12 12:00:00+00:00,0.0
2009-03-12 13:00:00+00:00,0.10940768
2009-03-12 14:00:00+00:00,0.3387195
2009-03-12 15:00:00+00:00,0.25827536
2009-03-12 16:00:00+00:00,0.5256348000000001
2009-03-12 17:00:00+00:00,0.56079304
2009-03-12 18:00:00+00:00,0.5224589
2009-03-12 19:00:00+00:00,0.4661933
2009-03-12 20:00:00+00:00,0.5309623
2009-03-12 21:00:00+00:00,0.49179459999999997
2009-03-12 22:00:00+00:00,0.44065568
2009-03-12 23:00:00+00:00,0.113860354
2009-03-13 00:00:00+00:00,0.0
2009-03-13 01:00:00+00:00,0.0
2009-03-13 02:00:00+00:00,0.0
2009-03-13 03:00:00+00:00,0.0
2009-03-13 04:00:00+00:00,0.0
2009-03-13 05:00:00+00:00,0.0
2009-03-13 06:00:00+00:00,0.0
2009-03-13 07:00:00+00:00,0.0
2009-03-13 08:00:00+00:00,0.0
2009-03-13 09:00:00+00:00,0.0
2009-03-13 10:00:00+00:00,0.0
2009-03-13 11:00:00+00:00,0.0
2009-03-13 12:00:00+00:00,0.0
2009-03-13 13:00:00+00:00,0.009968051
2009-03-13 14:00:00+00:00,0.040641334
2009-03-13 15:00:00+00:00,0.059879094
2009-03-13 16:00:00+00:00,0.10265051
2009-03-13 17:00:00+00:00,0.086456664
2009-03-13 18:00:00+00:00,0.07655262
2009-03-13 19:00:00+00:00,0.057201527
2009-03-13 20:00:00+00:00,0.039944816
2009-03-13 21:00:00+00:00,0.024846086
2009-03-13 22:00:00+00:00,0.020388449
2009-03-13 23:00:00+00:00,0.00033425432
2009-03-14 00:00:00+00:00,0.0
2009-03-14 01:00:00+00:00,0.0
2009-03-14 02:00:00+00:00,0.0
2009-03-14 03:00:00+00:00,0.0
2009-03-14 04:00:00+00:00,0.0
2009-03-14 05:00:00+00:00,0.0
2009-03-14 06:00:00+00:00,0.0
2009-03-14 07:00:00+00:00,0.0
2009-03-14 08:00:00+00:00,0.0
2009-03-14 09:00:00+00:00,0.0
2009-03-14 10:00:00+00:00,0.0
2009-03-14 11:00:00+00:00,0.0
2009-03-14 12:00:00+00:00,0.0
2009-03-14 13:00:00+00:00,0.007891614
2009-03-14 14:00:00+00:00,0.037514742000000004
2009-03-14 15:00:00+00:00,0.040751174
2009-03-14 16:00:00+00:00,0.13827617
2009-03-14 17:00:00+00:00,0.17746294
2009-03-14 18:00:00+00:00,0.19108663
2009-03-14 19:00:00+00:00,0.23747346
2009-03-14 20:00:00+00:00,0.10671873400000001
2009-03-14 21:00:00+00:00,0.07494735
2009-03-14 22:00:00+00:00,0.034650955
2009-03-14 23:00:00+00:00,0.17259212
2009-03-15 00:00:00+00:00,0.0
2009-03-15 01:00:00+00:00,0.0
2009-03-15 02:00:00+00:00,0.0
2009-03-15 03:00:00+00:00,0.0
2009-03-15 04:00:00+00:00,0.0
2009-03-15 05:00:00+00:00,0.0
2009-03-15 06:00:00+00:00,0.0
2009-03-15 07:00:00+00:00,0.0
2009-03-15 08:00:00+00:00,0.0
2009-03-15 09:00:00+00:00,0.0
2009-03-15 10:00:00+00:00,0.0
2009-03-15 11:00:00+00:00,0.0
2009-03-15 12:00:00+00:00,0.0
2009-03-15 13:00:00+00:00,0.0030631729999999998
2009-03-15 14:00:00+00:00,0.019927984
2009-03-15 15:00:00+00:00,0.16470225
2009-03-15 16:00:00+00:00,0.13311379
2009-03-15 17:00:00+00:00,0.23853038
2009-03-15 18:00:00+00:00,0.27781114
2009-03-15 19:00:00+00:00,0.22903477
2009-03-15 20:00:00+00:00,0.30477485
2009-03-15 21:00:00+00:00,0.24142252
2009-03-15 22:00:00+00:00,0.42428997
2009-03-15 23:00:00+00:00,0.14009586
2009-03-16 00:00:00+00:00,0.0
2009-03-16 01:00:00+00:00,0.0
2009-03-16 02:00:00+00:00,0.0
2009-03-16 03:00:00+00:00,0.0
2009-03-16 04:00:00+00:00,0.0
2009-03-16 05:00:00+00:00,0.0
2009-03-16 06:00:00+00:00,0.0
2009-03-16 07:00:00+00:00,0.0
2009-03-16 08:00:00+00:00,0.0
2009-03-16 09:00:00+00:00,0.0
2009-03-16 10:00:00+00:00,0.0
2009-03-16 11:00:00+00:00,0.0
2009-03-16 12:00:00+00:00,0.0
2009-03-16 13:00:00+00:00,0.32819617
2009-03-16 14:00:00+00:00,0.58802146
2009-03-16 15:00:00+00:00,0.6466224
2009-03-16 16:00:00+00:00,0.63312995
2009-03-16 17:00:00+00:00,0.6242518
2009-03-16 18:00:00+00:00,0.6178588
2009-03-16 19:00:00+00:00,0.6341673000000001
2009-03-16 20:00:00+00:00,0.65079826
2009-03-16 21:00:00+00:00,0.6329068
2009-03-16 22:00:00+00:00,0.5274849
2009-03-16 23:00:00+00:00,0.1877013
2009-03-17 00:00:00+00:00,0.0
2009-03-17 01:00:00+00:00,0.0
2009-03-17 02:00:00+00:00,0.0
2009-03-17 03:00:00+00:00,0.0
2009-03-17 04:00:00+00:00,0.0
2009-03-17 05:00:00+00:00,0.0
2009-03-17 06:00:00+00:00,0.0
2009-03-17 07:00:00+00:00,0.0
2009-03-17 08:00:00+00:00,0.0
2009-03-17 09:00:00+00:00,0.0
2009-03-17 10:00:00+00:00,0.0
2009-03-17 11:00:00+00:00,0.0
2009-03-17 12:00:00+00:00,0.0
2009-03-17 13:00:00+00:00,0.347787
2009-03-17 14:00:00+00:00,0.61732185
2009-03-17 15:00:00+00:00,0.673936
2009-03-17 16:00:00+00:00,0.6659417
2009-03-17 17:00:00+00:00,0.6478792
2009-03-17 18:00:00+00:00,0.6387903
2009-03-17 19:00:00+00:00,0.6288954000000001
2009-03-17 20:00:00+00:00,0.60071653
2009-03-17 21:00:00+00:00,0.52294827
2009-03-17 22:00:00+00:00,0.52699137
2009-03-17 23:00:00+00:00,0.17949262
2009-03-18 00:00:00+00:00,0.0
2009-03-18 01:00:00+00:00,0.0
2009-03-18 02:00:00+00:00,0.0
2009-03-18 03:00:00+00:00,0.0
2009-03-18 04:00:00+00:00,0.0
2009-03-18 05:00:00+00:00,0.0
2009-03-18 06:00:00+00:00,0.0
2009-03-18 07:00:00+00:00,0.0
2009-03-18 08:00:00+00:00,0.0
2009-03-18 09:00:00+00:00,0.0
2009-03-18 10:00:00+00:00,0.0
2009-03-18 11:00:00+00:00,0.0
2009-03-18 12:00:00+00:00,0.0
2009-03-18 13:00:00+00:00,0.0017709015
2009-03-18 14:00:00+00:00,0.064318314
2009-03-18 15:00:00+00:00,0.10896029
2009-03-18 16:00:00+00:00,0.6892037
2009-03-18 17:00:00+00:00,0.5710908
2009-03-18 18:00:00+00:00,0.5556055
2009-03-18 19:00:00+00:00,0.5360041
2009-03-18 20:00:00+00:00,0.5750562
2009-03-18 21:00:00+00:00,0.72104317
2009-03-18 22:00:00+00:00,0.6325979
2009-03-18 23:00:00+00:00,0.23456496
2009-03-19 00:00:00+00:00,0.0
2009-03-19 01:00:00+00:00,0.0
2009-03-19 02:00:00+00:00,0.0
2009-03-19 03:00:00+00:00,0.0
2009-03-19 04:00:00+00:00,0.0
2009-03-19 05:00:00+00:00,0.0
2009-03-19 06:00:00+00:00,0.0
2009-03-19 07:00:00+00:00,0.0
2009-03-19 08:00:00+00:00,0.0
2009-03-19 09:00:00+00:00,0.0
2009-03-19 10:00:00+00:00,0.0
2009-03-19 11:00:00+00:00,0.0
2009-03-19 12:00:00+00:00,0.0
2009-03-19 13:00:00+00:00,0.44234145
2009-03-19 14:00:00+00:00,0.7135116
2009-03-19 15:00:00+00:00,0.75336564
2009-03-19 16:00:00+00:00,0.72762686
2009-03-19 17:00:00+00:00,0.7009744000000001
2009-03-19 18:00:00+00:00,0.6893776999999999
2009-03-19 19:00:00+00:00,0.7006842
2009-03-19 20:00:00+00:00,0.72021806
2009-03-19 21:00:00+00:00,0.70814204
2009-03-19 22:00:00+00:00,0.6096196
2009-03-19 23:00:00+00:00,0.22572806
2009-03-20 00:00:00+00:00,0.0
2009-03-20 01:00:00+00:00,0.0
2009-03-20 02:00:00+00:00,0.0
2009-03-20 03:00:00+00:00,0.0
2009-03-20 04:00:00+00:00,0.0
2009-03-20 05:00:00+00:00,0.0
2009-03-20 06:00:00+00:00,0.0
2009-03-20 07:00:00+00:00,0.0
2009-03-20 08:00:00+00:00,0.0
2009-03-20 09:00:00+00:00,0.0
2009-03-20 10:00:00+00:00,0.0
2009-03-20 11:00:00+00:00,0.0
2009-03-20 12:00:00+00:00,0.00088860875
2009-03-20 13:00:00+00:00,0.018831585
2009-03-20 14:00:00+00:00,0.20203681
2009-03-20 15:00:00+00:00,0.31542950000000003
2009-03-20 16:00:00+00:00,0.6901465
2009-03-20 17:00:00+00:00,0.67101693
2009-03-20 18:00:00+00:00,0.6601062
2009-03-20 19:00:00+00:00,0.66612387
2009-03-20 20:00:00+00:00,0.676966
2009-03-20 21:00:00+00:00,0.6764963
2009-03-20 22:00:00+00:00,0.5874132
2009-03-20 23:00:00+00:00,0.22636489999999998
2009-03-21 00:00:00+00:00,0.0
2009-03-21 01:00:00+00:00,0.0
2009-03-21 02:00:00+00:00,0.0
2009-03-21 03:00:00+00:00,0.0
2009-03-21 04:00:00+00:00,0.0
2009-03-21 05:00:00+00:00,0.0
2009-03-21 06:00:00+00:00,0.0
2009-03-21 07:00:00+00:00,0.0
2009-03-21 08:00:00+00:00,0.0
2009-03-21 09:00:00+00:00,0.0
2009-03-21 10:00:00+00:00,0.0
2009-03-21 11:00:00+00:00,0.0
2009-03-21 12:00:00+00:00,0.025814645
2009-03-21 13:00:00+00:00,0.4030643
2009-03-21 14:00:00+00:00,0.6466010999999999
2009-03-21 15:00:00+00:00,0.693232
2009-03-21 16:00:00+00:00,0.67083555
2009-03-21 17:00:00+00:00,0.5589208000000001
2009-03-21 18:00:00+00:00,0.63982344
2009-03-21 19:00:00+00:00,0.652323
2009-03-21 20:00:00+00:00,0.66352606
2009-03-21 21:00:00+00:00,0.5938014
2009-03-21 22:00:00+00:00,0.037768524
2009-03-21 23:00:00+00:00,0.0016757725
2009-03-22 00:00:00+00:00,0.0
2009-03-22 01:00:00+00:00,0.0
2009-03-22 02:00:00+00:00,0.0
2009-03-22 03:00:00+00:00,0.0
2009-03-22 04:00:00+00:00,0.0
2009-03-22 05:00:00+00:00,0.0
2009-03-22 06:00:00+00:00,0.0
2009-03-22 07:00:00+00:00,0.0
2009-03-22 08:00:00+00:00,0.0
2009-03-22 09:00:00+00:00,0.0
2009-03-22 10:00:00+00:00,0.0
2009-03-22 11:00:00+00:00,0.0
2009-03-22 12:00:00+00:00,0.0
2009-03-22 13:00:00+00:00,0.12548006
2009-03-22 14:00:00+00:00,0.27889353
2009-03-22 15:00:00+00:00,0.40925506
2009-03-22 16:00:00+00:00,0.32196382
2009-03-22 17:00:00+00:00,0.45519584
2009-03-22 18:00:00+00:00,0.44487489999999996
2009-03-22 19:00:00+00:00,0.30889842
2009-03-22 20:00:00+00:00,0.40676382
2009-03-22 21:00:00+00:00,0.40840524
2009-03-22 22:00:00+00:00,0.47721368
2009-03-22 23:00:00+00:00,0.17308386
2009-03-23 00:00:00+00:00,0.0
2009-03-23 01:00:00+00:00,0.0
2009-03-23 02:00:00+00:00,0.0
2009-03-23 03:00:00+00:00,0.0
2009-03-23 04:00:00+00:00,0.0
2009-03-23 05:00:00+00:00,0.0
2009-03-23 06:00:00+00:00,0.0
2009-03-23 07:00:00+00:00,0.0
2009-03-23 08:00:00+00:00,0.0
2009-03-23 09:00:00+00:00,0.0
2009-03-23 10:00:00+00:00,0.0
2009-03-23 11:00:00+00:00,0.0
2009-03-23 12:00:00+00:00,0.0047524157
2009-03-23 13:00:00+00:00,0.04861059
2009-03-23 14:00:00+00:00,0.38748997
2009-03-23 15:00:00+00:00,0.46352380000000004
2009-03-23 16:00:00+00:00,0.56499285
2009-03-23 17:00:00+00:00,0.49421078
2009-03-23 18:00:00+00:00,0.5226622999999999
2009-03-23 19:00:00+00:00,0.43318132
2009-03-23 20:00:00+00:00,0.40859574
2009-03-23 21:00:00+00:00,0.1592951
2009-03-23 22:00:00+00:00,0.42204508
2009-03-23 23:00:00+00:00,0.040169984
2009-03-24 00:00:00+00:00,0.0
2009-03-24 01:00:00+00:00,0.0
2009-03-24 02:00:00+00:00,0.0
2009-03-24 03:00:00+00:00,0.0
2009-03-24 04:00:00+00:00,0.0
2009-03-24 05:00:00+00:00,0.0
2009-03-24 06:00:00+00:00,0.0
2009-03-24 07:00:00+00:00,0.0
2009-03-24 08:00:00+00:00,0.0
2009-03-24 09:00:00+00:00,0.0
2009-03-24 10:00:00+00:00,0.0
2009-03-24 11:00:00+00:00,0.0
2009-03-24 12:00:00+00:00,0.0031671240000000003
2009-03-24 13:00:00+00:00,0.0423139
2009-03-24 14:00:00+00:00,0.039038636
2009-03-24 15:00:00+00:00,0.044806875
2009-03-24 16:00:00+00:00,0.058663834000000005
2009-03-24 17:00:00+00:00,0.056767225
2009-03-24 18:00:00+00:00,0.096635394
2009-03-24 19:00:00+00:00,0.09307354
2009-03-24 20:00:00+00:00,0.039880052
2009-03-24 21:00:00+00:00,0.03004078
2009-03-24 22:00:00+00:00,0.0026607846
2009-03-24 23:00:00+00:00,0.0060383547
2009-03-25 00:00:00+00:00,0.0
2009-03-25 01:00:00+00:00,0.0
2009-03-25 02:00:00+00:00,0.0
2009-03-25 03:00:00+00:00,0.0
2009-03-25 04:00:00+00:00,0.0
2009-03-25 05:00:00+00:00,0.0
2009-03-25 06:00:00+00:00,0.0
2009-03-25 07:00:00+00:00,0.0
2009-03-25 08:00:00+00:00,0.0
2009-03-25 09:00:00+00:00,0.0
2009-03-25 10:00:00+00:00,0.0
2009-03-25 11:00:00+00:00,0.0
2009-03-25 12:00:00+00:00,0.0
2009-03-25 13:00:00+00:00,0.004907951
2009-03-25 14:00:00+00:00,0.023068665
2009-03-25 15:00:00+00:00,0.029740054
2009-03-25 16:00:00+00:00,0.12522422
2009-03-25 17:00:00+00:00,0.080908366
2009-03-25 18:00:00+00:00,0.41357267
2009-03-25 19:00:00+00:00,0.29393554
2009-03-25 20:00:00+00:00,0.3481944
2009-03-25 21:00:00+00:00,0.5417258
2009-03-25 22:00:00+00:00,0.29815224
2009-03-25 23:00:00+00:00,0.15498441
2009-03-26 00:00:00+00:00,0.0
2009-03-26 01:00:00+00:00,0.0
2009-03-26 02:00:00+00:00,0.0
2009-03-26 03:00:00+00:00,0.0
2009-03-26 04:00:00+00:00,0.0
2009-03-26 05:00:00+00:00,0.0
2009-03-26 06:00:00+00:00,0.0
2009-03-26 07:00:00+00:00,0.0
2009-03-26 08:00:00+00:00,0.0
2009-03-26 09:00:00+00:00,0.0
2009-03-26 10:00:00+00:00,0.0
2009-03-26 11:00:00+00:00,0.0
2009-03-26 12:00:00+00:00,0.02369554
2009-03-26 13:00:00+00:00,0.08546006
2009-03-26 14:00:00+00:00,0.18918052
2009-03-26 15:00:00+00:00,0.4757664000000001
2009-03-26 16:00:00+00:00,0.5499470999999999
2009-03-26 17:00:00+00:00,0.43768546
2009-03-26 18:00:00+00:00,0.14237241
2009-03-26 19:00:00+00:00,0.1749194
2009-03-26 20:00:00+00:00,0.063438386
2009-03-26 21:00:00+00:00,0.049226157
2009-03-26 22:00:00+00:00,0.018059121
2009-03-26 23:00:00+00:00,0.015246737
2009-03-27 00:00:00+00:00,0.0
2009-03-27 01:00:00+00:00,0.0
2009-03-27 02:00:00+00:00,0.0
2009-03-27 03:00:00+00:00,0.0
2009-03-27 04:00:00+00:00,0.0
2009-03-27 05:00:00+00:00,0.0
2009-03-27 06:00:00+00:00,0.0
2009-03-27 07:00:00+00:00,0.0
2009-03-27 08:00:00+00:00,0.0
2009-03-27 09:00:00+00:00,0.0
2009-03-27 10:00:00+00:00,0.0
2009-03-27 11:00:00+00:00,0.0
2009-03-27 12:00:00+00:00,0.0
2009-03-27 13:00:00+00:00,0.008692247
2009-03-27 14:00:00+00:00,0.031140944
2009-03-27 15:00:00+00:00,0.030529205
2009-03-27 16:00:00+00:00,0.14921369
2009-03-27 17:00:00+00:00,0.14127201
2009-03-27 18:00:00+00:00,0.29517916
2009-03-27 19:00:00+00:00,0.3689205
2009-03-27 20:00:00+00:00,0.6588049
2009-03-27 21:00:00+00:00,0.63765085
2009-03-27 22:00:00+00:00,0.0976538
2009-03-27 23:00:00+00:00,0.22501187
2009-03-28 00:00:00+00:00,0.0
2009-03-28 01:00:00+00:00,0.0
2009-03-28 02:00:00+00:00,0.0
2009-03-28 03:00:00+00:00,0.0
2009-03-28 04:00:00+00:00,0.0
2009-03-28 05:00:00+00:00,0.0
2009-03-28 06:00:00+00:00,0.0
2009-03-28 07:00:00+00:00,0.0
2009-03-28 08:00:00+00:00,0.0
2009-03-28 09:00:00+00:00,0.0
2009-03-28 10:00:00+00:00,0.0
2009-03-28 11:00:00+00:00,0.0
2009-03-28 12:00:00+00:00,6.9376714e-05
2009-03-28 13:00:00+00:00,0.02684566
2009-03-28 14:00:00+00:00,0.013603387
2009-03-28 15:00:00+00:00,0.033777878
2009-03-28 16:00:00+00:00,0.06862491
2009-03-28 17:00:00+00:00,0.09644806
2009-03-28 18:00:00+00:00,0.07723765
2009-03-28 19:00:00+00:00,0.05871582
2009-03-28 20:00:00+00:00,0.047838900000000004
2009-03-28 21:00:00+00:00,0.03468595
2009-03-28 22:00:00+00:00,0.01664488
2009-03-28 23:00:00+00:00,0.023741882000000002
2009-03-29 00:00:00+00:00,0.0
2009-03-29 01:00:00+00:00,0.0
2009-03-29 02:00:00+00:00,0.0
2009-03-29 03:00:00+00:00,0.0
2009-03-29 04:00:00+00:00,0.0
2009-03-29 05:00:00+00:00,0.0
2009-03-29 06:00:00+00:00,0.0
2009-03-29 07:00:00+00:00,0.0
2009-03-29 08:00:00+00:00,0.0
2009-03-29 09:00:00+00:00,0.0
2009-03-29 10:00:00+00:00,0.0
2009-03-29 11:00:00+00:00,0.0
2009-03-29 12:00:00+00:00,0.12341302
2009-03-29 13:00:00+00:00,0.4968406
2009-03-29 14:00:00+00:00,0.69815594
2009-03-29 15:00:00+00:00,0.7329946999999999
2009-03-29 16:00:00+00:00,0.71303725
2009-03-29 17:00:00+00:00,0.6936802
2009-03-29 18:00:00+00:00,0.6862102
2009-03-29 19:00:00+00:00,0.69356626
2009-03-29 20:00:00+00:00,0.70517385
2009-03-29 21:00:00+00:00,0.6870710999999999
2009-03-29 22:00:00+00:00,0.52832395
2009-03-29 23:00:00+00:00,0.11533557
2009-03-30 00:00:00+00:00,0.0
2009-03-30 01:00:00+00:00,0.0
2009-03-30 02:00:00+00:00,0.0
2009-03-30 03:00:00+00:00,0.0
2009-03-30 04:00:00+00:00,0.0
2009-03-30 05:00:00+00:00,0.0
2009-03-30 06:00:00+00:00,0.0
2009-03-30 07:00:00+00:00,0.0
2009-03-30 08:00:00+00:00,0.0
2009-03-30 09:00:00+00:00,0.0
2009-03-30 10:00:00+00:00,0.0
2009-03-30 11:00:00+00:00,0.0
2009-03-30 12:00:00+00:00,0.000977603
2009-03-30 13:00:00+00:00,0.108606316
2009-03-30 14:00:00+00:00,0.04402024
2009-03-30 15:00:00+00:00,0.46435025
2009-03-30 16:00:00+00:00,0.26014745
2009-03-30 17:00:00+00:00,0.31419918
2009-03-30 18:00:00+00:00,0.40888736
2009-03-30 19:00:00+00:00,0.5013951
2009-03-30 20:00:00+00:00,0.5541666999999999
2009-03-30 21:00:00+00:00,0.06576314
2009-03-30 22:00:00+00:00,0.16550002
2009-03-30 23:00:00+00:00,0.0028846427
2009-03-31 00:00:00+00:00,0.0
2009-03-31 01:00:00+00:00,0.0
2009-03-31 02:00:00+00:00,0.0
2009-03-31 03:00:00+00:00,0.0
2009-03-31 04:00:00+00:00,0.0
2009-03-31 05:00:00+00:00,0.0
2009-03-31 06:00:00+00:00,0.0
2009-03-31 07:00:00+00:00,0.0
2009-03-31 08:00:00+00:00,0.0
2009-03-31 09:00:00+00:00,0.0
2009-03-31 10:00:00+00:00,0.0
2009-03-31 11:00:00+00:00,0.0
2009-03-31 12:00:00+00:00,0.14185846
2009-03-31 13:00:00+00:00,0.5348014
2009-03-31 14:00:00+00:00,0.72593194
2009-03-31 15:00:00+00:00,0.75716084
2009-03-31 16:00:00+00:00,0.73829967
2009-03-31 17:00:00+00:00,0.71868426
2009-03-31 18:00:00+00:00,0.7097816
2009-03-31 19:00:00+00:00,0.7140622
2009-03-31 20:00:00+00:00,0.71951807
2009-03-31 21:00:00+00:00,0.7088644000000001
2009-03-31 22:00:00+00:00,0.6190853000000001
2009-03-31 23:00:00+00:00,0.29174343
2009-04-01 00:00:00+00:00,0.0
2009-04-01 01:00:00+00:00,0.0
2009-04-01 02:00:00+00:00,0.0
2009-04-01 03:00:00+00:00,0.0
2009-04-01 04:00:00+00:00,0.0
2009-04-01 05:00:00+00:00,0.0
2009-04-01 06:00:00+00:00,0.0
2009-04-01 07:00:00+00:00,0.0
2009-04-01 08:00:00+00:00,0.0
2009-04-01 09:00:00+00:00,0.0
2009-04-01 10:00:00+00:00,0.0
2009-04-01 11:00:00+00:00,0.0
2009-04-01 12:00:00+00:00,0.14406952
2009-04-01 13:00:00+00:00,0.5172561999999999
2009-04-01 14:00:00+00:00,0.68146235
2009-04-01 15:00:00+00:00,0.7063844
2009-04-01 16:00:00+00:00,0.6890390000000001
2009-04-01 17:00:00+00:00,0.59087336
2009-04-01 18:00:00+00:00,0.5570351
2009-04-01 19:00:00+00:00,0.63753515
2009-04-01 20:00:00+00:00,0.46721540000000006
2009-04-01 21:00:00+00:00,0.1523102
2009-04-01 22:00:00+00:00,0.053721614
2009-04-01 23:00:00+00:00,0.016306145
2009-04-02 00:00:00+00:00,0.0
2009-04-02 01:00:00+00:00,0.0
2009-04-02 02:00:00+00:00,0.0
2009-04-02 03:00:00+00:00,0.0
2009-04-02 04:00:00+00:00,0.0
2009-04-02 05:00:00+00:00,0.0
2009-04-02 06:00:00+00:00,0.0
2009-04-02 07:00:00+00:00,0.0
2009-04-02 08:00:00+00:00,0.0
2009-04-02 09:00:00+00:00,0.0
2009-04-02 10:00:00+00:00,0.0
2009-04-02 11:00:00+00:00,0.0
2009-04-02 12:00:00+00:00,0.0039084703
2009-04-02 13:00:00+00:00,0.008793981
2009-04-02 14:00:00+00:00,0.009893204000000001
2009-04-02 15:00:00+00:00,0.04544717400000001
2009-04-02 16:00:00+00:00,0.074279234
2009-04-02 17:00:00+00:00,0.13252777
2009-04-02 18:00:00+00:00,0.28121275
2009-04-02 19:00:00+00:00,0.34219143
2009-04-02 20:00:00+00:00,0.20282277
2009-04-02 21:00:00+00:00,0.32298309999999997
2009-04-02 22:00:00+00:00,0.5668698
2009-04-02 23:00:00+00:00,0.27738014
2009-04-03 00:00:00+00:00,0.0
2009-04-03 01:00:00+00:00,0.0
2009-04-03 02:00:00+00:00,0.0
2009-04-03 03:00:00+00:00,0.0
2009-04-03 04:00:00+00:00,0.0
2009-04-03 05:00:00+00:00,0.0
2009-04-03 06:00:00+00:00,0.0
2009-04-03 07:00:00+00:00,0.0
2009-04-03 08:00:00+00:00,0.0
2009-04-03 09:00:00+00:00,0.0
2009-04-03 10:00:00+00:00,0.0
2009-04-03 11:00:00+00:00,0.0
2009-04-03 12:00:00+00:00,0.17719229
2009-04-03 13:00:00+00:00,0.5708704000000001
2009-04-03 14:00:00+00:00,0.72628254
2009-04-03 15:00:00+00:00,0.74965733
2009-04-03 16:00:00+00:00,0.7249276
2009-04-03 17:00:00+00:00,0.705624
2009-04-03 18:00:00+00:00,0.69562906
2009-04-03 19:00:00+00:00,0.7001843000000001
2009-04-03 20:00:00+00:00,0.7064645
2009-04-03 21:00:00+00:00,0.6877884
2009-04-03 22:00:00+00:00,0.59839666
2009-04-03 23:00:00+00:00,0.29844055
2009-04-04 00:00:00+00:00,0.0
2009-04-04 01:00:00+00:00,0.0
2009-04-04 02:00:00+00:00,0.0
2009-04-04 03:00:00+00:00,0.0
2009-04-04 04:00:00+00:00,0.0
2009-04-04 05:00:00+00:00,0.0
2009-04-04 06:00:00+00:00,0.0
2009-04-04 07:00:00+00:00,0.0
2009-04-04 08:00:00+00:00,0.0
2009-04-04 09:00:00+00:00,0.0
2009-04-04 10:00:00+00:00,0.0
2009-04-04 11:00:00+00:00,0.0
2009-04-04 12:00:00+00:00,0.06890036
2009-04-04 13:00:00+00:00,0.44836709999999996
2009-04-04 14:00:00+00:00,0.56275
2009-04-04 15:00:00+00:00,0.52681977
2009-04-04 16:00:00+00:00,0.6864496999999999
2009-04-04 17:00:00+00:00,0.6711560000000001
2009-04-04 18:00:00+00:00,0.51516986
2009-04-04 19:00:00+00:00,0.49137998
2009-04-04 20:00:00+00:00,0.47830665
2009-04-04 21:00:00+00:00,0.3597204
2009-04-04 22:00:00+00:00,0.14505929
2009-04-04 23:00:00+00:00,0.058180172
2009-04-05 00:00:00+00:00,0.0
2009-04-05 01:00:00+00:00,0.0
2009-04-05 02:00:00+00:00,0.0
2009-04-05 03:00:00+00:00,0.0
2009-04-05 04:00:00+00:00,0.0
2009-04-05 05:00:00+00:00,0.0
2009-04-05 06:00:00+00:00,0.0
2009-04-05 07:00:00+00:00,0.0
2009-04-05 08:00:00+00:00,0.0
2009-04-05 09:00:00+00:00,0.0
2009-04-05 10:00:00+00:00,0.0
2009-04-05 11:00:00+00:00,0.0
2009-04-05 12:00:00+00:00,0.0009824717
2009-04-05 13:00:00+00:00,0.0046669929999999995
2009-04-05 14:00:00+00:00,0.03196831
2009-04-05 15:00:00+00:00,0.06194984
2009-04-05 16:00:00+00:00,0.07102274
2009-04-05 17:00:00+00:00,0.092623055
2009-04-05 18:00:00+00:00,0.14860797
2009-04-05 19:00:00+00:00,0.12562904
2009-04-05 20:00:00+00:00,0.077089325
2009-04-05 21:00:00+00:00,0.08010853
2009-04-05 22:00:00+00:00,0.007485441
2009-04-05 23:00:00+00:00,0.000557014
2009-04-06 00:00:00+00:00,0.0
2009-04-06 01:00:00+00:00,0.0
2009-04-06 02:00:00+00:00,0.0
2009-04-06 03:00:00+00:00,0.0
2009-04-06 04:00:00+00:00,0.0
2009-04-06 05:00:00+00:00,0.0
2009-04-06 06:00:00+00:00,0.0
2009-04-06 07:00:00+00:00,0.0
2009-04-06 08:00:00+00:00,0.0
2009-04-06 09:00:00+00:00,0.0
2009-04-06 10:00:00+00:00,0.0
2009-04-06 11:00:00+00:00,0.0
2009-04-06 12:00:00+00:00,0.009670381
2009-04-06 13:00:00+00:00,0.0405604
2009-04-06 14:00:00+00:00,0.067986645
2009-04-06 15:00:00+00:00,0.11634680000000001
2009-04-06 16:00:00+00:00,0.26825398
2009-04-06 17:00:00+00:00,0.3328198
2009-04-06 18:00:00+00:00,0.14996187
2009-04-06 19:00:00+00:00,0.24782707
2009-04-06 20:00:00+00:00,0.34828693
2009-04-06 21:00:00+00:00,0.37268415
2009-04-06 22:00:00+00:00,0.25270867
2009-04-06 23:00:00+00:00,0.21118936
2009-04-07 00:00:00+00:00,0.0
2009-04-07 01:00:00+00:00,0.0
2009-04-07 02:00:00+00:00,0.0
2009-04-07 03:00:00+00:00,0.0
2009-04-07 04:00:00+00:00,0.0
2009-04-07 05:00:00+00:00,0.0
2009-04-07 06:00:00+00:00,0.0
2009-04-07 07:00:00+00:00,0.0
2009-04-07 08:00:00+00:00,0.0
2009-04-07 09:00:00+00:00,0.0
2009-04-07 10:00:00+00:00,0.0
2009-04-07 11:00:00+00:00,0.0
2009-04-07 12:00:00+00:00,0.18947898
2009-04-07 13:00:00+00:00,0.57091266
2009-04-07 14:00:00+00:00,0.72733
2009-04-07 15:00:00+00:00,0.75950086
2009-04-07 16:00:00+00:00,0.7505999
2009-04-07 17:00:00+00:00,0.73203266
2009-04-07 18:00:00+00:00,0.6750289
2009-04-07 19:00:00+00:00,0.5890071
2009-04-07 20:00:00+00:00,0.36663634
2009-04-07 21:00:00+00:00,0.17659976
2009-04-07 22:00:00+00:00,0.08286682
2009-04-07 23:00:00+00:00,0.047085084000000006
2009-04-08 00:00:00+00:00,0.0
2009-04-08 01:00:00+00:00,0.0
2009-04-08 02:00:00+00:00,0.0
2009-04-08 03:00:00+00:00,0.0
2009-04-08 04:00:00+00:00,0.0
2009-04-08 05:00:00+00:00,0.0
2009-04-08 06:00:00+00:00,0.0
2009-04-08 07:00:00+00:00,0.0
2009-04-08 08:00:00+00:00,0.0
2009-04-08 09:00:00+00:00,0.0
2009-04-08 10:00:00+00:00,0.0
2009-04-08 11:00:00+00:00,0.0
2009-04-08 12:00:00+00:00,0.20524856
2009-04-08 13:00:00+00:00,0.59560436
2009-04-08 14:00:00+00:00,0.72096956
2009-04-08 15:00:00+00:00,0.75263655
2009-04-08 16:00:00+00:00,0.73533565
2009-04-08 17:00:00+00:00,0.7192927
2009-04-08 18:00:00+00:00,0.70906824
2009-04-08 19:00:00+00:00,0.7168097
2009-04-08 20:00:00+00:00,0.69540226
2009-04-08 21:00:00+00:00,0.5884124
2009-04-08 22:00:00+00:00,0.25915328
2009-04-08 23:00:00+00:00,0.029815873
2009-04-09 00:00:00+00:00,0.0
2009-04-09 01:00:00+00:00,0.0
2009-04-09 02:00:00+00:00,0.0
2009-04-09 03:00:00+00:00,0.0
2009-04-09 04:00:00+00:00,0.0
2009-04-09 05:00:00+00:00,0.0
2009-04-09 06:00:00+00:00,0.0
2009-04-09 07:00:00+00:00,0.0
2009-04-09 08:00:00+00:00,0.0
2009-04-09 09:00:00+00:00,0.0
2009-04-09 10:00:00+00:00,0.0
2009-04-09 11:00:00+00:00,0.0
2009-04-09 12:00:00+00:00,0.0
2009-04-09 13:00:00+00:00,0.042518012
2009-04-09 14:00:00+00:00,0.31584585
2009-04-09 15:00:00+00:00,0.06143843400000001
2009-04-09 16:00:00+00:00,0.09697604
2009-04-09 17:00:00+00:00,0.03223731
2009-04-09 18:00:00+00:00,0.043881382999999996
2009-04-09 19:00:00+00:00,0.043650985
2009-04-09 20:00:00+00:00,0.018953263999999997
2009-04-09 21:00:00+00:00,0.024352792999999998
2009-04-09 22:00:00+00:00,0.16083599999999998
2009-04-09 23:00:00+00:00,0.052950847999999995
2009-04-10 00:00:00+00:00,0.0
2009-04-10 01:00:00+00:00,0.0
2009-04-10 02:00:00+00:00,0.0
2009-04-10 03:00:00+00:00,0.0
2009-04-10 04:00:00+00:00,0.0
2009-04-10 05:00:00+00:00,0.0
2009-04-10 06:00:00+00:00,0.0
2009-04-10 07:00:00+00:00,0.0
2009-04-10 08:00:00+00:00,0.0
2009-04-10 09:00:00+00:00,0.0
2009-04-10 10:00:00+00:00,0.0
2009-04-10 11:00:00+00:00,0.0
2009-04-10 12:00:00+00:00,0.16374084
2009-04-10 13:00:00+00:00,0.5410769
2009-04-10 14:00:00+00:00,0.70928115
2009-04-10 15:00:00+00:00,0.7650560000000001
2009-04-10 16:00:00+00:00,0.7634265
2009-04-10 17:00:00+00:00,0.69450855
2009-04-10 18:00:00+00:00,0.713854
2009-04-10 19:00:00+00:00,0.75132143
2009-04-10 20:00:00+00:00,0.7648625
2009-04-10 21:00:00+00:00,0.7506335
2009-04-10 22:00:00+00:00,0.6668873000000001
2009-04-10 23:00:00+00:00,0.349539
2009-04-11 00:00:00+00:00,0.0
2009-04-11 01:00:00+00:00,0.0
2009-04-11 02:00:00+00:00,0.0
2009-04-11 03:00:00+00:00,0.0
2009-04-11 04:00:00+00:00,0.0
2009-04-11 05:00:00+00:00,0.0
2009-04-11 06:00:00+00:00,0.0
2009-04-11 07:00:00+00:00,0.0
2009-04-11 08:00:00+00:00,0.0
2009-04-11 09:00:00+00:00,0.0
2009-04-11 10:00:00+00:00,0.0
2009-04-11 11:00:00+00:00,0.0
2009-04-11 12:00:00+00:00,0.24340016
2009-04-11 13:00:00+00:00,0.65272975
2009-04-11 14:00:00+00:00,0.76659
2009-04-11 15:00:00+00:00,0.769
2009-04-11 16:00:00+00:00,0.6632413
2009-04-11 17:00:00+00:00,0.7590607
2009-04-11 18:00:00+00:00,0.75148165
2009-04-11 19:00:00+00:00,0.75613505
2009-04-11 20:00:00+00:00,0.60465187
2009-04-11 21:00:00+00:00,0.6152353
2009-04-11 22:00:00+00:00,0.4092504
2009-04-11 23:00:00+00:00,0.1260928
2009-04-12 00:00:00+00:00,0.0
2009-04-12 01:00:00+00:00,0.0
2009-04-12 02:00:00+00:00,0.0
2009-04-12 03:00:00+00:00,0.0
2009-04-12 04:00:00+00:00,0.0
2009-04-12 05:00:00+00:00,0.0
2009-04-12 06:00:00+00:00,0.0
2009-04-12 07:00:00+00:00,0.0
2009-04-12 08:00:00+00:00,0.0
2009-04-12 09:00:00+00:00,0.0
2009-04-12 10:00:00+00:00,0.0
2009-04-12 11:00:00+00:00,0.0
2009-04-12 12:00:00+00:00,0.0
2009-04-12 13:00:00+00:00,0.02909942
2009-04-12 14:00:00+00:00,0.007928738000000001
2009-04-12 15:00:00+00:00,0.26101267
2009-04-12 16:00:00+00:00,0.20864311
2009-04-12 17:00:00+00:00,0.39115062
2009-04-12 18:00:00+00:00,0.20418570000000003
2009-04-12 19:00:00+00:00,0.49068046
2009-04-12 20:00:00+00:00,0.53614956
2009-04-12 21:00:00+00:00,0.01395957
2009-04-12 22:00:00+00:00,0.02469952
2009-04-12 23:00:00+00:00,0.30073085
2009-04-13 00:00:00+00:00,0.0
2009-04-13 01:00:00+00:00,0.0
2009-04-13 02:00:00+00:00,0.0
2009-04-13 03:00:00+00:00,0.0
2009-04-13 04:00:00+00:00,0.0
2009-04-13 05:00:00+00:00,0.0
2009-04-13 06:00:00+00:00,0.0
2009-04-13 07:00:00+00:00,0.0
2009-04-13 08:00:00+00:00,0.0
2009-04-13 09:00:00+00:00,0.0
2009-04-13 10:00:00+00:00,0.0
2009-04-13 11:00:00+00:00,0.0
2009-04-13 12:00:00+00:00,0.08220059
2009-04-13 13:00:00+00:00,0.053906046
2009-04-13 14:00:00+00:00,0.16611311
2009-04-13 15:00:00+00:00,0.19483055
2009-04-13 16:00:00+00:00,0.13168702
2009-04-13 17:00:00+00:00,0.045622505
2009-04-13 18:00:00+00:00,0.124093495
2009-04-13 19:00:00+00:00,0.10470432
2009-04-13 20:00:00+00:00,0.08248452
2009-04-13 21:00:00+00:00,0.07409052599999999
2009-04-13 22:00:00+00:00,0.019721447
2009-04-13 23:00:00+00:00,0.029479042
2009-04-14 00:00:00+00:00,0.0
2009-04-14 01:00:00+00:00,0.0
2009-04-14 02:00:00+00:00,0.0
2009-04-14 03:00:00+00:00,0.0
2009-04-14 04:00:00+00:00,0.0
2009-04-14 05:00:00+00:00,0.0
2009-04-14 06:00:00+00:00,0.0
2009-04-14 07:00:00+00:00,0.0
2009-04-14 08:00:00+00:00,0.0
2009-04-14 09:00:00+00:00,0.0
2009-04-14 10:00:00+00:00,0.0
2009-04-14 11:00:00+00:00,0.0
2009-04-14 12:00:00+00:00,0.0068670725
2009-04-14 13:00:00+00:00,0.007348176999999999
2009-04-14 14:00:00+00:00,0.027597347
2009-04-14 15:00:00+00:00,0.09015974
2009-04-14 16:00:00+00:00,0.08488201
2009-04-14 17:00:00+00:00,0.13032529
2009-04-14 18:00:00+00:00,0.11266447
2009-04-14 19:00:00+00:00,0.13028679999999998
2009-04-14 20:00:00+00:00,0.087231815
2009-04-14 21:00:00+00:00,0.055748913
2009-04-14 22:00:00+00:00,0.048508517
2009-04-14 23:00:00+00:00,0.019609075
2009-04-15 00:00:00+00:00,0.0
2009-04-15 01:00:00+00:00,0.0
2009-04-15 02:00:00+00:00,0.0
2009-04-15 03:00:00+00:00,0.0
2009-04-15 04:00:00+00:00,0.0
2009-04-15 05:00:00+00:00,0.0
2009-04-15 06:00:00+00:00,0.0
2009-04-15 07:00:00+00:00,0.0
2009-04-15 08:00:00+00:00,0.0
2009-04-15 09:00:00+00:00,0.0
2009-04-15 10:00:00+00:00,0.0
2009-04-15 11:00:00+00:00,0.0
2009-04-15 12:00:00+00:00,0.008009177
2009-04-15 13:00:00+00:00,0.04889766
2009-04-15 14:00:00+00:00,0.10683907599999999
2009-04-15 15:00:00+00:00,0.093660794
2009-04-15 16:00:00+00:00,0.29530156
2009-04-15 17:00:00+00:00,0.2684105
2009-04-15 18:00:00+00:00,0.38849375
2009-04-15 19:00:00+00:00,0.65134794
2009-04-15 20:00:00+00:00,0.7387568
2009-04-15 21:00:00+00:00,0.71614134
2009-04-15 22:00:00+00:00,0.625428
2009-04-15 23:00:00+00:00,0.33795685
2009-04-16 00:00:00+00:00,0.0
2009-04-16 01:00:00+00:00,0.0
2009-04-16 02:00:00+00:00,0.0
2009-04-16 03:00:00+00:00,0.0
2009-04-16 04:00:00+00:00,0.0
2009-04-16 05:00:00+00:00,0.0
2009-04-16 06:00:00+00:00,0.0
2009-04-16 07:00:00+00:00,0.0
2009-04-16 08:00:00+00:00,0.0
2009-04-16 09:00:00+00:00,0.0
2009-04-16 10:00:00+00:00,0.0
2009-04-16 11:00:00+00:00,0.0
2009-04-16 12:00:00+00:00,0.28098932
2009-04-16 13:00:00+00:00,0.6434736
2009-04-16 14:00:00+00:00,0.7173518
2009-04-16 15:00:00+00:00,0.7246428
2009-04-16 16:00:00+00:00,0.7225264
2009-04-16 17:00:00+00:00,0.7124669
2009-04-16 18:00:00+00:00,0.7081864
2009-04-16 19:00:00+00:00,0.71509624
2009-04-16 20:00:00+00:00,0.71965516
2009-04-16 21:00:00+00:00,0.71612734
2009-04-16 22:00:00+00:00,0.6444996000000001
2009-04-16 23:00:00+00:00,0.3752474
2009-04-17 00:00:00+00:00,0.0
2009-04-17 01:00:00+00:00,0.0
2009-04-17 02:00:00+00:00,0.0
2009-04-17 03:00:00+00:00,0.0
2009-04-17 04:00:00+00:00,0.0
2009-04-17 05:00:00+00:00,0.0
2009-04-17 06:00:00+00:00,0.0
2009-04-17 07:00:00+00:00,0.0
2009-04-17 08:00:00+00:00,0.0
2009-04-17 09:00:00+00:00,0.0
2009-04-17 10:00:00+00:00,0.0
2009-04-17 11:00:00+00:00,0.0
2009-04-17 12:00:00+00:00,0.2658728
2009-04-17 13:00:00+00:00,0.57240605
2009-04-17 14:00:00+00:00,0.5559826999999999
2009-04-17 15:00:00+00:00,0.59694755
2009-04-17 16:00:00+00:00,0.64182675
2009-04-17 17:00:00+00:00,0.70845306
2009-04-17 18:00:00+00:00,0.63659596
2009-04-17 19:00:00+00:00,0.66033435
2009-04-17 20:00:00+00:00,0.61170346
2009-04-17 21:00:00+00:00,0.50302714
2009-04-17 22:00:00+00:00,0.34855634
2009-04-17 23:00:00+00:00,0.13170812
2009-04-18 00:00:00+00:00,0.0
2009-04-18 01:00:00+00:00,0.0
2009-04-18 02:00:00+00:00,0.0
2009-04-18 03:00:00+00:00,0.0
2009-04-18 04:00:00+00:00,0.0
2009-04-18 05:00:00+00:00,0.0
2009-04-18 06:00:00+00:00,0.0
2009-04-18 07:00:00+00:00,0.0
2009-04-18 08:00:00+00:00,0.0
2009-04-18 09:00:00+00:00,0.0
2009-04-18 10:00:00+00:00,0.0
2009-04-18 11:00:00+00:00,0.0
2009-04-18 12:00:00+00:00,0.021289617
2009-04-18 13:00:00+00:00,0.0019135977
2009-04-18 14:00:00+00:00,0.06684414
2009-04-18 15:00:00+00:00,0.116735935
2009-04-18 16:00:00+00:00,0.09003626
2009-04-18 17:00:00+00:00,0.11604656
2009-04-18 18:00:00+00:00,0.14179127
2009-04-18 19:00:00+00:00,0.07735301
2009-04-18 20:00:00+00:00,0.09734649
2009-04-18 21:00:00+00:00,0.059109755
2009-04-18 22:00:00+00:00,0.09714233
2009-04-18 23:00:00+00:00,0.11199574
2009-04-19 00:00:00+00:00,0.0
2009-04-19 01:00:00+00:00,0.0
2009-04-19 02:00:00+00:00,0.0
2009-04-19 03:00:00+00:00,0.0
2009-04-19 04:00:00+00:00,0.0
2009-04-19 05:00:00+00:00,0.0
2009-04-19 06:00:00+00:00,0.0
2009-04-19 07:00:00+00:00,0.0
2009-04-19 08:00:00+00:00,0.0
2009-04-19 09:00:00+00:00,0.0
2009-04-19 10:00:00+00:00,0.0
2009-04-19 11:00:00+00:00,0.0
2009-04-19 12:00:00+00:00,0.0071249880000000005
2009-04-19 13:00:00+00:00,0.005850284
2009-04-19 14:00:00+00:00,0.020947287
2009-04-19 15:00:00+00:00,0.034443542
2009-04-19 16:00:00+00:00,0.044368147999999996
2009-04-19 17:00:00+00:00,0.04762659
2009-04-19 18:00:00+00:00,0.09545462
2009-04-19 19:00:00+00:00,0.42626800000000004
2009-04-19 20:00:00+00:00,0.7671415
2009-04-19 21:00:00+00:00,0.47067037
2009-04-19 22:00:00+00:00,0.081497766
2009-04-19 23:00:00+00:00,0.3308421
2009-04-20 00:00:00+00:00,0.0013274557
2009-04-20 01:00:00+00:00,0.0
2009-04-20 02:00:00+00:00,0.0
2009-04-20 03:00:00+00:00,0.0
2009-04-20 04:00:00+00:00,0.0
2009-04-20 05:00:00+00:00,0.0
2009-04-20 06:00:00+00:00,0.0
2009-04-20 07:00:00+00:00,0.0
2009-04-20 08:00:00+00:00,0.0
2009-04-20 09:00:00+00:00,0.0
2009-04-20 10:00:00+00:00,0.0
2009-04-20 11:00:00+00:00,0.0
2009-04-20 12:00:00+00:00,0.31278843
2009-04-20 13:00:00+00:00,0.673895
2009-04-20 14:00:00+00:00,0.47887316
2009-04-20 15:00:00+00:00,0.43934336
2009-04-20 16:00:00+00:00,0.21209876
2009-04-20 17:00:00+00:00,0.31341788
2009-04-20 18:00:00+00:00,0.3631758
2009-04-20 19:00:00+00:00,0.23889452
2009-04-20 20:00:00+00:00,0.090001725
2009-04-20 21:00:00+00:00,0.10405993
2009-04-20 22:00:00+00:00,0.20549704
2009-04-20 23:00:00+00:00,0.067501485
2009-04-21 00:00:00+00:00,0.0006061174
2009-04-21 01:00:00+00:00,0.0
2009-04-21 02:00:00+00:00,0.0
2009-04-21 03:00:00+00:00,0.0
2009-04-21 04:00:00+00:00,0.0
2009-04-21 05:00:00+00:00,0.0
2009-04-21 06:00:00+00:00,0.0
2009-04-21 07:00:00+00:00,0.0
2009-04-21 08:00:00+00:00,0.0
2009-04-21 09:00:00+00:00,0.0
2009-04-21 10:00:00+00:00,0.0
2009-04-21 11:00:00+00:00,0.0
2009-04-21 12:00:00+00:00,0.32935107
2009-04-21 13:00:00+00:00,0.6803210999999999
2009-04-21 14:00:00+00:00,0.7648086
2009-04-21 15:00:00+00:00,0.63633376
2009-04-21 16:00:00+00:00,0.769
2009-04-21 17:00:00+00:00,0.6760638000000001
2009-04-21 18:00:00+00:00,0.5351643
2009-04-21 19:00:00+00:00,0.6551087
2009-04-21 20:00:00+00:00,0.48141474
2009-04-21 21:00:00+00:00,0.41211218
2009-04-21 22:00:00+00:00,0.29821423
2009-04-21 23:00:00+00:00,0.23868749
2009-04-22 00:00:00+00:00,0.013840048
2009-04-22 01:00:00+00:00,0.0
2009-04-22 02:00:00+00:00,0.0
2009-04-22 03:00:00+00:00,0.0
2009-04-22 04:00:00+00:00,0.0
2009-04-22 05:00:00+00:00,0.0
2009-04-22 06:00:00+00:00,0.0
2009-04-22 07:00:00+00:00,0.0
2009-04-22 08:00:00+00:00,0.0
2009-04-22 09:00:00+00:00,0.0
2009-04-22 10:00:00+00:00,0.0
2009-04-22 11:00:00+00:00,0.0
2009-04-22 12:00:00+00:00,0.32627404
2009-04-22 13:00:00+00:00,0.66167885
2009-04-22 14:00:00+00:00,0.7465383000000001
2009-04-22 15:00:00+00:00,0.75389487
2009-04-22 16:00:00+00:00,0.7358671999999999
2009-04-22 17:00:00+00:00,0.6616714
2009-04-22 18:00:00+00:00,0.62856674
2009-04-22 19:00:00+00:00,0.57203776
2009-04-22 20:00:00+00:00,0.6502236
2009-04-22 21:00:00+00:00,0.3346221
2009-04-22 22:00:00+00:00,0.03402465
2009-04-22 23:00:00+00:00,0.15368451
2009-04-23 00:00:00+00:00,0.0016562167
2009-04-23 01:00:00+00:00,0.0
2009-04-23 02:00:00+00:00,0.0
2009-04-23 03:00:00+00:00,0.0
2009-04-23 04:00:00+00:00,0.0
2009-04-23 05:00:00+00:00,0.0
2009-04-23 06:00:00+00:00,0.0
2009-04-23 07:00:00+00:00,0.0
2009-04-23 08:00:00+00:00,0.0
2009-04-23 09:00:00+00:00,0.0
2009-04-23 10:00:00+00:00,0.0
2009-04-23 11:00:00+00:00,0.0
2009-04-23 12:00:00+00:00,0.28054926
2009-04-23 13:00:00+00:00,0.58600783
2009-04-23 14:00:00+00:00,0.46669784
2009-04-23 15:00:00+00:00,0.5832242
2009-04-23 16:00:00+00:00,0.7281731
2009-04-23 17:00:00+00:00,0.71572256
2009-04-23 18:00:00+00:00,0.69003516
2009-04-23 19:00:00+00:00,0.71883756
2009-04-23 20:00:00+00:00,0.66623884
2009-04-23 21:00:00+00:00,0.6913731
2009-04-23 22:00:00+00:00,0.59186554
2009-04-23 23:00:00+00:00,0.32721233
2009-04-24 00:00:00+00:00,0.035935457999999997
2009-04-24 01:00:00+00:00,0.0
2009-04-24 02:00:00+00:00,0.0
2009-04-24 03:00:00+00:00,0.0
2009-04-24 04:00:00+00:00,0.0
2009-04-24 05:00:00+00:00,0.0
2009-04-24 06:00:00+00:00,0.0
2009-04-24 07:00:00+00:00,0.0
2009-04-24 08:00:00+00:00,0.0
2009-04-24 09:00:00+00:00,0.0
2009-04-24 10:00:00+00:00,0.0
2009-04-24 11:00:00+00:00,0.0
2009-04-24 12:00:00+00:00,0.3186552
2009-04-24 13:00:00+00:00,0.6351063
2009-04-24 14:00:00+00:00,0.7233539999999999
2009-04-24 15:00:00+00:00,0.7336242
2009-04-24 16:00:00+00:00,0.7340981
2009-04-24 17:00:00+00:00,0.72665215
2009-04-24 18:00:00+00:00,0.72166634
2009-04-24 19:00:00+00:00,0.72757995
2009-04-24 20:00:00+00:00,0.7297578
2009-04-24 21:00:00+00:00,0.7186154
2009-04-24 22:00:00+00:00,0.6437282
2009-04-24 23:00:00+00:00,0.3933143
2009-04-25 00:00:00+00:00,0.049772184000000004
2009-04-25 01:00:00+00:00,0.0
2009-04-25 02:00:00+00:00,0.0
2009-04-25 03:00:00+00:00,0.0
2009-04-25 04:00:00+00:00,0.0
2009-04-25 05:00:00+00:00,0.0
2009-04-25 06:00:00+00:00,0.0
2009-04-25 07:00:00+00:00,0.0
2009-04-25 08:00:00+00:00,0.0
2009-04-25 09:00:00+00:00,0.0
2009-04-25 10:00:00+00:00,0.0
2009-04-25 11:00:00+00:00,0.0
2009-04-25 12:00:00+00:00,0.29190418
2009-04-25 13:00:00+00:00,0.5946678000000001
2009-04-25 14:00:00+00:00,0.69105005
2009-04-25 15:00:00+00:00,0.71631485
2009-04-25 16:00:00+00:00,0.7096939
2009-04-25 17:00:00+00:00,0.6593401999999999
2009-04-25 18:00:00+00:00,0.49564394
2009-04-25 19:00:00+00:00,0.62189513
2009-04-25 20:00:00+00:00,0.7048448
2009-04-25 21:00:00+00:00,0.68496823
2009-04-25 22:00:00+00:00,0.4312566
2009-04-25 23:00:00+00:00,0.24914410000000003
2009-04-26 00:00:00+00:00,0.025034245
2009-04-26 01:00:00+00:00,0.0
2009-04-26 02:00:00+00:00,0.0
2009-04-26 03:00:00+00:00,0.0
2009-04-26 04:00:00+00:00,0.0
2009-04-26 05:00:00+00:00,0.0
2009-04-26 06:00:00+00:00,0.0
2009-04-26 07:00:00+00:00,0.0
2009-04-26 08:00:00+00:00,0.0
2009-04-26 09:00:00+00:00,0.0
2009-04-26 10:00:00+00:00,0.0
2009-04-26 11:00:00+00:00,0.0
2009-04-26 12:00:00+00:00,0.3373265
2009-04-26 13:00:00+00:00,0.64049363
2009-04-26 14:00:00+00:00,0.72405577
2009-04-26 15:00:00+00:00,0.7423679
2009-04-26 16:00:00+00:00,0.7361965
2009-04-26 17:00:00+00:00,0.7242414
2009-04-26 18:00:00+00:00,0.6195755999999999
2009-04-26 19:00:00+00:00,0.6364417
2009-04-26 20:00:00+00:00,0.5814132
2009-04-26 21:00:00+00:00,0.5079482
2009-04-26 22:00:00+00:00,0.42766476
2009-04-26 23:00:00+00:00,0.26531234
2009-04-27 00:00:00+00:00,0.03289297
2009-04-27 01:00:00+00:00,0.0
2009-04-27 02:00:00+00:00,0.0
2009-04-27 03:00:00+00:00,0.0
2009-04-27 04:00:00+00:00,0.0
2009-04-27 05:00:00+00:00,0.0
2009-04-27 06:00:00+00:00,0.0
2009-04-27 07:00:00+00:00,0.0
2009-04-27 08:00:00+00:00,0.0
2009-04-27 09:00:00+00:00,0.0
2009-04-27 10:00:00+00:00,0.0
2009-04-27 11:00:00+00:00,0.0
2009-04-27 12:00:00+00:00,0.013831184
2009-04-27 13:00:00+00:00,0.034059584
2009-04-27 14:00:00+00:00,0.12425441
2009-04-27 15:00:00+00:00,0.03916432
2009-04-27 16:00:00+00:00,0.05428883
2009-04-27 17:00:00+00:00,0.17504062
2009-04-27 18:00:00+00:00,0.33341065
2009-04-27 19:00:00+00:00,0.18789297
2009-04-27 20:00:00+00:00,0.36242533
2009-04-27 21:00:00+00:00,0.36538538
2009-04-27 22:00:00+00:00,0.10755703
2009-04-27 23:00:00+00:00,0.21299307
2009-04-28 00:00:00+00:00,0.025182115
2009-04-28 01:00:00+00:00,0.0
2009-04-28 02:00:00+00:00,0.0
2009-04-28 03:00:00+00:00,0.0
2009-04-28 04:00:00+00:00,0.0
2009-04-28 05:00:00+00:00,0.0
2009-04-28 06:00:00+00:00,0.0
2009-04-28 07:00:00+00:00,0.0
2009-04-28 08:00:00+00:00,0.0
2009-04-28 09:00:00+00:00,0.0
2009-04-28 10:00:00+00:00,0.0
2009-04-28 11:00:00+00:00,0.0
2009-04-28 12:00:00+00:00,0.035876125
2009-04-28 13:00:00+00:00,0.07249609
2009-04-28 14:00:00+00:00,0.39394575
2009-04-28 15:00:00+00:00,0.51383716
2009-04-28 16:00:00+00:00,0.44396278
2009-04-28 17:00:00+00:00,0.52961165
2009-04-28 18:00:00+00:00,0.616984
2009-04-28 19:00:00+00:00,0.690733
2009-04-28 20:00:00+00:00,0.5295015000000001
2009-04-28 21:00:00+00:00,0.4984964
2009-04-28 22:00:00+00:00,0.33136645
2009-04-28 23:00:00+00:00,0.21696329999999997
2009-04-29 00:00:00+00:00,0.024814514
2009-04-29 01:00:00+00:00,0.0
2009-04-29 02:00:00+00:00,0.0
2009-04-29 03:00:00+00:00,0.0
2009-04-29 04:00:00+00:00,0.0
2009-04-29 05:00:00+00:00,0.0
2009-04-29 06:00:00+00:00,0.0
2009-04-29 07:00:00+00:00,0.0
2009-04-29 08:00:00+00:00,0.0
2009-04-29 09:00:00+00:00,0.0
2009-04-29 10:00:00+00:00,0.0
2009-04-29 11:00:00+00:00,0.0
2009-04-29 12:00:00+00:00,0.015860436000000002
2009-04-29 13:00:00+00:00,0.036074918
2009-04-29 14:00:00+00:00,0.016031507
2009-04-29 15:00:00+00:00,0.08604139
2009-04-29 16:00:00+00:00,0.14581944
2009-04-29 17:00:00+00:00,0.06195514
2009-04-29 18:00:00+00:00,0.20917656
2009-04-29 19:00:00+00:00,0.51294625
2009-04-29 20:00:00+00:00,0.21836157
2009-04-29 21:00:00+00:00,0.36220092
2009-04-29 22:00:00+00:00,0.19135638
2009-04-29 23:00:00+00:00,0.018272556000000002
2009-04-30 00:00:00+00:00,0.00057661557
2009-04-30 01:00:00+00:00,0.0
2009-04-30 02:00:00+00:00,0.0
2009-04-30 03:00:00+00:00,0.0
2009-04-30 04:00:00+00:00,0.0
2009-04-30 05:00:00+00:00,0.0
2009-04-30 06:00:00+00:00,0.0
2009-04-30 07:00:00+00:00,0.0
2009-04-30 08:00:00+00:00,0.0
2009-04-30 09:00:00+00:00,0.0
2009-04-30 10:00:00+00:00,0.0
2009-04-30 11:00:00+00:00,0.0
2009-04-30 12:00:00+00:00,0.023084981
2009-04-30 13:00:00+00:00,0.040005185
2009-04-30 14:00:00+00:00,0.26823664
2009-04-30 15:00:00+00:00,0.2756926
2009-04-30 16:00:00+00:00,0.39169183
2009-04-30 17:00:00+00:00,0.5332913
2009-04-30 18:00:00+00:00,0.30723315
2009-04-30 19:00:00+00:00,0.4778308
2009-04-30 20:00:00+00:00,0.440614
2009-04-30 21:00:00+00:00,0.38878882
2009-04-30 22:00:00+00:00,0.26897743
2009-04-30 23:00:00+00:00,0.034709524
2009-05-01 00:00:00+00:00,0.0013414153
2009-05-01 01:00:00+00:00,0.0
2009-05-01 02:00:00+00:00,0.0
2009-05-01 03:00:00+00:00,0.0
2009-05-01 04:00:00+00:00,0.0
2009-05-01 05:00:00+00:00,0.0
2009-05-01 06:00:00+00:00,0.0
2009-05-01 07:00:00+00:00,0.0
2009-05-01 08:00:00+00:00,0.0
2009-05-01 09:00:00+00:00,0.0
2009-05-01 10:00:00+00:00,0.0
2009-05-01 11:00:00+00:00,0.0
2009-05-01 12:00:00+00:00,0.006947053000000001
2009-05-01 13:00:00+00:00,0.045383137000000004
2009-05-01 14:00:00+00:00,0.12470789
2009-05-01 15:00:00+00:00,0.26613605
2009-05-01 16:00:00+00:00,0.15022212
2009-05-01 17:00:00+00:00,0.2434154
2009-05-01 18:00:00+00:00,0.20889947
2009-05-01 19:00:00+00:00,0.19339296
2009-05-01 20:00:00+00:00,0.16186614
2009-05-01 21:00:00+00:00,0.08522351
2009-05-01 22:00:00+00:00,0.0351545
2009-05-01 23:00:00+00:00,0.019063418999999998
2009-05-02 00:00:00+00:00,0.00051075435
2009-05-02 01:00:00+00:00,0.0
2009-05-02 02:00:00+00:00,0.0
2009-05-02 03:00:00+00:00,0.0
2009-05-02 04:00:00+00:00,0.0
2009-05-02 05:00:00+00:00,0.0
2009-05-02 06:00:00+00:00,0.0
2009-05-02 07:00:00+00:00,0.0
2009-05-02 08:00:00+00:00,0.0
2009-05-02 09:00:00+00:00,0.0
2009-05-02 10:00:00+00:00,0.0
2009-05-02 11:00:00+00:00,0.0
2009-05-02 12:00:00+00:00,0.024448248
2009-05-02 13:00:00+00:00,0.05086708400000001
2009-05-02 14:00:00+00:00,0.12461081
2009-05-02 15:00:00+00:00,0.15942673
2009-05-02 16:00:00+00:00,0.43875495
2009-05-02 17:00:00+00:00,0.38534847
2009-05-02 18:00:00+00:00,0.20038015
2009-05-02 19:00:00+00:00,0.20247343
2009-05-02 20:00:00+00:00,0.18915103
2009-05-02 21:00:00+00:00,0.21112242
2009-05-02 22:00:00+00:00,0.053297035
2009-05-02 23:00:00+00:00,0.009205317
2009-05-03 00:00:00+00:00,0.0002258471
2009-05-03 01:00:00+00:00,0.0
2009-05-03 02:00:00+00:00,0.0
2009-05-03 03:00:00+00:00,0.0
2009-05-03 04:00:00+00:00,0.0
2009-05-03 05:00:00+00:00,0.0
2009-05-03 06:00:00+00:00,0.0
2009-05-03 07:00:00+00:00,0.0
2009-05-03 08:00:00+00:00,0.0
2009-05-03 09:00:00+00:00,0.0
2009-05-03 10:00:00+00:00,0.0
2009-05-03 11:00:00+00:00,0.0017260519
2009-05-03 12:00:00+00:00,0.07748321400000001
2009-05-03 13:00:00+00:00,0.2043576
2009-05-03 14:00:00+00:00,0.24507593
2009-05-03 15:00:00+00:00,0.13358536
2009-05-03 16:00:00+00:00,0.23688784
2009-05-03 17:00:00+00:00,0.28496584
2009-05-03 18:00:00+00:00,0.23857874
2009-05-03 19:00:00+00:00,0.218705
2009-05-03 20:00:00+00:00,0.46717355
2009-05-03 21:00:00+00:00,0.19481087
2009-05-03 22:00:00+00:00,0.08632011
2009-05-03 23:00:00+00:00,0.015112147
2009-05-04 00:00:00+00:00,0.0
2009-05-04 01:00:00+00:00,0.0
2009-05-04 02:00:00+00:00,0.0
2009-05-04 03:00:00+00:00,0.0
2009-05-04 04:00:00+00:00,0.0
2009-05-04 05:00:00+00:00,0.0
2009-05-04 06:00:00+00:00,0.0
2009-05-04 07:00:00+00:00,0.0
2009-05-04 08:00:00+00:00,0.0
2009-05-04 09:00:00+00:00,0.0
2009-05-04 10:00:00+00:00,0.0
2009-05-04 11:00:00+00:00,0.0
2009-05-04 12:00:00+00:00,0.0041370527
2009-05-04 13:00:00+00:00,0.062920734
2009-05-04 14:00:00+00:00,0.06624626
2009-05-04 15:00:00+00:00,0.32246384
2009-05-04 16:00:00+00:00,0.38883168
2009-05-04 17:00:00+00:00,0.46526003
2009-05-04 18:00:00+00:00,0.5421138000000001
2009-05-04 19:00:00+00:00,0.46819997
2009-05-04 20:00:00+00:00,0.30554184
2009-05-04 21:00:00+00:00,0.30988709999999997
2009-05-04 22:00:00+00:00,0.43117829999999996
2009-05-04 23:00:00+00:00,0.24124336
2009-05-05 00:00:00+00:00,0.048123933
2009-05-05 01:00:00+00:00,0.0
2009-05-05 02:00:00+00:00,0.0
2009-05-05 03:00:00+00:00,0.0
2009-05-05 04:00:00+00:00,0.0
2009-05-05 05:00:00+00:00,0.0
2009-05-05 06:00:00+00:00,0.0
2009-05-05 07:00:00+00:00,0.0
2009-05-05 08:00:00+00:00,0.0
2009-05-05 09:00:00+00:00,0.0
2009-05-05 10:00:00+00:00,0.0
2009-05-05 11:00:00+00:00,0.0
2009-05-05 12:00:00+00:00,0.096570306
2009-05-05 13:00:00+00:00,0.07009555
2009-05-05 14:00:00+00:00,0.042819887
2009-05-05 15:00:00+00:00,0.050405335
2009-05-05 16:00:00+00:00,0.09989962
2009-05-05 17:00:00+00:00,0.11666971
2009-05-05 18:00:00+00:00,0.0831359
2009-05-05 19:00:00+00:00,0.32374963
2009-05-05 20:00:00+00:00,0.20331159
2009-05-05 21:00:00+00:00,0.34186079999999996
2009-05-05 22:00:00+00:00,0.27016515
2009-05-05 23:00:00+00:00,0.19140013
2009-05-06 00:00:00+00:00,0.0060913963
2009-05-06 01:00:00+00:00,0.0
2009-05-06 02:00:00+00:00,0.0
2009-05-06 03:00:00+00:00,0.0
2009-05-06 04:00:00+00:00,0.0
2009-05-06 05:00:00+00:00,0.0
2009-05-06 06:00:00+00:00,0.0
2009-05-06 07:00:00+00:00,0.0
2009-05-06 08:00:00+00:00,0.0
2009-05-06 09:00:00+00:00,0.0
2009-05-06 10:00:00+00:00,0.0
2009-05-06 11:00:00+00:00,0.017716974
2009-05-06 12:00:00+00:00,0.21587504
2009-05-06 13:00:00+00:00,0.35387748
2009-05-06 14:00:00+00:00,0.37487856
2009-05-06 15:00:00+00:00,0.50057024
2009-05-06 16:00:00+00:00,0.5048760999999999
2009-05-06 17:00:00+00:00,0.30344796
2009-05-06 18:00:00+00:00,0.4409292
2009-05-06 19:00:00+00:00,0.41235355
2009-05-06 20:00:00+00:00,0.39299629999999997
2009-05-06 21:00:00+00:00,0.2978107
2009-05-06 22:00:00+00:00,0.6172889
2009-05-06 23:00:00+00:00,0.3996038
2009-05-07 00:00:00+00:00,0.09961926
2009-05-07 01:00:00+00:00,0.0
2009-05-07 02:00:00+00:00,0.0
2009-05-07 03:00:00+00:00,0.0
2009-05-07 04:00:00+00:00,0.0
2009-05-07 05:00:00+00:00,0.0
2009-05-07 06:00:00+00:00,0.0
2009-05-07 07:00:00+00:00,0.0
2009-05-07 08:00:00+00:00,0.0
2009-05-07 09:00:00+00:00,0.0
2009-05-07 10:00:00+00:00,0.0
2009-05-07 11:00:00+00:00,0.0029312333
2009-05-07 12:00:00+00:00,0.17577845
2009-05-07 13:00:00+00:00,0.559237
2009-05-07 14:00:00+00:00,0.4164036
2009-05-07 15:00:00+00:00,0.5861529000000001
2009-05-07 16:00:00+00:00,0.46873337
2009-05-07 17:00:00+00:00,0.55995667
2009-05-07 18:00:00+00:00,0.3542086
2009-05-07 19:00:00+00:00,0.058386855
2009-05-07 20:00:00+00:00,0.021126412
2009-05-07 21:00:00+00:00,0.021615282000000003
2009-05-07 22:00:00+00:00,0.040063962
2009-05-07 23:00:00+00:00,0.028746702000000002
2009-05-08 00:00:00+00:00,0.007979932
2009-05-08 01:00:00+00:00,0.0
2009-05-08 02:00:00+00:00,0.0
2009-05-08 03:00:00+00:00,0.0
2009-05-08 04:00:00+00:00,0.0
2009-05-08 05:00:00+00:00,0.0
2009-05-08 06:00:00+00:00,0.0
2009-05-08 07:00:00+00:00,0.0
2009-05-08 08:00:00+00:00,0.0
2009-05-08 09:00:00+00:00,0.0
2009-05-08 10:00:00+00:00,0.0
2009-05-08 11:00:00+00:00,0.0
2009-05-08 12:00:00+00:00,0.029730202999999997
2009-05-08 13:00:00+00:00,0.30869964
2009-05-08 14:00:00+00:00,0.48285815
2009-05-08 15:00:00+00:00,0.2050478
2009-05-08 16:00:00+00:00,0.35843664
2009-05-08 17:00:00+00:00,0.5286966
2009-05-08 18:00:00+00:00,0.55926627
2009-05-08 19:00:00+00:00,0.73782665
2009-05-08 20:00:00+00:00,0.76640457
2009-05-08 21:00:00+00:00,0.7504204000000001
2009-05-08 22:00:00+00:00,0.67174333
2009-05-08 23:00:00+00:00,0.44853434
2009-05-09 00:00:00+00:00,0.11417984
2009-05-09 01:00:00+00:00,0.0
2009-05-09 02:00:00+00:00,0.0
2009-05-09 03:00:00+00:00,0.0
2009-05-09 04:00:00+00:00,0.0
2009-05-09 05:00:00+00:00,0.0
2009-05-09 06:00:00+00:00,0.0
2009-05-09 07:00:00+00:00,0.0
2009-05-09 08:00:00+00:00,0.0
2009-05-09 09:00:00+00:00,0.0
2009-05-09 10:00:00+00:00,0.0
2009-05-09 11:00:00+00:00,0.06126779
2009-05-09 12:00:00+00:00,0.40693793
2009-05-09 13:00:00+00:00,0.6712461999999999
2009-05-09 14:00:00+00:00,0.74382186
2009-05-09 15:00:00+00:00,0.76291424
2009-05-09 16:00:00+00:00,0.7529573
2009-05-09 17:00:00+00:00,0.7164581999999999
2009-05-09 18:00:00+00:00,0.6436909000000001
2009-05-09 19:00:00+00:00,0.6844465999999999
2009-05-09 20:00:00+00:00,0.6392536
2009-05-09 21:00:00+00:00,0.62291855
2009-05-09 22:00:00+00:00,0.32472932
2009-05-09 23:00:00+00:00,0.04998091599999999
2009-05-10 00:00:00+00:00,0.002536707
2009-05-10 01:00:00+00:00,0.0
2009-05-10 02:00:00+00:00,0.0
2009-05-10 03:00:00+00:00,0.0
2009-05-10 04:00:00+00:00,0.0
2009-05-10 05:00:00+00:00,0.0
2009-05-10 06:00:00+00:00,0.0
2009-05-10 07:00:00+00:00,0.0
2009-05-10 08:00:00+00:00,0.0
2009-05-10 09:00:00+00:00,0.0
2009-05-10 10:00:00+00:00,0.0
2009-05-10 11:00:00+00:00,0.0006518247
2009-05-10 12:00:00+00:00,0.031654872
2009-05-10 13:00:00+00:00,0.21673360000000003
2009-05-10 14:00:00+00:00,0.52074033
2009-05-10 15:00:00+00:00,0.7161138000000001
2009-05-10 16:00:00+00:00,0.5630010999999999
2009-05-10 17:00:00+00:00,0.49522895
2009-05-10 18:00:00+00:00,0.7271305
2009-05-10 19:00:00+00:00,0.39946684
2009-05-10 20:00:00+00:00,0.7165875
2009-05-10 21:00:00+00:00,0.6604951
2009-05-10 22:00:00+00:00,0.58547556
2009-05-10 23:00:00+00:00,0.44199306
2009-05-11 00:00:00+00:00,0.12095009
2009-05-11 01:00:00+00:00,0.0
2009-05-11 02:00:00+00:00,0.0
2009-05-11 03:00:00+00:00,0.0
2009-05-11 04:00:00+00:00,0.0
2009-05-11 05:00:00+00:00,0.0
2009-05-11 06:00:00+00:00,0.0
2009-05-11 07:00:00+00:00,0.0
2009-05-11 08:00:00+00:00,0.0
2009-05-11 09:00:00+00:00,0.0
2009-05-11 10:00:00+00:00,0.0
2009-05-11 11:00:00+00:00,0.0739332
2009-05-11 12:00:00+00:00,0.42228845
2009-05-11 13:00:00+00:00,0.67091453
2009-05-11 14:00:00+00:00,0.7459451
2009-05-11 15:00:00+00:00,0.76482064
2009-05-11 16:00:00+00:00,0.75586003
2009-05-11 17:00:00+00:00,0.74568135
2009-05-11 18:00:00+00:00,0.73670435
2009-05-11 19:00:00+00:00,0.73544425
2009-05-11 20:00:00+00:00,0.7435798
2009-05-11 21:00:00+00:00,0.728466
2009-05-11 22:00:00+00:00,0.6600106
2009-05-11 23:00:00+00:00,0.4549294
2009-05-12 00:00:00+00:00,0.12483675
2009-05-12 01:00:00+00:00,0.0
2009-05-12 02:00:00+00:00,0.0
2009-05-12 03:00:00+00:00,0.0
2009-05-12 04:00:00+00:00,0.0
2009-05-12 05:00:00+00:00,0.0
2009-05-12 06:00:00+00:00,0.0
2009-05-12 07:00:00+00:00,0.0
2009-05-12 08:00:00+00:00,0.0
2009-05-12 09:00:00+00:00,0.0
2009-05-12 10:00:00+00:00,0.0
2009-05-12 11:00:00+00:00,2.0725358e-05
2009-05-12 12:00:00+00:00,0.0065520452
2009-05-12 13:00:00+00:00,0.009986474
2009-05-12 14:00:00+00:00,0.08295255
2009-05-12 15:00:00+00:00,0.055346335999999996
2009-05-12 16:00:00+00:00,0.15702184
2009-05-12 17:00:00+00:00,0.61786276
2009-05-12 18:00:00+00:00,0.5932219
2009-05-12 19:00:00+00:00,0.5374548000000001
2009-05-12 20:00:00+00:00,0.36714083
2009-05-12 21:00:00+00:00,0.10427542
2009-05-12 22:00:00+00:00,0.22403641
2009-05-12 23:00:00+00:00,0.08240682
2009-05-13 00:00:00+00:00,0.0052963835
2009-05-13 01:00:00+00:00,0.0
2009-05-13 02:00:00+00:00,0.0
2009-05-13 03:00:00+00:00,0.0
2009-05-13 04:00:00+00:00,0.0
2009-05-13 05:00:00+00:00,0.0
2009-05-13 06:00:00+00:00,0.0
2009-05-13 07:00:00+00:00,0.0
2009-05-13 08:00:00+00:00,0.0
2009-05-13 09:00:00+00:00,0.0
2009-05-13 10:00:00+00:00,0.0
2009-05-13 11:00:00+00:00,0.0
2009-05-13 12:00:00+00:00,0.00066130015
2009-05-13 13:00:00+00:00,0.0110181505
2009-05-13 14:00:00+00:00,0.04209037
2009-05-13 15:00:00+00:00,0.13082524
2009-05-13 16:00:00+00:00,0.42807218
2009-05-13 17:00:00+00:00,0.48357520000000004
2009-05-13 18:00:00+00:00,0.3234855
2009-05-13 19:00:00+00:00,0.35752863
2009-05-13 20:00:00+00:00,0.52252096
2009-05-13 21:00:00+00:00,0.5095332
2009-05-13 22:00:00+00:00,0.33895513
2009-05-13 23:00:00+00:00,0.17812462
2009-05-14 00:00:00+00:00,0.07910453
2009-05-14 01:00:00+00:00,0.0
2009-05-14 02:00:00+00:00,0.0
2009-05-14 03:00:00+00:00,0.0
2009-05-14 04:00:00+00:00,0.0
2009-05-14 05:00:00+00:00,0.0
2009-05-14 06:00:00+00:00,0.0
2009-05-14 07:00:00+00:00,0.0
2009-05-14 08:00:00+00:00,0.0
2009-05-14 09:00:00+00:00,0.0
2009-05-14 10:00:00+00:00,0.0
2009-05-14 11:00:00+00:00,0.04399528
2009-05-14 12:00:00+00:00,0.29953979999999997
2009-05-14 13:00:00+00:00,0.5142762
2009-05-14 14:00:00+00:00,0.6068398
2009-05-14 15:00:00+00:00,0.6946074999999999
2009-05-14 16:00:00+00:00,0.55632794
2009-05-14 17:00:00+00:00,0.40177575
2009-05-14 18:00:00+00:00,0.54040605
2009-05-14 19:00:00+00:00,0.41983459999999995
2009-05-14 20:00:00+00:00,0.053479407
2009-05-14 21:00:00+00:00,0.017348904
2009-05-14 22:00:00+00:00,0.05453117
2009-05-14 23:00:00+00:00,0.036940675
2009-05-15 00:00:00+00:00,0.02339051
2009-05-15 01:00:00+00:00,0.0
2009-05-15 02:00:00+00:00,0.0
2009-05-15 03:00:00+00:00,0.0
2009-05-15 04:00:00+00:00,0.0
2009-05-15 05:00:00+00:00,0.0
2009-05-15 06:00:00+00:00,0.0
2009-05-15 07:00:00+00:00,0.0
2009-05-15 08:00:00+00:00,0.0
2009-05-15 09:00:00+00:00,0.0
2009-05-15 10:00:00+00:00,0.0
2009-05-15 11:00:00+00:00,0.0005238063
2009-05-15 12:00:00+00:00,0.05876335
2009-05-15 13:00:00+00:00,0.18554893
2009-05-15 14:00:00+00:00,0.31333077
2009-05-15 15:00:00+00:00,0.41884348
2009-05-15 16:00:00+00:00,0.13713743
2009-05-15 17:00:00+00:00,0.093792684
2009-05-15 18:00:00+00:00,0.661287
2009-05-15 19:00:00+00:00,0.5812675
2009-05-15 20:00:00+00:00,0.5048376
2009-05-15 21:00:00+00:00,0.39486042
2009-05-15 22:00:00+00:00,0.39446947
2009-05-15 23:00:00+00:00,0.057895437
2009-05-16 00:00:00+00:00,0.033273615
2009-05-16 01:00:00+00:00,0.0
2009-05-16 02:00:00+00:00,0.0
2009-05-16 03:00:00+00:00,0.0
2009-05-16 04:00:00+00:00,0.0
2009-05-16 05:00:00+00:00,0.0
2009-05-16 06:00:00+00:00,0.0
2009-05-16 07:00:00+00:00,0.0
2009-05-16 08:00:00+00:00,0.0
2009-05-16 09:00:00+00:00,0.0
2009-05-16 10:00:00+00:00,0.0
2009-05-16 11:00:00+00:00,0.011047752
2009-05-16 12:00:00+00:00,0.34505957
2009-05-16 13:00:00+00:00,0.48500523
2009-05-16 14:00:00+00:00,0.5067305000000001
2009-05-16 15:00:00+00:00,0.6542031999999999
2009-05-16 16:00:00+00:00,0.6579792
2009-05-16 17:00:00+00:00,0.64142257
2009-05-16 18:00:00+00:00,0.63594335
2009-05-16 19:00:00+00:00,0.6752437
2009-05-16 20:00:00+00:00,0.71831685
2009-05-16 21:00:00+00:00,0.60871094
2009-05-16 22:00:00+00:00,0.58425546
2009-05-16 23:00:00+00:00,0.50236243
2009-05-17 00:00:00+00:00,0.15072055
2009-05-17 01:00:00+00:00,0.0
2009-05-17 02:00:00+00:00,0.0
2009-05-17 03:00:00+00:00,0.0
2009-05-17 04:00:00+00:00,0.0
2009-05-17 05:00:00+00:00,0.0
2009-05-17 06:00:00+00:00,0.0
2009-05-17 07:00:00+00:00,0.0
2009-05-17 08:00:00+00:00,0.0
2009-05-17 09:00:00+00:00,0.0
2009-05-17 10:00:00+00:00,0.0
2009-05-17 11:00:00+00:00,0.11002425
2009-05-17 12:00:00+00:00,0.47591579999999994
2009-05-17 13:00:00+00:00,0.70840794
2009-05-17 14:00:00+00:00,0.769
2009-05-17 15:00:00+00:00,0.769
2009-05-17 16:00:00+00:00,0.769
2009-05-17 17:00:00+00:00,0.769
2009-05-17 18:00:00+00:00,0.769
2009-05-17 19:00:00+00:00,0.769
2009-05-17 20:00:00+00:00,0.769
2009-05-17 21:00:00+00:00,0.76327074
2009-05-17 22:00:00+00:00,0.69556177
2009-05-17 23:00:00+00:00,0.51394564
2009-05-18 00:00:00+00:00,0.16345365
2009-05-18 01:00:00+00:00,0.0
2009-05-18 02:00:00+00:00,0.0
2009-05-18 03:00:00+00:00,0.0
2009-05-18 04:00:00+00:00,0.0
2009-05-18 05:00:00+00:00,0.0
2009-05-18 06:00:00+00:00,0.0
2009-05-18 07:00:00+00:00,0.0
2009-05-18 08:00:00+00:00,0.0
2009-05-18 09:00:00+00:00,0.0
2009-05-18 10:00:00+00:00,0.0
2009-05-18 11:00:00+00:00,0.12001539
2009-05-18 12:00:00+00:00,0.48774984
2009-05-18 13:00:00+00:00,0.69940674
2009-05-18 14:00:00+00:00,0.76472604
2009-05-18 15:00:00+00:00,0.7680696
2009-05-18 16:00:00+00:00,0.7635073
2009-05-18 17:00:00+00:00,0.75420505
2009-05-18 18:00:00+00:00,0.74881864
2009-05-18 19:00:00+00:00,0.75068057
2009-05-18 20:00:00+00:00,0.74983925
2009-05-18 21:00:00+00:00,0.741002
2009-05-18 22:00:00+00:00,0.6774621999999999
2009-05-18 23:00:00+00:00,0.5129354
2009-05-19 00:00:00+00:00,0.16643833
2009-05-19 01:00:00+00:00,0.0
2009-05-19 02:00:00+00:00,0.0
2009-05-19 03:00:00+00:00,0.0
2009-05-19 04:00:00+00:00,0.0
2009-05-19 05:00:00+00:00,0.0
2009-05-19 06:00:00+00:00,0.0
2009-05-19 07:00:00+00:00,0.0
2009-05-19 08:00:00+00:00,0.0
2009-05-19 09:00:00+00:00,0.0
2009-05-19 10:00:00+00:00,0.0
2009-05-19 11:00:00+00:00,0.12224231
2009-05-19 12:00:00+00:00,0.48967722
2009-05-19 13:00:00+00:00,0.70066506
2009-05-19 14:00:00+00:00,0.7508404000000001
2009-05-19 15:00:00+00:00,0.7506276
2009-05-19 16:00:00+00:00,0.7489866
2009-05-19 17:00:00+00:00,0.7456146
2009-05-19 18:00:00+00:00,0.74467987
2009-05-19 19:00:00+00:00,0.74866056
2009-05-19 20:00:00+00:00,0.7502308000000001
2009-05-19 21:00:00+00:00,0.74063015
2009-05-19 22:00:00+00:00,0.6790776
2009-05-19 23:00:00+00:00,0.5176077
2009-05-20 00:00:00+00:00,0.17218973
2009-05-20 01:00:00+00:00,0.0
2009-05-20 02:00:00+00:00,0.0
2009-05-20 03:00:00+00:00,0.0
2009-05-20 04:00:00+00:00,0.0
2009-05-20 05:00:00+00:00,0.0
2009-05-20 06:00:00+00:00,0.0
2009-05-20 07:00:00+00:00,0.0
2009-05-20 08:00:00+00:00,0.0
2009-05-20 09:00:00+00:00,0.0
2009-05-20 10:00:00+00:00,0.0
2009-05-20 11:00:00+00:00,0.11652292
2009-05-20 12:00:00+00:00,0.45657825
2009-05-20 13:00:00+00:00,0.65328634
2009-05-20 14:00:00+00:00,0.7185033000000001
2009-05-20 15:00:00+00:00,0.7182295999999999
2009-05-20 16:00:00+00:00,0.7021314999999999
2009-05-20 17:00:00+00:00,0.7025513000000001
2009-05-20 18:00:00+00:00,0.71009755
2009-05-20 19:00:00+00:00,0.71842104
2009-05-20 20:00:00+00:00,0.6926392
2009-05-20 21:00:00+00:00,0.70743376
2009-05-20 22:00:00+00:00,0.6444188
2009-05-20 23:00:00+00:00,0.49196595
2009-05-21 00:00:00+00:00,0.16385704
2009-05-21 01:00:00+00:00,0.0
2009-05-21 02:00:00+00:00,0.0
2009-05-21 03:00:00+00:00,0.0
2009-05-21 04:00:00+00:00,0.0
2009-05-21 05:00:00+00:00,0.0
2009-05-21 06:00:00+00:00,0.0
2009-05-21 07:00:00+00:00,0.0
2009-05-21 08:00:00+00:00,0.0
2009-05-21 09:00:00+00:00,0.0
2009-05-21 10:00:00+00:00,0.0
2009-05-21 11:00:00+00:00,0.10836157
2009-05-21 12:00:00+00:00,0.43527684
2009-05-21 13:00:00+00:00,0.63781023
2009-05-21 14:00:00+00:00,0.695059
2009-05-21 15:00:00+00:00,0.70328075
2009-05-21 16:00:00+00:00,0.69830084
2009-05-21 17:00:00+00:00,0.62259114
2009-05-21 18:00:00+00:00,0.5482855
2009-05-21 19:00:00+00:00,0.55100167
2009-05-21 20:00:00+00:00,0.6319815
2009-05-21 21:00:00+00:00,0.53781986
2009-05-21 22:00:00+00:00,0.5604149
2009-05-21 23:00:00+00:00,0.43712243
2009-05-22 00:00:00+00:00,0.14125988
2009-05-22 01:00:00+00:00,0.0
2009-05-22 02:00:00+00:00,0.0
2009-05-22 03:00:00+00:00,0.0
2009-05-22 04:00:00+00:00,0.0
2009-05-22 05:00:00+00:00,0.0
2009-05-22 06:00:00+00:00,0.0
2009-05-22 07:00:00+00:00,0.0
2009-05-22 08:00:00+00:00,0.0
2009-05-22 09:00:00+00:00,0.0
2009-05-22 10:00:00+00:00,0.0
2009-05-22 11:00:00+00:00,0.100065105
2009-05-22 12:00:00+00:00,0.39520648
2009-05-22 13:00:00+00:00,0.5985305000000001
2009-05-22 14:00:00+00:00,0.6712509
2009-05-22 15:00:00+00:00,0.68944556
2009-05-22 16:00:00+00:00,0.6941563000000001
2009-05-22 17:00:00+00:00,0.5686238
2009-05-22 18:00:00+00:00,0.5817895000000001
2009-05-22 19:00:00+00:00,0.44444332
2009-05-22 20:00:00+00:00,0.5164419
2009-05-22 21:00:00+00:00,0.4289941
2009-05-22 22:00:00+00:00,0.4000603
2009-05-22 23:00:00+00:00,0.22423959
2009-05-23 00:00:00+00:00,0.041441042000000004
2009-05-23 01:00:00+00:00,0.0
2009-05-23 02:00:00+00:00,0.0
2009-05-23 03:00:00+00:00,0.0
2009-05-23 04:00:00+00:00,0.0
2009-05-23 05:00:00+00:00,0.0
2009-05-23 06:00:00+00:00,0.0
2009-05-23 07:00:00+00:00,0.0
2009-05-23 08:00:00+00:00,0.0
2009-05-23 09:00:00+00:00,0.0
2009-05-23 10:00:00+00:00,0.0
2009-05-23 11:00:00+00:00,0.005032905
2009-05-23 12:00:00+00:00,0.3499536
2009-05-23 13:00:00+00:00,0.38446096
2009-05-23 14:00:00+00:00,0.26872793
2009-05-23 15:00:00+00:00,0.21390297
2009-05-23 16:00:00+00:00,0.48435378
2009-05-23 17:00:00+00:00,0.42046154
2009-05-23 18:00:00+00:00,0.38077778
2009-05-23 19:00:00+00:00,0.5267508000000001
2009-05-23 20:00:00+00:00,0.5181958999999999
2009-05-23 21:00:00+00:00,0.5336619
2009-05-23 22:00:00+00:00,0.33375459999999996
2009-05-23 23:00:00+00:00,0.09855142
2009-05-24 00:00:00+00:00,0.023673344
2009-05-24 01:00:00+00:00,0.0
2009-05-24 02:00:00+00:00,0.0
2009-05-24 03:00:00+00:00,0.0
2009-05-24 04:00:00+00:00,0.0
2009-05-24 05:00:00+00:00,0.0
2009-05-24 06:00:00+00:00,0.0
2009-05-24 07:00:00+00:00,0.0
2009-05-24 08:00:00+00:00,0.0
2009-05-24 09:00:00+00:00,0.0
2009-05-24 10:00:00+00:00,0.0
2009-05-24 11:00:00+00:00,0.02198639
2009-05-24 12:00:00+00:00,0.08317832
2009-05-24 13:00:00+00:00,0.15469919
2009-05-24 14:00:00+00:00,0.16145617
2009-05-24 15:00:00+00:00,0.117453486
2009-05-24 16:00:00+00:00,0.18874392
2009-05-24 17:00:00+00:00,0.0888051
2009-05-24 18:00:00+00:00,0.22531416
2009-05-24 19:00:00+00:00,0.35742867
2009-05-24 20:00:00+00:00,0.5752639
2009-05-24 21:00:00+00:00,0.407063
2009-05-24 22:00:00+00:00,0.55279005
2009-05-24 23:00:00+00:00,0.44636282
2009-05-25 00:00:00+00:00,0.13880591
2009-05-25 01:00:00+00:00,0.0
2009-05-25 02:00:00+00:00,0.0
2009-05-25 03:00:00+00:00,0.0
2009-05-25 04:00:00+00:00,0.0
2009-05-25 05:00:00+00:00,0.0
2009-05-25 06:00:00+00:00,0.0
2009-05-25 07:00:00+00:00,0.0
2009-05-25 08:00:00+00:00,0.0
2009-05-25 09:00:00+00:00,0.0
2009-05-25 10:00:00+00:00,0.0
2009-05-25 11:00:00+00:00,0.110022835
2009-05-25 12:00:00+00:00,0.40472874
2009-05-25 13:00:00+00:00,0.30621937
2009-05-25 14:00:00+00:00,0.5476594
2009-05-25 15:00:00+00:00,0.6034007
2009-05-25 16:00:00+00:00,0.33147445
2009-05-25 17:00:00+00:00,0.70340544
2009-05-25 18:00:00+00:00,0.61028236
2009-05-25 19:00:00+00:00,0.47843736
2009-05-25 20:00:00+00:00,0.48514193
2009-05-25 21:00:00+00:00,0.51530635
2009-05-25 22:00:00+00:00,0.35987276
2009-05-25 23:00:00+00:00,0.34888179999999996
2009-05-26 00:00:00+00:00,0.13563377
2009-05-26 01:00:00+00:00,0.0
2009-05-26 02:00:00+00:00,0.0
2009-05-26 03:00:00+00:00,0.0
2009-05-26 04:00:00+00:00,0.0
2009-05-26 05:00:00+00:00,0.0
2009-05-26 06:00:00+00:00,0.0
2009-05-26 07:00:00+00:00,0.0
2009-05-26 08:00:00+00:00,0.0
2009-05-26 09:00:00+00:00,0.0
2009-05-26 10:00:00+00:00,0.0
2009-05-26 11:00:00+00:00,0.04259996
2009-05-26 12:00:00+00:00,0.10684987
2009-05-26 13:00:00+00:00,0.09652742
2009-05-26 14:00:00+00:00,0.20865661
2009-05-26 15:00:00+00:00,0.122075856
2009-05-26 16:00:00+00:00,0.43336588
2009-05-26 17:00:00+00:00,0.6085687
2009-05-26 18:00:00+00:00,0.5767197
2009-05-26 19:00:00+00:00,0.5422999
2009-05-26 20:00:00+00:00,0.20874228
2009-05-26 21:00:00+00:00,0.03880397
2009-05-26 22:00:00+00:00,0.2707279
2009-05-26 23:00:00+00:00,0.14338744
2009-05-27 00:00:00+00:00,0.056359365999999994
2009-05-27 01:00:00+00:00,0.0
2009-05-27 02:00:00+00:00,0.0
2009-05-27 03:00:00+00:00,0.0
2009-05-27 04:00:00+00:00,0.0
2009-05-27 05:00:00+00:00,0.0
2009-05-27 06:00:00+00:00,0.0
2009-05-27 07:00:00+00:00,0.0
2009-05-27 08:00:00+00:00,0.0
2009-05-27 09:00:00+00:00,0.0
2009-05-27 10:00:00+00:00,0.0
2009-05-27 11:00:00+00:00,0.005174434
2009-05-27 12:00:00+00:00,0.06215753
2009-05-27 13:00:00+00:00,0.1868352
2009-05-27 14:00:00+00:00,0.1719644
2009-05-27 15:00:00+00:00,0.11440012
2009-05-27 16:00:00+00:00,0.03425429
2009-05-27 17:00:00+00:00,0.20190023
2009-05-27 18:00:00+00:00,0.50184476
2009-05-27 19:00:00+00:00,0.41762397
2009-05-27 20:00:00+00:00,0.58061683
2009-05-27 21:00:00+00:00,0.6569446
2009-05-27 22:00:00+00:00,0.6352699
2009-05-27 23:00:00+00:00,0.41423404
2009-05-28 00:00:00+00:00,0.16342586
2009-05-28 01:00:00+00:00,0.0
2009-05-28 02:00:00+00:00,0.0
2009-05-28 03:00:00+00:00,0.0
2009-05-28 04:00:00+00:00,0.0
2009-05-28 05:00:00+00:00,0.0
2009-05-28 06:00:00+00:00,0.0
2009-05-28 07:00:00+00:00,0.0
2009-05-28 08:00:00+00:00,0.0
2009-05-28 09:00:00+00:00,0.0
2009-05-28 10:00:00+00:00,0.0
2009-05-28 11:00:00+00:00,0.043395177
2009-05-28 12:00:00+00:00,0.12703499
2009-05-28 13:00:00+00:00,0.29177177
2009-05-28 14:00:00+00:00,0.43944576
2009-05-28 15:00:00+00:00,0.7194308
2009-05-28 16:00:00+00:00,0.7502024
2009-05-28 17:00:00+00:00,0.74693644
2009-05-28 18:00:00+00:00,0.74671197
2009-05-28 19:00:00+00:00,0.5734458
2009-05-28 20:00:00+00:00,0.65724075
2009-05-28 21:00:00+00:00,0.57118195
2009-05-28 22:00:00+00:00,0.59218174
2009-05-28 23:00:00+00:00,0.5158643
2009-05-29 00:00:00+00:00,0.18265486
2009-05-29 01:00:00+00:00,0.0
2009-05-29 02:00:00+00:00,0.0
2009-05-29 03:00:00+00:00,0.0
2009-05-29 04:00:00+00:00,0.0
2009-05-29 05:00:00+00:00,0.0
2009-05-29 06:00:00+00:00,0.0
2009-05-29 07:00:00+00:00,0.0
2009-05-29 08:00:00+00:00,0.0
2009-05-29 09:00:00+00:00,0.0
2009-05-29 10:00:00+00:00,0.0
2009-05-29 11:00:00+00:00,0.08185749
2009-05-29 12:00:00+00:00,0.15057462
2009-05-29 13:00:00+00:00,0.39756662
2009-05-29 14:00:00+00:00,0.5831934
2009-05-29 15:00:00+00:00,0.44957536
2009-05-29 16:00:00+00:00,0.45676026
2009-05-29 17:00:00+00:00,0.579272
2009-05-29 18:00:00+00:00,0.5428689999999999
2009-05-29 19:00:00+00:00,0.62346125
2009-05-29 20:00:00+00:00,0.5085607
2009-05-29 21:00:00+00:00,0.69513106
2009-05-29 22:00:00+00:00,0.61193585
2009-05-29 23:00:00+00:00,0.42948472
2009-05-30 00:00:00+00:00,0.15970424
2009-05-30 01:00:00+00:00,0.0
2009-05-30 02:00:00+00:00,0.0
2009-05-30 03:00:00+00:00,0.0
2009-05-30 04:00:00+00:00,0.0
2009-05-30 05:00:00+00:00,0.0
2009-05-30 06:00:00+00:00,0.0
2009-05-30 07:00:00+00:00,0.0
2009-05-30 08:00:00+00:00,0.0
2009-05-30 09:00:00+00:00,0.0
2009-05-30 10:00:00+00:00,0.0
2009-05-30 11:00:00+00:00,0.12038786
2009-05-30 12:00:00+00:00,0.4437927
2009-05-30 13:00:00+00:00,0.64918196
2009-05-30 14:00:00+00:00,0.7258391
2009-05-30 15:00:00+00:00,0.748753
2009-05-30 16:00:00+00:00,0.7524357
2009-05-30 17:00:00+00:00,0.7474499
2009-05-30 18:00:00+00:00,0.74704343
2009-05-30 19:00:00+00:00,0.7479935000000001
2009-05-30 20:00:00+00:00,0.7464447
2009-05-30 21:00:00+00:00,0.7325225000000001
2009-05-30 22:00:00+00:00,0.6813937
2009-05-30 23:00:00+00:00,0.551763
2009-05-31 00:00:00+00:00,0.21308295
2009-05-31 01:00:00+00:00,0.0
2009-05-31 02:00:00+00:00,0.0
2009-05-31 03:00:00+00:00,0.0
2009-05-31 04:00:00+00:00,0.0
2009-05-31 05:00:00+00:00,0.0
2009-05-31 06:00:00+00:00,0.0
2009-05-31 07:00:00+00:00,0.0
2009-05-31 08:00:00+00:00,0.0
2009-05-31 09:00:00+00:00,0.0
2009-05-31 10:00:00+00:00,0.0
2009-05-31 11:00:00+00:00,0.13724166
2009-05-31 12:00:00+00:00,0.22786777
2009-05-31 13:00:00+00:00,0.42353776
2009-05-31 14:00:00+00:00,0.5888356
2009-05-31 15:00:00+00:00,0.4802728
2009-05-31 16:00:00+00:00,0.5952012
2009-05-31 17:00:00+00:00,0.7173858
2009-05-31 18:00:00+00:00,0.712543
2009-05-31 19:00:00+00:00,0.71370256
2009-05-31 20:00:00+00:00,0.71544164
2009-05-31 21:00:00+00:00,0.6791045
2009-05-31 22:00:00+00:00,0.62123764
2009-05-31 23:00:00+00:00,0.49733365
2009-06-01 00:00:00+00:00,0.18134718
2009-06-01 01:00:00+00:00,0.0
2009-06-01 02:00:00+00:00,0.0
2009-06-01 03:00:00+00:00,0.0
2009-06-01 04:00:00+00:00,0.0
2009-06-01 05:00:00+00:00,0.0
2009-06-01 06:00:00+00:00,0.0
2009-06-01 07:00:00+00:00,0.0
2009-06-01 08:00:00+00:00,0.0
2009-06-01 09:00:00+00:00,0.0
2009-06-01 10:00:00+00:00,0.0
2009-06-01 11:00:00+00:00,0.12144031400000001
2009-06-01 12:00:00+00:00,0.43657959
2009-06-01 13:00:00+00:00,0.6245921999999999
2009-06-01 14:00:00+00:00,0.69047815
2009-06-01 15:00:00+00:00,0.71031666
2009-06-01 16:00:00+00:00,0.7086832
2009-06-01 17:00:00+00:00,0.5321243
2009-06-01 18:00:00+00:00,0.6449272
2009-06-01 19:00:00+00:00,0.48458982
2009-06-01 20:00:00+00:00,0.66431177
2009-06-01 21:00:00+00:00,0.6399484000000001
2009-06-01 22:00:00+00:00,0.37823975
2009-06-01 23:00:00+00:00,0.24993451
2009-06-02 00:00:00+00:00,0.08328938
2009-06-02 01:00:00+00:00,0.0
2009-06-02 02:00:00+00:00,0.0
2009-06-02 03:00:00+00:00,0.0
2009-06-02 04:00:00+00:00,0.0
2009-06-02 05:00:00+00:00,0.0
2009-06-02 06:00:00+00:00,0.0
2009-06-02 07:00:00+00:00,0.0
2009-06-02 08:00:00+00:00,0.0
2009-06-02 09:00:00+00:00,0.0
2009-06-02 10:00:00+00:00,0.0
2009-06-02 11:00:00+00:00,0.10913010000000002
2009-06-02 12:00:00+00:00,0.13729033
2009-06-02 13:00:00+00:00,0.016867178
2009-06-02 14:00:00+00:00,0.041478693
2009-06-02 15:00:00+00:00,0.06265383
2009-06-02 16:00:00+00:00,0.17243315
2009-06-02 17:00:00+00:00,0.35919374
2009-06-02 18:00:00+00:00,0.5107787
2009-06-02 19:00:00+00:00,0.51394826
2009-06-02 20:00:00+00:00,0.3992105
2009-06-02 21:00:00+00:00,0.4994406
2009-06-02 22:00:00+00:00,0.13641845
2009-06-02 23:00:00+00:00,0.0039521344
2009-06-03 00:00:00+00:00,0.0016219448
2009-06-03 01:00:00+00:00,0.0
2009-06-03 02:00:00+00:00,0.0
2009-06-03 03:00:00+00:00,0.0
2009-06-03 04:00:00+00:00,0.0
2009-06-03 05:00:00+00:00,0.0
2009-06-03 06:00:00+00:00,0.0
2009-06-03 07:00:00+00:00,0.0
2009-06-03 08:00:00+00:00,0.0
2009-06-03 09:00:00+00:00,0.0
2009-06-03 10:00:00+00:00,0.0
2009-06-03 11:00:00+00:00,0.004585786
2009-06-03 12:00:00+00:00,0.019656453
2009-06-03 13:00:00+00:00,0.052790415
2009-06-03 14:00:00+00:00,0.067291945
2009-06-03 15:00:00+00:00,0.033822842
2009-06-03 16:00:00+00:00,0.09078402
2009-06-03 17:00:00+00:00,0.105696104
2009-06-03 18:00:00+00:00,0.0643489
2009-06-03 19:00:00+00:00,0.103494346
2009-06-03 20:00:00+00:00,0.09728682
2009-06-03 21:00:00+00:00,0.09400083
2009-06-03 22:00:00+00:00,0.06023177
2009-06-03 23:00:00+00:00,0.005651599
2009-06-04 00:00:00+00:00,0.01204188
2009-06-04 01:00:00+00:00,0.0
2009-06-04 02:00:00+00:00,0.0
2009-06-04 03:00:00+00:00,0.0
2009-06-04 04:00:00+00:00,0.0
2009-06-04 05:00:00+00:00,0.0
2009-06-04 06:00:00+00:00,0.0
2009-06-04 07:00:00+00:00,0.0
2009-06-04 08:00:00+00:00,0.0
2009-06-04 09:00:00+00:00,0.0
2009-06-04 10:00:00+00:00,0.0
2009-06-04 11:00:00+00:00,0.1188112
2009-06-04 12:00:00+00:00,0.45775798
2009-06-04 13:00:00+00:00,0.6568838
2009-06-04 14:00:00+00:00,0.7321801
2009-06-04 15:00:00+00:00,0.7578844
2009-06-04 16:00:00+00:00,0.7544121
2009-06-04 17:00:00+00:00,0.6322456999999999
2009-06-04 18:00:00+00:00,0.6578823
2009-06-04 19:00:00+00:00,0.7447024
2009-06-04 20:00:00+00:00,0.7591737
2009-06-04 21:00:00+00:00,0.7417696999999999
2009-06-04 22:00:00+00:00,0.6872807
2009-06-04 23:00:00+00:00,0.55609775
2009-06-05 00:00:00+00:00,0.21424101
2009-06-05 01:00:00+00:00,0.0
2009-06-05 02:00:00+00:00,0.0
2009-06-05 03:00:00+00:00,0.0
2009-06-05 04:00:00+00:00,0.0
2009-06-05 05:00:00+00:00,0.0
2009-06-05 06:00:00+00:00,0.0
2009-06-05 07:00:00+00:00,0.0
2009-06-05 08:00:00+00:00,0.0
2009-06-05 09:00:00+00:00,0.0
2009-06-05 10:00:00+00:00,0.0
2009-06-05 11:00:00+00:00,0.101850905
2009-06-05 12:00:00+00:00,0.48868359999999994
2009-06-05 13:00:00+00:00,0.6697583
2009-06-05 14:00:00+00:00,0.734243
2009-06-05 15:00:00+00:00,0.7460336999999999
2009-06-05 16:00:00+00:00,0.7478876
2009-06-05 17:00:00+00:00,0.7063378
2009-06-05 18:00:00+00:00,0.6366721
2009-06-05 19:00:00+00:00,0.62802774
2009-06-05 20:00:00+00:00,0.7356968
2009-06-05 21:00:00+00:00,0.5742549
2009-06-05 22:00:00+00:00,0.37678379999999995
2009-06-05 23:00:00+00:00,0.44574696
2009-06-06 00:00:00+00:00,0.12207423
2009-06-06 01:00:00+00:00,0.0
2009-06-06 02:00:00+00:00,0.0
2009-06-06 03:00:00+00:00,0.0
2009-06-06 04:00:00+00:00,0.0
2009-06-06 05:00:00+00:00,0.0
2009-06-06 06:00:00+00:00,0.0
2009-06-06 07:00:00+00:00,0.0
2009-06-06 08:00:00+00:00,0.0
2009-06-06 09:00:00+00:00,0.0
2009-06-06 10:00:00+00:00,0.0
2009-06-06 11:00:00+00:00,0.022876466
2009-06-06 12:00:00+00:00,0.23658922
2009-06-06 13:00:00+00:00,0.39216977
2009-06-06 14:00:00+00:00,0.51686984
2009-06-06 15:00:00+00:00,0.6156568
2009-06-06 16:00:00+00:00,0.61272246
2009-06-06 17:00:00+00:00,0.7219977
2009-06-06 18:00:00+00:00,0.70396465
2009-06-06 19:00:00+00:00,0.72243655
2009-06-06 20:00:00+00:00,0.6285459
2009-06-06 21:00:00+00:00,0.46619022
2009-06-06 22:00:00+00:00,0.54055315
2009-06-06 23:00:00+00:00,0.19089887
2009-06-07 00:00:00+00:00,0.06388870599999999
2009-06-07 01:00:00+00:00,0.0
2009-06-07 02:00:00+00:00,0.0
2009-06-07 03:00:00+00:00,0.0
2009-06-07 04:00:00+00:00,0.0
2009-06-07 05:00:00+00:00,0.0
2009-06-07 06:00:00+00:00,0.0
2009-06-07 07:00:00+00:00,0.0
2009-06-07 08:00:00+00:00,0.0
2009-06-07 09:00:00+00:00,0.0
2009-06-07 10:00:00+00:00,0.0
2009-06-07 11:00:00+00:00,0.08754368
2009-06-07 12:00:00+00:00,0.13161452
2009-06-07 13:00:00+00:00,0.24231604
2009-06-07 14:00:00+00:00,0.60149
2009-06-07 15:00:00+00:00,0.69097596
2009-06-07 16:00:00+00:00,0.5690691999999999
2009-06-07 17:00:00+00:00,0.5858230999999999
2009-06-07 18:00:00+00:00,0.5844600000000001
2009-06-07 19:00:00+00:00,0.6258323
2009-06-07 20:00:00+00:00,0.51494
2009-06-07 21:00:00+00:00,0.5662917
2009-06-07 22:00:00+00:00,0.29515877
2009-06-07 23:00:00+00:00,0.19084801
2009-06-08 00:00:00+00:00,0.086019136
2009-06-08 01:00:00+00:00,0.0
2009-06-08 02:00:00+00:00,0.0
2009-06-08 03:00:00+00:00,0.0
2009-06-08 04:00:00+00:00,0.0
2009-06-08 05:00:00+00:00,0.0
2009-06-08 06:00:00+00:00,0.0
2009-06-08 07:00:00+00:00,0.0
2009-06-08 08:00:00+00:00,0.0
2009-06-08 09:00:00+00:00,0.0
2009-06-08 10:00:00+00:00,0.0
2009-06-08 11:00:00+00:00,0.11275352
2009-06-08 12:00:00+00:00,0.34836724
2009-06-08 13:00:00+00:00,0.6282781999999999
2009-06-08 14:00:00+00:00,0.61093605
2009-06-08 15:00:00+00:00,0.7051998
2009-06-08 16:00:00+00:00,0.5926021
2009-06-08 17:00:00+00:00,0.5909491
2009-06-08 18:00:00+00:00,0.6338857
2009-06-08 19:00:00+00:00,0.6975151999999999
2009-06-08 20:00:00+00:00,0.69414735
2009-06-08 21:00:00+00:00,0.672408
2009-06-08 22:00:00+00:00,0.5413394
2009-06-08 23:00:00+00:00,0.388392
2009-06-09 00:00:00+00:00,0.11345334
2009-06-09 01:00:00+00:00,0.0
2009-06-09 02:00:00+00:00,0.0
2009-06-09 03:00:00+00:00,0.0
2009-06-09 04:00:00+00:00,0.0
2009-06-09 05:00:00+00:00,0.0
2009-06-09 06:00:00+00:00,0.0
2009-06-09 07:00:00+00:00,0.0
2009-06-09 08:00:00+00:00,0.0
2009-06-09 09:00:00+00:00,0.0
2009-06-09 10:00:00+00:00,0.0
2009-06-09 11:00:00+00:00,0.021606742999999998
2009-06-09 12:00:00+00:00,0.1608042
2009-06-09 13:00:00+00:00,0.28782484
2009-06-09 14:00:00+00:00,0.057852565999999994
2009-06-09 15:00:00+00:00,0.04718347
2009-06-09 16:00:00+00:00,0.045265245999999995
2009-06-09 17:00:00+00:00,0.12015849
2009-06-09 18:00:00+00:00,0.08853847
2009-06-09 19:00:00+00:00,0.12550236
2009-06-09 20:00:00+00:00,0.6599111
2009-06-09 21:00:00+00:00,0.6724671
2009-06-09 22:00:00+00:00,0.51717716
2009-06-09 23:00:00+00:00,0.3918741
2009-06-10 00:00:00+00:00,0.11950710000000002
2009-06-10 01:00:00+00:00,0.0
2009-06-10 02:00:00+00:00,0.0
2009-06-10 03:00:00+00:00,0.0
2009-06-10 04:00:00+00:00,0.0
2009-06-10 05:00:00+00:00,0.0
2009-06-10 06:00:00+00:00,0.0
2009-06-10 07:00:00+00:00,0.0
2009-06-10 08:00:00+00:00,0.0
2009-06-10 09:00:00+00:00,0.0
2009-06-10 10:00:00+00:00,0.0
2009-06-10 11:00:00+00:00,0.0040110913
2009-06-10 12:00:00+00:00,0.047520835
2009-06-10 13:00:00+00:00,0.08215496
2009-06-10 14:00:00+00:00,0.13271277
2009-06-10 15:00:00+00:00,0.43029678
2009-06-10 16:00:00+00:00,0.48323882
2009-06-10 17:00:00+00:00,0.14487419
2009-06-10 18:00:00+00:00,0.06718742
2009-06-10 19:00:00+00:00,0.18781325
2009-06-10 20:00:00+00:00,0.18290246
2009-06-10 21:00:00+00:00,0.6299406
2009-06-10 22:00:00+00:00,0.23188733
2009-06-10 23:00:00+00:00,0.04450903
2009-06-11 00:00:00+00:00,0.022955798
2009-06-11 01:00:00+00:00,0.0
2009-06-11 02:00:00+00:00,0.0
2009-06-11 03:00:00+00:00,0.0
2009-06-11 04:00:00+00:00,0.0
2009-06-11 05:00:00+00:00,0.0
2009-06-11 06:00:00+00:00,0.0
2009-06-11 07:00:00+00:00,0.0
2009-06-11 08:00:00+00:00,0.0
2009-06-11 09:00:00+00:00,0.0
2009-06-11 10:00:00+00:00,0.0
2009-06-11 11:00:00+00:00,0.014819757
2009-06-11 12:00:00+00:00,0.036832925
2009-06-11 13:00:00+00:00,0.05771811
2009-06-11 14:00:00+00:00,0.12336632
2009-06-11 15:00:00+00:00,0.19894692
2009-06-11 16:00:00+00:00,0.44780123
2009-06-11 17:00:00+00:00,0.30370232
2009-06-11 18:00:00+00:00,0.30689540000000004
2009-06-11 19:00:00+00:00,0.38990462
2009-06-11 20:00:00+00:00,0.47759664
2009-06-11 21:00:00+00:00,0.29751550000000004
2009-06-11 22:00:00+00:00,0.3871809
2009-06-11 23:00:00+00:00,0.4230906
2009-06-12 00:00:00+00:00,0.09851149
2009-06-12 01:00:00+00:00,0.0
2009-06-12 02:00:00+00:00,0.0
2009-06-12 03:00:00+00:00,0.0
2009-06-12 04:00:00+00:00,0.0
2009-06-12 05:00:00+00:00,0.0
2009-06-12 06:00:00+00:00,0.0
2009-06-12 07:00:00+00:00,0.0
2009-06-12 08:00:00+00:00,0.0
2009-06-12 09:00:00+00:00,0.0
2009-06-12 10:00:00+00:00,0.0
2009-06-12 11:00:00+00:00,0.11619401
2009-06-12 12:00:00+00:00,0.38584667
2009-06-12 13:00:00+00:00,0.5810925
2009-06-12 14:00:00+00:00,0.66482407
2009-06-12 15:00:00+00:00,0.5869482
2009-06-12 16:00:00+00:00,0.48768023
2009-06-12 17:00:00+00:00,0.5543670999999999
2009-06-12 18:00:00+00:00,0.49548580000000003
2009-06-12 19:00:00+00:00,0.6102837
2009-06-12 20:00:00+00:00,0.63545936
2009-06-12 21:00:00+00:00,0.6654313000000001
2009-06-12 22:00:00+00:00,0.51981574
2009-06-12 23:00:00+00:00,0.45665854
2009-06-13 00:00:00+00:00,0.16612531
2009-06-13 01:00:00+00:00,0.0
2009-06-13 02:00:00+00:00,0.0
2009-06-13 03:00:00+00:00,0.0
2009-06-13 04:00:00+00:00,0.0
2009-06-13 05:00:00+00:00,0.0
2009-06-13 06:00:00+00:00,0.0
2009-06-13 07:00:00+00:00,0.0
2009-06-13 08:00:00+00:00,0.0
2009-06-13 09:00:00+00:00,0.0
2009-06-13 10:00:00+00:00,0.0
2009-06-13 11:00:00+00:00,0.06552356
2009-06-13 12:00:00+00:00,0.15577038
2009-06-13 13:00:00+00:00,0.31652328
2009-06-13 14:00:00+00:00,0.33518642
2009-06-13 15:00:00+00:00,0.509055
2009-06-13 16:00:00+00:00,0.5662265999999999
2009-06-13 17:00:00+00:00,0.59415174
2009-06-13 18:00:00+00:00,0.46600816
2009-06-13 19:00:00+00:00,0.5361826
2009-06-13 20:00:00+00:00,0.32955867
2009-06-13 21:00:00+00:00,0.046044484000000004
2009-06-13 22:00:00+00:00,0.5284352
2009-06-13 23:00:00+00:00,0.30617562
2009-06-14 00:00:00+00:00,0.14486906
2009-06-14 01:00:00+00:00,0.0
2009-06-14 02:00:00+00:00,0.0
2009-06-14 03:00:00+00:00,0.0
2009-06-14 04:00:00+00:00,0.0
2009-06-14 05:00:00+00:00,0.0
2009-06-14 06:00:00+00:00,0.0
2009-06-14 07:00:00+00:00,0.0
2009-06-14 08:00:00+00:00,0.0
2009-06-14 09:00:00+00:00,0.0
2009-06-14 10:00:00+00:00,0.0
2009-06-14 11:00:00+00:00,0.048309542000000004
2009-06-14 12:00:00+00:00,0.24670468
2009-06-14 13:00:00+00:00,0.19431606
2009-06-14 14:00:00+00:00,0.3298198
2009-06-14 15:00:00+00:00,0.33678132
2009-06-14 16:00:00+00:00,0.46309492
2009-06-14 17:00:00+00:00,0.5038431
2009-06-14 18:00:00+00:00,0.52389663
2009-06-14 19:00:00+00:00,0.43987268
2009-06-14 20:00:00+00:00,0.34944138
2009-06-14 21:00:00+00:00,0.030921132999999996
2009-06-14 22:00:00+00:00,0.029978111
2009-06-14 23:00:00+00:00,0.022982792999999998
2009-06-15 00:00:00+00:00,0.04169108
2009-06-15 01:00:00+00:00,0.0
2009-06-15 02:00:00+00:00,0.0
2009-06-15 03:00:00+00:00,0.0
2009-06-15 04:00:00+00:00,0.0
2009-06-15 05:00:00+00:00,0.0
2009-06-15 06:00:00+00:00,0.0
2009-06-15 07:00:00+00:00,0.0
2009-06-15 08:00:00+00:00,0.0
2009-06-15 09:00:00+00:00,0.0
2009-06-15 10:00:00+00:00,0.0
2009-06-15 11:00:00+00:00,0.04792538
2009-06-15 12:00:00+00:00,0.146267
2009-06-15 13:00:00+00:00,0.24249215
2009-06-15 14:00:00+00:00,0.1389437
2009-06-15 15:00:00+00:00,0.19336468
2009-06-15 16:00:00+00:00,0.27867922
2009-06-15 17:00:00+00:00,0.5285466
2009-06-15 18:00:00+00:00,0.5332096
2009-06-15 19:00:00+00:00,0.52412975
2009-06-15 20:00:00+00:00,0.34420463
2009-06-15 21:00:00+00:00,0.08662148
2009-06-15 22:00:00+00:00,0.020771403
2009-06-15 23:00:00+00:00,0.07918601
2009-06-16 00:00:00+00:00,0.008561671
2009-06-16 01:00:00+00:00,0.0
2009-06-16 02:00:00+00:00,0.0
2009-06-16 03:00:00+00:00,0.0
2009-06-16 04:00:00+00:00,0.0
2009-06-16 05:00:00+00:00,0.0
2009-06-16 06:00:00+00:00,0.0
2009-06-16 07:00:00+00:00,0.0
2009-06-16 08:00:00+00:00,0.0
2009-06-16 09:00:00+00:00,0.0
2009-06-16 10:00:00+00:00,0.0
2009-06-16 11:00:00+00:00,0.08762955
2009-06-16 12:00:00+00:00,0.26239023
2009-06-16 13:00:00+00:00,0.1860795
2009-06-16 14:00:00+00:00,0.23967677
2009-06-16 15:00:00+00:00,0.44779929999999996
2009-06-16 16:00:00+00:00,0.50171494
2009-06-16 17:00:00+00:00,0.54967993
2009-06-16 18:00:00+00:00,0.57990843
2009-06-16 19:00:00+00:00,0.49820104
2009-06-16 20:00:00+00:00,0.15332432
2009-06-16 21:00:00+00:00,0.41143656
2009-06-16 22:00:00+00:00,0.40608449999999996
2009-06-16 23:00:00+00:00,0.46756354
2009-06-17 00:00:00+00:00,0.18620184
2009-06-17 01:00:00+00:00,0.0
2009-06-17 02:00:00+00:00,0.0
2009-06-17 03:00:00+00:00,0.0
2009-06-17 04:00:00+00:00,0.0
2009-06-17 05:00:00+00:00,0.0
2009-06-17 06:00:00+00:00,0.0
2009-06-17 07:00:00+00:00,0.0
2009-06-17 08:00:00+00:00,0.0
2009-06-17 09:00:00+00:00,0.0
2009-06-17 10:00:00+00:00,0.0
2009-06-17 11:00:00+00:00,0.08719987400000001
2009-06-17 12:00:00+00:00,0.31125566
2009-06-17 13:00:00+00:00,0.058757505999999994
2009-06-17 14:00:00+00:00,0.13319892
2009-06-17 15:00:00+00:00,0.019554377
2009-06-17 16:00:00+00:00,0.03175171
2009-06-17 17:00:00+00:00,0.039972104
2009-06-17 18:00:00+00:00,0.37696186
2009-06-17 19:00:00+00:00,0.5730198000000001
2009-06-17 20:00:00+00:00,0.6552088
2009-06-17 21:00:00+00:00,0.60993034
2009-06-17 22:00:00+00:00,0.46618825
2009-06-17 23:00:00+00:00,0.38945308
2009-06-18 00:00:00+00:00,0.1268513
2009-06-18 01:00:00+00:00,0.0
2009-06-18 02:00:00+00:00,0.0
2009-06-18 03:00:00+00:00,0.0
2009-06-18 04:00:00+00:00,0.0
2009-06-18 05:00:00+00:00,0.0
2009-06-18 06:00:00+00:00,0.0
2009-06-18 07:00:00+00:00,0.0
2009-06-18 08:00:00+00:00,0.0
2009-06-18 09:00:00+00:00,0.0
2009-06-18 10:00:00+00:00,0.0
2009-06-18 11:00:00+00:00,0.08280826
2009-06-18 12:00:00+00:00,0.31010932
2009-06-18 13:00:00+00:00,0.3248389
2009-06-18 14:00:00+00:00,0.40856427
2009-06-18 15:00:00+00:00,0.6598321
2009-06-18 16:00:00+00:00,0.6862335
2009-06-18 17:00:00+00:00,0.64979553
2009-06-18 18:00:00+00:00,0.59165376
2009-06-18 19:00:00+00:00,0.70857686
2009-06-18 20:00:00+00:00,0.64235157
2009-06-18 21:00:00+00:00,0.50752974
2009-06-18 22:00:00+00:00,0.6046653000000001
2009-06-18 23:00:00+00:00,0.47167805
2009-06-19 00:00:00+00:00,0.19774534
2009-06-19 01:00:00+00:00,0.0
2009-06-19 02:00:00+00:00,0.0
2009-06-19 03:00:00+00:00,0.0
2009-06-19 04:00:00+00:00,0.0
2009-06-19 05:00:00+00:00,0.0
2009-06-19 06:00:00+00:00,0.0
2009-06-19 07:00:00+00:00,0.0
2009-06-19 08:00:00+00:00,0.0
2009-06-19 09:00:00+00:00,0.0
2009-06-19 10:00:00+00:00,0.0
2009-06-19 11:00:00+00:00,0.0029013837
2009-06-19 12:00:00+00:00,0.058035854000000005
2009-06-19 13:00:00+00:00,0.4196439
2009-06-19 14:00:00+00:00,0.47307473
2009-06-19 15:00:00+00:00,0.70764345
2009-06-19 16:00:00+00:00,0.710996
2009-06-19 17:00:00+00:00,0.70411164
2009-06-19 18:00:00+00:00,0.7047189
2009-06-19 19:00:00+00:00,0.7043126999999999
2009-06-19 20:00:00+00:00,0.7047926
2009-06-19 21:00:00+00:00,0.68188405
2009-06-19 22:00:00+00:00,0.5669659
2009-06-19 23:00:00+00:00,0.49936977
2009-06-20 00:00:00+00:00,0.20182782
2009-06-20 01:00:00+00:00,0.0
2009-06-20 02:00:00+00:00,0.0
2009-06-20 03:00:00+00:00,0.0
2009-06-20 04:00:00+00:00,0.0
2009-06-20 05:00:00+00:00,0.0
2009-06-20 06:00:00+00:00,0.0
2009-06-20 07:00:00+00:00,0.0
2009-06-20 08:00:00+00:00,0.0
2009-06-20 09:00:00+00:00,0.0
2009-06-20 10:00:00+00:00,0.0
2009-06-20 11:00:00+00:00,0.092244975
2009-06-20 12:00:00+00:00,0.29761273
2009-06-20 13:00:00+00:00,0.20426856
2009-06-20 14:00:00+00:00,0.6676958000000001
2009-06-20 15:00:00+00:00,0.37096999999999997
2009-06-20 16:00:00+00:00,0.27099183
2009-06-20 17:00:00+00:00,0.36383699999999997
2009-06-20 18:00:00+00:00,0.422854
2009-06-20 19:00:00+00:00,0.41655806
2009-06-20 20:00:00+00:00,0.54435563
2009-06-20 21:00:00+00:00,0.29153237
2009-06-20 22:00:00+00:00,0.36741218
2009-06-20 23:00:00+00:00,0.31327
2009-06-21 00:00:00+00:00,0.11225185
2009-06-21 01:00:00+00:00,0.0
2009-06-21 02:00:00+00:00,0.0
2009-06-21 03:00:00+00:00,0.0
2009-06-21 04:00:00+00:00,0.0
2009-06-21 05:00:00+00:00,0.0
2009-06-21 06:00:00+00:00,0.0
2009-06-21 07:00:00+00:00,0.0
2009-06-21 08:00:00+00:00,0.0
2009-06-21 09:00:00+00:00,0.0
2009-06-21 10:00:00+00:00,0.0
2009-06-21 11:00:00+00:00,0.08753519
2009-06-21 12:00:00+00:00,0.19628546
2009-06-21 13:00:00+00:00,0.29251987
2009-06-21 14:00:00+00:00,0.08533651
2009-06-21 15:00:00+00:00,0.031746544
2009-06-21 16:00:00+00:00,0.13707282
2009-06-21 17:00:00+00:00,0.23757058
2009-06-21 18:00:00+00:00,0.5292364
2009-06-21 19:00:00+00:00,0.47558540000000005
2009-06-21 20:00:00+00:00,0.5688506
2009-06-21 21:00:00+00:00,0.5803803000000001
2009-06-21 22:00:00+00:00,0.4331366
2009-06-21 23:00:00+00:00,0.27195066
2009-06-22 00:00:00+00:00,0.16571167
2009-06-22 01:00:00+00:00,0.0
2009-06-22 02:00:00+00:00,0.0
2009-06-22 03:00:00+00:00,0.0
2009-06-22 04:00:00+00:00,0.0
2009-06-22 05:00:00+00:00,0.0
2009-06-22 06:00:00+00:00,0.0
2009-06-22 07:00:00+00:00,0.0
2009-06-22 08:00:00+00:00,0.0
2009-06-22 09:00:00+00:00,0.0
2009-06-22 10:00:00+00:00,0.0
2009-06-22 11:00:00+00:00,0.12528113
2009-06-22 12:00:00+00:00,0.440497
2009-06-22 13:00:00+00:00,0.6267839
2009-06-22 14:00:00+00:00,0.6947789000000001
2009-06-22 15:00:00+00:00,0.7122175999999999
2009-06-22 16:00:00+00:00,0.7162371999999999
2009-06-22 17:00:00+00:00,0.7150151
2009-06-22 18:00:00+00:00,0.714721
2009-06-22 19:00:00+00:00,0.7178069
2009-06-22 20:00:00+00:00,0.71833223
2009-06-22 21:00:00+00:00,0.7093096999999999
2009-06-22 22:00:00+00:00,0.66285497
2009-06-22 23:00:00+00:00,0.5552516
2009-06-23 00:00:00+00:00,0.24477457
2009-06-23 01:00:00+00:00,0.0
2009-06-23 02:00:00+00:00,0.0
2009-06-23 03:00:00+00:00,0.0
2009-06-23 04:00:00+00:00,0.0
2009-06-23 05:00:00+00:00,0.0
2009-06-23 06:00:00+00:00,0.0
2009-06-23 07:00:00+00:00,0.0
2009-06-23 08:00:00+00:00,0.0
2009-06-23 09:00:00+00:00,0.0
2009-06-23 10:00:00+00:00,0.0
2009-06-23 11:00:00+00:00,0.12408046
2009-06-23 12:00:00+00:00,0.43320557
2009-06-23 13:00:00+00:00,0.61563736
2009-06-23 14:00:00+00:00,0.68750286
2009-06-23 15:00:00+00:00,0.71089095
2009-06-23 16:00:00+00:00,0.71246237
2009-06-23 17:00:00+00:00,0.6854826999999999
2009-06-23 18:00:00+00:00,0.7037618
2009-06-23 19:00:00+00:00,0.6635651
2009-06-23 20:00:00+00:00,0.6975085999999999
2009-06-23 21:00:00+00:00,0.5212198
2009-06-23 22:00:00+00:00,0.6133
2009-06-23 23:00:00+00:00,0.48856327
2009-06-24 00:00:00+00:00,0.19335762
2009-06-24 01:00:00+00:00,0.0
2009-06-24 02:00:00+00:00,0.0
2009-06-24 03:00:00+00:00,0.0
2009-06-24 04:00:00+00:00,0.0
2009-06-24 05:00:00+00:00,0.0
2009-06-24 06:00:00+00:00,0.0
2009-06-24 07:00:00+00:00,0.0
2009-06-24 08:00:00+00:00,0.0
2009-06-24 09:00:00+00:00,0.0
2009-06-24 10:00:00+00:00,0.0
2009-06-24 11:00:00+00:00,0.107122034
2009-06-24 12:00:00+00:00,0.38074958
2009-06-24 13:00:00+00:00,0.5699204999999999
2009-06-24 14:00:00+00:00,0.64875746
2009-06-24 15:00:00+00:00,0.6745734
2009-06-24 16:00:00+00:00,0.6844316
2009-06-24 17:00:00+00:00,0.59021497
2009-06-24 18:00:00+00:00,0.6533294
2009-06-24 19:00:00+00:00,0.66778195
2009-06-24 20:00:00+00:00,0.65818447
2009-06-24 21:00:00+00:00,0.29895192
2009-06-24 22:00:00+00:00,0.38136563
2009-06-24 23:00:00+00:00,0.09759385
2009-06-25 00:00:00+00:00,0.06194187
2009-06-25 01:00:00+00:00,0.0
2009-06-25 02:00:00+00:00,0.0
2009-06-25 03:00:00+00:00,0.0
2009-06-25 04:00:00+00:00,0.0
2009-06-25 05:00:00+00:00,0.0
2009-06-25 06:00:00+00:00,0.0
2009-06-25 07:00:00+00:00,0.0
2009-06-25 08:00:00+00:00,0.0
2009-06-25 09:00:00+00:00,0.0
2009-06-25 10:00:00+00:00,0.0
2009-06-25 11:00:00+00:00,0.033959847
2009-06-25 12:00:00+00:00,0.05286775
2009-06-25 13:00:00+00:00,0.5496068000000001
2009-06-25 14:00:00+00:00,0.6467668000000001
2009-06-25 15:00:00+00:00,0.70182985
2009-06-25 16:00:00+00:00,0.7051816
2009-06-25 17:00:00+00:00,0.68729705
2009-06-25 18:00:00+00:00,0.677036
2009-06-25 19:00:00+00:00,0.54314494
2009-06-25 20:00:00+00:00,0.44351527
2009-06-25 21:00:00+00:00,0.111237705
2009-06-25 22:00:00+00:00,0.54887456
2009-06-25 23:00:00+00:00,0.44701064
2009-06-26 00:00:00+00:00,0.19666140000000001
2009-06-26 01:00:00+00:00,0.0
2009-06-26 02:00:00+00:00,0.0
2009-06-26 03:00:00+00:00,0.0
2009-06-26 04:00:00+00:00,0.0
2009-06-26 05:00:00+00:00,0.0
2009-06-26 06:00:00+00:00,0.0
2009-06-26 07:00:00+00:00,0.0
2009-06-26 08:00:00+00:00,0.0
2009-06-26 09:00:00+00:00,0.0
2009-06-26 10:00:00+00:00,0.0
2009-06-26 11:00:00+00:00,0.09175827
2009-06-26 12:00:00+00:00,0.37003902
2009-06-26 13:00:00+00:00,0.45513734
2009-06-26 14:00:00+00:00,0.67263514
2009-06-26 15:00:00+00:00,0.6954232
2009-06-26 16:00:00+00:00,0.70769477
2009-06-26 17:00:00+00:00,0.7045986
2009-06-26 18:00:00+00:00,0.68157387
2009-06-26 19:00:00+00:00,0.61256343
2009-06-26 20:00:00+00:00,0.70998627
2009-06-26 21:00:00+00:00,0.6850873000000001
2009-06-26 22:00:00+00:00,0.6330965999999999
2009-06-26 23:00:00+00:00,0.516809
2009-06-27 00:00:00+00:00,0.19455262
2009-06-27 01:00:00+00:00,0.0
2009-06-27 02:00:00+00:00,0.0
2009-06-27 03:00:00+00:00,0.0
2009-06-27 04:00:00+00:00,0.0
2009-06-27 05:00:00+00:00,0.0
2009-06-27 06:00:00+00:00,0.0
2009-06-27 07:00:00+00:00,0.0
2009-06-27 08:00:00+00:00,0.0
2009-06-27 09:00:00+00:00,0.0
2009-06-27 10:00:00+00:00,0.0
2009-06-27 11:00:00+00:00,0.039420962000000004
2009-06-27 12:00:00+00:00,0.060770347999999995
2009-06-27 13:00:00+00:00,0.26631105
2009-06-27 14:00:00+00:00,0.37972966
2009-06-27 15:00:00+00:00,0.38717315
2009-06-27 16:00:00+00:00,0.53018147
2009-06-27 17:00:00+00:00,0.58665174
2009-06-27 18:00:00+00:00,0.61376226
2009-06-27 19:00:00+00:00,0.7260770000000001
2009-06-27 20:00:00+00:00,0.73422694
2009-06-27 21:00:00+00:00,0.70973355
2009-06-27 22:00:00+00:00,0.6871417
2009-06-27 23:00:00+00:00,0.5779820999999999
2009-06-28 00:00:00+00:00,0.26001516
2009-06-28 01:00:00+00:00,0.0
2009-06-28 02:00:00+00:00,0.0
2009-06-28 03:00:00+00:00,0.0
2009-06-28 04:00:00+00:00,0.0
2009-06-28 05:00:00+00:00,0.0
2009-06-28 06:00:00+00:00,0.0
2009-06-28 07:00:00+00:00,0.0
2009-06-28 08:00:00+00:00,0.0
2009-06-28 09:00:00+00:00,0.0
2009-06-28 10:00:00+00:00,0.0
2009-06-28 11:00:00+00:00,0.12981847
2009-06-28 12:00:00+00:00,0.4636218
2009-06-28 13:00:00+00:00,0.6604286
2009-06-28 14:00:00+00:00,0.7335483
2009-06-28 15:00:00+00:00,0.7484261999999999
2009-06-28 16:00:00+00:00,0.75233394
2009-06-28 17:00:00+00:00,0.7314645000000001
2009-06-28 18:00:00+00:00,0.62647176
2009-06-28 19:00:00+00:00,0.7515371999999999
2009-06-28 20:00:00+00:00,0.7477758000000001
2009-06-28 21:00:00+00:00,0.7380805
2009-06-28 22:00:00+00:00,0.68276584
2009-06-28 23:00:00+00:00,0.56590384
2009-06-29 00:00:00+00:00,0.24731073
2009-06-29 01:00:00+00:00,0.0
2009-06-29 02:00:00+00:00,0.0
2009-06-29 03:00:00+00:00,0.0
2009-06-29 04:00:00+00:00,0.0
2009-06-29 05:00:00+00:00,0.0
2009-06-29 06:00:00+00:00,0.0
2009-06-29 07:00:00+00:00,0.0
2009-06-29 08:00:00+00:00,0.0
2009-06-29 09:00:00+00:00,0.0
2009-06-29 10:00:00+00:00,0.0
2009-06-29 11:00:00+00:00,0.12591046
2009-06-29 12:00:00+00:00,0.45809308
2009-06-29 13:00:00+00:00,0.66141427
2009-06-29 14:00:00+00:00,0.729729
2009-06-29 15:00:00+00:00,0.75517565
2009-06-29 16:00:00+00:00,0.7328799
2009-06-29 17:00:00+00:00,0.4450759
2009-06-29 18:00:00+00:00,0.49712715
2009-06-29 19:00:00+00:00,0.389208
2009-06-29 20:00:00+00:00,0.44657937
2009-06-29 21:00:00+00:00,0.67772526
2009-06-29 22:00:00+00:00,0.6326590999999999
2009-06-29 23:00:00+00:00,0.5510931
2009-06-30 00:00:00+00:00,0.21338184
2009-06-30 01:00:00+00:00,0.0
2009-06-30 02:00:00+00:00,0.0
2009-06-30 03:00:00+00:00,0.0
2009-06-30 04:00:00+00:00,0.0
2009-06-30 05:00:00+00:00,0.0
2009-06-30 06:00:00+00:00,0.0
2009-06-30 07:00:00+00:00,0.0
2009-06-30 08:00:00+00:00,0.0
2009-06-30 09:00:00+00:00,0.0
2009-06-30 10:00:00+00:00,0.0
2009-06-30 11:00:00+00:00,0.11096743
2009-06-30 12:00:00+00:00,0.42239338
2009-06-30 13:00:00+00:00,0.46067882
2009-06-30 14:00:00+00:00,0.42492673
2009-06-30 15:00:00+00:00,0.30571494
2009-06-30 16:00:00+00:00,0.37449902
2009-06-30 17:00:00+00:00,0.17159222
2009-06-30 18:00:00+00:00,0.17170078
2009-06-30 19:00:00+00:00,0.15410124
2009-06-30 20:00:00+00:00,0.07009974
2009-06-30 21:00:00+00:00,0.048965327
2009-06-30 22:00:00+00:00,0.1425068
2009-06-30 23:00:00+00:00,0.020456774
2009-07-01 00:00:00+00:00,0.08411349
2009-07-01 01:00:00+00:00,0.0
2009-07-01 02:00:00+00:00,0.0
2009-07-01 03:00:00+00:00,0.0
2009-07-01 04:00:00+00:00,0.0
2009-07-01 05:00:00+00:00,0.0
2009-07-01 06:00:00+00:00,0.0
2009-07-01 07:00:00+00:00,0.0
2009-07-01 08:00:00+00:00,0.0
2009-07-01 09:00:00+00:00,0.0
2009-07-01 10:00:00+00:00,0.0
2009-07-01 11:00:00+00:00,0.12195462
2009-07-01 12:00:00+00:00,0.013513957
2009-07-01 13:00:00+00:00,0.061132032
2009-07-01 14:00:00+00:00,0.12227106
2009-07-01 15:00:00+00:00,0.07521447
2009-07-01 16:00:00+00:00,0.10152879
2009-07-01 17:00:00+00:00,0.21939422
2009-07-01 18:00:00+00:00,0.24213539999999997
2009-07-01 19:00:00+00:00,0.33428259999999993
2009-07-01 20:00:00+00:00,0.20991234
2009-07-01 21:00:00+00:00,0.10646013
2009-07-01 22:00:00+00:00,0.19770364
2009-07-01 23:00:00+00:00,0.2085656
2009-07-02 00:00:00+00:00,0.09336967
2009-07-02 01:00:00+00:00,0.0
2009-07-02 02:00:00+00:00,0.0
2009-07-02 03:00:00+00:00,0.0
2009-07-02 04:00:00+00:00,0.0
2009-07-02 05:00:00+00:00,0.0
2009-07-02 06:00:00+00:00,0.0
2009-07-02 07:00:00+00:00,0.0
2009-07-02 08:00:00+00:00,0.0
2009-07-02 09:00:00+00:00,0.0
2009-07-02 10:00:00+00:00,0.0
2009-07-02 11:00:00+00:00,0.092806906
2009-07-02 12:00:00+00:00,0.43098688
2009-07-02 13:00:00+00:00,0.63646144
2009-07-02 14:00:00+00:00,0.7092375
2009-07-02 15:00:00+00:00,0.6174636
2009-07-02 16:00:00+00:00,0.41735134
2009-07-02 17:00:00+00:00,0.50863934
2009-07-02 18:00:00+00:00,0.58966863
2009-07-02 19:00:00+00:00,0.45380196
2009-07-02 20:00:00+00:00,0.50498617
2009-07-02 21:00:00+00:00,0.64486605
2009-07-02 22:00:00+00:00,0.49717100000000003
2009-07-02 23:00:00+00:00,0.47600648
2009-07-03 00:00:00+00:00,0.20104374
2009-07-03 01:00:00+00:00,0.0
2009-07-03 02:00:00+00:00,0.0
2009-07-03 03:00:00+00:00,0.0
2009-07-03 04:00:00+00:00,0.0
2009-07-03 05:00:00+00:00,0.0
2009-07-03 06:00:00+00:00,0.0
2009-07-03 07:00:00+00:00,0.0
2009-07-03 08:00:00+00:00,0.0
2009-07-03 09:00:00+00:00,0.0
2009-07-03 10:00:00+00:00,0.0
2009-07-03 11:00:00+00:00,0.031106835
2009-07-03 12:00:00+00:00,0.072083324
2009-07-03 13:00:00+00:00,0.17675751
2009-07-03 14:00:00+00:00,0.21473518
2009-07-03 15:00:00+00:00,0.19945367
2009-07-03 16:00:00+00:00,0.20823967
2009-07-03 17:00:00+00:00,0.24517392
2009-07-03 18:00:00+00:00,0.22205606
2009-07-03 19:00:00+00:00,0.18162459
2009-07-03 20:00:00+00:00,0.115669996
2009-07-03 21:00:00+00:00,0.03988807
2009-07-03 22:00:00+00:00,0.0294973
2009-07-03 23:00:00+00:00,0.04783988
2009-07-04 00:00:00+00:00,0.014735166000000001
2009-07-04 01:00:00+00:00,0.0
2009-07-04 02:00:00+00:00,0.0
2009-07-04 03:00:00+00:00,0.0
2009-07-04 04:00:00+00:00,0.0
2009-07-04 05:00:00+00:00,0.0
2009-07-04 06:00:00+00:00,0.0
2009-07-04 07:00:00+00:00,0.0
2009-07-04 08:00:00+00:00,0.0
2009-07-04 09:00:00+00:00,0.0
2009-07-04 10:00:00+00:00,0.0
2009-07-04 11:00:00+00:00,0.01147985
2009-07-04 12:00:00+00:00,0.0024245677
2009-07-04 13:00:00+00:00,0.053374864
2009-07-04 14:00:00+00:00,0.047757155999999995
2009-07-04 15:00:00+00:00,0.06357205
2009-07-04 16:00:00+00:00,0.17408442
2009-07-04 17:00:00+00:00,0.10394738
2009-07-04 18:00:00+00:00,0.16437674
2009-07-04 19:00:00+00:00,0.19356273
2009-07-04 20:00:00+00:00,0.1541005
2009-07-04 21:00:00+00:00,0.07346411
2009-07-04 22:00:00+00:00,0.04654658
2009-07-04 23:00:00+00:00,0.044173066
2009-07-05 00:00:00+00:00,0.12309989
2009-07-05 01:00:00+00:00,0.0
2009-07-05 02:00:00+00:00,0.0
2009-07-05 03:00:00+00:00,0.0
2009-07-05 04:00:00+00:00,0.0
2009-07-05 05:00:00+00:00,0.0
2009-07-05 06:00:00+00:00,0.0
2009-07-05 07:00:00+00:00,0.0
2009-07-05 08:00:00+00:00,0.0
2009-07-05 09:00:00+00:00,0.0
2009-07-05 10:00:00+00:00,0.0
2009-07-05 11:00:00+00:00,0.10728695
2009-07-05 12:00:00+00:00,0.42884076
2009-07-05 13:00:00+00:00,0.6422167
2009-07-05 14:00:00+00:00,0.71601725
2009-07-05 15:00:00+00:00,0.7301799
2009-07-05 16:00:00+00:00,0.72982615
2009-07-05 17:00:00+00:00,0.69867843
2009-07-05 18:00:00+00:00,0.66376215
2009-07-05 19:00:00+00:00,0.57013845
2009-07-05 20:00:00+00:00,0.58674675
2009-07-05 21:00:00+00:00,0.5193361
2009-07-05 22:00:00+00:00,0.44107908
2009-07-05 23:00:00+00:00,0.41990566
2009-07-06 00:00:00+00:00,0.15998101
2009-07-06 01:00:00+00:00,0.0
2009-07-06 02:00:00+00:00,0.0
2009-07-06 03:00:00+00:00,0.0
2009-07-06 04:00:00+00:00,0.0
2009-07-06 05:00:00+00:00,0.0
2009-07-06 06:00:00+00:00,0.0
2009-07-06 07:00:00+00:00,0.0
2009-07-06 08:00:00+00:00,0.0
2009-07-06 09:00:00+00:00,0.0
2009-07-06 10:00:00+00:00,0.0
2009-07-06 11:00:00+00:00,0.10487369
2009-07-06 12:00:00+00:00,0.41590217
2009-07-06 13:00:00+00:00,0.62017477
2009-07-06 14:00:00+00:00,0.66544634
2009-07-06 15:00:00+00:00,0.6937541
2009-07-06 16:00:00+00:00,0.6357845
2009-07-06 17:00:00+00:00,0.6754371
2009-07-06 18:00:00+00:00,0.6766449000000001
2009-07-06 19:00:00+00:00,0.6200886999999999
2009-07-06 20:00:00+00:00,0.70665014
2009-07-06 21:00:00+00:00,0.66772413
2009-07-06 22:00:00+00:00,0.65239745
2009-07-06 23:00:00+00:00,0.53951186
2009-07-07 00:00:00+00:00,0.23046529999999998
2009-07-07 01:00:00+00:00,0.0
2009-07-07 02:00:00+00:00,0.0
2009-07-07 03:00:00+00:00,0.0
2009-07-07 04:00:00+00:00,0.0
2009-07-07 05:00:00+00:00,0.0
2009-07-07 06:00:00+00:00,0.0
2009-07-07 07:00:00+00:00,0.0
2009-07-07 08:00:00+00:00,0.0
2009-07-07 09:00:00+00:00,0.0
2009-07-07 10:00:00+00:00,0.0
2009-07-07 11:00:00+00:00,0.08701936
2009-07-07 12:00:00+00:00,0.38763884
2009-07-07 13:00:00+00:00,0.5768970999999999
2009-07-07 14:00:00+00:00,0.6879818
2009-07-07 15:00:00+00:00,0.6834336
2009-07-07 16:00:00+00:00,0.66081554
2009-07-07 17:00:00+00:00,0.5102693
2009-07-07 18:00:00+00:00,0.5904304
2009-07-07 19:00:00+00:00,0.6780265000000001
2009-07-07 20:00:00+00:00,0.70924795
2009-07-07 21:00:00+00:00,0.69217086
2009-07-07 22:00:00+00:00,0.63664156
2009-07-07 23:00:00+00:00,0.5091852
2009-07-08 00:00:00+00:00,0.20826721
2009-07-08 01:00:00+00:00,0.0
2009-07-08 02:00:00+00:00,0.0
2009-07-08 03:00:00+00:00,0.0
2009-07-08 04:00:00+00:00,0.0
2009-07-08 05:00:00+00:00,0.0
2009-07-08 06:00:00+00:00,0.0
2009-07-08 07:00:00+00:00,0.0
2009-07-08 08:00:00+00:00,0.0
2009-07-08 09:00:00+00:00,0.0
2009-07-08 10:00:00+00:00,0.0
2009-07-08 11:00:00+00:00,0.0018975231
2009-07-08 12:00:00+00:00,0.021884637000000002
2009-07-08 13:00:00+00:00,0.15820109999999998
2009-07-08 14:00:00+00:00,0.67836726
2009-07-08 15:00:00+00:00,0.6781537
2009-07-08 16:00:00+00:00,0.49581113
2009-07-08 17:00:00+00:00,0.6812203
2009-07-08 18:00:00+00:00,0.67459846
2009-07-08 19:00:00+00:00,0.65338594
2009-07-08 20:00:00+00:00,0.67788285
2009-07-08 21:00:00+00:00,0.6582679
2009-07-08 22:00:00+00:00,0.59826374
2009-07-08 23:00:00+00:00,0.40082133
2009-07-09 00:00:00+00:00,0.15288728
2009-07-09 01:00:00+00:00,0.0
2009-07-09 02:00:00+00:00,0.0
2009-07-09 03:00:00+00:00,0.0
2009-07-09 04:00:00+00:00,0.0
2009-07-09 05:00:00+00:00,0.0
2009-07-09 06:00:00+00:00,0.0
2009-07-09 07:00:00+00:00,0.0
2009-07-09 08:00:00+00:00,0.0
2009-07-09 09:00:00+00:00,0.0
2009-07-09 10:00:00+00:00,0.0
2009-07-09 11:00:00+00:00,0.015053705
2009-07-09 12:00:00+00:00,0.05773179
2009-07-09 13:00:00+00:00,0.34454557
2009-07-09 14:00:00+00:00,0.6579084
2009-07-09 15:00:00+00:00,0.6954158
2009-07-09 16:00:00+00:00,0.5447425
2009-07-09 17:00:00+00:00,0.5525623000000001
2009-07-09 18:00:00+00:00,0.18089691
2009-07-09 19:00:00+00:00,0.5398739
2009-07-09 20:00:00+00:00,0.4340486
2009-07-09 21:00:00+00:00,0.1199287
2009-07-09 22:00:00+00:00,0.04118812
2009-07-09 23:00:00+00:00,0.31193432
2009-07-10 00:00:00+00:00,0.09961578
2009-07-10 01:00:00+00:00,0.0
2009-07-10 02:00:00+00:00,0.0
2009-07-10 03:00:00+00:00,0.0
2009-07-10 04:00:00+00:00,0.0
2009-07-10 05:00:00+00:00,0.0
2009-07-10 06:00:00+00:00,0.0
2009-07-10 07:00:00+00:00,0.0
2009-07-10 08:00:00+00:00,0.0
2009-07-10 09:00:00+00:00,0.0
2009-07-10 10:00:00+00:00,0.0
2009-07-10 11:00:00+00:00,0.049629155999999994
2009-07-10 12:00:00+00:00,0.34104875
2009-07-10 13:00:00+00:00,0.39563683
2009-07-10 14:00:00+00:00,0.5302529
2009-07-10 15:00:00+00:00,0.26457477
2009-07-10 16:00:00+00:00,0.39208573
2009-07-10 17:00:00+00:00,0.50464135
2009-07-10 18:00:00+00:00,0.53021497
2009-07-10 19:00:00+00:00,0.49303356
2009-07-10 20:00:00+00:00,0.33046582
2009-07-10 21:00:00+00:00,0.33275154
2009-07-10 22:00:00+00:00,0.21180305
2009-07-10 23:00:00+00:00,0.18654497
2009-07-11 00:00:00+00:00,0.089412786
2009-07-11 01:00:00+00:00,0.0
2009-07-11 02:00:00+00:00,0.0
2009-07-11 03:00:00+00:00,0.0
2009-07-11 04:00:00+00:00,0.0
2009-07-11 05:00:00+00:00,0.0
2009-07-11 06:00:00+00:00,0.0
2009-07-11 07:00:00+00:00,0.0
2009-07-11 08:00:00+00:00,0.0
2009-07-11 09:00:00+00:00,0.0
2009-07-11 10:00:00+00:00,0.0
2009-07-11 11:00:00+00:00,0.045946575999999996
2009-07-11 12:00:00+00:00,0.17556752
2009-07-11 13:00:00+00:00,0.03889991
2009-07-11 14:00:00+00:00,0.22203036
2009-07-11 15:00:00+00:00,0.2564685
2009-07-11 16:00:00+00:00,0.4463463
2009-07-11 17:00:00+00:00,0.5796562
2009-07-11 18:00:00+00:00,0.5801735
2009-07-11 19:00:00+00:00,0.57320666
2009-07-11 20:00:00+00:00,0.5428199
2009-07-11 21:00:00+00:00,0.36132523
2009-07-11 22:00:00+00:00,0.32067317
2009-07-11 23:00:00+00:00,0.19546695
2009-07-12 00:00:00+00:00,0.10294457
2009-07-12 01:00:00+00:00,0.0
2009-07-12 02:00:00+00:00,0.0
2009-07-12 03:00:00+00:00,0.0
2009-07-12 04:00:00+00:00,0.0
2009-07-12 05:00:00+00:00,0.0
2009-07-12 06:00:00+00:00,0.0
2009-07-12 07:00:00+00:00,0.0
2009-07-12 08:00:00+00:00,0.0
2009-07-12 09:00:00+00:00,0.0
2009-07-12 10:00:00+00:00,0.0
2009-07-12 11:00:00+00:00,0.09655506
2009-07-12 12:00:00+00:00,0.4334651
2009-07-12 13:00:00+00:00,0.66340816
2009-07-12 14:00:00+00:00,0.73036546
2009-07-12 15:00:00+00:00,0.7457531999999999
2009-07-12 16:00:00+00:00,0.74171025
2009-07-12 17:00:00+00:00,0.7325972
2009-07-12 18:00:00+00:00,0.7250175999999999
2009-07-12 19:00:00+00:00,0.7230283000000001
2009-07-12 20:00:00+00:00,0.7201387
2009-07-12 21:00:00+00:00,0.7088069
2009-07-12 22:00:00+00:00,0.6673833
2009-07-12 23:00:00+00:00,0.559894
2009-07-13 00:00:00+00:00,0.23731288
2009-07-13 01:00:00+00:00,0.0
2009-07-13 02:00:00+00:00,0.0
2009-07-13 03:00:00+00:00,0.0
2009-07-13 04:00:00+00:00,0.0
2009-07-13 05:00:00+00:00,0.0
2009-07-13 06:00:00+00:00,0.0
2009-07-13 07:00:00+00:00,0.0
2009-07-13 08:00:00+00:00,0.0
2009-07-13 09:00:00+00:00,0.0
2009-07-13 10:00:00+00:00,0.0
2009-07-13 11:00:00+00:00,0.09048032
2009-07-13 12:00:00+00:00,0.41406940000000003
2009-07-13 13:00:00+00:00,0.46242654
2009-07-13 14:00:00+00:00,0.71639884
2009-07-13 15:00:00+00:00,0.72851926
2009-07-13 16:00:00+00:00,0.72257954
2009-07-13 17:00:00+00:00,0.6636340000000001
2009-07-13 18:00:00+00:00,0.61359
2009-07-13 19:00:00+00:00,0.63304573
2009-07-13 20:00:00+00:00,0.7012576
2009-07-13 21:00:00+00:00,0.61534655
2009-07-13 22:00:00+00:00,0.62047726
2009-07-13 23:00:00+00:00,0.33476993
2009-07-14 00:00:00+00:00,0.10214543
2009-07-14 01:00:00+00:00,0.0
2009-07-14 02:00:00+00:00,0.0
2009-07-14 03:00:00+00:00,0.0
2009-07-14 04:00:00+00:00,0.0
2009-07-14 05:00:00+00:00,0.0
2009-07-14 06:00:00+00:00,0.0
2009-07-14 07:00:00+00:00,0.0
2009-07-14 08:00:00+00:00,0.0
2009-07-14 09:00:00+00:00,0.0
2009-07-14 10:00:00+00:00,0.0
2009-07-14 11:00:00+00:00,0.03303056
2009-07-14 12:00:00+00:00,0.049120672000000004
2009-07-14 13:00:00+00:00,0.20816883
2009-07-14 14:00:00+00:00,0.15549642
2009-07-14 15:00:00+00:00,0.14801803
2009-07-14 16:00:00+00:00,0.084279425
2009-07-14 17:00:00+00:00,0.07039142400000001
2009-07-14 18:00:00+00:00,0.33135146
2009-07-14 19:00:00+00:00,0.428596
2009-07-14 20:00:00+00:00,0.5001697
2009-07-14 21:00:00+00:00,0.46360698
2009-07-14 22:00:00+00:00,0.47148046
2009-07-14 23:00:00+00:00,0.32336617
2009-07-15 00:00:00+00:00,0.053690962
2009-07-15 01:00:00+00:00,0.0
2009-07-15 02:00:00+00:00,0.0
2009-07-15 03:00:00+00:00,0.0
2009-07-15 04:00:00+00:00,0.0
2009-07-15 05:00:00+00:00,0.0
2009-07-15 06:00:00+00:00,0.0
2009-07-15 07:00:00+00:00,0.0
2009-07-15 08:00:00+00:00,0.0
2009-07-15 09:00:00+00:00,0.0
2009-07-15 10:00:00+00:00,0.0
2009-07-15 11:00:00+00:00,0.05521589
2009-07-15 12:00:00+00:00,0.14217664
2009-07-15 13:00:00+00:00,0.23568447
2009-07-15 14:00:00+00:00,0.3931691
2009-07-15 15:00:00+00:00,0.5604861999999999
2009-07-15 16:00:00+00:00,0.5248571999999999
2009-07-15 17:00:00+00:00,0.48889133
2009-07-15 18:00:00+00:00,0.5819373999999999
2009-07-15 19:00:00+00:00,0.5487693
2009-07-15 20:00:00+00:00,0.60010785
2009-07-15 21:00:00+00:00,0.37080595
2009-07-15 22:00:00+00:00,0.3676138
2009-07-15 23:00:00+00:00,0.42761847
2009-07-16 00:00:00+00:00,0.15311942
2009-07-16 01:00:00+00:00,0.0
2009-07-16 02:00:00+00:00,0.0
2009-07-16 03:00:00+00:00,0.0
2009-07-16 04:00:00+00:00,0.0
2009-07-16 05:00:00+00:00,0.0
2009-07-16 06:00:00+00:00,0.0
2009-07-16 07:00:00+00:00,0.0
2009-07-16 08:00:00+00:00,0.0
2009-07-16 09:00:00+00:00,0.0
2009-07-16 10:00:00+00:00,0.0
2009-07-16 11:00:00+00:00,0.0014383736
2009-07-16 12:00:00+00:00,0.13074864
2009-07-16 13:00:00+00:00,0.3644135
2009-07-16 14:00:00+00:00,0.63521975
2009-07-16 15:00:00+00:00,0.18901046
2009-07-16 16:00:00+00:00,0.13236699
2009-07-16 17:00:00+00:00,0.28780204
2009-07-16 18:00:00+00:00,0.6399520000000001
2009-07-16 19:00:00+00:00,0.13363835
2009-07-16 20:00:00+00:00,0.5467951
2009-07-16 21:00:00+00:00,0.6754699000000001
2009-07-16 22:00:00+00:00,0.70449775
2009-07-16 23:00:00+00:00,0.38276679999999996
2009-07-17 00:00:00+00:00,0.23367092
2009-07-17 01:00:00+00:00,0.0
2009-07-17 02:00:00+00:00,0.0
2009-07-17 03:00:00+00:00,0.0
2009-07-17 04:00:00+00:00,0.0
2009-07-17 05:00:00+00:00,0.0
2009-07-17 06:00:00+00:00,0.0
2009-07-17 07:00:00+00:00,0.0
2009-07-17 08:00:00+00:00,0.0
2009-07-17 09:00:00+00:00,0.0
2009-07-17 10:00:00+00:00,0.0
2009-07-17 11:00:00+00:00,0.001211611
2009-07-17 12:00:00+00:00,0.033795327
2009-07-17 13:00:00+00:00,0.12683567
2009-07-17 14:00:00+00:00,0.44224045
2009-07-17 15:00:00+00:00,0.3000737
2009-07-17 16:00:00+00:00,0.4295822
2009-07-17 17:00:00+00:00,0.35393855
2009-07-17 18:00:00+00:00,0.36804956
2009-07-17 19:00:00+00:00,0.2221824
2009-07-17 20:00:00+00:00,0.090437025
2009-07-17 21:00:00+00:00,0.16135046
2009-07-17 22:00:00+00:00,0.32031474
2009-07-17 23:00:00+00:00,0.14539670000000002
2009-07-18 00:00:00+00:00,0.19322594
2009-07-18 01:00:00+00:00,0.0
2009-07-18 02:00:00+00:00,0.0
2009-07-18 03:00:00+00:00,0.0
2009-07-18 04:00:00+00:00,0.0
2009-07-18 05:00:00+00:00,0.0
2009-07-18 06:00:00+00:00,0.0
2009-07-18 07:00:00+00:00,0.0
2009-07-18 08:00:00+00:00,0.0
2009-07-18 09:00:00+00:00,0.0
2009-07-18 10:00:00+00:00,0.0
2009-07-18 11:00:00+00:00,0.0442709
2009-07-18 12:00:00+00:00,0.109908566
2009-07-18 13:00:00+00:00,0.27396172
2009-07-18 14:00:00+00:00,0.52278465
2009-07-18 15:00:00+00:00,0.6785719
2009-07-18 16:00:00+00:00,0.38797194
2009-07-18 17:00:00+00:00,0.27667390000000003
2009-07-18 18:00:00+00:00,0.2264992
2009-07-18 19:00:00+00:00,0.2512121
2009-07-18 20:00:00+00:00,0.7038966999999999
2009-07-18 21:00:00+00:00,0.4422155
2009-07-18 22:00:00+00:00,0.38387206
2009-07-18 23:00:00+00:00,0.23617578
2009-07-19 00:00:00+00:00,0.19887787
2009-07-19 01:00:00+00:00,0.0
2009-07-19 02:00:00+00:00,0.0
2009-07-19 03:00:00+00:00,0.0
2009-07-19 04:00:00+00:00,0.0
2009-07-19 05:00:00+00:00,0.0
2009-07-19 06:00:00+00:00,0.0
2009-07-19 07:00:00+00:00,0.0
2009-07-19 08:00:00+00:00,0.0
2009-07-19 09:00:00+00:00,0.0
2009-07-19 10:00:00+00:00,0.0
2009-07-19 11:00:00+00:00,0.056013387000000005
2009-07-19 12:00:00+00:00,0.35810885
2009-07-19 13:00:00+00:00,0.5884656999999999
2009-07-19 14:00:00+00:00,0.66948587
2009-07-19 15:00:00+00:00,0.6939258
2009-07-19 16:00:00+00:00,0.6415137
2009-07-19 17:00:00+00:00,0.64801913
2009-07-19 18:00:00+00:00,0.41436166
2009-07-19 19:00:00+00:00,0.4911957
2009-07-19 20:00:00+00:00,0.36983916
2009-07-19 21:00:00+00:00,0.35161778
2009-07-19 22:00:00+00:00,0.46847653
2009-07-19 23:00:00+00:00,0.44079688
2009-07-20 00:00:00+00:00,0.14467839999999998
2009-07-20 01:00:00+00:00,0.0
2009-07-20 02:00:00+00:00,0.0
2009-07-20 03:00:00+00:00,0.0
2009-07-20 04:00:00+00:00,0.0
2009-07-20 05:00:00+00:00,0.0
2009-07-20 06:00:00+00:00,0.0
2009-07-20 07:00:00+00:00,0.0
2009-07-20 08:00:00+00:00,0.0
2009-07-20 09:00:00+00:00,0.0
2009-07-20 10:00:00+00:00,0.0
2009-07-20 11:00:00+00:00,0.038927745
2009-07-20 12:00:00+00:00,0.33637825
2009-07-20 13:00:00+00:00,0.5797760000000001
2009-07-20 14:00:00+00:00,0.6718211
2009-07-20 15:00:00+00:00,0.7049688000000001
2009-07-20 16:00:00+00:00,0.71271676
2009-07-20 17:00:00+00:00,0.5394069
2009-07-20 18:00:00+00:00,0.5501552
2009-07-20 19:00:00+00:00,0.5706129
2009-07-20 20:00:00+00:00,0.6026216999999999
2009-07-20 21:00:00+00:00,0.5039524000000001
2009-07-20 22:00:00+00:00,0.37901940000000006
2009-07-20 23:00:00+00:00,0.27680692
2009-07-21 00:00:00+00:00,0.053540702999999995
2009-07-21 01:00:00+00:00,0.0
2009-07-21 02:00:00+00:00,0.0
2009-07-21 03:00:00+00:00,0.0
2009-07-21 04:00:00+00:00,0.0
2009-07-21 05:00:00+00:00,0.0
2009-07-21 06:00:00+00:00,0.0
2009-07-21 07:00:00+00:00,0.0
2009-07-21 08:00:00+00:00,0.0
2009-07-21 09:00:00+00:00,0.0
2009-07-21 10:00:00+00:00,0.0
2009-07-21 11:00:00+00:00,0.0
2009-07-21 12:00:00+00:00,0.009880006
2009-07-21 13:00:00+00:00,0.059645727
2009-07-21 14:00:00+00:00,0.030773986
2009-07-21 15:00:00+00:00,0.043041594
2009-07-21 16:00:00+00:00,0.04978721
2009-07-21 17:00:00+00:00,0.11572865
2009-07-21 18:00:00+00:00,0.06382695599999999
2009-07-21 19:00:00+00:00,0.12408508
2009-07-21 20:00:00+00:00,0.026697705
2009-07-21 21:00:00+00:00,0.008201155
2009-07-21 22:00:00+00:00,0.04081794
2009-07-21 23:00:00+00:00,0.028663412000000003
2009-07-22 00:00:00+00:00,0.0
2009-07-22 01:00:00+00:00,0.0
2009-07-22 02:00:00+00:00,0.0
2009-07-22 03:00:00+00:00,0.0
2009-07-22 04:00:00+00:00,0.0
2009-07-22 05:00:00+00:00,0.0
2009-07-22 06:00:00+00:00,0.0
2009-07-22 07:00:00+00:00,0.0
2009-07-22 08:00:00+00:00,0.0
2009-07-22 09:00:00+00:00,0.0
2009-07-22 10:00:00+00:00,0.0
2009-07-22 11:00:00+00:00,0.029765047000000003
2009-07-22 12:00:00+00:00,0.06813834
2009-07-22 13:00:00+00:00,0.08183832
2009-07-22 14:00:00+00:00,0.23504715
2009-07-22 15:00:00+00:00,0.2912546
2009-07-22 16:00:00+00:00,0.19801801
2009-07-22 17:00:00+00:00,0.29315412
2009-07-22 18:00:00+00:00,0.35289454
2009-07-22 19:00:00+00:00,0.63942164
2009-07-22 20:00:00+00:00,0.712137
2009-07-22 21:00:00+00:00,0.6923118
2009-07-22 22:00:00+00:00,0.6121645
2009-07-22 23:00:00+00:00,0.49578409999999995
2009-07-23 00:00:00+00:00,0.17721714
2009-07-23 01:00:00+00:00,0.0
2009-07-23 02:00:00+00:00,0.0
2009-07-23 03:00:00+00:00,0.0
2009-07-23 04:00:00+00:00,0.0
2009-07-23 05:00:00+00:00,0.0
2009-07-23 06:00:00+00:00,0.0
2009-07-23 07:00:00+00:00,0.0
2009-07-23 08:00:00+00:00,0.0
2009-07-23 09:00:00+00:00,0.0
2009-07-23 10:00:00+00:00,0.0
2009-07-23 11:00:00+00:00,0.023464772999999998
2009-07-23 12:00:00+00:00,0.31279188
2009-07-23 13:00:00+00:00,0.5612130999999999
2009-07-23 14:00:00+00:00,0.5963361
2009-07-23 15:00:00+00:00,0.6587649
2009-07-23 16:00:00+00:00,0.58265406
2009-07-23 17:00:00+00:00,0.27425393
2009-07-23 18:00:00+00:00,0.5549778000000001
2009-07-23 19:00:00+00:00,0.57048756
2009-07-23 20:00:00+00:00,0.6294988
2009-07-23 21:00:00+00:00,0.5428376
2009-07-23 22:00:00+00:00,0.469625
2009-07-23 23:00:00+00:00,0.44348323
2009-07-24 00:00:00+00:00,0.1575706
2009-07-24 01:00:00+00:00,0.0
2009-07-24 02:00:00+00:00,0.0
2009-07-24 03:00:00+00:00,0.0
2009-07-24 04:00:00+00:00,0.0
2009-07-24 05:00:00+00:00,0.0
2009-07-24 06:00:00+00:00,0.0
2009-07-24 07:00:00+00:00,0.0
2009-07-24 08:00:00+00:00,0.0
2009-07-24 09:00:00+00:00,0.0
2009-07-24 10:00:00+00:00,0.0
2009-07-24 11:00:00+00:00,0.0
2009-07-24 12:00:00+00:00,0.07248856
2009-07-24 13:00:00+00:00,0.37698007
2009-07-24 14:00:00+00:00,0.5253924
2009-07-24 15:00:00+00:00,0.5292252
2009-07-24 16:00:00+00:00,0.54494566
2009-07-24 17:00:00+00:00,0.14459734
2009-07-24 18:00:00+00:00,0.21635748
2009-07-24 19:00:00+00:00,0.54808104
2009-07-24 20:00:00+00:00,0.53212214
2009-07-24 21:00:00+00:00,0.52673507
2009-07-24 22:00:00+00:00,0.27385452
2009-07-24 23:00:00+00:00,0.022205994
2009-07-25 00:00:00+00:00,0.059231628
2009-07-25 01:00:00+00:00,0.0
2009-07-25 02:00:00+00:00,0.0
2009-07-25 03:00:00+00:00,0.0
2009-07-25 04:00:00+00:00,0.0
2009-07-25 05:00:00+00:00,0.0
2009-07-25 06:00:00+00:00,0.0
2009-07-25 07:00:00+00:00,0.0
2009-07-25 08:00:00+00:00,0.0
2009-07-25 09:00:00+00:00,0.0
2009-07-25 10:00:00+00:00,0.0
2009-07-25 11:00:00+00:00,0.02132721
2009-07-25 12:00:00+00:00,0.34237754
2009-07-25 13:00:00+00:00,0.48742142
2009-07-25 14:00:00+00:00,0.49692038
2009-07-25 15:00:00+00:00,0.61225015
2009-07-25 16:00:00+00:00,0.5785342
2009-07-25 17:00:00+00:00,0.60737985
2009-07-25 18:00:00+00:00,0.43278635
2009-07-25 19:00:00+00:00,0.67574805
2009-07-25 20:00:00+00:00,0.628776
2009-07-25 21:00:00+00:00,0.69624
2009-07-25 22:00:00+00:00,0.6084389
2009-07-25 23:00:00+00:00,0.40251329999999996
2009-07-26 00:00:00+00:00,0.1818833
2009-07-26 01:00:00+00:00,0.0
2009-07-26 02:00:00+00:00,0.0
2009-07-26 03:00:00+00:00,0.0
2009-07-26 04:00:00+00:00,0.0
2009-07-26 05:00:00+00:00,0.0
2009-07-26 06:00:00+00:00,0.0
2009-07-26 07:00:00+00:00,0.0
2009-07-26 08:00:00+00:00,0.0
2009-07-26 09:00:00+00:00,0.0
2009-07-26 10:00:00+00:00,0.0
2009-07-26 11:00:00+00:00,0.017302522
2009-07-26 12:00:00+00:00,0.35508537
2009-07-26 13:00:00+00:00,0.6064031999999999
2009-07-26 14:00:00+00:00,0.68625003
2009-07-26 15:00:00+00:00,0.6257579000000001
2009-07-26 16:00:00+00:00,0.5930343000000001
2009-07-26 17:00:00+00:00,0.69263273
2009-07-26 18:00:00+00:00,0.59911555
2009-07-26 19:00:00+00:00,0.6798699
2009-07-26 20:00:00+00:00,0.68739724
2009-07-26 21:00:00+00:00,0.6713011
2009-07-26 22:00:00+00:00,0.5289600999999999
2009-07-26 23:00:00+00:00,0.45210296
2009-07-27 00:00:00+00:00,0.15624498
2009-07-27 01:00:00+00:00,0.0
2009-07-27 02:00:00+00:00,0.0
2009-07-27 03:00:00+00:00,0.0
2009-07-27 04:00:00+00:00,0.0
2009-07-27 05:00:00+00:00,0.0
2009-07-27 06:00:00+00:00,0.0
2009-07-27 07:00:00+00:00,0.0
2009-07-27 08:00:00+00:00,0.0
2009-07-27 09:00:00+00:00,0.0
2009-07-27 10:00:00+00:00,0.0
2009-07-27 11:00:00+00:00,0.0
2009-07-27 12:00:00+00:00,0.13182765
2009-07-27 13:00:00+00:00,0.19813442
2009-07-27 14:00:00+00:00,0.4439849
2009-07-27 15:00:00+00:00,0.29735953
2009-07-27 16:00:00+00:00,0.5122109
2009-07-27 17:00:00+00:00,0.42844945
2009-07-27 18:00:00+00:00,0.28323844
2009-07-27 19:00:00+00:00,0.2687263
2009-07-27 20:00:00+00:00,0.3810427
2009-07-27 21:00:00+00:00,0.45426553
2009-07-27 22:00:00+00:00,0.18975194
2009-07-27 23:00:00+00:00,0.08418453
2009-07-28 00:00:00+00:00,0.015488721
2009-07-28 01:00:00+00:00,0.0
2009-07-28 02:00:00+00:00,0.0
2009-07-28 03:00:00+00:00,0.0
2009-07-28 04:00:00+00:00,0.0
2009-07-28 05:00:00+00:00,0.0
2009-07-28 06:00:00+00:00,0.0
2009-07-28 07:00:00+00:00,0.0
2009-07-28 08:00:00+00:00,0.0
2009-07-28 09:00:00+00:00,0.0
2009-07-28 10:00:00+00:00,0.0
2009-07-28 11:00:00+00:00,0.0
2009-07-28 12:00:00+00:00,0.00026383097
2009-07-28 13:00:00+00:00,0.05257239599999999
2009-07-28 14:00:00+00:00,0.33605799999999997
2009-07-28 15:00:00+00:00,0.44365436
2009-07-28 16:00:00+00:00,0.2626666
2009-07-28 17:00:00+00:00,0.4482894
2009-07-28 18:00:00+00:00,0.57682484
2009-07-28 19:00:00+00:00,0.6174525
2009-07-28 20:00:00+00:00,0.5756941999999999
2009-07-28 21:00:00+00:00,0.23947456
2009-07-28 22:00:00+00:00,0.09230124
2009-07-28 23:00:00+00:00,0.21671006
2009-07-29 00:00:00+00:00,0.021141134
2009-07-29 01:00:00+00:00,0.0
2009-07-29 02:00:00+00:00,0.0
2009-07-29 03:00:00+00:00,0.0
2009-07-29 04:00:00+00:00,0.0
2009-07-29 05:00:00+00:00,0.0
2009-07-29 06:00:00+00:00,0.0
2009-07-29 07:00:00+00:00,0.0
2009-07-29 08:00:00+00:00,0.0
2009-07-29 09:00:00+00:00,0.0
2009-07-29 10:00:00+00:00,0.0
2009-07-29 11:00:00+00:00,0.0
2009-07-29 12:00:00+00:00,0.017719906
2009-07-29 13:00:00+00:00,0.19592619
2009-07-29 14:00:00+00:00,0.25227275
2009-07-29 15:00:00+00:00,0.30678266
2009-07-29 16:00:00+00:00,0.31469783
2009-07-29 17:00:00+00:00,0.30547240000000003
2009-07-29 18:00:00+00:00,0.54194444
2009-07-29 19:00:00+00:00,0.3748422
2009-07-29 20:00:00+00:00,0.4593928
2009-07-29 21:00:00+00:00,0.45817786
2009-07-29 22:00:00+00:00,0.24274723
2009-07-29 23:00:00+00:00,0.07075597
2009-07-30 00:00:00+00:00,0.027289552999999998
2009-07-30 01:00:00+00:00,0.0
2009-07-30 02:00:00+00:00,0.0
2009-07-30 03:00:00+00:00,0.0
2009-07-30 04:00:00+00:00,0.0
2009-07-30 05:00:00+00:00,0.0
2009-07-30 06:00:00+00:00,0.0
2009-07-30 07:00:00+00:00,0.0
2009-07-30 08:00:00+00:00,0.0
2009-07-30 09:00:00+00:00,0.0
2009-07-30 10:00:00+00:00,0.0
2009-07-30 11:00:00+00:00,0.0
2009-07-30 12:00:00+00:00,0.15623479
2009-07-30 13:00:00+00:00,0.29116157
2009-07-30 14:00:00+00:00,0.39438146
2009-07-30 15:00:00+00:00,0.50477946
2009-07-30 16:00:00+00:00,0.71609086
2009-07-30 17:00:00+00:00,0.6850696999999999
2009-07-30 18:00:00+00:00,0.6130225
2009-07-30 19:00:00+00:00,0.6740443
2009-07-30 20:00:00+00:00,0.70942205
2009-07-30 21:00:00+00:00,0.60201275
2009-07-30 22:00:00+00:00,0.4010242
2009-07-30 23:00:00+00:00,0.23594600000000002
2009-07-31 00:00:00+00:00,0.095115565
2009-07-31 01:00:00+00:00,0.0
2009-07-31 02:00:00+00:00,0.0
2009-07-31 03:00:00+00:00,0.0
2009-07-31 04:00:00+00:00,0.0
2009-07-31 05:00:00+00:00,0.0
2009-07-31 06:00:00+00:00,0.0
2009-07-31 07:00:00+00:00,0.0
2009-07-31 08:00:00+00:00,0.0
2009-07-31 09:00:00+00:00,0.0
2009-07-31 10:00:00+00:00,0.0
2009-07-31 11:00:00+00:00,0.0
2009-07-31 12:00:00+00:00,0.3080366
2009-07-31 13:00:00+00:00,0.57352555
2009-07-31 14:00:00+00:00,0.66524667
2009-07-31 15:00:00+00:00,0.6884893
2009-07-31 16:00:00+00:00,0.536964
2009-07-31 17:00:00+00:00,0.67032564
2009-07-31 18:00:00+00:00,0.5128037999999999
2009-07-31 19:00:00+00:00,0.57279414
2009-07-31 20:00:00+00:00,0.5414665
2009-07-31 21:00:00+00:00,0.5578919
2009-07-31 22:00:00+00:00,0.26789638
2009-07-31 23:00:00+00:00,0.09160655
2009-08-01 00:00:00+00:00,0.02186141
2009-08-01 01:00:00+00:00,0.0
2009-08-01 02:00:00+00:00,0.0
2009-08-01 03:00:00+00:00,0.0
2009-08-01 04:00:00+00:00,0.0
2009-08-01 05:00:00+00:00,0.0
2009-08-01 06:00:00+00:00,0.0
2009-08-01 07:00:00+00:00,0.0
2009-08-01 08:00:00+00:00,0.0
2009-08-01 09:00:00+00:00,0.0
2009-08-01 10:00:00+00:00,0.0
2009-08-01 11:00:00+00:00,0.0
2009-08-01 12:00:00+00:00,0.2301403
2009-08-01 13:00:00+00:00,0.12864007
2009-08-01 14:00:00+00:00,0.32072756
2009-08-01 15:00:00+00:00,0.6913138000000001
2009-08-01 16:00:00+00:00,0.7026176
2009-08-01 17:00:00+00:00,0.6502601
2009-08-01 18:00:00+00:00,0.70603424
2009-08-01 19:00:00+00:00,0.7160186
2009-08-01 20:00:00+00:00,0.6801904000000001
2009-08-01 21:00:00+00:00,0.7093866999999999
2009-08-01 22:00:00+00:00,0.6344634
2009-08-01 23:00:00+00:00,0.47491809999999995
2009-08-02 00:00:00+00:00,0.15885206
2009-08-02 01:00:00+00:00,0.0
2009-08-02 02:00:00+00:00,0.0
2009-08-02 03:00:00+00:00,0.0
2009-08-02 04:00:00+00:00,0.0
2009-08-02 05:00:00+00:00,0.0
2009-08-02 06:00:00+00:00,0.0
2009-08-02 07:00:00+00:00,0.0
2009-08-02 08:00:00+00:00,0.0
2009-08-02 09:00:00+00:00,0.0
2009-08-02 10:00:00+00:00,0.0
2009-08-02 11:00:00+00:00,0.0
2009-08-02 12:00:00+00:00,0.32533178
2009-08-02 13:00:00+00:00,0.6035826
2009-08-02 14:00:00+00:00,0.68714046
2009-08-02 15:00:00+00:00,0.712051
2009-08-02 16:00:00+00:00,0.5431583000000001
2009-08-02 17:00:00+00:00,0.5561869
2009-08-02 18:00:00+00:00,0.5719377
2009-08-02 19:00:00+00:00,0.708391
2009-08-02 20:00:00+00:00,0.7078880999999999
2009-08-02 21:00:00+00:00,0.69484186
2009-08-02 22:00:00+00:00,0.6291704
2009-08-02 23:00:00+00:00,0.45953405
2009-08-03 00:00:00+00:00,0.14040282
2009-08-03 01:00:00+00:00,0.0
2009-08-03 02:00:00+00:00,0.0
2009-08-03 03:00:00+00:00,0.0
2009-08-03 04:00:00+00:00,0.0
2009-08-03 05:00:00+00:00,0.0
2009-08-03 06:00:00+00:00,0.0
2009-08-03 07:00:00+00:00,0.0
2009-08-03 08:00:00+00:00,0.0
2009-08-03 09:00:00+00:00,0.0
2009-08-03 10:00:00+00:00,0.0
2009-08-03 11:00:00+00:00,0.0
2009-08-03 12:00:00+00:00,0.0033575953
2009-08-03 13:00:00+00:00,0.010064815999999999
2009-08-03 14:00:00+00:00,0.008201611999999999
2009-08-03 15:00:00+00:00,0.01924802
2009-08-03 16:00:00+00:00,0.034713153
2009-08-03 17:00:00+00:00,0.060227532
2009-08-03 18:00:00+00:00,0.040186595
2009-08-03 19:00:00+00:00,0.031128002000000002
2009-08-03 20:00:00+00:00,0.026492400000000003
2009-08-03 21:00:00+00:00,0.12979946
2009-08-03 22:00:00+00:00,0.13309379999999998
2009-08-03 23:00:00+00:00,0.12841552
2009-08-04 00:00:00+00:00,0.020198312
2009-08-04 01:00:00+00:00,0.0
2009-08-04 02:00:00+00:00,0.0
2009-08-04 03:00:00+00:00,0.0
2009-08-04 04:00:00+00:00,0.0
2009-08-04 05:00:00+00:00,0.0
2009-08-04 06:00:00+00:00,0.0
2009-08-04 07:00:00+00:00,0.0
2009-08-04 08:00:00+00:00,0.0
2009-08-04 09:00:00+00:00,0.0
2009-08-04 10:00:00+00:00,0.0
2009-08-04 11:00:00+00:00,0.0
2009-08-04 12:00:00+00:00,0.018364226
2009-08-04 13:00:00+00:00,0.24156103
2009-08-04 14:00:00+00:00,0.28837186
2009-08-04 15:00:00+00:00,0.42822716
2009-08-04 16:00:00+00:00,0.50192475
2009-08-04 17:00:00+00:00,0.5337764
2009-08-04 18:00:00+00:00,0.52849245
2009-08-04 19:00:00+00:00,0.43111217
2009-08-04 20:00:00+00:00,0.26642177
2009-08-04 21:00:00+00:00,0.37630886
2009-08-04 22:00:00+00:00,0.27323636
2009-08-04 23:00:00+00:00,0.2954168
2009-08-05 00:00:00+00:00,0.088090435
2009-08-05 01:00:00+00:00,0.0
2009-08-05 02:00:00+00:00,0.0
2009-08-05 03:00:00+00:00,0.0
2009-08-05 04:00:00+00:00,0.0
2009-08-05 05:00:00+00:00,0.0
2009-08-05 06:00:00+00:00,0.0
2009-08-05 07:00:00+00:00,0.0
2009-08-05 08:00:00+00:00,0.0
2009-08-05 09:00:00+00:00,0.0
2009-08-05 10:00:00+00:00,0.0
2009-08-05 11:00:00+00:00,0.0
2009-08-05 12:00:00+00:00,0.26020768
2009-08-05 13:00:00+00:00,0.4083152
2009-08-05 14:00:00+00:00,0.22441451
2009-08-05 15:00:00+00:00,0.27575698
2009-08-05 16:00:00+00:00,0.40269926
2009-08-05 17:00:00+00:00,0.6717738
2009-08-05 18:00:00+00:00,0.5699515
2009-08-05 19:00:00+00:00,0.6705313
2009-08-05 20:00:00+00:00,0.6318094
2009-08-05 21:00:00+00:00,0.5326791999999999
2009-08-05 22:00:00+00:00,0.6144316
2009-08-05 23:00:00+00:00,0.44345182
2009-08-06 00:00:00+00:00,0.13284056
2009-08-06 01:00:00+00:00,0.0
2009-08-06 02:00:00+00:00,0.0
2009-08-06 03:00:00+00:00,0.0
2009-08-06 04:00:00+00:00,0.0
2009-08-06 05:00:00+00:00,0.0
2009-08-06 06:00:00+00:00,0.0
2009-08-06 07:00:00+00:00,0.0
2009-08-06 08:00:00+00:00,0.0
2009-08-06 09:00:00+00:00,0.0
2009-08-06 10:00:00+00:00,0.0
2009-08-06 11:00:00+00:00,0.0
2009-08-06 12:00:00+00:00,0.3063243
2009-08-06 13:00:00+00:00,0.5949621999999999
2009-08-06 14:00:00+00:00,0.6867517
2009-08-06 15:00:00+00:00,0.66608125
2009-08-06 16:00:00+00:00,0.58880657
2009-08-06 17:00:00+00:00,0.60429835
2009-08-06 18:00:00+00:00,0.586449
2009-08-06 19:00:00+00:00,0.66144115
2009-08-06 20:00:00+00:00,0.5404966999999999
2009-08-06 21:00:00+00:00,0.4524076
2009-08-06 22:00:00+00:00,0.4010362
2009-08-06 23:00:00+00:00,0.18542956
2009-08-07 00:00:00+00:00,0.04227119
2009-08-07 01:00:00+00:00,0.0
2009-08-07 02:00:00+00:00,0.0
2009-08-07 03:00:00+00:00,0.0
2009-08-07 04:00:00+00:00,0.0
2009-08-07 05:00:00+00:00,0.0
2009-08-07 06:00:00+00:00,0.0
2009-08-07 07:00:00+00:00,0.0
2009-08-07 08:00:00+00:00,0.0
2009-08-07 09:00:00+00:00,0.0
2009-08-07 10:00:00+00:00,0.0
2009-08-07 11:00:00+00:00,0.0
2009-08-07 12:00:00+00:00,0.08413615
2009-08-07 13:00:00+00:00,0.25146696
2009-08-07 14:00:00+00:00,0.57169396
2009-08-07 15:00:00+00:00,0.5632818
2009-08-07 16:00:00+00:00,0.5500801
2009-08-07 17:00:00+00:00,0.5869745
2009-08-07 18:00:00+00:00,0.57435143
2009-08-07 19:00:00+00:00,0.5751090999999999
2009-08-07 20:00:00+00:00,0.5397939
2009-08-07 21:00:00+00:00,0.5231862
2009-08-07 22:00:00+00:00,0.43033436
2009-08-07 23:00:00+00:00,0.29106107
2009-08-08 00:00:00+00:00,0.07907172
2009-08-08 01:00:00+00:00,0.0
2009-08-08 02:00:00+00:00,0.0
2009-08-08 03:00:00+00:00,0.0
2009-08-08 04:00:00+00:00,0.0
2009-08-08 05:00:00+00:00,0.0
2009-08-08 06:00:00+00:00,0.0
2009-08-08 07:00:00+00:00,0.0
2009-08-08 08:00:00+00:00,0.0
2009-08-08 09:00:00+00:00,0.0
2009-08-08 10:00:00+00:00,0.0
2009-08-08 11:00:00+00:00,0.0
2009-08-08 12:00:00+00:00,0.24932474
2009-08-08 13:00:00+00:00,0.52714103
2009-08-08 14:00:00+00:00,0.6395390999999999
2009-08-08 15:00:00+00:00,0.67772484
2009-08-08 16:00:00+00:00,0.67690194
2009-08-08 17:00:00+00:00,0.67088175
2009-08-08 18:00:00+00:00,0.56011903
2009-08-08 19:00:00+00:00,0.6601659000000001
2009-08-08 20:00:00+00:00,0.5792056
2009-08-08 21:00:00+00:00,0.6565769
2009-08-08 22:00:00+00:00,0.5884675
2009-08-08 23:00:00+00:00,0.40963137
2009-08-09 00:00:00+00:00,0.11332549
2009-08-09 01:00:00+00:00,0.0
2009-08-09 02:00:00+00:00,0.0
2009-08-09 03:00:00+00:00,0.0
2009-08-09 04:00:00+00:00,0.0
2009-08-09 05:00:00+00:00,0.0
2009-08-09 06:00:00+00:00,0.0
2009-08-09 07:00:00+00:00,0.0
2009-08-09 08:00:00+00:00,0.0
2009-08-09 09:00:00+00:00,0.0
2009-08-09 10:00:00+00:00,0.0
2009-08-09 11:00:00+00:00,0.0
2009-08-09 12:00:00+00:00,0.21968146
2009-08-09 13:00:00+00:00,0.3872434
2009-08-09 14:00:00+00:00,0.65346235
2009-08-09 15:00:00+00:00,0.6526917
2009-08-09 16:00:00+00:00,0.6705958000000001
2009-08-09 17:00:00+00:00,0.46308878
2009-08-09 18:00:00+00:00,0.6639109999999999
2009-08-09 19:00:00+00:00,0.61043346
2009-08-09 20:00:00+00:00,0.6675338000000001
2009-08-09 21:00:00+00:00,0.599283
2009-08-09 22:00:00+00:00,0.5614600000000001
2009-08-09 23:00:00+00:00,0.37286959999999997
2009-08-10 00:00:00+00:00,0.060457174
2009-08-10 01:00:00+00:00,0.0
2009-08-10 02:00:00+00:00,0.0
2009-08-10 03:00:00+00:00,0.0
2009-08-10 04:00:00+00:00,0.0
2009-08-10 05:00:00+00:00,0.0
2009-08-10 06:00:00+00:00,0.0
2009-08-10 07:00:00+00:00,0.0
2009-08-10 08:00:00+00:00,0.0
2009-08-10 09:00:00+00:00,0.0
2009-08-10 10:00:00+00:00,0.0
2009-08-10 11:00:00+00:00,0.0
2009-08-10 12:00:00+00:00,0.02035994
2009-08-10 13:00:00+00:00,0.13099521
2009-08-10 14:00:00+00:00,0.40956113
2009-08-10 15:00:00+00:00,0.46206972
2009-08-10 16:00:00+00:00,0.50407815
2009-08-10 17:00:00+00:00,0.5194257000000001
2009-08-10 18:00:00+00:00,0.53223413
2009-08-10 19:00:00+00:00,0.34403396
2009-08-10 20:00:00+00:00,0.47408602
2009-08-10 21:00:00+00:00,0.20988165
2009-08-10 22:00:00+00:00,0.09504824
2009-08-10 23:00:00+00:00,0.03132903
2009-08-11 00:00:00+00:00,0.033231545
2009-08-11 01:00:00+00:00,0.0
2009-08-11 02:00:00+00:00,0.0
2009-08-11 03:00:00+00:00,0.0
2009-08-11 04:00:00+00:00,0.0
2009-08-11 05:00:00+00:00,0.0
2009-08-11 06:00:00+00:00,0.0
2009-08-11 07:00:00+00:00,0.0
2009-08-11 08:00:00+00:00,0.0
2009-08-11 09:00:00+00:00,0.0
2009-08-11 10:00:00+00:00,0.0
2009-08-11 11:00:00+00:00,0.0
2009-08-11 12:00:00+00:00,0.26146337
2009-08-11 13:00:00+00:00,0.560113
2009-08-11 14:00:00+00:00,0.6557943
2009-08-11 15:00:00+00:00,0.68448436
2009-08-11 16:00:00+00:00,0.6851651999999999
2009-08-11 17:00:00+00:00,0.6744834
2009-08-11 18:00:00+00:00,0.5730307
2009-08-11 19:00:00+00:00,0.6582737
2009-08-11 20:00:00+00:00,0.60145724
2009-08-11 21:00:00+00:00,0.42432479999999995
2009-08-11 22:00:00+00:00,0.55594116
2009-08-11 23:00:00+00:00,0.36250344
2009-08-12 00:00:00+00:00,0.07908594599999999
2009-08-12 01:00:00+00:00,0.0
2009-08-12 02:00:00+00:00,0.0
2009-08-12 03:00:00+00:00,0.0
2009-08-12 04:00:00+00:00,0.0
2009-08-12 05:00:00+00:00,0.0
2009-08-12 06:00:00+00:00,0.0
2009-08-12 07:00:00+00:00,0.0
2009-08-12 08:00:00+00:00,0.0
2009-08-12 09:00:00+00:00,0.0
2009-08-12 10:00:00+00:00,0.0
2009-08-12 11:00:00+00:00,0.0
2009-08-12 12:00:00+00:00,0.26165166
2009-08-12 13:00:00+00:00,0.56743145
2009-08-12 14:00:00+00:00,0.6720775999999999
2009-08-12 15:00:00+00:00,0.7033068
2009-08-12 16:00:00+00:00,0.7024388
2009-08-12 17:00:00+00:00,0.69021624
2009-08-12 18:00:00+00:00,0.6847648000000001
2009-08-12 19:00:00+00:00,0.69053745
2009-08-12 20:00:00+00:00,0.6943630000000001
2009-08-12 21:00:00+00:00,0.67938185
2009-08-12 22:00:00+00:00,0.6163988
2009-08-12 23:00:00+00:00,0.41810712
2009-08-13 00:00:00+00:00,0.10425161599999999
2009-08-13 01:00:00+00:00,0.0
2009-08-13 02:00:00+00:00,0.0
2009-08-13 03:00:00+00:00,0.0
2009-08-13 04:00:00+00:00,0.0
2009-08-13 05:00:00+00:00,0.0
2009-08-13 06:00:00+00:00,0.0
2009-08-13 07:00:00+00:00,0.0
2009-08-13 08:00:00+00:00,0.0
2009-08-13 09:00:00+00:00,0.0
2009-08-13 10:00:00+00:00,0.0
2009-08-13 11:00:00+00:00,0.0
2009-08-13 12:00:00+00:00,0.28216133
2009-08-13 13:00:00+00:00,0.5895329
2009-08-13 14:00:00+00:00,0.67217296
2009-08-13 15:00:00+00:00,0.6925588
2009-08-13 16:00:00+00:00,0.6820056999999999
2009-08-13 17:00:00+00:00,0.67514104
2009-08-13 18:00:00+00:00,0.6705270000000001
2009-08-13 19:00:00+00:00,0.67448926
2009-08-13 20:00:00+00:00,0.68199915
2009-08-13 21:00:00+00:00,0.6694911
2009-08-13 22:00:00+00:00,0.60402125
2009-08-13 23:00:00+00:00,0.40575483
2009-08-14 00:00:00+00:00,0.097867966
2009-08-14 01:00:00+00:00,0.0
2009-08-14 02:00:00+00:00,0.0
2009-08-14 03:00:00+00:00,0.0
2009-08-14 04:00:00+00:00,0.0
2009-08-14 05:00:00+00:00,0.0
2009-08-14 06:00:00+00:00,0.0
2009-08-14 07:00:00+00:00,0.0
2009-08-14 08:00:00+00:00,0.0
2009-08-14 09:00:00+00:00,0.0
2009-08-14 10:00:00+00:00,0.0
2009-08-14 11:00:00+00:00,0.0
2009-08-14 12:00:00+00:00,0.20793559
2009-08-14 13:00:00+00:00,0.31710836
2009-08-14 14:00:00+00:00,0.12608434
2009-08-14 15:00:00+00:00,0.36751634
2009-08-14 16:00:00+00:00,0.36299440000000005
2009-08-14 17:00:00+00:00,0.6060906
2009-08-14 18:00:00+00:00,0.45190096
2009-08-14 19:00:00+00:00,0.21108724
2009-08-14 20:00:00+00:00,0.48018035
2009-08-14 21:00:00+00:00,0.5893265999999999
2009-08-14 22:00:00+00:00,0.09356794
2009-08-14 23:00:00+00:00,0.28966144
2009-08-15 00:00:00+00:00,0.06313762
2009-08-15 01:00:00+00:00,0.0
2009-08-15 02:00:00+00:00,0.0
2009-08-15 03:00:00+00:00,0.0
2009-08-15 04:00:00+00:00,0.0
2009-08-15 05:00:00+00:00,0.0
2009-08-15 06:00:00+00:00,0.0
2009-08-15 07:00:00+00:00,0.0
2009-08-15 08:00:00+00:00,0.0
2009-08-15 09:00:00+00:00,0.0
2009-08-15 10:00:00+00:00,0.0
2009-08-15 11:00:00+00:00,0.0
2009-08-15 12:00:00+00:00,0.2380626
2009-08-15 13:00:00+00:00,0.5163287
2009-08-15 14:00:00+00:00,0.63167846
2009-08-15 15:00:00+00:00,0.65982574
2009-08-15 16:00:00+00:00,0.666094
2009-08-15 17:00:00+00:00,0.6555644
2009-08-15 18:00:00+00:00,0.65184367
2009-08-15 19:00:00+00:00,0.57429105
2009-08-15 20:00:00+00:00,0.5974724
2009-08-15 21:00:00+00:00,0.6236414
2009-08-15 22:00:00+00:00,0.57498896
2009-08-15 23:00:00+00:00,0.36476642
2009-08-16 00:00:00+00:00,0.07608619
2009-08-16 01:00:00+00:00,0.0
2009-08-16 02:00:00+00:00,0.0
2009-08-16 03:00:00+00:00,0.0
2009-08-16 04:00:00+00:00,0.0
2009-08-16 05:00:00+00:00,0.0
2009-08-16 06:00:00+00:00,0.0
2009-08-16 07:00:00+00:00,0.0
2009-08-16 08:00:00+00:00,0.0
2009-08-16 09:00:00+00:00,0.0
2009-08-16 10:00:00+00:00,0.0
2009-08-16 11:00:00+00:00,0.0
2009-08-16 12:00:00+00:00,0.19173473
2009-08-16 13:00:00+00:00,0.32828757
2009-08-16 14:00:00+00:00,0.30313179999999995
2009-08-16 15:00:00+00:00,0.37678470000000003
2009-08-16 16:00:00+00:00,0.5950019
2009-08-16 17:00:00+00:00,0.6626177
2009-08-16 18:00:00+00:00,0.49440858
2009-08-16 19:00:00+00:00,0.55743396
2009-08-16 20:00:00+00:00,0.5493916
2009-08-16 21:00:00+00:00,0.6513253000000001
2009-08-16 22:00:00+00:00,0.58624804
2009-08-16 23:00:00+00:00,0.37397268
2009-08-17 00:00:00+00:00,0.07656026
2009-08-17 01:00:00+00:00,0.0
2009-08-17 02:00:00+00:00,0.0
2009-08-17 03:00:00+00:00,0.0
2009-08-17 04:00:00+00:00,0.0
2009-08-17 05:00:00+00:00,0.0
2009-08-17 06:00:00+00:00,0.0
2009-08-17 07:00:00+00:00,0.0
2009-08-17 08:00:00+00:00,0.0
2009-08-17 09:00:00+00:00,0.0
2009-08-17 10:00:00+00:00,0.0
2009-08-17 11:00:00+00:00,0.0
2009-08-17 12:00:00+00:00,0.014913146
2009-08-17 13:00:00+00:00,0.08311288
2009-08-17 14:00:00+00:00,0.08646146
2009-08-17 15:00:00+00:00,0.17004094
2009-08-17 16:00:00+00:00,0.29260054
2009-08-17 17:00:00+00:00,0.21207197
2009-08-17 18:00:00+00:00,0.42164356
2009-08-17 19:00:00+00:00,0.42101252
2009-08-17 20:00:00+00:00,0.62058544
2009-08-17 21:00:00+00:00,0.6763299
2009-08-17 22:00:00+00:00,0.38229108
2009-08-17 23:00:00+00:00,0.39388540000000005
2009-08-18 00:00:00+00:00,0.07274439
2009-08-18 01:00:00+00:00,0.0
2009-08-18 02:00:00+00:00,0.0
2009-08-18 03:00:00+00:00,0.0
2009-08-18 04:00:00+00:00,0.0
2009-08-18 05:00:00+00:00,0.0
2009-08-18 06:00:00+00:00,0.0
2009-08-18 07:00:00+00:00,0.0
2009-08-18 08:00:00+00:00,0.0
2009-08-18 09:00:00+00:00,0.0
2009-08-18 10:00:00+00:00,0.0
2009-08-18 11:00:00+00:00,0.0
2009-08-18 12:00:00+00:00,0.18497714
2009-08-18 13:00:00+00:00,0.11386064
2009-08-18 14:00:00+00:00,0.100797564
2009-08-18 15:00:00+00:00,0.27456716
2009-08-18 16:00:00+00:00,0.55646926
2009-08-18 17:00:00+00:00,0.4058813
2009-08-18 18:00:00+00:00,0.5425343
2009-08-18 19:00:00+00:00,0.43918450000000003
2009-08-18 20:00:00+00:00,0.25053215
2009-08-18 21:00:00+00:00,0.37976015
2009-08-18 22:00:00+00:00,0.24497733
2009-08-18 23:00:00+00:00,0.34356266
2009-08-19 00:00:00+00:00,0.054365437
2009-08-19 01:00:00+00:00,0.0
2009-08-19 02:00:00+00:00,0.0
2009-08-19 03:00:00+00:00,0.0
2009-08-19 04:00:00+00:00,0.0
2009-08-19 05:00:00+00:00,0.0
2009-08-19 06:00:00+00:00,0.0
2009-08-19 07:00:00+00:00,0.0
2009-08-19 08:00:00+00:00,0.0
2009-08-19 09:00:00+00:00,0.0
2009-08-19 10:00:00+00:00,0.0
2009-08-19 11:00:00+00:00,0.0
2009-08-19 12:00:00+00:00,0.17125478
2009-08-19 13:00:00+00:00,0.43281442
2009-08-19 14:00:00+00:00,0.07770369
2009-08-19 15:00:00+00:00,0.17659879999999997
2009-08-19 16:00:00+00:00,0.49734464
2009-08-19 17:00:00+00:00,0.5919134
2009-08-19 18:00:00+00:00,0.45050234
2009-08-19 19:00:00+00:00,0.39283654
2009-08-19 20:00:00+00:00,0.3009113
2009-08-19 21:00:00+00:00,0.45499307
2009-08-19 22:00:00+00:00,0.29429993
2009-08-19 23:00:00+00:00,0.2830189
2009-08-20 00:00:00+00:00,0.028522622
2009-08-20 01:00:00+00:00,0.0
2009-08-20 02:00:00+00:00,0.0
2009-08-20 03:00:00+00:00,0.0
2009-08-20 04:00:00+00:00,0.0
2009-08-20 05:00:00+00:00,0.0
2009-08-20 06:00:00+00:00,0.0
2009-08-20 07:00:00+00:00,0.0
2009-08-20 08:00:00+00:00,0.0
2009-08-20 09:00:00+00:00,0.0
2009-08-20 10:00:00+00:00,0.0
2009-08-20 11:00:00+00:00,0.0
2009-08-20 12:00:00+00:00,0.12838179
2009-08-20 13:00:00+00:00,0.5608725999999999
2009-08-20 14:00:00+00:00,0.6872866
2009-08-20 15:00:00+00:00,0.5626795
2009-08-20 16:00:00+00:00,0.56809443
2009-08-20 17:00:00+00:00,0.5689675999999999
2009-08-20 18:00:00+00:00,0.5970701999999999
2009-08-20 19:00:00+00:00,0.56590486
2009-08-20 20:00:00+00:00,0.68421286
2009-08-20 21:00:00+00:00,0.6834814
2009-08-20 22:00:00+00:00,0.5778139
2009-08-20 23:00:00+00:00,0.37955043
2009-08-21 00:00:00+00:00,0.046459038
2009-08-21 01:00:00+00:00,0.0
2009-08-21 02:00:00+00:00,0.0
2009-08-21 03:00:00+00:00,0.0
2009-08-21 04:00:00+00:00,0.0
2009-08-21 05:00:00+00:00,0.0
2009-08-21 06:00:00+00:00,0.0
2009-08-21 07:00:00+00:00,0.0
2009-08-21 08:00:00+00:00,0.0
2009-08-21 09:00:00+00:00,0.0
2009-08-21 10:00:00+00:00,0.0
2009-08-21 11:00:00+00:00,0.0
2009-08-21 12:00:00+00:00,0.25190118
2009-08-21 13:00:00+00:00,0.5824845000000001
2009-08-21 14:00:00+00:00,0.19311994
2009-08-21 15:00:00+00:00,0.37287042
2009-08-21 16:00:00+00:00,0.23681842
2009-08-21 17:00:00+00:00,0.16407809
2009-08-21 18:00:00+00:00,0.2062333
2009-08-21 19:00:00+00:00,0.38071325
2009-08-21 20:00:00+00:00,0.29330328
2009-08-21 21:00:00+00:00,0.10891551
2009-08-21 22:00:00+00:00,0.06485378
2009-08-21 23:00:00+00:00,0.02075491
2009-08-22 00:00:00+00:00,0.0032245354
2009-08-22 01:00:00+00:00,0.0
2009-08-22 02:00:00+00:00,0.0
2009-08-22 03:00:00+00:00,0.0
2009-08-22 04:00:00+00:00,0.0
2009-08-22 05:00:00+00:00,0.0
2009-08-22 06:00:00+00:00,0.0
2009-08-22 07:00:00+00:00,0.0
2009-08-22 08:00:00+00:00,0.0
2009-08-22 09:00:00+00:00,0.0
2009-08-22 10:00:00+00:00,0.0
2009-08-22 11:00:00+00:00,0.0
2009-08-22 12:00:00+00:00,0.00980889
2009-08-22 13:00:00+00:00,0.043277457000000005
2009-08-22 14:00:00+00:00,0.10769977
2009-08-22 15:00:00+00:00,0.22846165
2009-08-22 16:00:00+00:00,0.4171195
2009-08-22 17:00:00+00:00,0.51661915
2009-08-22 18:00:00+00:00,0.4175098
2009-08-22 19:00:00+00:00,0.23151633
2009-08-22 20:00:00+00:00,0.37612095
2009-08-22 21:00:00+00:00,0.46245924
2009-08-22 22:00:00+00:00,0.54928184
2009-08-22 23:00:00+00:00,0.34690997
2009-08-23 00:00:00+00:00,0.021788262000000003
2009-08-23 01:00:00+00:00,0.0
2009-08-23 02:00:00+00:00,0.0
2009-08-23 03:00:00+00:00,0.0
2009-08-23 04:00:00+00:00,0.0
2009-08-23 05:00:00+00:00,0.0
2009-08-23 06:00:00+00:00,0.0
2009-08-23 07:00:00+00:00,0.0
2009-08-23 08:00:00+00:00,0.0
2009-08-23 09:00:00+00:00,0.0
2009-08-23 10:00:00+00:00,0.0
2009-08-23 11:00:00+00:00,0.0
2009-08-23 12:00:00+00:00,0.24328920000000004
2009-08-23 13:00:00+00:00,0.58688015
2009-08-23 14:00:00+00:00,0.684198
2009-08-23 15:00:00+00:00,0.7066140999999999
2009-08-23 16:00:00+00:00,0.69228095
2009-08-23 17:00:00+00:00,0.6177334
2009-08-23 18:00:00+00:00,0.5645727
2009-08-23 19:00:00+00:00,0.6033594
2009-08-23 20:00:00+00:00,0.3368538
2009-08-23 21:00:00+00:00,0.44392347
2009-08-23 22:00:00+00:00,0.6097449
2009-08-23 23:00:00+00:00,0.29380384
2009-08-24 00:00:00+00:00,0.007883325
2009-08-24 01:00:00+00:00,0.0
2009-08-24 02:00:00+00:00,0.0
2009-08-24 03:00:00+00:00,0.0
2009-08-24 04:00:00+00:00,0.0
2009-08-24 05:00:00+00:00,0.0
2009-08-24 06:00:00+00:00,0.0
2009-08-24 07:00:00+00:00,0.0
2009-08-24 08:00:00+00:00,0.0
2009-08-24 09:00:00+00:00,0.0
2009-08-24 10:00:00+00:00,0.0
2009-08-24 11:00:00+00:00,0.0
2009-08-24 12:00:00+00:00,0.21442042
2009-08-24 13:00:00+00:00,0.55055267
2009-08-24 14:00:00+00:00,0.6432379
2009-08-24 15:00:00+00:00,0.6543926999999999
2009-08-24 16:00:00+00:00,0.64837706
2009-08-24 17:00:00+00:00,0.6391709
2009-08-24 18:00:00+00:00,0.6352211
2009-08-24 19:00:00+00:00,0.62370646
2009-08-24 20:00:00+00:00,0.6407541999999999
2009-08-24 21:00:00+00:00,0.6383243000000001
2009-08-24 22:00:00+00:00,0.5683256
2009-08-24 23:00:00+00:00,0.32851905
2009-08-25 00:00:00+00:00,0.0
2009-08-25 01:00:00+00:00,0.0
2009-08-25 02:00:00+00:00,0.0
2009-08-25 03:00:00+00:00,0.0
2009-08-25 04:00:00+00:00,0.0
2009-08-25 05:00:00+00:00,0.0
2009-08-25 06:00:00+00:00,0.0
2009-08-25 07:00:00+00:00,0.0
2009-08-25 08:00:00+00:00,0.0
2009-08-25 09:00:00+00:00,0.0
2009-08-25 10:00:00+00:00,0.0
2009-08-25 11:00:00+00:00,0.0
2009-08-25 12:00:00+00:00,0.20139453
2009-08-25 13:00:00+00:00,0.5143153
2009-08-25 14:00:00+00:00,0.61892724
2009-08-25 15:00:00+00:00,0.65191424
2009-08-25 16:00:00+00:00,0.6482228
2009-08-25 17:00:00+00:00,0.43069178
2009-08-25 18:00:00+00:00,0.54496336
2009-08-25 19:00:00+00:00,0.60089576
2009-08-25 20:00:00+00:00,0.6234400999999999
2009-08-25 21:00:00+00:00,0.57820237
2009-08-25 22:00:00+00:00,0.469361
2009-08-25 23:00:00+00:00,0.25381944
2009-08-26 00:00:00+00:00,0.0
2009-08-26 01:00:00+00:00,0.0
2009-08-26 02:00:00+00:00,0.0
2009-08-26 03:00:00+00:00,0.0
2009-08-26 04:00:00+00:00,0.0
2009-08-26 05:00:00+00:00,0.0
2009-08-26 06:00:00+00:00,0.0
2009-08-26 07:00:00+00:00,0.0
2009-08-26 08:00:00+00:00,0.0
2009-08-26 09:00:00+00:00,0.0
2009-08-26 10:00:00+00:00,0.0
2009-08-26 11:00:00+00:00,0.0
2009-08-26 12:00:00+00:00,0.18402861
2009-08-26 13:00:00+00:00,0.48215553
2009-08-26 14:00:00+00:00,0.5982554
2009-08-26 15:00:00+00:00,0.63728935
2009-08-26 16:00:00+00:00,0.6379694
2009-08-26 17:00:00+00:00,0.627404
2009-08-26 18:00:00+00:00,0.5316126999999999
2009-08-26 19:00:00+00:00,0.58399576
2009-08-26 20:00:00+00:00,0.48408318
2009-08-26 21:00:00+00:00,0.118439436
2009-08-26 22:00:00+00:00,0.12503725
2009-08-26 23:00:00+00:00,0.094426796
2009-08-27 00:00:00+00:00,0.0
2009-08-27 01:00:00+00:00,0.0
2009-08-27 02:00:00+00:00,0.0
2009-08-27 03:00:00+00:00,0.0
2009-08-27 04:00:00+00:00,0.0
2009-08-27 05:00:00+00:00,0.0
2009-08-27 06:00:00+00:00,0.0
2009-08-27 07:00:00+00:00,0.0
2009-08-27 08:00:00+00:00,0.0
2009-08-27 09:00:00+00:00,0.0
2009-08-27 10:00:00+00:00,0.0
2009-08-27 11:00:00+00:00,0.0
2009-08-27 12:00:00+00:00,0.01246699
2009-08-27 13:00:00+00:00,0.05806533
2009-08-27 14:00:00+00:00,0.019202411000000003
2009-08-27 15:00:00+00:00,0.12474839
2009-08-27 16:00:00+00:00,0.15699875
2009-08-27 17:00:00+00:00,0.10797767
2009-08-27 18:00:00+00:00,0.12127969
2009-08-27 19:00:00+00:00,0.22561388
2009-08-27 20:00:00+00:00,0.3125284
2009-08-27 21:00:00+00:00,0.17143711
2009-08-27 22:00:00+00:00,0.24701025
2009-08-27 23:00:00+00:00,0.17206787
2009-08-28 00:00:00+00:00,0.0
2009-08-28 01:00:00+00:00,0.0
2009-08-28 02:00:00+00:00,0.0
2009-08-28 03:00:00+00:00,0.0
2009-08-28 04:00:00+00:00,0.0
2009-08-28 05:00:00+00:00,0.0
2009-08-28 06:00:00+00:00,0.0
2009-08-28 07:00:00+00:00,0.0
2009-08-28 08:00:00+00:00,0.0
2009-08-28 09:00:00+00:00,0.0
2009-08-28 10:00:00+00:00,0.0
2009-08-28 11:00:00+00:00,0.0
2009-08-28 12:00:00+00:00,0.09567993
2009-08-28 13:00:00+00:00,0.06681424
2009-08-28 14:00:00+00:00,0.120278426
2009-08-28 15:00:00+00:00,0.41965859999999994
2009-08-28 16:00:00+00:00,0.6249651999999999
2009-08-28 17:00:00+00:00,0.67705053
2009-08-28 18:00:00+00:00,0.67700535
2009-08-28 19:00:00+00:00,0.62818277
2009-08-28 20:00:00+00:00,0.67719096
2009-08-28 21:00:00+00:00,0.47551775
2009-08-28 22:00:00+00:00,0.6089414000000001
2009-08-28 23:00:00+00:00,0.3225034
2009-08-29 00:00:00+00:00,0.0
2009-08-29 01:00:00+00:00,0.0
2009-08-29 02:00:00+00:00,0.0
2009-08-29 03:00:00+00:00,0.0
2009-08-29 04:00:00+00:00,0.0
2009-08-29 05:00:00+00:00,0.0
2009-08-29 06:00:00+00:00,0.0
2009-08-29 07:00:00+00:00,0.0
2009-08-29 08:00:00+00:00,0.0
2009-08-29 09:00:00+00:00,0.0
2009-08-29 10:00:00+00:00,0.0
2009-08-29 11:00:00+00:00,0.0
2009-08-29 12:00:00+00:00,0.11636669
2009-08-29 13:00:00+00:00,0.5911435
2009-08-29 14:00:00+00:00,0.57473594
2009-08-29 15:00:00+00:00,0.71596336
2009-08-29 16:00:00+00:00,0.70732397
2009-08-29 17:00:00+00:00,0.6963313
2009-08-29 18:00:00+00:00,0.6375422
2009-08-29 19:00:00+00:00,0.64281535
2009-08-29 20:00:00+00:00,0.57155097
2009-08-29 21:00:00+00:00,0.5713788000000001
2009-08-29 22:00:00+00:00,0.3764284
2009-08-29 23:00:00+00:00,0.3041485
2009-08-30 00:00:00+00:00,0.0
2009-08-30 01:00:00+00:00,0.0
2009-08-30 02:00:00+00:00,0.0
2009-08-30 03:00:00+00:00,0.0
2009-08-30 04:00:00+00:00,0.0
2009-08-30 05:00:00+00:00,0.0
2009-08-30 06:00:00+00:00,0.0
2009-08-30 07:00:00+00:00,0.0
2009-08-30 08:00:00+00:00,0.0
2009-08-30 09:00:00+00:00,0.0
2009-08-30 10:00:00+00:00,0.0
2009-08-30 11:00:00+00:00,0.0
2009-08-30 12:00:00+00:00,0.22576725
2009-08-30 13:00:00+00:00,0.5944991999999999
2009-08-30 14:00:00+00:00,0.6949223000000001
2009-08-30 15:00:00+00:00,0.7206852
2009-08-30 16:00:00+00:00,0.63194066
2009-08-30 17:00:00+00:00,0.47907618
2009-08-30 18:00:00+00:00,0.5112901
2009-08-30 19:00:00+00:00,0.50844556
2009-08-30 20:00:00+00:00,0.36228994
2009-08-30 21:00:00+00:00,0.52477664
2009-08-30 22:00:00+00:00,0.40550336
2009-08-30 23:00:00+00:00,0.32881020000000005
2009-08-31 00:00:00+00:00,0.0
2009-08-31 01:00:00+00:00,0.0
2009-08-31 02:00:00+00:00,0.0
2009-08-31 03:00:00+00:00,0.0
2009-08-31 04:00:00+00:00,0.0
2009-08-31 05:00:00+00:00,0.0
2009-08-31 06:00:00+00:00,0.0
2009-08-31 07:00:00+00:00,0.0
2009-08-31 08:00:00+00:00,0.0
2009-08-31 09:00:00+00:00,0.0
2009-08-31 10:00:00+00:00,0.0
2009-08-31 11:00:00+00:00,0.0
2009-08-31 12:00:00+00:00,0.21755120000000003
2009-08-31 13:00:00+00:00,0.583461
2009-08-31 14:00:00+00:00,0.6886637
2009-08-31 15:00:00+00:00,0.70991
2009-08-31 16:00:00+00:00,0.69588804
2009-08-31 17:00:00+00:00,0.6758211999999999
2009-08-31 18:00:00+00:00,0.6716411999999999
2009-08-31 19:00:00+00:00,0.6773129
2009-08-31 20:00:00+00:00,0.68888634
2009-08-31 21:00:00+00:00,0.675403
2009-08-31 22:00:00+00:00,0.59814334
2009-08-31 23:00:00+00:00,0.30302399999999996
2009-09-01 00:00:00+00:00,0.0
2009-09-01 01:00:00+00:00,0.0
2009-09-01 02:00:00+00:00,0.0
2009-09-01 03:00:00+00:00,0.0
2009-09-01 04:00:00+00:00,0.0
2009-09-01 05:00:00+00:00,0.0
2009-09-01 06:00:00+00:00,0.0
2009-09-01 07:00:00+00:00,0.0
2009-09-01 08:00:00+00:00,0.0
2009-09-01 09:00:00+00:00,0.0
2009-09-01 10:00:00+00:00,0.0
2009-09-01 11:00:00+00:00,0.0
2009-09-01 12:00:00+00:00,0.0044442303
2009-09-01 13:00:00+00:00,0.060553163
2009-09-01 14:00:00+00:00,0.09310187
2009-09-01 15:00:00+00:00,0.53237474
2009-09-01 16:00:00+00:00,0.6349772
2009-09-01 17:00:00+00:00,0.5486557
2009-09-01 18:00:00+00:00,0.38950159999999995
2009-09-01 19:00:00+00:00,0.18367709
2009-09-01 20:00:00+00:00,0.25261469999999997
2009-09-01 21:00:00+00:00,0.2864175
2009-09-01 22:00:00+00:00,0.18202516
2009-09-01 23:00:00+00:00,0.0076162126
2009-09-02 00:00:00+00:00,0.0
2009-09-02 01:00:00+00:00,0.0
2009-09-02 02:00:00+00:00,0.0
2009-09-02 03:00:00+00:00,0.0
2009-09-02 04:00:00+00:00,0.0
2009-09-02 05:00:00+00:00,0.0
2009-09-02 06:00:00+00:00,0.0
2009-09-02 07:00:00+00:00,0.0
2009-09-02 08:00:00+00:00,0.0
2009-09-02 09:00:00+00:00,0.0
2009-09-02 10:00:00+00:00,0.0
2009-09-02 11:00:00+00:00,0.0
2009-09-02 12:00:00+00:00,0.026375696
2009-09-02 13:00:00+00:00,0.13749589999999998
2009-09-02 14:00:00+00:00,0.2896183
2009-09-02 15:00:00+00:00,0.64948124
2009-09-02 16:00:00+00:00,0.6297885
2009-09-02 17:00:00+00:00,0.5740126
2009-09-02 18:00:00+00:00,0.43839476
2009-09-02 19:00:00+00:00,0.39250490000000005
2009-09-02 20:00:00+00:00,0.12837341
2009-09-02 21:00:00+00:00,0.16582622
2009-09-02 22:00:00+00:00,0.20916964
2009-09-02 23:00:00+00:00,0.093089744
2009-09-03 00:00:00+00:00,0.0
2009-09-03 01:00:00+00:00,0.0
2009-09-03 02:00:00+00:00,0.0
2009-09-03 03:00:00+00:00,0.0
2009-09-03 04:00:00+00:00,0.0
2009-09-03 05:00:00+00:00,0.0
2009-09-03 06:00:00+00:00,0.0
2009-09-03 07:00:00+00:00,0.0
2009-09-03 08:00:00+00:00,0.0
2009-09-03 09:00:00+00:00,0.0
2009-09-03 10:00:00+00:00,0.0
2009-09-03 11:00:00+00:00,0.0
2009-09-03 12:00:00+00:00,0.07754906
2009-09-03 13:00:00+00:00,0.40751436
2009-09-03 14:00:00+00:00,0.5494213000000001
2009-09-03 15:00:00+00:00,0.49701118
2009-09-03 16:00:00+00:00,0.4071244
2009-09-03 17:00:00+00:00,0.32238767
2009-09-03 18:00:00+00:00,0.41908696
2009-09-03 19:00:00+00:00,0.23933838
2009-09-03 20:00:00+00:00,0.30228505
2009-09-03 21:00:00+00:00,0.34840512
2009-09-03 22:00:00+00:00,0.48355132
2009-09-03 23:00:00+00:00,0.23551595
2009-09-04 00:00:00+00:00,0.0
2009-09-04 01:00:00+00:00,0.0
2009-09-04 02:00:00+00:00,0.0
2009-09-04 03:00:00+00:00,0.0
2009-09-04 04:00:00+00:00,0.0
2009-09-04 05:00:00+00:00,0.0
2009-09-04 06:00:00+00:00,0.0
2009-09-04 07:00:00+00:00,0.0
2009-09-04 08:00:00+00:00,0.0
2009-09-04 09:00:00+00:00,0.0
2009-09-04 10:00:00+00:00,0.0
2009-09-04 11:00:00+00:00,0.0
2009-09-04 12:00:00+00:00,0.13060739999999998
2009-09-04 13:00:00+00:00,0.40749159999999995
2009-09-04 14:00:00+00:00,0.5864670999999999
2009-09-04 15:00:00+00:00,0.65170324
2009-09-04 16:00:00+00:00,0.6296863
2009-09-04 17:00:00+00:00,0.5810038000000001
2009-09-04 18:00:00+00:00,0.5591274
2009-09-04 19:00:00+00:00,0.5487936999999999
2009-09-04 20:00:00+00:00,0.6422629
2009-09-04 21:00:00+00:00,0.613943
2009-09-04 22:00:00+00:00,0.49179113
2009-09-04 23:00:00+00:00,0.22689137
2009-09-05 00:00:00+00:00,0.0
2009-09-05 01:00:00+00:00,0.0
2009-09-05 02:00:00+00:00,0.0
2009-09-05 03:00:00+00:00,0.0
2009-09-05 04:00:00+00:00,0.0
2009-09-05 05:00:00+00:00,0.0
2009-09-05 06:00:00+00:00,0.0
2009-09-05 07:00:00+00:00,0.0
2009-09-05 08:00:00+00:00,0.0
2009-09-05 09:00:00+00:00,0.0
2009-09-05 10:00:00+00:00,0.0
2009-09-05 11:00:00+00:00,0.0
2009-09-05 12:00:00+00:00,0.11792563
2009-09-05 13:00:00+00:00,0.3322335
2009-09-05 14:00:00+00:00,0.39719158
2009-09-05 15:00:00+00:00,0.29931474
2009-09-05 16:00:00+00:00,0.5004572
2009-09-05 17:00:00+00:00,0.29810324
2009-09-05 18:00:00+00:00,0.27712747
2009-09-05 19:00:00+00:00,0.3146272
2009-09-05 20:00:00+00:00,0.21266587
2009-09-05 21:00:00+00:00,0.3064344
2009-09-05 22:00:00+00:00,0.2570971
2009-09-05 23:00:00+00:00,0.108351886
2009-09-06 00:00:00+00:00,0.0
2009-09-06 01:00:00+00:00,0.0
2009-09-06 02:00:00+00:00,0.0
2009-09-06 03:00:00+00:00,0.0
2009-09-06 04:00:00+00:00,0.0
2009-09-06 05:00:00+00:00,0.0
2009-09-06 06:00:00+00:00,0.0
2009-09-06 07:00:00+00:00,0.0
2009-09-06 08:00:00+00:00,0.0
2009-09-06 09:00:00+00:00,0.0
2009-09-06 10:00:00+00:00,0.0
2009-09-06 11:00:00+00:00,0.0
2009-09-06 12:00:00+00:00,0.0004401352
2009-09-06 13:00:00+00:00,0.020148205
2009-09-06 14:00:00+00:00,0.020319145
2009-09-06 15:00:00+00:00,0.059529255999999996
2009-09-06 16:00:00+00:00,0.21529657
2009-09-06 17:00:00+00:00,0.48621818
2009-09-06 18:00:00+00:00,0.48445585
2009-09-06 19:00:00+00:00,0.45354027
2009-09-06 20:00:00+00:00,0.37438172
2009-09-06 21:00:00+00:00,0.29508692
2009-09-06 22:00:00+00:00,0.11055312
2009-09-06 23:00:00+00:00,0.16564572
2009-09-07 00:00:00+00:00,0.0
2009-09-07 01:00:00+00:00,0.0
2009-09-07 02:00:00+00:00,0.0
2009-09-07 03:00:00+00:00,0.0
2009-09-07 04:00:00+00:00,0.0
2009-09-07 05:00:00+00:00,0.0
2009-09-07 06:00:00+00:00,0.0
2009-09-07 07:00:00+00:00,0.0
2009-09-07 08:00:00+00:00,0.0
2009-09-07 09:00:00+00:00,0.0
2009-09-07 10:00:00+00:00,0.0
2009-09-07 11:00:00+00:00,0.0
2009-09-07 12:00:00+00:00,0.117614955
2009-09-07 13:00:00+00:00,0.244308
2009-09-07 14:00:00+00:00,0.3721441
2009-09-07 15:00:00+00:00,0.57417387
2009-09-07 16:00:00+00:00,0.34795349999999997
2009-09-07 17:00:00+00:00,0.51606375
2009-09-07 18:00:00+00:00,0.5784929
2009-09-07 19:00:00+00:00,0.5850273
2009-09-07 20:00:00+00:00,0.55976605
2009-09-07 21:00:00+00:00,0.38070634
2009-09-07 22:00:00+00:00,0.36172009999999993
2009-09-07 23:00:00+00:00,0.17223439
2009-09-08 00:00:00+00:00,0.0
2009-09-08 01:00:00+00:00,0.0
2009-09-08 02:00:00+00:00,0.0
2009-09-08 03:00:00+00:00,0.0
2009-09-08 04:00:00+00:00,0.0
2009-09-08 05:00:00+00:00,0.0
2009-09-08 06:00:00+00:00,0.0
2009-09-08 07:00:00+00:00,0.0
2009-09-08 08:00:00+00:00,0.0
2009-09-08 09:00:00+00:00,0.0
2009-09-08 10:00:00+00:00,0.0
2009-09-08 11:00:00+00:00,0.0
2009-09-08 12:00:00+00:00,0.119491056
2009-09-08 13:00:00+00:00,0.26282847
2009-09-08 14:00:00+00:00,0.41892588
2009-09-08 15:00:00+00:00,0.60784936
2009-09-08 16:00:00+00:00,0.6250654999999999
2009-09-08 17:00:00+00:00,0.61325806
2009-09-08 18:00:00+00:00,0.53641903
2009-09-08 19:00:00+00:00,0.62542045
2009-09-08 20:00:00+00:00,0.6363515000000001
2009-09-08 21:00:00+00:00,0.61267173
2009-09-08 22:00:00+00:00,0.48325336
2009-09-08 23:00:00+00:00,0.20215835
2009-09-09 00:00:00+00:00,0.0
2009-09-09 01:00:00+00:00,0.0
2009-09-09 02:00:00+00:00,0.0
2009-09-09 03:00:00+00:00,0.0
2009-09-09 04:00:00+00:00,0.0
2009-09-09 05:00:00+00:00,0.0
2009-09-09 06:00:00+00:00,0.0
2009-09-09 07:00:00+00:00,0.0
2009-09-09 08:00:00+00:00,0.0
2009-09-09 09:00:00+00:00,0.0
2009-09-09 10:00:00+00:00,0.0
2009-09-09 11:00:00+00:00,0.0
2009-09-09 12:00:00+00:00,0.14655441
2009-09-09 13:00:00+00:00,0.09836498
2009-09-09 14:00:00+00:00,0.09086479
2009-09-09 15:00:00+00:00,0.18023007
2009-09-09 16:00:00+00:00,0.61142075
2009-09-09 17:00:00+00:00,0.6224335999999999
2009-09-09 18:00:00+00:00,0.6205765000000001
2009-09-09 19:00:00+00:00,0.5331079000000001
2009-09-09 20:00:00+00:00,0.6315539000000001
2009-09-09 21:00:00+00:00,0.48408484
2009-09-09 22:00:00+00:00,0.434924
2009-09-09 23:00:00+00:00,0.15173721
2009-09-10 00:00:00+00:00,0.0
2009-09-10 01:00:00+00:00,0.0
2009-09-10 02:00:00+00:00,0.0
2009-09-10 03:00:00+00:00,0.0
2009-09-10 04:00:00+00:00,0.0
2009-09-10 05:00:00+00:00,0.0
2009-09-10 06:00:00+00:00,0.0
2009-09-10 07:00:00+00:00,0.0
2009-09-10 08:00:00+00:00,0.0
2009-09-10 09:00:00+00:00,0.0
2009-09-10 10:00:00+00:00,0.0
2009-09-10 11:00:00+00:00,0.0
2009-09-10 12:00:00+00:00,0.1380458
2009-09-10 13:00:00+00:00,0.44926915
2009-09-10 14:00:00+00:00,0.59632784
2009-09-10 15:00:00+00:00,0.63922817
2009-09-10 16:00:00+00:00,0.42373332
2009-09-10 17:00:00+00:00,0.37771916
2009-09-10 18:00:00+00:00,0.44777885
2009-09-10 19:00:00+00:00,0.46173504
2009-09-10 20:00:00+00:00,0.55481344
2009-09-10 21:00:00+00:00,0.49077746
2009-09-10 22:00:00+00:00,0.5141344
2009-09-10 23:00:00+00:00,0.19394054
2009-09-11 00:00:00+00:00,0.0
2009-09-11 01:00:00+00:00,0.0
2009-09-11 02:00:00+00:00,0.0
2009-09-11 03:00:00+00:00,0.0
2009-09-11 04:00:00+00:00,0.0
2009-09-11 05:00:00+00:00,0.0
2009-09-11 06:00:00+00:00,0.0
2009-09-11 07:00:00+00:00,0.0
2009-09-11 08:00:00+00:00,0.0
2009-09-11 09:00:00+00:00,0.0
2009-09-11 10:00:00+00:00,0.0
2009-09-11 11:00:00+00:00,0.0
2009-09-11 12:00:00+00:00,0.16335583
2009-09-11 13:00:00+00:00,0.5210494000000001
2009-09-11 14:00:00+00:00,0.65931106
2009-09-11 15:00:00+00:00,0.6825643
2009-09-11 16:00:00+00:00,0.6635175
2009-09-11 17:00:00+00:00,0.64972734
2009-09-11 18:00:00+00:00,0.6477149999999999
2009-09-11 19:00:00+00:00,0.65959615
2009-09-11 20:00:00+00:00,0.67048293
2009-09-11 21:00:00+00:00,0.66065615
2009-09-11 22:00:00+00:00,0.5716415
2009-09-11 23:00:00+00:00,0.22022921
2009-09-12 00:00:00+00:00,0.0
2009-09-12 01:00:00+00:00,0.0
2009-09-12 02:00:00+00:00,0.0
2009-09-12 03:00:00+00:00,0.0
2009-09-12 04:00:00+00:00,0.0
2009-09-12 05:00:00+00:00,0.0
2009-09-12 06:00:00+00:00,0.0
2009-09-12 07:00:00+00:00,0.0
2009-09-12 08:00:00+00:00,0.0
2009-09-12 09:00:00+00:00,0.0
2009-09-12 10:00:00+00:00,0.0
2009-09-12 11:00:00+00:00,0.0
2009-09-12 12:00:00+00:00,0.17052054
2009-09-12 13:00:00+00:00,0.54481196
2009-09-12 14:00:00+00:00,0.6853778
2009-09-12 15:00:00+00:00,0.69917005
2009-09-12 16:00:00+00:00,0.6820635
2009-09-12 17:00:00+00:00,0.6520479
2009-09-12 18:00:00+00:00,0.65980244
2009-09-12 19:00:00+00:00,0.67088073
2009-09-12 20:00:00+00:00,0.6856479
2009-09-12 21:00:00+00:00,0.68083537
2009-09-12 22:00:00+00:00,0.5879603
2009-09-12 23:00:00+00:00,0.22924279
2009-09-13 00:00:00+00:00,0.0
2009-09-13 01:00:00+00:00,0.0
2009-09-13 02:00:00+00:00,0.0
2009-09-13 03:00:00+00:00,0.0
2009-09-13 04:00:00+00:00,0.0
2009-09-13 05:00:00+00:00,0.0
2009-09-13 06:00:00+00:00,0.0
2009-09-13 07:00:00+00:00,0.0
2009-09-13 08:00:00+00:00,0.0
2009-09-13 09:00:00+00:00,0.0
2009-09-13 10:00:00+00:00,0.0
2009-09-13 11:00:00+00:00,0.0
2009-09-13 12:00:00+00:00,0.17253816
2009-09-13 13:00:00+00:00,0.541367
2009-09-13 14:00:00+00:00,0.67550015
2009-09-13 15:00:00+00:00,0.6853284000000001
2009-09-13 16:00:00+00:00,0.66698897
2009-09-13 17:00:00+00:00,0.6486991999999999
2009-09-13 18:00:00+00:00,0.64525694
2009-09-13 19:00:00+00:00,0.656391
2009-09-13 20:00:00+00:00,0.6685665
2009-09-13 21:00:00+00:00,0.65394306
2009-09-13 22:00:00+00:00,0.5509089
2009-09-13 23:00:00+00:00,0.20020105
2009-09-14 00:00:00+00:00,0.0
2009-09-14 01:00:00+00:00,0.0
2009-09-14 02:00:00+00:00,0.0
2009-09-14 03:00:00+00:00,0.0
2009-09-14 04:00:00+00:00,0.0
2009-09-14 05:00:00+00:00,0.0
2009-09-14 06:00:00+00:00,0.0
2009-09-14 07:00:00+00:00,0.0
2009-09-14 08:00:00+00:00,0.0
2009-09-14 09:00:00+00:00,0.0
2009-09-14 10:00:00+00:00,0.0
2009-09-14 11:00:00+00:00,0.0
2009-09-14 12:00:00+00:00,0.14352958
2009-09-14 13:00:00+00:00,0.36391276
2009-09-14 14:00:00+00:00,0.53907377
2009-09-14 15:00:00+00:00,0.5713928
2009-09-14 16:00:00+00:00,0.48202336
2009-09-14 17:00:00+00:00,0.45133093
2009-09-14 18:00:00+00:00,0.39399073
2009-09-14 19:00:00+00:00,0.37745377
2009-09-14 20:00:00+00:00,0.35257772
2009-09-14 21:00:00+00:00,0.43660963
2009-09-14 22:00:00+00:00,0.41480306
2009-09-14 23:00:00+00:00,0.15953611
2009-09-15 00:00:00+00:00,0.0
2009-09-15 01:00:00+00:00,0.0
2009-09-15 02:00:00+00:00,0.0
2009-09-15 03:00:00+00:00,0.0
2009-09-15 04:00:00+00:00,0.0
2009-09-15 05:00:00+00:00,0.0
2009-09-15 06:00:00+00:00,0.0
2009-09-15 07:00:00+00:00,0.0
2009-09-15 08:00:00+00:00,0.0
2009-09-15 09:00:00+00:00,0.0
2009-09-15 10:00:00+00:00,0.0
2009-09-15 11:00:00+00:00,0.0
2009-09-15 12:00:00+00:00,0.09747212400000001
2009-09-15 13:00:00+00:00,0.2965482
2009-09-15 14:00:00+00:00,0.47172764
2009-09-15 15:00:00+00:00,0.4885678
2009-09-15 16:00:00+00:00,0.5521461999999999
2009-09-15 17:00:00+00:00,0.5362197
2009-09-15 18:00:00+00:00,0.5223628
2009-09-15 19:00:00+00:00,0.51624453
2009-09-15 20:00:00+00:00,0.36828520000000003
2009-09-15 21:00:00+00:00,0.27469045
2009-09-15 22:00:00+00:00,0.1828111
2009-09-15 23:00:00+00:00,0.025637705
2009-09-16 00:00:00+00:00,0.0
2009-09-16 01:00:00+00:00,0.0
2009-09-16 02:00:00+00:00,0.0
2009-09-16 03:00:00+00:00,0.0
2009-09-16 04:00:00+00:00,0.0
2009-09-16 05:00:00+00:00,0.0
2009-09-16 06:00:00+00:00,0.0
2009-09-16 07:00:00+00:00,0.0
2009-09-16 08:00:00+00:00,0.0
2009-09-16 09:00:00+00:00,0.0
2009-09-16 10:00:00+00:00,0.0
2009-09-16 11:00:00+00:00,0.0
2009-09-16 12:00:00+00:00,0.09811113
2009-09-16 13:00:00+00:00,0.39765665
2009-09-16 14:00:00+00:00,0.46397442
2009-09-16 15:00:00+00:00,0.49801877
2009-09-16 16:00:00+00:00,0.52544105
2009-09-16 17:00:00+00:00,0.51970977
2009-09-16 18:00:00+00:00,0.51062024
2009-09-16 19:00:00+00:00,0.39938956
2009-09-16 20:00:00+00:00,0.33465034
2009-09-16 21:00:00+00:00,0.42883196
2009-09-16 22:00:00+00:00,0.37881157
2009-09-16 23:00:00+00:00,0.07207825
2009-09-17 00:00:00+00:00,0.0
2009-09-17 01:00:00+00:00,0.0
2009-09-17 02:00:00+00:00,0.0
2009-09-17 03:00:00+00:00,0.0
2009-09-17 04:00:00+00:00,0.0
2009-09-17 05:00:00+00:00,0.0
2009-09-17 06:00:00+00:00,0.0
2009-09-17 07:00:00+00:00,0.0
2009-09-17 08:00:00+00:00,0.0
2009-09-17 09:00:00+00:00,0.0
2009-09-17 10:00:00+00:00,0.0
2009-09-17 11:00:00+00:00,0.0
2009-09-17 12:00:00+00:00,0.0077566956
2009-09-17 13:00:00+00:00,0.04042502
2009-09-17 14:00:00+00:00,0.0624319
2009-09-17 15:00:00+00:00,0.18897854
2009-09-17 16:00:00+00:00,0.23606880000000002
2009-09-17 17:00:00+00:00,0.44136850000000005
2009-09-17 18:00:00+00:00,0.56059855
2009-09-17 19:00:00+00:00,0.23131451
2009-09-17 20:00:00+00:00,0.22742069
2009-09-17 21:00:00+00:00,0.27736998
2009-09-17 22:00:00+00:00,0.2531938
2009-09-17 23:00:00+00:00,0.07686542
2009-09-18 00:00:00+00:00,0.0
2009-09-18 01:00:00+00:00,0.0
2009-09-18 02:00:00+00:00,0.0
2009-09-18 03:00:00+00:00,0.0
2009-09-18 04:00:00+00:00,0.0
2009-09-18 05:00:00+00:00,0.0
2009-09-18 06:00:00+00:00,0.0
2009-09-18 07:00:00+00:00,0.0
2009-09-18 08:00:00+00:00,0.0
2009-09-18 09:00:00+00:00,0.0
2009-09-18 10:00:00+00:00,0.0
2009-09-18 11:00:00+00:00,0.0
2009-09-18 12:00:00+00:00,0.013771665
2009-09-18 13:00:00+00:00,0.10006969
2009-09-18 14:00:00+00:00,0.37604156
2009-09-18 15:00:00+00:00,0.41837895
2009-09-18 16:00:00+00:00,0.3564406
2009-09-18 17:00:00+00:00,0.39252242
2009-09-18 18:00:00+00:00,0.39355013
2009-09-18 19:00:00+00:00,0.45458788
2009-09-18 20:00:00+00:00,0.40905088
2009-09-18 21:00:00+00:00,0.58897406
2009-09-18 22:00:00+00:00,0.45492595
2009-09-18 23:00:00+00:00,0.13547166
2009-09-19 00:00:00+00:00,0.0
2009-09-19 01:00:00+00:00,0.0
2009-09-19 02:00:00+00:00,0.0
2009-09-19 03:00:00+00:00,0.0
2009-09-19 04:00:00+00:00,0.0
2009-09-19 05:00:00+00:00,0.0
2009-09-19 06:00:00+00:00,0.0
2009-09-19 07:00:00+00:00,0.0
2009-09-19 08:00:00+00:00,0.0
2009-09-19 09:00:00+00:00,0.0
2009-09-19 10:00:00+00:00,0.0
2009-09-19 11:00:00+00:00,0.0
2009-09-19 12:00:00+00:00,0.001641766
2009-09-19 13:00:00+00:00,0.009110927
2009-09-19 14:00:00+00:00,0.08375591
2009-09-19 15:00:00+00:00,0.032138765
2009-09-19 16:00:00+00:00,0.1925356
2009-09-19 17:00:00+00:00,0.10916007
2009-09-19 18:00:00+00:00,0.16029146
2009-09-19 19:00:00+00:00,0.030179188
2009-09-19 20:00:00+00:00,0.16108553
2009-09-19 21:00:00+00:00,0.32915905
2009-09-19 22:00:00+00:00,0.37367746
2009-09-19 23:00:00+00:00,0.03938134
2009-09-20 00:00:00+00:00,0.0
2009-09-20 01:00:00+00:00,0.0
2009-09-20 02:00:00+00:00,0.0
2009-09-20 03:00:00+00:00,0.0
2009-09-20 04:00:00+00:00,0.0
2009-09-20 05:00:00+00:00,0.0
2009-09-20 06:00:00+00:00,0.0
2009-09-20 07:00:00+00:00,0.0
2009-09-20 08:00:00+00:00,0.0
2009-09-20 09:00:00+00:00,0.0
2009-09-20 10:00:00+00:00,0.0
2009-09-20 11:00:00+00:00,0.0
2009-09-20 12:00:00+00:00,0.006848290999999999
2009-09-20 13:00:00+00:00,0.28211257
2009-09-20 14:00:00+00:00,0.12219265
2009-09-20 15:00:00+00:00,0.11604690000000001
2009-09-20 16:00:00+00:00,0.08567703
2009-09-20 17:00:00+00:00,0.14755368
2009-09-20 18:00:00+00:00,0.15985976
2009-09-20 19:00:00+00:00,0.06267983
2009-09-20 20:00:00+00:00,0.050908882
2009-09-20 21:00:00+00:00,0.03799157
2009-09-20 22:00:00+00:00,0.06214827
2009-09-20 23:00:00+00:00,0.011100916
2009-09-21 00:00:00+00:00,0.0
2009-09-21 01:00:00+00:00,0.0
2009-09-21 02:00:00+00:00,0.0
2009-09-21 03:00:00+00:00,0.0
2009-09-21 04:00:00+00:00,0.0
2009-09-21 05:00:00+00:00,0.0
2009-09-21 06:00:00+00:00,0.0
2009-09-21 07:00:00+00:00,0.0
2009-09-21 08:00:00+00:00,0.0
2009-09-21 09:00:00+00:00,0.0
2009-09-21 10:00:00+00:00,0.0
2009-09-21 11:00:00+00:00,0.0
2009-09-21 12:00:00+00:00,0.10646464
2009-09-21 13:00:00+00:00,0.43512902
2009-09-21 14:00:00+00:00,0.6042592
2009-09-21 15:00:00+00:00,0.6331108
2009-09-21 16:00:00+00:00,0.25892550000000003
2009-09-21 17:00:00+00:00,0.35087574
2009-09-21 18:00:00+00:00,0.44075159999999997
2009-09-21 19:00:00+00:00,0.41758698
2009-09-21 20:00:00+00:00,0.38439924
2009-09-21 21:00:00+00:00,0.32770118
2009-09-21 22:00:00+00:00,0.32301402
2009-09-21 23:00:00+00:00,0.072544836
2009-09-22 00:00:00+00:00,0.0
2009-09-22 01:00:00+00:00,0.0
2009-09-22 02:00:00+00:00,0.0
2009-09-22 03:00:00+00:00,0.0
2009-09-22 04:00:00+00:00,0.0
2009-09-22 05:00:00+00:00,0.0
2009-09-22 06:00:00+00:00,0.0
2009-09-22 07:00:00+00:00,0.0
2009-09-22 08:00:00+00:00,0.0
2009-09-22 09:00:00+00:00,0.0
2009-09-22 10:00:00+00:00,0.0
2009-09-22 11:00:00+00:00,0.0
2009-09-22 12:00:00+00:00,0.0005259266999999999
2009-09-22 13:00:00+00:00,0.01694834
2009-09-22 14:00:00+00:00,0.057008594
2009-09-22 15:00:00+00:00,0.10094647
2009-09-22 16:00:00+00:00,0.14505492
2009-09-22 17:00:00+00:00,0.17970942
2009-09-22 18:00:00+00:00,0.18094125
2009-09-22 19:00:00+00:00,0.2918307
2009-09-22 20:00:00+00:00,0.2262011
2009-09-22 21:00:00+00:00,0.27453545
2009-09-22 22:00:00+00:00,0.07247
2009-09-22 23:00:00+00:00,0.0029760073
2009-09-23 00:00:00+00:00,0.0
2009-09-23 01:00:00+00:00,0.0
2009-09-23 02:00:00+00:00,0.0
2009-09-23 03:00:00+00:00,0.0
2009-09-23 04:00:00+00:00,0.0
2009-09-23 05:00:00+00:00,0.0
2009-09-23 06:00:00+00:00,0.0
2009-09-23 07:00:00+00:00,0.0
2009-09-23 08:00:00+00:00,0.0
2009-09-23 09:00:00+00:00,0.0
2009-09-23 10:00:00+00:00,0.0
2009-09-23 11:00:00+00:00,0.0
2009-09-23 12:00:00+00:00,0.00041098602
2009-09-23 13:00:00+00:00,0.010289778000000001
2009-09-23 14:00:00+00:00,0.06865768
2009-09-23 15:00:00+00:00,0.17911713
2009-09-23 16:00:00+00:00,0.16549206
2009-09-23 17:00:00+00:00,0.31652420000000003
2009-09-23 18:00:00+00:00,0.24001122
2009-09-23 19:00:00+00:00,0.22855516
2009-09-23 20:00:00+00:00,0.25398597
2009-09-23 21:00:00+00:00,0.13366272
2009-09-23 22:00:00+00:00,0.113493405
2009-09-23 23:00:00+00:00,0.009307809
2009-09-24 00:00:00+00:00,0.0
2009-09-24 01:00:00+00:00,0.0
2009-09-24 02:00:00+00:00,0.0
2009-09-24 03:00:00+00:00,0.0
2009-09-24 04:00:00+00:00,0.0
2009-09-24 05:00:00+00:00,0.0
2009-09-24 06:00:00+00:00,0.0
2009-09-24 07:00:00+00:00,0.0
2009-09-24 08:00:00+00:00,0.0
2009-09-24 09:00:00+00:00,0.0
2009-09-24 10:00:00+00:00,0.0
2009-09-24 11:00:00+00:00,0.0
2009-09-24 12:00:00+00:00,0.0011160027
2009-09-24 13:00:00+00:00,0.051238593
2009-09-24 14:00:00+00:00,0.07046161
2009-09-24 15:00:00+00:00,0.07059508
2009-09-24 16:00:00+00:00,0.17017728
2009-09-24 17:00:00+00:00,0.13022979
2009-09-24 18:00:00+00:00,0.20726247
2009-09-24 19:00:00+00:00,0.07190389
2009-09-24 20:00:00+00:00,0.07199678
2009-09-24 21:00:00+00:00,0.064080074
2009-09-24 22:00:00+00:00,0.009365649
2009-09-24 23:00:00+00:00,0.008802608
2009-09-25 00:00:00+00:00,0.0
2009-09-25 01:00:00+00:00,0.0
2009-09-25 02:00:00+00:00,0.0
2009-09-25 03:00:00+00:00,0.0
2009-09-25 04:00:00+00:00,0.0
2009-09-25 05:00:00+00:00,0.0
2009-09-25 06:00:00+00:00,0.0
2009-09-25 07:00:00+00:00,0.0
2009-09-25 08:00:00+00:00,0.0
2009-09-25 09:00:00+00:00,0.0
2009-09-25 10:00:00+00:00,0.0
2009-09-25 11:00:00+00:00,0.0
2009-09-25 12:00:00+00:00,0.0003129733
2009-09-25 13:00:00+00:00,0.00039429423999999997
2009-09-25 14:00:00+00:00,0.020439181
2009-09-25 15:00:00+00:00,0.053156975999999995
2009-09-25 16:00:00+00:00,0.03986423
2009-09-25 17:00:00+00:00,0.098359376
2009-09-25 18:00:00+00:00,0.09103927
2009-09-25 19:00:00+00:00,0.06684504
2009-09-25 20:00:00+00:00,0.29933077
2009-09-25 21:00:00+00:00,0.48226625
2009-09-25 22:00:00+00:00,0.42024997
2009-09-25 23:00:00+00:00,0.08919563
2009-09-26 00:00:00+00:00,0.0
2009-09-26 01:00:00+00:00,0.0
2009-09-26 02:00:00+00:00,0.0
2009-09-26 03:00:00+00:00,0.0
2009-09-26 04:00:00+00:00,0.0
2009-09-26 05:00:00+00:00,0.0
2009-09-26 06:00:00+00:00,0.0
2009-09-26 07:00:00+00:00,0.0
2009-09-26 08:00:00+00:00,0.0
2009-09-26 09:00:00+00:00,0.0
2009-09-26 10:00:00+00:00,0.0
2009-09-26 11:00:00+00:00,0.0
2009-09-26 12:00:00+00:00,0.06837763
2009-09-26 13:00:00+00:00,0.03429941
2009-09-26 14:00:00+00:00,0.23328248
2009-09-26 15:00:00+00:00,0.14342871
2009-09-26 16:00:00+00:00,0.25123549
2009-09-26 17:00:00+00:00,0.27310288
2009-09-26 18:00:00+00:00,0.3724119
2009-09-26 19:00:00+00:00,0.55214024
2009-09-26 20:00:00+00:00,0.34868467
2009-09-26 21:00:00+00:00,0.5664076
2009-09-26 22:00:00+00:00,0.40410959999999996
2009-09-26 23:00:00+00:00,0.08707575
2009-09-27 00:00:00+00:00,0.0
2009-09-27 01:00:00+00:00,0.0
2009-09-27 02:00:00+00:00,0.0
2009-09-27 03:00:00+00:00,0.0
2009-09-27 04:00:00+00:00,0.0
2009-09-27 05:00:00+00:00,0.0
2009-09-27 06:00:00+00:00,0.0
2009-09-27 07:00:00+00:00,0.0
2009-09-27 08:00:00+00:00,0.0
2009-09-27 09:00:00+00:00,0.0
2009-09-27 10:00:00+00:00,0.0
2009-09-27 11:00:00+00:00,0.0
2009-09-27 12:00:00+00:00,0.105364725
2009-09-27 13:00:00+00:00,0.49838728
2009-09-27 14:00:00+00:00,0.69866294
2009-09-27 15:00:00+00:00,0.7072994
2009-09-27 16:00:00+00:00,0.6802333
2009-09-27 17:00:00+00:00,0.6558241
2009-09-27 18:00:00+00:00,0.65305376
2009-09-27 19:00:00+00:00,0.67105377
2009-09-27 20:00:00+00:00,0.6898335999999999
2009-09-27 21:00:00+00:00,0.667854
2009-09-27 22:00:00+00:00,0.41660333
2009-09-27 23:00:00+00:00,0.086502805
2009-09-28 00:00:00+00:00,0.0
2009-09-28 01:00:00+00:00,0.0
2009-09-28 02:00:00+00:00,0.0
2009-09-28 03:00:00+00:00,0.0
2009-09-28 04:00:00+00:00,0.0
2009-09-28 05:00:00+00:00,0.0
2009-09-28 06:00:00+00:00,0.0
2009-09-28 07:00:00+00:00,0.0
2009-09-28 08:00:00+00:00,0.0
2009-09-28 09:00:00+00:00,0.0
2009-09-28 10:00:00+00:00,0.0
2009-09-28 11:00:00+00:00,0.0
2009-09-28 12:00:00+00:00,0.094229445
2009-09-28 13:00:00+00:00,0.47240299999999996
2009-09-28 14:00:00+00:00,0.66904217
2009-09-28 15:00:00+00:00,0.3801921
2009-09-28 16:00:00+00:00,0.18454066
2009-09-28 17:00:00+00:00,0.17167662
2009-09-28 18:00:00+00:00,0.10754536
2009-09-28 19:00:00+00:00,0.1281302
2009-09-28 20:00:00+00:00,0.11781764
2009-09-28 21:00:00+00:00,0.120936714
2009-09-28 22:00:00+00:00,0.034495097
2009-09-28 23:00:00+00:00,0.062072005
2009-09-29 00:00:00+00:00,0.0
2009-09-29 01:00:00+00:00,0.0
2009-09-29 02:00:00+00:00,0.0
2009-09-29 03:00:00+00:00,0.0
2009-09-29 04:00:00+00:00,0.0
2009-09-29 05:00:00+00:00,0.0
2009-09-29 06:00:00+00:00,0.0
2009-09-29 07:00:00+00:00,0.0
2009-09-29 08:00:00+00:00,0.0
2009-09-29 09:00:00+00:00,0.0
2009-09-29 10:00:00+00:00,0.0
2009-09-29 11:00:00+00:00,0.0
2009-09-29 12:00:00+00:00,0.022543773
2009-09-29 13:00:00+00:00,0.06436264
2009-09-29 14:00:00+00:00,0.23564574
2009-09-29 15:00:00+00:00,0.29053017
2009-09-29 16:00:00+00:00,0.22757302
2009-09-29 17:00:00+00:00,0.14285712
2009-09-29 18:00:00+00:00,0.19195399
2009-09-29 19:00:00+00:00,0.28546566
2009-09-29 20:00:00+00:00,0.26537332
2009-09-29 21:00:00+00:00,0.21992807
2009-09-29 22:00:00+00:00,0.23070589
2009-09-29 23:00:00+00:00,0.049314595999999995
2009-09-30 00:00:00+00:00,0.0
2009-09-30 01:00:00+00:00,0.0
2009-09-30 02:00:00+00:00,0.0
2009-09-30 03:00:00+00:00,0.0
2009-09-30 04:00:00+00:00,0.0
2009-09-30 05:00:00+00:00,0.0
2009-09-30 06:00:00+00:00,0.0
2009-09-30 07:00:00+00:00,0.0
2009-09-30 08:00:00+00:00,0.0
2009-09-30 09:00:00+00:00,0.0
2009-09-30 10:00:00+00:00,0.0
2009-09-30 11:00:00+00:00,0.0
2009-09-30 12:00:00+00:00,0.06706005
2009-09-30 13:00:00+00:00,0.43033677
2009-09-30 14:00:00+00:00,0.60290104
2009-09-30 15:00:00+00:00,0.6529951999999999
2009-09-30 16:00:00+00:00,0.6411956999999999
2009-09-30 17:00:00+00:00,0.5549415
2009-09-30 18:00:00+00:00,0.60743815
2009-09-30 19:00:00+00:00,0.51648927
2009-09-30 20:00:00+00:00,0.29770318
2009-09-30 21:00:00+00:00,0.04580509
2009-09-30 22:00:00+00:00,0.09462874
2009-09-30 23:00:00+00:00,0.0006714777
2009-10-01 00:00:00+00:00,0.0
2009-10-01 01:00:00+00:00,0.0
2009-10-01 02:00:00+00:00,0.0
2009-10-01 03:00:00+00:00,0.0
2009-10-01 04:00:00+00:00,0.0
2009-10-01 05:00:00+00:00,0.0
2009-10-01 06:00:00+00:00,0.0
2009-10-01 07:00:00+00:00,0.0
2009-10-01 08:00:00+00:00,0.0
2009-10-01 09:00:00+00:00,0.0
2009-10-01 10:00:00+00:00,0.0
2009-10-01 11:00:00+00:00,0.0
2009-10-01 12:00:00+00:00,0.0038832433000000003
2009-10-01 13:00:00+00:00,0.000715503
2009-10-01 14:00:00+00:00,0.017941142
2009-10-01 15:00:00+00:00,0.1446029
2009-10-01 16:00:00+00:00,0.1784519
2009-10-01 17:00:00+00:00,0.22726849
2009-10-01 18:00:00+00:00,0.57433695
2009-10-01 19:00:00+00:00,0.43103927
2009-10-01 20:00:00+00:00,0.6743908000000001
2009-10-01 21:00:00+00:00,0.6478233
2009-10-01 22:00:00+00:00,0.42830747
2009-10-01 23:00:00+00:00,0.022103045
2009-10-02 00:00:00+00:00,0.0
2009-10-02 01:00:00+00:00,0.0
2009-10-02 02:00:00+00:00,0.0
2009-10-02 03:00:00+00:00,0.0
2009-10-02 04:00:00+00:00,0.0
2009-10-02 05:00:00+00:00,0.0
2009-10-02 06:00:00+00:00,0.0
2009-10-02 07:00:00+00:00,0.0
2009-10-02 08:00:00+00:00,0.0
2009-10-02 09:00:00+00:00,0.0
2009-10-02 10:00:00+00:00,0.0
2009-10-02 11:00:00+00:00,0.0
2009-10-02 12:00:00+00:00,0.05562521
2009-10-02 13:00:00+00:00,0.25716314
2009-10-02 14:00:00+00:00,0.64309394
2009-10-02 15:00:00+00:00,0.66702616
2009-10-02 16:00:00+00:00,0.63992923
2009-10-02 17:00:00+00:00,0.619872
2009-10-02 18:00:00+00:00,0.6207691
2009-10-02 19:00:00+00:00,0.6403981
2009-10-02 20:00:00+00:00,0.5580725000000001
2009-10-02 21:00:00+00:00,0.23689410000000002
2009-10-02 22:00:00+00:00,0.14584951
2009-10-02 23:00:00+00:00,0.0
2009-10-03 00:00:00+00:00,0.0
2009-10-03 01:00:00+00:00,0.0
2009-10-03 02:00:00+00:00,0.0
2009-10-03 03:00:00+00:00,0.0
2009-10-03 04:00:00+00:00,0.0
2009-10-03 05:00:00+00:00,0.0
2009-10-03 06:00:00+00:00,0.0
2009-10-03 07:00:00+00:00,0.0
2009-10-03 08:00:00+00:00,0.0
2009-10-03 09:00:00+00:00,0.0
2009-10-03 10:00:00+00:00,0.0
2009-10-03 11:00:00+00:00,0.0
2009-10-03 12:00:00+00:00,0.0475864
2009-10-03 13:00:00+00:00,0.43598652
2009-10-03 14:00:00+00:00,0.6356966
2009-10-03 15:00:00+00:00,0.6614671999999999
2009-10-03 16:00:00+00:00,0.60165375
2009-10-03 17:00:00+00:00,0.54380906
2009-10-03 18:00:00+00:00,0.47925586
2009-10-03 19:00:00+00:00,0.36275876
2009-10-03 20:00:00+00:00,0.21730141
2009-10-03 21:00:00+00:00,0.27815959999999995
2009-10-03 22:00:00+00:00,0.12936088
2009-10-03 23:00:00+00:00,0.0
2009-10-04 00:00:00+00:00,0.0
2009-10-04 01:00:00+00:00,0.0
2009-10-04 02:00:00+00:00,0.0
2009-10-04 03:00:00+00:00,0.0
2009-10-04 04:00:00+00:00,0.0
2009-10-04 05:00:00+00:00,0.0
2009-10-04 06:00:00+00:00,0.0
2009-10-04 07:00:00+00:00,0.0
2009-10-04 08:00:00+00:00,0.0
2009-10-04 09:00:00+00:00,0.0
2009-10-04 10:00:00+00:00,0.0
2009-10-04 11:00:00+00:00,0.0
2009-10-04 12:00:00+00:00,0.033368565
2009-10-04 13:00:00+00:00,0.41418207
2009-10-04 14:00:00+00:00,0.62952924
2009-10-04 15:00:00+00:00,0.6518535
2009-10-04 16:00:00+00:00,0.6228628
2009-10-04 17:00:00+00:00,0.59902614
2009-10-04 18:00:00+00:00,0.59550625
2009-10-04 19:00:00+00:00,0.6162248
2009-10-04 20:00:00+00:00,0.64132047
2009-10-04 21:00:00+00:00,0.6081
2009-10-04 22:00:00+00:00,0.376999
2009-10-04 23:00:00+00:00,0.0
2009-10-05 00:00:00+00:00,0.0
2009-10-05 01:00:00+00:00,0.0
2009-10-05 02:00:00+00:00,0.0
2009-10-05 03:00:00+00:00,0.0
2009-10-05 04:00:00+00:00,0.0
2009-10-05 05:00:00+00:00,0.0
2009-10-05 06:00:00+00:00,0.0
2009-10-05 07:00:00+00:00,0.0
2009-10-05 08:00:00+00:00,0.0
2009-10-05 09:00:00+00:00,0.0
2009-10-05 10:00:00+00:00,0.0
2009-10-05 11:00:00+00:00,0.0
2009-10-05 12:00:00+00:00,0.0021878253
2009-10-05 13:00:00+00:00,0.06668334
2009-10-05 14:00:00+00:00,0.1170154
2009-10-05 15:00:00+00:00,0.056536496
2009-10-05 16:00:00+00:00,0.054564074000000004
2009-10-05 17:00:00+00:00,0.14003491
2009-10-05 18:00:00+00:00,0.11334341
2009-10-05 19:00:00+00:00,0.09932157400000001
2009-10-05 20:00:00+00:00,0.15858741
2009-10-05 21:00:00+00:00,0.09481879
2009-10-05 22:00:00+00:00,0.021982675
2009-10-05 23:00:00+00:00,0.0
2009-10-06 00:00:00+00:00,0.0
2009-10-06 01:00:00+00:00,0.0
2009-10-06 02:00:00+00:00,0.0
2009-10-06 03:00:00+00:00,0.0
2009-10-06 04:00:00+00:00,0.0
2009-10-06 05:00:00+00:00,0.0
2009-10-06 06:00:00+00:00,0.0
2009-10-06 07:00:00+00:00,0.0
2009-10-06 08:00:00+00:00,0.0
2009-10-06 09:00:00+00:00,0.0
2009-10-06 10:00:00+00:00,0.0
2009-10-06 11:00:00+00:00,0.0
2009-10-06 12:00:00+00:00,0.0139641315
2009-10-06 13:00:00+00:00,0.44313937
2009-10-06 14:00:00+00:00,0.6683399999999999
2009-10-06 15:00:00+00:00,0.67586195
2009-10-06 16:00:00+00:00,0.6461384
2009-10-06 17:00:00+00:00,0.621096
2009-10-06 18:00:00+00:00,0.61975265
2009-10-06 19:00:00+00:00,0.64158255
2009-10-06 20:00:00+00:00,0.66339844
2009-10-06 21:00:00+00:00,0.63800097
2009-10-06 22:00:00+00:00,0.37971824
2009-10-06 23:00:00+00:00,0.0
2009-10-07 00:00:00+00:00,0.0
2009-10-07 01:00:00+00:00,0.0
2009-10-07 02:00:00+00:00,0.0
2009-10-07 03:00:00+00:00,0.0
2009-10-07 04:00:00+00:00,0.0
2009-10-07 05:00:00+00:00,0.0
2009-10-07 06:00:00+00:00,0.0
2009-10-07 07:00:00+00:00,0.0
2009-10-07 08:00:00+00:00,0.0
2009-10-07 09:00:00+00:00,0.0
2009-10-07 10:00:00+00:00,0.0
2009-10-07 11:00:00+00:00,0.0
2009-10-07 12:00:00+00:00,0.0
2009-10-07 13:00:00+00:00,0.34477472
2009-10-07 14:00:00+00:00,0.21789218
2009-10-07 15:00:00+00:00,0.28114432
2009-10-07 16:00:00+00:00,0.060298715
2009-10-07 17:00:00+00:00,0.3276257
2009-10-07 18:00:00+00:00,0.03603229
2009-10-07 19:00:00+00:00,0.013567744
2009-10-07 20:00:00+00:00,0.19719793
2009-10-07 21:00:00+00:00,0.15914612
2009-10-07 22:00:00+00:00,0.24830173
2009-10-07 23:00:00+00:00,0.0
2009-10-08 00:00:00+00:00,0.0
2009-10-08 01:00:00+00:00,0.0
2009-10-08 02:00:00+00:00,0.0
2009-10-08 03:00:00+00:00,0.0
2009-10-08 04:00:00+00:00,0.0
2009-10-08 05:00:00+00:00,0.0
2009-10-08 06:00:00+00:00,0.0
2009-10-08 07:00:00+00:00,0.0
2009-10-08 08:00:00+00:00,0.0
2009-10-08 09:00:00+00:00,0.0
2009-10-08 10:00:00+00:00,0.0
2009-10-08 11:00:00+00:00,0.0
2009-10-08 12:00:00+00:00,0.0
2009-10-08 13:00:00+00:00,0.0068858373
2009-10-08 14:00:00+00:00,0.05871016
2009-10-08 15:00:00+00:00,0.07804309
2009-10-08 16:00:00+00:00,0.053077847000000004
2009-10-08 17:00:00+00:00,0.021854982000000002
2009-10-08 18:00:00+00:00,0.060312722
2009-10-08 19:00:00+00:00,0.09457881
2009-10-08 20:00:00+00:00,0.07772352
2009-10-08 21:00:00+00:00,0.006890869
2009-10-08 22:00:00+00:00,0.010988041
2009-10-08 23:00:00+00:00,0.0
2009-10-09 00:00:00+00:00,0.0
2009-10-09 01:00:00+00:00,0.0
2009-10-09 02:00:00+00:00,0.0
2009-10-09 03:00:00+00:00,0.0
2009-10-09 04:00:00+00:00,0.0
2009-10-09 05:00:00+00:00,0.0
2009-10-09 06:00:00+00:00,0.0
2009-10-09 07:00:00+00:00,0.0
2009-10-09 08:00:00+00:00,0.0
2009-10-09 09:00:00+00:00,0.0
2009-10-09 10:00:00+00:00,0.0
2009-10-09 11:00:00+00:00,0.0
2009-10-09 12:00:00+00:00,0.0
2009-10-09 13:00:00+00:00,0.023660772000000004
2009-10-09 14:00:00+00:00,0.09453839
2009-10-09 15:00:00+00:00,0.1754778
2009-10-09 16:00:00+00:00,0.118776545
2009-10-09 17:00:00+00:00,0.2734797
2009-10-09 18:00:00+00:00,0.21421027
2009-10-09 19:00:00+00:00,0.08739330599999999
2009-10-09 20:00:00+00:00,0.13193706
2009-10-09 21:00:00+00:00,0.039593864
2009-10-09 22:00:00+00:00,0.025092421
2009-10-09 23:00:00+00:00,0.0
2009-10-10 00:00:00+00:00,0.0
2009-10-10 01:00:00+00:00,0.0
2009-10-10 02:00:00+00:00,0.0
2009-10-10 03:00:00+00:00,0.0
2009-10-10 04:00:00+00:00,0.0
2009-10-10 05:00:00+00:00,0.0
2009-10-10 06:00:00+00:00,0.0
2009-10-10 07:00:00+00:00,0.0
2009-10-10 08:00:00+00:00,0.0
2009-10-10 09:00:00+00:00,0.0
2009-10-10 10:00:00+00:00,0.0
2009-10-10 11:00:00+00:00,0.0
2009-10-10 12:00:00+00:00,0.0
2009-10-10 13:00:00+00:00,0.3795673
2009-10-10 14:00:00+00:00,0.61921716
2009-10-10 15:00:00+00:00,0.6452427
2009-10-10 16:00:00+00:00,0.6176399
2009-10-10 17:00:00+00:00,0.58754694
2009-10-10 18:00:00+00:00,0.59102345
2009-10-10 19:00:00+00:00,0.6126473000000001
2009-10-10 20:00:00+00:00,0.46387663
2009-10-10 21:00:00+00:00,0.5868213000000001
2009-10-10 22:00:00+00:00,0.24109381
2009-10-10 23:00:00+00:00,0.0
2009-10-11 00:00:00+00:00,0.0
2009-10-11 01:00:00+00:00,0.0
2009-10-11 02:00:00+00:00,0.0
2009-10-11 03:00:00+00:00,0.0
2009-10-11 04:00:00+00:00,0.0
2009-10-11 05:00:00+00:00,0.0
2009-10-11 06:00:00+00:00,0.0
2009-10-11 07:00:00+00:00,0.0
2009-10-11 08:00:00+00:00,0.0
2009-10-11 09:00:00+00:00,0.0
2009-10-11 10:00:00+00:00,0.0
2009-10-11 11:00:00+00:00,0.0
2009-10-11 12:00:00+00:00,0.0
2009-10-11 13:00:00+00:00,0.037141778
2009-10-11 14:00:00+00:00,0.09272312
2009-10-11 15:00:00+00:00,0.091803946
2009-10-11 16:00:00+00:00,0.39470804
2009-10-11 17:00:00+00:00,0.5171249
2009-10-11 18:00:00+00:00,0.55282694
2009-10-11 19:00:00+00:00,0.22304238
2009-10-11 20:00:00+00:00,0.3668685
2009-10-11 21:00:00+00:00,0.38228807
2009-10-11 22:00:00+00:00,0.28866679999999995
2009-10-11 23:00:00+00:00,0.0
2009-10-12 00:00:00+00:00,0.0
2009-10-12 01:00:00+00:00,0.0
2009-10-12 02:00:00+00:00,0.0
2009-10-12 03:00:00+00:00,0.0
2009-10-12 04:00:00+00:00,0.0
2009-10-12 05:00:00+00:00,0.0
2009-10-12 06:00:00+00:00,0.0
2009-10-12 07:00:00+00:00,0.0
2009-10-12 08:00:00+00:00,0.0
2009-10-12 09:00:00+00:00,0.0
2009-10-12 10:00:00+00:00,0.0
2009-10-12 11:00:00+00:00,0.0
2009-10-12 12:00:00+00:00,0.0
2009-10-12 13:00:00+00:00,0.18578131
2009-10-12 14:00:00+00:00,0.22236162
2009-10-12 15:00:00+00:00,0.30331096
2009-10-12 16:00:00+00:00,0.20842531
2009-10-12 17:00:00+00:00,0.25065252
2009-10-12 18:00:00+00:00,0.2325968
2009-10-12 19:00:00+00:00,0.24832386
2009-10-12 20:00:00+00:00,0.15474656
2009-10-12 21:00:00+00:00,0.09718876
2009-10-12 22:00:00+00:00,0.052592635
2009-10-12 23:00:00+00:00,0.0
2009-10-13 00:00:00+00:00,0.0
2009-10-13 01:00:00+00:00,0.0
2009-10-13 02:00:00+00:00,0.0
2009-10-13 03:00:00+00:00,0.0
2009-10-13 04:00:00+00:00,0.0
2009-10-13 05:00:00+00:00,0.0
2009-10-13 06:00:00+00:00,0.0
2009-10-13 07:00:00+00:00,0.0
2009-10-13 08:00:00+00:00,0.0
2009-10-13 09:00:00+00:00,0.0
2009-10-13 10:00:00+00:00,0.0
2009-10-13 11:00:00+00:00,0.0
2009-10-13 12:00:00+00:00,0.0
2009-10-13 13:00:00+00:00,0.06123966
2009-10-13 14:00:00+00:00,0.030417236
2009-10-13 15:00:00+00:00,0.024180489
2009-10-13 16:00:00+00:00,0.07337069
2009-10-13 17:00:00+00:00,0.05477515
2009-10-13 18:00:00+00:00,0.056686744000000004
2009-10-13 19:00:00+00:00,0.4466464
2009-10-13 20:00:00+00:00,0.08796815599999999
2009-10-13 21:00:00+00:00,0.45385334
2009-10-13 22:00:00+00:00,0.1975089
2009-10-13 23:00:00+00:00,0.0
2009-10-14 00:00:00+00:00,0.0
2009-10-14 01:00:00+00:00,0.0
2009-10-14 02:00:00+00:00,0.0
2009-10-14 03:00:00+00:00,0.0
2009-10-14 04:00:00+00:00,0.0
2009-10-14 05:00:00+00:00,0.0
2009-10-14 06:00:00+00:00,0.0
2009-10-14 07:00:00+00:00,0.0
2009-10-14 08:00:00+00:00,0.0
2009-10-14 09:00:00+00:00,0.0
2009-10-14 10:00:00+00:00,0.0
2009-10-14 11:00:00+00:00,0.0
2009-10-14 12:00:00+00:00,0.0
2009-10-14 13:00:00+00:00,0.29697034
2009-10-14 14:00:00+00:00,0.03514908
2009-10-14 15:00:00+00:00,0.056412045
2009-10-14 16:00:00+00:00,0.07889656
2009-10-14 17:00:00+00:00,0.14199434
2009-10-14 18:00:00+00:00,0.06916553
2009-10-14 19:00:00+00:00,0.022591949
2009-10-14 20:00:00+00:00,0.026651322999999998
2009-10-14 21:00:00+00:00,0.010277735
2009-10-14 22:00:00+00:00,0.023228515
2009-10-14 23:00:00+00:00,0.0
2009-10-15 00:00:00+00:00,0.0
2009-10-15 01:00:00+00:00,0.0
2009-10-15 02:00:00+00:00,0.0
2009-10-15 03:00:00+00:00,0.0
2009-10-15 04:00:00+00:00,0.0
2009-10-15 05:00:00+00:00,0.0
2009-10-15 06:00:00+00:00,0.0
2009-10-15 07:00:00+00:00,0.0
2009-10-15 08:00:00+00:00,0.0
2009-10-15 09:00:00+00:00,0.0
2009-10-15 10:00:00+00:00,0.0
2009-10-15 11:00:00+00:00,0.0
2009-10-15 12:00:00+00:00,0.0
2009-10-15 13:00:00+00:00,0.0006966883
2009-10-15 14:00:00+00:00,0.05361241
2009-10-15 15:00:00+00:00,0.07237926
2009-10-15 16:00:00+00:00,0.12121394
2009-10-15 17:00:00+00:00,0.17191924
2009-10-15 18:00:00+00:00,0.10032649
2009-10-15 19:00:00+00:00,0.074399225
2009-10-15 20:00:00+00:00,0.031985994
2009-10-15 21:00:00+00:00,0.08918219
2009-10-15 22:00:00+00:00,0.05747828
2009-10-15 23:00:00+00:00,0.0
2009-10-16 00:00:00+00:00,0.0
2009-10-16 01:00:00+00:00,0.0
2009-10-16 02:00:00+00:00,0.0
2009-10-16 03:00:00+00:00,0.0
2009-10-16 04:00:00+00:00,0.0
2009-10-16 05:00:00+00:00,0.0
2009-10-16 06:00:00+00:00,0.0
2009-10-16 07:00:00+00:00,0.0
2009-10-16 08:00:00+00:00,0.0
2009-10-16 09:00:00+00:00,0.0
2009-10-16 10:00:00+00:00,0.0
2009-10-16 11:00:00+00:00,0.0
2009-10-16 12:00:00+00:00,0.0
2009-10-16 13:00:00+00:00,5.415501e-05
2009-10-16 14:00:00+00:00,0.020861888000000002
2009-10-16 15:00:00+00:00,0.07145774
2009-10-16 16:00:00+00:00,0.23590776
2009-10-16 17:00:00+00:00,0.38795229999999997
2009-10-16 18:00:00+00:00,0.26019642
2009-10-16 19:00:00+00:00,0.12916896
2009-10-16 20:00:00+00:00,0.2795631
2009-10-16 21:00:00+00:00,0.20879182
2009-10-16 22:00:00+00:00,0.08219156
2009-10-16 23:00:00+00:00,0.0
2009-10-17 00:00:00+00:00,0.0
2009-10-17 01:00:00+00:00,0.0
2009-10-17 02:00:00+00:00,0.0
2009-10-17 03:00:00+00:00,0.0
2009-10-17 04:00:00+00:00,0.0
2009-10-17 05:00:00+00:00,0.0
2009-10-17 06:00:00+00:00,0.0
2009-10-17 07:00:00+00:00,0.0
2009-10-17 08:00:00+00:00,0.0
2009-10-17 09:00:00+00:00,0.0
2009-10-17 10:00:00+00:00,0.0
2009-10-17 11:00:00+00:00,0.0
2009-10-17 12:00:00+00:00,0.0
2009-10-17 13:00:00+00:00,0.3707086
2009-10-17 14:00:00+00:00,0.6351326999999999
2009-10-17 15:00:00+00:00,0.6568061
2009-10-17 16:00:00+00:00,0.6234417
2009-10-17 17:00:00+00:00,0.5940546999999999
2009-10-17 18:00:00+00:00,0.5954696999999999
2009-10-17 19:00:00+00:00,0.6187159999999999
2009-10-17 20:00:00+00:00,0.6432703000000001
2009-10-17 21:00:00+00:00,0.59881085
2009-10-17 22:00:00+00:00,0.2795736
2009-10-17 23:00:00+00:00,0.0
2009-10-18 00:00:00+00:00,0.0
2009-10-18 01:00:00+00:00,0.0
2009-10-18 02:00:00+00:00,0.0
2009-10-18 03:00:00+00:00,0.0
2009-10-18 04:00:00+00:00,0.0
2009-10-18 05:00:00+00:00,0.0
2009-10-18 06:00:00+00:00,0.0
2009-10-18 07:00:00+00:00,0.0
2009-10-18 08:00:00+00:00,0.0
2009-10-18 09:00:00+00:00,0.0
2009-10-18 10:00:00+00:00,0.0
2009-10-18 11:00:00+00:00,0.0
2009-10-18 12:00:00+00:00,0.0
2009-10-18 13:00:00+00:00,0.35835809999999996
2009-10-18 14:00:00+00:00,0.6209116
2009-10-18 15:00:00+00:00,0.64204603
2009-10-18 16:00:00+00:00,0.4516238
2009-10-18 17:00:00+00:00,0.57891315
2009-10-18 18:00:00+00:00,0.55379474
2009-10-18 19:00:00+00:00,0.60666347
2009-10-18 20:00:00+00:00,0.6325863
2009-10-18 21:00:00+00:00,0.58348453
2009-10-18 22:00:00+00:00,0.26850688
2009-10-18 23:00:00+00:00,0.0
2009-10-19 00:00:00+00:00,0.0
2009-10-19 01:00:00+00:00,0.0
2009-10-19 02:00:00+00:00,0.0
2009-10-19 03:00:00+00:00,0.0
2009-10-19 04:00:00+00:00,0.0
2009-10-19 05:00:00+00:00,0.0
2009-10-19 06:00:00+00:00,0.0
2009-10-19 07:00:00+00:00,0.0
2009-10-19 08:00:00+00:00,0.0
2009-10-19 09:00:00+00:00,0.0
2009-10-19 10:00:00+00:00,0.0
2009-10-19 11:00:00+00:00,0.0
2009-10-19 12:00:00+00:00,0.0
2009-10-19 13:00:00+00:00,0.3380385
2009-10-19 14:00:00+00:00,0.59942013
2009-10-19 15:00:00+00:00,0.6234748999999999
2009-10-19 16:00:00+00:00,0.5765996999999999
2009-10-19 17:00:00+00:00,0.47928298
2009-10-19 18:00:00+00:00,0.4849394
2009-10-19 19:00:00+00:00,0.55985755
2009-10-19 20:00:00+00:00,0.6099335
2009-10-19 21:00:00+00:00,0.5633600999999999
2009-10-19 22:00:00+00:00,0.25572399999999995
2009-10-19 23:00:00+00:00,0.0
2009-10-20 00:00:00+00:00,0.0
2009-10-20 01:00:00+00:00,0.0
2009-10-20 02:00:00+00:00,0.0
2009-10-20 03:00:00+00:00,0.0
2009-10-20 04:00:00+00:00,0.0
2009-10-20 05:00:00+00:00,0.0
2009-10-20 06:00:00+00:00,0.0
2009-10-20 07:00:00+00:00,0.0
2009-10-20 08:00:00+00:00,0.0
2009-10-20 09:00:00+00:00,0.0
2009-10-20 10:00:00+00:00,0.0
2009-10-20 11:00:00+00:00,0.0
2009-10-20 12:00:00+00:00,0.0
2009-10-20 13:00:00+00:00,0.32438526
2009-10-20 14:00:00+00:00,0.4462695
2009-10-20 15:00:00+00:00,0.42720404
2009-10-20 16:00:00+00:00,0.41292003
2009-10-20 17:00:00+00:00,0.47461754
2009-10-20 18:00:00+00:00,0.4175803
2009-10-20 19:00:00+00:00,0.5317845999999999
2009-10-20 20:00:00+00:00,0.42534307
2009-10-20 21:00:00+00:00,0.117357776
2009-10-20 22:00:00+00:00,0.052412155999999994
2009-10-20 23:00:00+00:00,0.0
2009-10-21 00:00:00+00:00,0.0
2009-10-21 01:00:00+00:00,0.0
2009-10-21 02:00:00+00:00,0.0
2009-10-21 03:00:00+00:00,0.0
2009-10-21 04:00:00+00:00,0.0
2009-10-21 05:00:00+00:00,0.0
2009-10-21 06:00:00+00:00,0.0
2009-10-21 07:00:00+00:00,0.0
2009-10-21 08:00:00+00:00,0.0
2009-10-21 09:00:00+00:00,0.0
2009-10-21 10:00:00+00:00,0.0
2009-10-21 11:00:00+00:00,0.0
2009-10-21 12:00:00+00:00,0.0
2009-10-21 13:00:00+00:00,0.12168193
2009-10-21 14:00:00+00:00,0.2664458
2009-10-21 15:00:00+00:00,0.32577208
2009-10-21 16:00:00+00:00,0.392735
2009-10-21 17:00:00+00:00,0.20753305
2009-10-21 18:00:00+00:00,0.4039745
2009-10-21 19:00:00+00:00,0.4005942
2009-10-21 20:00:00+00:00,0.09717969
2009-10-21 21:00:00+00:00,0.08922102
2009-10-21 22:00:00+00:00,0.106463976
2009-10-21 23:00:00+00:00,0.0
2009-10-22 00:00:00+00:00,0.0
2009-10-22 01:00:00+00:00,0.0
2009-10-22 02:00:00+00:00,0.0
2009-10-22 03:00:00+00:00,0.0
2009-10-22 04:00:00+00:00,0.0
2009-10-22 05:00:00+00:00,0.0
2009-10-22 06:00:00+00:00,0.0
2009-10-22 07:00:00+00:00,0.0
2009-10-22 08:00:00+00:00,0.0
2009-10-22 09:00:00+00:00,0.0
2009-10-22 10:00:00+00:00,0.0
2009-10-22 11:00:00+00:00,0.0
2009-10-22 12:00:00+00:00,0.0
2009-10-22 13:00:00+00:00,0.020502182
2009-10-22 14:00:00+00:00,0.037890796000000004
2009-10-22 15:00:00+00:00,0.009249295
2009-10-22 16:00:00+00:00,0.026914148
2009-10-22 17:00:00+00:00,0.056281574
2009-10-22 18:00:00+00:00,0.14158571
2009-10-22 19:00:00+00:00,0.25527537
2009-10-22 20:00:00+00:00,0.16980006
2009-10-22 21:00:00+00:00,0.12179382
2009-10-22 22:00:00+00:00,0.20536134
2009-10-22 23:00:00+00:00,0.0
2009-10-23 00:00:00+00:00,0.0
2009-10-23 01:00:00+00:00,0.0
2009-10-23 02:00:00+00:00,0.0
2009-10-23 03:00:00+00:00,0.0
2009-10-23 04:00:00+00:00,0.0
2009-10-23 05:00:00+00:00,0.0
2009-10-23 06:00:00+00:00,0.0
2009-10-23 07:00:00+00:00,0.0
2009-10-23 08:00:00+00:00,0.0
2009-10-23 09:00:00+00:00,0.0
2009-10-23 10:00:00+00:00,0.0
2009-10-23 11:00:00+00:00,0.0
2009-10-23 12:00:00+00:00,0.0
2009-10-23 13:00:00+00:00,0.0022474583
2009-10-23 14:00:00+00:00,0.04451143
2009-10-23 15:00:00+00:00,0.07010899
2009-10-23 16:00:00+00:00,0.10149548
2009-10-23 17:00:00+00:00,0.11146389999999999
2009-10-23 18:00:00+00:00,0.31997168
2009-10-23 19:00:00+00:00,0.54410577
2009-10-23 20:00:00+00:00,0.6183588000000001
2009-10-23 21:00:00+00:00,0.56763875
2009-10-23 22:00:00+00:00,0.22856967
2009-10-23 23:00:00+00:00,0.0
2009-10-24 00:00:00+00:00,0.0
2009-10-24 01:00:00+00:00,0.0
2009-10-24 02:00:00+00:00,0.0
2009-10-24 03:00:00+00:00,0.0
2009-10-24 04:00:00+00:00,0.0
2009-10-24 05:00:00+00:00,0.0
2009-10-24 06:00:00+00:00,0.0
2009-10-24 07:00:00+00:00,0.0
2009-10-24 08:00:00+00:00,0.0
2009-10-24 09:00:00+00:00,0.0
2009-10-24 10:00:00+00:00,0.0
2009-10-24 11:00:00+00:00,0.0
2009-10-24 12:00:00+00:00,0.0
2009-10-24 13:00:00+00:00,0.31228223
2009-10-24 14:00:00+00:00,0.5961876
2009-10-24 15:00:00+00:00,0.60866076
2009-10-24 16:00:00+00:00,0.57214653
2009-10-24 17:00:00+00:00,0.5432722
2009-10-24 18:00:00+00:00,0.49657103
2009-10-24 19:00:00+00:00,0.46454722
2009-10-24 20:00:00+00:00,0.24504189999999998
2009-10-24 21:00:00+00:00,0.5408595
2009-10-24 22:00:00+00:00,0.21671128
2009-10-24 23:00:00+00:00,0.0
2009-10-25 00:00:00+00:00,0.0
2009-10-25 01:00:00+00:00,0.0
2009-10-25 02:00:00+00:00,0.0
2009-10-25 03:00:00+00:00,0.0
2009-10-25 04:00:00+00:00,0.0
2009-10-25 05:00:00+00:00,0.0
2009-10-25 06:00:00+00:00,0.0
2009-10-25 07:00:00+00:00,0.0
2009-10-25 08:00:00+00:00,0.0
2009-10-25 09:00:00+00:00,0.0
2009-10-25 10:00:00+00:00,0.0
2009-10-25 11:00:00+00:00,0.0
2009-10-25 12:00:00+00:00,0.0
2009-10-25 13:00:00+00:00,0.12849753
2009-10-25 14:00:00+00:00,0.4055065
2009-10-25 15:00:00+00:00,0.4021638
2009-10-25 16:00:00+00:00,0.45871767
2009-10-25 17:00:00+00:00,0.46079713
2009-10-25 18:00:00+00:00,0.45687464
2009-10-25 19:00:00+00:00,0.5584845
2009-10-25 20:00:00+00:00,0.59764445
2009-10-25 21:00:00+00:00,0.5458847
2009-10-25 22:00:00+00:00,0.20847815
2009-10-25 23:00:00+00:00,0.0
2009-10-26 00:00:00+00:00,0.0
2009-10-26 01:00:00+00:00,0.0
2009-10-26 02:00:00+00:00,0.0
2009-10-26 03:00:00+00:00,0.0
2009-10-26 04:00:00+00:00,0.0
2009-10-26 05:00:00+00:00,0.0
2009-10-26 06:00:00+00:00,0.0
2009-10-26 07:00:00+00:00,0.0
2009-10-26 08:00:00+00:00,0.0
2009-10-26 09:00:00+00:00,0.0
2009-10-26 10:00:00+00:00,0.0
2009-10-26 11:00:00+00:00,0.0
2009-10-26 12:00:00+00:00,0.0
2009-10-26 13:00:00+00:00,0.01111502
2009-10-26 14:00:00+00:00,0.017127188
2009-10-26 15:00:00+00:00,0.06873969999999999
2009-10-26 16:00:00+00:00,0.05608784
2009-10-26 17:00:00+00:00,0.08965765
2009-10-26 18:00:00+00:00,0.0333956
2009-10-26 19:00:00+00:00,0.032191806
2009-10-26 20:00:00+00:00,0.05774123
2009-10-26 21:00:00+00:00,0.010924241999999999
2009-10-26 22:00:00+00:00,0.010543145
2009-10-26 23:00:00+00:00,0.0
2009-10-27 00:00:00+00:00,0.0
2009-10-27 01:00:00+00:00,0.0
2009-10-27 02:00:00+00:00,0.0
2009-10-27 03:00:00+00:00,0.0
2009-10-27 04:00:00+00:00,0.0
2009-10-27 05:00:00+00:00,0.0
2009-10-27 06:00:00+00:00,0.0
2009-10-27 07:00:00+00:00,0.0
2009-10-27 08:00:00+00:00,0.0
2009-10-27 09:00:00+00:00,0.0
2009-10-27 10:00:00+00:00,0.0
2009-10-27 11:00:00+00:00,0.0
2009-10-27 12:00:00+00:00,0.0
2009-10-27 13:00:00+00:00,0.16837646
2009-10-27 14:00:00+00:00,0.07771936
2009-10-27 15:00:00+00:00,0.14438523
2009-10-27 16:00:00+00:00,0.2189462
2009-10-27 17:00:00+00:00,0.11861414
2009-10-27 18:00:00+00:00,0.08893598
2009-10-27 19:00:00+00:00,0.04883207
2009-10-27 20:00:00+00:00,0.052784774000000007
2009-10-27 21:00:00+00:00,0.038171607999999996
2009-10-27 22:00:00+00:00,0.17903624
2009-10-27 23:00:00+00:00,0.0
2009-10-28 00:00:00+00:00,0.0
2009-10-28 01:00:00+00:00,0.0
2009-10-28 02:00:00+00:00,0.0
2009-10-28 03:00:00+00:00,0.0
2009-10-28 04:00:00+00:00,0.0
2009-10-28 05:00:00+00:00,0.0
2009-10-28 06:00:00+00:00,0.0
2009-10-28 07:00:00+00:00,0.0
2009-10-28 08:00:00+00:00,0.0
2009-10-28 09:00:00+00:00,0.0
2009-10-28 10:00:00+00:00,0.0
2009-10-28 11:00:00+00:00,0.0
2009-10-28 12:00:00+00:00,0.0
2009-10-28 13:00:00+00:00,0.26359130000000003
2009-10-28 14:00:00+00:00,0.5587937
2009-10-28 15:00:00+00:00,0.47774625
2009-10-28 16:00:00+00:00,0.46505576
2009-10-28 17:00:00+00:00,0.38839009999999996
2009-10-28 18:00:00+00:00,0.41132027
2009-10-28 19:00:00+00:00,0.34517413
2009-10-28 20:00:00+00:00,0.14510623
2009-10-28 21:00:00+00:00,0.053904317
2009-10-28 22:00:00+00:00,0.020013303
2009-10-28 23:00:00+00:00,0.0
2009-10-29 00:00:00+00:00,0.0
2009-10-29 01:00:00+00:00,0.0
2009-10-29 02:00:00+00:00,0.0
2009-10-29 03:00:00+00:00,0.0
2009-10-29 04:00:00+00:00,0.0
2009-10-29 05:00:00+00:00,0.0
2009-10-29 06:00:00+00:00,0.0
2009-10-29 07:00:00+00:00,0.0
2009-10-29 08:00:00+00:00,0.0
2009-10-29 09:00:00+00:00,0.0
2009-10-29 10:00:00+00:00,0.0
2009-10-29 11:00:00+00:00,0.0
2009-10-29 12:00:00+00:00,0.0
2009-10-29 13:00:00+00:00,0.111615576
2009-10-29 14:00:00+00:00,0.5022392
2009-10-29 15:00:00+00:00,0.40083614
2009-10-29 16:00:00+00:00,0.40433794
2009-10-29 17:00:00+00:00,0.49786803
2009-10-29 18:00:00+00:00,0.38901679999999994
2009-10-29 19:00:00+00:00,0.45160058
2009-10-29 20:00:00+00:00,0.5064294
2009-10-29 21:00:00+00:00,0.4094709
2009-10-29 22:00:00+00:00,0.10610828
2009-10-29 23:00:00+00:00,0.0
2009-10-30 00:00:00+00:00,0.0
2009-10-30 01:00:00+00:00,0.0
2009-10-30 02:00:00+00:00,0.0
2009-10-30 03:00:00+00:00,0.0
2009-10-30 04:00:00+00:00,0.0
2009-10-30 05:00:00+00:00,0.0
2009-10-30 06:00:00+00:00,0.0
2009-10-30 07:00:00+00:00,0.0
2009-10-30 08:00:00+00:00,0.0
2009-10-30 09:00:00+00:00,0.0
2009-10-30 10:00:00+00:00,0.0
2009-10-30 11:00:00+00:00,0.0
2009-10-30 12:00:00+00:00,0.0
2009-10-30 13:00:00+00:00,0.018014312
2009-10-30 14:00:00+00:00,0.03121039
2009-10-30 15:00:00+00:00,0.016529724
2009-10-30 16:00:00+00:00,0.057959303
2009-10-30 17:00:00+00:00,0.079206795
2009-10-30 18:00:00+00:00,0.22669314
2009-10-30 19:00:00+00:00,0.11170747
2009-10-30 20:00:00+00:00,0.1308844
2009-10-30 21:00:00+00:00,0.038587887
2009-10-30 22:00:00+00:00,0.006660180999999999
2009-10-30 23:00:00+00:00,0.0
2009-10-31 00:00:00+00:00,0.0
2009-10-31 01:00:00+00:00,0.0
2009-10-31 02:00:00+00:00,0.0
2009-10-31 03:00:00+00:00,0.0
2009-10-31 04:00:00+00:00,0.0
2009-10-31 05:00:00+00:00,0.0
2009-10-31 06:00:00+00:00,0.0
2009-10-31 07:00:00+00:00,0.0
2009-10-31 08:00:00+00:00,0.0
2009-10-31 09:00:00+00:00,0.0
2009-10-31 10:00:00+00:00,0.0
2009-10-31 11:00:00+00:00,0.0
2009-10-31 12:00:00+00:00,0.0
2009-10-31 13:00:00+00:00,0.26451913
2009-10-31 14:00:00+00:00,0.5810350999999999
2009-10-31 15:00:00+00:00,0.60848296
2009-10-31 16:00:00+00:00,0.56506306
2009-10-31 17:00:00+00:00,0.53176856
2009-10-31 18:00:00+00:00,0.53711116
2009-10-31 19:00:00+00:00,0.57071066
2009-10-31 20:00:00+00:00,0.59629387
2009-10-31 21:00:00+00:00,0.5142685
2009-10-31 22:00:00+00:00,0.16816801
2009-10-31 23:00:00+00:00,0.0
2009-11-01 00:00:00+00:00,0.0
2009-11-01 01:00:00+00:00,0.0
2009-11-01 02:00:00+00:00,0.0
2009-11-01 03:00:00+00:00,0.0
2009-11-01 04:00:00+00:00,0.0
2009-11-01 05:00:00+00:00,0.0
2009-11-01 06:00:00+00:00,0.0
2009-11-01 07:00:00+00:00,0.0
2009-11-01 08:00:00+00:00,0.0
2009-11-01 09:00:00+00:00,0.0
2009-11-01 10:00:00+00:00,0.0
2009-11-01 11:00:00+00:00,0.0
2009-11-01 12:00:00+00:00,0.0
2009-11-01 13:00:00+00:00,0.25576586
2009-11-01 14:00:00+00:00,0.56381005
2009-11-01 15:00:00+00:00,0.5851528
2009-11-01 16:00:00+00:00,0.5420254
2009-11-01 17:00:00+00:00,0.5078827
2009-11-01 18:00:00+00:00,0.51122195
2009-11-01 19:00:00+00:00,0.5417555000000001
2009-11-01 20:00:00+00:00,0.56343305
2009-11-01 21:00:00+00:00,0.48259620000000003
2009-11-01 22:00:00+00:00,0.15495472
2009-11-01 23:00:00+00:00,0.0
2009-11-02 00:00:00+00:00,0.0
2009-11-02 01:00:00+00:00,0.0
2009-11-02 02:00:00+00:00,0.0
2009-11-02 03:00:00+00:00,0.0
2009-11-02 04:00:00+00:00,0.0
2009-11-02 05:00:00+00:00,0.0
2009-11-02 06:00:00+00:00,0.0
2009-11-02 07:00:00+00:00,0.0
2009-11-02 08:00:00+00:00,0.0
2009-11-02 09:00:00+00:00,0.0
2009-11-02 10:00:00+00:00,0.0
2009-11-02 11:00:00+00:00,0.0
2009-11-02 12:00:00+00:00,0.0
2009-11-02 13:00:00+00:00,0.0063857376
2009-11-02 14:00:00+00:00,0.4431186
2009-11-02 15:00:00+00:00,0.61264753
2009-11-02 16:00:00+00:00,0.5738908
2009-11-02 17:00:00+00:00,0.53973985
2009-11-02 18:00:00+00:00,0.54293764
2009-11-02 19:00:00+00:00,0.5781661
2009-11-02 20:00:00+00:00,0.603754
2009-11-02 21:00:00+00:00,0.5146002000000001
2009-11-02 22:00:00+00:00,0.15974924
2009-11-02 23:00:00+00:00,0.0
2009-11-03 00:00:00+00:00,0.0
2009-11-03 01:00:00+00:00,0.0
2009-11-03 02:00:00+00:00,0.0
2009-11-03 03:00:00+00:00,0.0
2009-11-03 04:00:00+00:00,0.0
2009-11-03 05:00:00+00:00,0.0
2009-11-03 06:00:00+00:00,0.0
2009-11-03 07:00:00+00:00,0.0
2009-11-03 08:00:00+00:00,0.0
2009-11-03 09:00:00+00:00,0.0
2009-11-03 10:00:00+00:00,0.0
2009-11-03 11:00:00+00:00,0.0
2009-11-03 12:00:00+00:00,0.0
2009-11-03 13:00:00+00:00,0.024735412999999998
2009-11-03 14:00:00+00:00,0.035321232
2009-11-03 15:00:00+00:00,0.009345761999999999
2009-11-03 16:00:00+00:00,0.025904575
2009-11-03 17:00:00+00:00,0.2749777
2009-11-03 18:00:00+00:00,0.35570675
2009-11-03 19:00:00+00:00,0.5369954
2009-11-03 20:00:00+00:00,0.556866
2009-11-03 21:00:00+00:00,0.4586542
2009-11-03 22:00:00+00:00,0.13332120000000003
2009-11-03 23:00:00+00:00,0.0
2009-11-04 00:00:00+00:00,0.0
2009-11-04 01:00:00+00:00,0.0
2009-11-04 02:00:00+00:00,0.0
2009-11-04 03:00:00+00:00,0.0
2009-11-04 04:00:00+00:00,0.0
2009-11-04 05:00:00+00:00,0.0
2009-11-04 06:00:00+00:00,0.0
2009-11-04 07:00:00+00:00,0.0
2009-11-04 08:00:00+00:00,0.0
2009-11-04 09:00:00+00:00,0.0
2009-11-04 10:00:00+00:00,0.0
2009-11-04 11:00:00+00:00,0.0
2009-11-04 12:00:00+00:00,0.0
2009-11-04 13:00:00+00:00,0.2069714
2009-11-04 14:00:00+00:00,0.5260504
2009-11-04 15:00:00+00:00,0.5755566999999999
2009-11-04 16:00:00+00:00,0.52111423
2009-11-04 17:00:00+00:00,0.5188701
2009-11-04 18:00:00+00:00,0.5211806
2009-11-04 19:00:00+00:00,0.5572486999999999
2009-11-04 20:00:00+00:00,0.5764832
2009-11-04 21:00:00+00:00,0.4808251
2009-11-04 22:00:00+00:00,0.14093515
2009-11-04 23:00:00+00:00,0.0
2009-11-05 00:00:00+00:00,0.0
2009-11-05 01:00:00+00:00,0.0
2009-11-05 02:00:00+00:00,0.0
2009-11-05 03:00:00+00:00,0.0
2009-11-05 04:00:00+00:00,0.0
2009-11-05 05:00:00+00:00,0.0
2009-11-05 06:00:00+00:00,0.0
2009-11-05 07:00:00+00:00,0.0
2009-11-05 08:00:00+00:00,0.0
2009-11-05 09:00:00+00:00,0.0
2009-11-05 10:00:00+00:00,0.0
2009-11-05 11:00:00+00:00,0.0
2009-11-05 12:00:00+00:00,0.0
2009-11-05 13:00:00+00:00,0.22970085
2009-11-05 14:00:00+00:00,0.5551702
2009-11-05 15:00:00+00:00,0.5838175
2009-11-05 16:00:00+00:00,0.54421645
2009-11-05 17:00:00+00:00,0.50829625
2009-11-05 18:00:00+00:00,0.5115787
2009-11-05 19:00:00+00:00,0.5452994999999999
2009-11-05 20:00:00+00:00,0.5607373000000001
2009-11-05 21:00:00+00:00,0.45914415
2009-11-05 22:00:00+00:00,0.12884796
2009-11-05 23:00:00+00:00,0.0
2009-11-06 00:00:00+00:00,0.0
2009-11-06 01:00:00+00:00,0.0
2009-11-06 02:00:00+00:00,0.0
2009-11-06 03:00:00+00:00,0.0
2009-11-06 04:00:00+00:00,0.0
2009-11-06 05:00:00+00:00,0.0
2009-11-06 06:00:00+00:00,0.0
2009-11-06 07:00:00+00:00,0.0
2009-11-06 08:00:00+00:00,0.0
2009-11-06 09:00:00+00:00,0.0
2009-11-06 10:00:00+00:00,0.0
2009-11-06 11:00:00+00:00,0.0
2009-11-06 12:00:00+00:00,0.0
2009-11-06 13:00:00+00:00,0.20010124
2009-11-06 14:00:00+00:00,0.5190397
2009-11-06 15:00:00+00:00,0.5669778
2009-11-06 16:00:00+00:00,0.52806675
2009-11-06 17:00:00+00:00,0.48992917
2009-11-06 18:00:00+00:00,0.49430633
2009-11-06 19:00:00+00:00,0.52839744
2009-11-06 20:00:00+00:00,0.54546344
2009-11-06 21:00:00+00:00,0.43609712
2009-11-06 22:00:00+00:00,0.11578368
2009-11-06 23:00:00+00:00,0.0
2009-11-07 00:00:00+00:00,0.0
2009-11-07 01:00:00+00:00,0.0
2009-11-07 02:00:00+00:00,0.0
2009-11-07 03:00:00+00:00,0.0
2009-11-07 04:00:00+00:00,0.0
2009-11-07 05:00:00+00:00,0.0
2009-11-07 06:00:00+00:00,0.0
2009-11-07 07:00:00+00:00,0.0
2009-11-07 08:00:00+00:00,0.0
2009-11-07 09:00:00+00:00,0.0
2009-11-07 10:00:00+00:00,0.0
2009-11-07 11:00:00+00:00,0.0
2009-11-07 12:00:00+00:00,0.0
2009-11-07 13:00:00+00:00,0.17162484
2009-11-07 14:00:00+00:00,0.47625053
2009-11-07 15:00:00+00:00,0.5443159000000001
2009-11-07 16:00:00+00:00,0.51147157
2009-11-07 17:00:00+00:00,0.47915740000000007
2009-11-07 18:00:00+00:00,0.48458013
2009-11-07 19:00:00+00:00,0.5206396
2009-11-07 20:00:00+00:00,0.53859967
2009-11-07 21:00:00+00:00,0.42779174
2009-11-07 22:00:00+00:00,0.11248376
2009-11-07 23:00:00+00:00,0.0
2009-11-08 00:00:00+00:00,0.0
2009-11-08 01:00:00+00:00,0.0
2009-11-08 02:00:00+00:00,0.0
2009-11-08 03:00:00+00:00,0.0
2009-11-08 04:00:00+00:00,0.0
2009-11-08 05:00:00+00:00,0.0
2009-11-08 06:00:00+00:00,0.0
2009-11-08 07:00:00+00:00,0.0
2009-11-08 08:00:00+00:00,0.0
2009-11-08 09:00:00+00:00,0.0
2009-11-08 10:00:00+00:00,0.0
2009-11-08 11:00:00+00:00,0.0
2009-11-08 12:00:00+00:00,0.0
2009-11-08 13:00:00+00:00,0.06599442
2009-11-08 14:00:00+00:00,0.49563825
2009-11-08 15:00:00+00:00,0.38121662
2009-11-08 16:00:00+00:00,0.40582842
2009-11-08 17:00:00+00:00,0.3484923
2009-11-08 18:00:00+00:00,0.27866438
2009-11-08 19:00:00+00:00,0.16107233
2009-11-08 20:00:00+00:00,0.08935566
2009-11-08 21:00:00+00:00,0.05379539
2009-11-08 22:00:00+00:00,0.0060842940000000005
2009-11-08 23:00:00+00:00,0.0
2009-11-09 00:00:00+00:00,0.0
2009-11-09 01:00:00+00:00,0.0
2009-11-09 02:00:00+00:00,0.0
2009-11-09 03:00:00+00:00,0.0
2009-11-09 04:00:00+00:00,0.0
2009-11-09 05:00:00+00:00,0.0
2009-11-09 06:00:00+00:00,0.0
2009-11-09 07:00:00+00:00,0.0
2009-11-09 08:00:00+00:00,0.0
2009-11-09 09:00:00+00:00,0.0
2009-11-09 10:00:00+00:00,0.0
2009-11-09 11:00:00+00:00,0.0
2009-11-09 12:00:00+00:00,0.0
2009-11-09 13:00:00+00:00,0.022286734
2009-11-09 14:00:00+00:00,0.027593602999999998
2009-11-09 15:00:00+00:00,0.058877665999999995
2009-11-09 16:00:00+00:00,0.1304502
2009-11-09 17:00:00+00:00,0.27746555
2009-11-09 18:00:00+00:00,0.29578444
2009-11-09 19:00:00+00:00,0.2554147
2009-11-09 20:00:00+00:00,0.20106047
2009-11-09 21:00:00+00:00,0.04330676
2009-11-09 22:00:00+00:00,0.0034244304999999997
2009-11-09 23:00:00+00:00,0.0
2009-11-10 00:00:00+00:00,0.0
2009-11-10 01:00:00+00:00,0.0
2009-11-10 02:00:00+00:00,0.0
2009-11-10 03:00:00+00:00,0.0
2009-11-10 04:00:00+00:00,0.0
2009-11-10 05:00:00+00:00,0.0
2009-11-10 06:00:00+00:00,0.0
2009-11-10 07:00:00+00:00,0.0
2009-11-10 08:00:00+00:00,0.0
2009-11-10 09:00:00+00:00,0.0
2009-11-10 10:00:00+00:00,0.0
2009-11-10 11:00:00+00:00,0.0
2009-11-10 12:00:00+00:00,0.0
2009-11-10 13:00:00+00:00,0.15275836
2009-11-10 14:00:00+00:00,0.48217489999999996
2009-11-10 15:00:00+00:00,0.55336046
2009-11-10 16:00:00+00:00,0.5312156
2009-11-10 17:00:00+00:00,0.49944368
2009-11-10 18:00:00+00:00,0.5079731
2009-11-10 19:00:00+00:00,0.5480606
2009-11-10 20:00:00+00:00,0.5736063
2009-11-10 21:00:00+00:00,0.45059302
2009-11-10 22:00:00+00:00,0.10249651
2009-11-10 23:00:00+00:00,0.0
2009-11-11 00:00:00+00:00,0.0
2009-11-11 01:00:00+00:00,0.0
2009-11-11 02:00:00+00:00,0.0
2009-11-11 03:00:00+00:00,0.0
2009-11-11 04:00:00+00:00,0.0
2009-11-11 05:00:00+00:00,0.0
2009-11-11 06:00:00+00:00,0.0
2009-11-11 07:00:00+00:00,0.0
2009-11-11 08:00:00+00:00,0.0
2009-11-11 09:00:00+00:00,0.0
2009-11-11 10:00:00+00:00,0.0
2009-11-11 11:00:00+00:00,0.0
2009-11-11 12:00:00+00:00,0.0
2009-11-11 13:00:00+00:00,0.18161868
2009-11-11 14:00:00+00:00,0.5275776999999999
2009-11-11 15:00:00+00:00,0.5777001
2009-11-11 16:00:00+00:00,0.53865093
2009-11-11 17:00:00+00:00,0.50170964
2009-11-11 18:00:00+00:00,0.5050015999999999
2009-11-11 19:00:00+00:00,0.54356426
2009-11-11 20:00:00+00:00,0.56372887
2009-11-11 21:00:00+00:00,0.43805417
2009-11-11 22:00:00+00:00,0.0968806
2009-11-11 23:00:00+00:00,0.0
2009-11-12 00:00:00+00:00,0.0
2009-11-12 01:00:00+00:00,0.0
2009-11-12 02:00:00+00:00,0.0
2009-11-12 03:00:00+00:00,0.0
2009-11-12 04:00:00+00:00,0.0
2009-11-12 05:00:00+00:00,0.0
2009-11-12 06:00:00+00:00,0.0
2009-11-12 07:00:00+00:00,0.0
2009-11-12 08:00:00+00:00,0.0
2009-11-12 09:00:00+00:00,0.0
2009-11-12 10:00:00+00:00,0.0
2009-11-12 11:00:00+00:00,0.0
2009-11-12 12:00:00+00:00,0.0
2009-11-12 13:00:00+00:00,0.17534897
2009-11-12 14:00:00+00:00,0.5083067
2009-11-12 15:00:00+00:00,0.5535786
2009-11-12 16:00:00+00:00,0.51092774
2009-11-12 17:00:00+00:00,0.38907164
2009-11-12 18:00:00+00:00,0.35267863
2009-11-12 19:00:00+00:00,0.39450848
2009-11-12 20:00:00+00:00,0.42166388
2009-11-12 21:00:00+00:00,0.19490583
2009-11-12 22:00:00+00:00,0.03854208
2009-11-12 23:00:00+00:00,0.0
2009-11-13 00:00:00+00:00,0.0
2009-11-13 01:00:00+00:00,0.0
2009-11-13 02:00:00+00:00,0.0
2009-11-13 03:00:00+00:00,0.0
2009-11-13 04:00:00+00:00,0.0
2009-11-13 05:00:00+00:00,0.0
2009-11-13 06:00:00+00:00,0.0
2009-11-13 07:00:00+00:00,0.0
2009-11-13 08:00:00+00:00,0.0
2009-11-13 09:00:00+00:00,0.0
2009-11-13 10:00:00+00:00,0.0
2009-11-13 11:00:00+00:00,0.0
2009-11-13 12:00:00+00:00,0.0
2009-11-13 13:00:00+00:00,0.07500186
2009-11-13 14:00:00+00:00,0.40599033
2009-11-13 15:00:00+00:00,0.5518308000000001
2009-11-13 16:00:00+00:00,0.5085009
2009-11-13 17:00:00+00:00,0.38685840000000005
2009-11-13 18:00:00+00:00,0.36071357
2009-11-13 19:00:00+00:00,0.29938838
2009-11-13 20:00:00+00:00,0.32856053
2009-11-13 21:00:00+00:00,0.28189390000000003
2009-11-13 22:00:00+00:00,0.059255145
2009-11-13 23:00:00+00:00,0.0
2009-11-14 00:00:00+00:00,0.0
2009-11-14 01:00:00+00:00,0.0
2009-11-14 02:00:00+00:00,0.0
2009-11-14 03:00:00+00:00,0.0
2009-11-14 04:00:00+00:00,0.0
2009-11-14 05:00:00+00:00,0.0
2009-11-14 06:00:00+00:00,0.0
2009-11-14 07:00:00+00:00,0.0
2009-11-14 08:00:00+00:00,0.0
2009-11-14 09:00:00+00:00,0.0
2009-11-14 10:00:00+00:00,0.0
2009-11-14 11:00:00+00:00,0.0
2009-11-14 12:00:00+00:00,0.0
2009-11-14 13:00:00+00:00,0.12627633
2009-11-14 14:00:00+00:00,0.39789382
2009-11-14 15:00:00+00:00,0.4691004
2009-11-14 16:00:00+00:00,0.45291057
2009-11-14 17:00:00+00:00,0.42872286
2009-11-14 18:00:00+00:00,0.43209430000000004
2009-11-14 19:00:00+00:00,0.40833628
2009-11-14 20:00:00+00:00,0.44873290000000005
2009-11-14 21:00:00+00:00,0.20480001
2009-11-14 22:00:00+00:00,0.03289252
2009-11-14 23:00:00+00:00,0.0
2009-11-15 00:00:00+00:00,0.0
2009-11-15 01:00:00+00:00,0.0
2009-11-15 02:00:00+00:00,0.0
2009-11-15 03:00:00+00:00,0.0
2009-11-15 04:00:00+00:00,0.0
2009-11-15 05:00:00+00:00,0.0
2009-11-15 06:00:00+00:00,0.0
2009-11-15 07:00:00+00:00,0.0
2009-11-15 08:00:00+00:00,0.0
2009-11-15 09:00:00+00:00,0.0
2009-11-15 10:00:00+00:00,0.0
2009-11-15 11:00:00+00:00,0.0
2009-11-15 12:00:00+00:00,0.0
2009-11-15 13:00:00+00:00,0.021352347
2009-11-15 14:00:00+00:00,0.23846935
2009-11-15 15:00:00+00:00,0.35298270000000004
2009-11-15 16:00:00+00:00,0.35689944
2009-11-15 17:00:00+00:00,0.35873857
2009-11-15 18:00:00+00:00,0.38422117
2009-11-15 19:00:00+00:00,0.34157294
2009-11-15 20:00:00+00:00,0.3698633
2009-11-15 21:00:00+00:00,0.34319615
2009-11-15 22:00:00+00:00,0.049181517
2009-11-15 23:00:00+00:00,0.0
2009-11-16 00:00:00+00:00,0.0
2009-11-16 01:00:00+00:00,0.0
2009-11-16 02:00:00+00:00,0.0
2009-11-16 03:00:00+00:00,0.0
2009-11-16 04:00:00+00:00,0.0
2009-11-16 05:00:00+00:00,0.0
2009-11-16 06:00:00+00:00,0.0
2009-11-16 07:00:00+00:00,0.0
2009-11-16 08:00:00+00:00,0.0
2009-11-16 09:00:00+00:00,0.0
2009-11-16 10:00:00+00:00,0.0
2009-11-16 11:00:00+00:00,0.0
2009-11-16 12:00:00+00:00,0.0
2009-11-16 13:00:00+00:00,0.03597205
2009-11-16 14:00:00+00:00,0.37871859999999996
2009-11-16 15:00:00+00:00,0.049715497000000004
2009-11-16 16:00:00+00:00,0.015607211999999999
2009-11-16 17:00:00+00:00,0.06748404
2009-11-16 18:00:00+00:00,0.0341357
2009-11-16 19:00:00+00:00,0.07277539999999999
2009-11-16 20:00:00+00:00,0.013891573999999999
2009-11-16 21:00:00+00:00,0.0012375987
2009-11-16 22:00:00+00:00,0.0
2009-11-16 23:00:00+00:00,0.0
2009-11-17 00:00:00+00:00,0.0
2009-11-17 01:00:00+00:00,0.0
2009-11-17 02:00:00+00:00,0.0
2009-11-17 03:00:00+00:00,0.0
2009-11-17 04:00:00+00:00,0.0
2009-11-17 05:00:00+00:00,0.0
2009-11-17 06:00:00+00:00,0.0
2009-11-17 07:00:00+00:00,0.0
2009-11-17 08:00:00+00:00,0.0
2009-11-17 09:00:00+00:00,0.0
2009-11-17 10:00:00+00:00,0.0
2009-11-17 11:00:00+00:00,0.0
2009-11-17 12:00:00+00:00,0.0
2009-11-17 13:00:00+00:00,0.000638852
2009-11-17 14:00:00+00:00,0.019474998
2009-11-17 15:00:00+00:00,0.039965108
2009-11-17 16:00:00+00:00,0.23086923
2009-11-17 17:00:00+00:00,0.030660937000000003
2009-11-17 18:00:00+00:00,0.03677238
2009-11-17 19:00:00+00:00,0.046500925
2009-11-17 20:00:00+00:00,0.010452593
2009-11-17 21:00:00+00:00,0.0033307967
2009-11-17 22:00:00+00:00,0.011007592
2009-11-17 23:00:00+00:00,0.0
2009-11-18 00:00:00+00:00,0.0
2009-11-18 01:00:00+00:00,0.0
2009-11-18 02:00:00+00:00,0.0
2009-11-18 03:00:00+00:00,0.0
2009-11-18 04:00:00+00:00,0.0
2009-11-18 05:00:00+00:00,0.0
2009-11-18 06:00:00+00:00,0.0
2009-11-18 07:00:00+00:00,0.0
2009-11-18 08:00:00+00:00,0.0
2009-11-18 09:00:00+00:00,0.0
2009-11-18 10:00:00+00:00,0.0
2009-11-18 11:00:00+00:00,0.0
2009-11-18 12:00:00+00:00,0.0
2009-11-18 13:00:00+00:00,0.0031301684
2009-11-18 14:00:00+00:00,0.012041099
2009-11-18 15:00:00+00:00,0.048813347
2009-11-18 16:00:00+00:00,0.07179891
2009-11-18 17:00:00+00:00,0.22462375
2009-11-18 18:00:00+00:00,0.1598905
2009-11-18 19:00:00+00:00,0.14528482
2009-11-18 20:00:00+00:00,0.17494306
2009-11-18 21:00:00+00:00,0.31688679999999997
2009-11-18 22:00:00+00:00,0.035630457000000004
2009-11-18 23:00:00+00:00,0.0
2009-11-19 00:00:00+00:00,0.0
2009-11-19 01:00:00+00:00,0.0
2009-11-19 02:00:00+00:00,0.0
2009-11-19 03:00:00+00:00,0.0
2009-11-19 04:00:00+00:00,0.0
2009-11-19 05:00:00+00:00,0.0
2009-11-19 06:00:00+00:00,0.0
2009-11-19 07:00:00+00:00,0.0
2009-11-19 08:00:00+00:00,0.0
2009-11-19 09:00:00+00:00,0.0
2009-11-19 10:00:00+00:00,0.0
2009-11-19 11:00:00+00:00,0.0
2009-11-19 12:00:00+00:00,0.0
2009-11-19 13:00:00+00:00,0.11611539
2009-11-19 14:00:00+00:00,0.43859319999999996
2009-11-19 15:00:00+00:00,0.5213407999999999
2009-11-19 16:00:00+00:00,0.37787646
2009-11-19 17:00:00+00:00,0.45101149999999995
2009-11-19 18:00:00+00:00,0.45402929999999997
2009-11-19 19:00:00+00:00,0.49231909999999995
2009-11-19 20:00:00+00:00,0.50916034
2009-11-19 21:00:00+00:00,0.37094262
2009-11-19 22:00:00+00:00,0.03439993
2009-11-19 23:00:00+00:00,0.0
2009-11-20 00:00:00+00:00,0.0
2009-11-20 01:00:00+00:00,0.0
2009-11-20 02:00:00+00:00,0.0
2009-11-20 03:00:00+00:00,0.0
2009-11-20 04:00:00+00:00,0.0
2009-11-20 05:00:00+00:00,0.0
2009-11-20 06:00:00+00:00,0.0
2009-11-20 07:00:00+00:00,0.0
2009-11-20 08:00:00+00:00,0.0
2009-11-20 09:00:00+00:00,0.0
2009-11-20 10:00:00+00:00,0.0
2009-11-20 11:00:00+00:00,0.0
2009-11-20 12:00:00+00:00,0.0
2009-11-20 13:00:00+00:00,0.10877885
2009-11-20 14:00:00+00:00,0.42295429999999995
2009-11-20 15:00:00+00:00,0.5080366
2009-11-20 16:00:00+00:00,0.4780049
2009-11-20 17:00:00+00:00,0.44288117
2009-11-20 18:00:00+00:00,0.44310920000000004
2009-11-20 19:00:00+00:00,0.47823000000000004
2009-11-20 20:00:00+00:00,0.4946412
2009-11-20 21:00:00+00:00,0.3511111
2009-11-20 22:00:00+00:00,0.026756661
2009-11-20 23:00:00+00:00,0.0
2009-11-21 00:00:00+00:00,0.0
2009-11-21 01:00:00+00:00,0.0
2009-11-21 02:00:00+00:00,0.0
2009-11-21 03:00:00+00:00,0.0
2009-11-21 04:00:00+00:00,0.0
2009-11-21 05:00:00+00:00,0.0
2009-11-21 06:00:00+00:00,0.0
2009-11-21 07:00:00+00:00,0.0
2009-11-21 08:00:00+00:00,0.0
2009-11-21 09:00:00+00:00,0.0
2009-11-21 10:00:00+00:00,0.0
2009-11-21 11:00:00+00:00,0.0
2009-11-21 12:00:00+00:00,0.0
2009-11-21 13:00:00+00:00,0.050384853
2009-11-21 14:00:00+00:00,0.18214142
2009-11-21 15:00:00+00:00,0.36556613
2009-11-21 16:00:00+00:00,0.39948604
2009-11-21 17:00:00+00:00,0.37813836
2009-11-21 18:00:00+00:00,0.35757673
2009-11-21 19:00:00+00:00,0.38017285
2009-11-21 20:00:00+00:00,0.24912820000000002
2009-11-21 21:00:00+00:00,0.036114275
2009-11-21 22:00:00+00:00,4.6502349999999994e-05
2009-11-21 23:00:00+00:00,0.0
2009-11-22 00:00:00+00:00,0.0
2009-11-22 01:00:00+00:00,0.0
2009-11-22 02:00:00+00:00,0.0
2009-11-22 03:00:00+00:00,0.0
2009-11-22 04:00:00+00:00,0.0
2009-11-22 05:00:00+00:00,0.0
2009-11-22 06:00:00+00:00,0.0
2009-11-22 07:00:00+00:00,0.0
2009-11-22 08:00:00+00:00,0.0
2009-11-22 09:00:00+00:00,0.0
2009-11-22 10:00:00+00:00,0.0
2009-11-22 11:00:00+00:00,0.0
2009-11-22 12:00:00+00:00,0.0
2009-11-22 13:00:00+00:00,4.145072e-06
2009-11-22 14:00:00+00:00,0.007973204000000001
2009-11-22 15:00:00+00:00,0.019568106000000002
2009-11-22 16:00:00+00:00,0.04978142
2009-11-22 17:00:00+00:00,0.06439273
2009-11-22 18:00:00+00:00,0.074499056
2009-11-22 19:00:00+00:00,0.044433188
2009-11-22 20:00:00+00:00,0.021962075
2009-11-22 21:00:00+00:00,0.018915573
2009-11-22 22:00:00+00:00,0.007755545
2009-11-22 23:00:00+00:00,0.0
2009-11-23 00:00:00+00:00,0.0
2009-11-23 01:00:00+00:00,0.0
2009-11-23 02:00:00+00:00,0.0
2009-11-23 03:00:00+00:00,0.0
2009-11-23 04:00:00+00:00,0.0
2009-11-23 05:00:00+00:00,0.0
2009-11-23 06:00:00+00:00,0.0
2009-11-23 07:00:00+00:00,0.0
2009-11-23 08:00:00+00:00,0.0
2009-11-23 09:00:00+00:00,0.0
2009-11-23 10:00:00+00:00,0.0
2009-11-23 11:00:00+00:00,0.0
2009-11-23 12:00:00+00:00,0.0
2009-11-23 13:00:00+00:00,0.0007064542999999999
2009-11-23 14:00:00+00:00,0.0108757755
2009-11-23 15:00:00+00:00,0.04769938
2009-11-23 16:00:00+00:00,0.053952865
2009-11-23 17:00:00+00:00,0.12927793
2009-11-23 18:00:00+00:00,0.12546301
2009-11-23 19:00:00+00:00,0.11760530599999999
2009-11-23 20:00:00+00:00,0.14025335
2009-11-23 21:00:00+00:00,0.14746743
2009-11-23 22:00:00+00:00,0.004760252
2009-11-23 23:00:00+00:00,0.0
2009-11-24 00:00:00+00:00,0.0
2009-11-24 01:00:00+00:00,0.0
2009-11-24 02:00:00+00:00,0.0
2009-11-24 03:00:00+00:00,0.0
2009-11-24 04:00:00+00:00,0.0
2009-11-24 05:00:00+00:00,0.0
2009-11-24 06:00:00+00:00,0.0
2009-11-24 07:00:00+00:00,0.0
2009-11-24 08:00:00+00:00,0.0
2009-11-24 09:00:00+00:00,0.0
2009-11-24 10:00:00+00:00,0.0
2009-11-24 11:00:00+00:00,0.0
2009-11-24 12:00:00+00:00,0.0
2009-11-24 13:00:00+00:00,0.08122457
2009-11-24 14:00:00+00:00,0.41241008
2009-11-24 15:00:00+00:00,0.5189443
2009-11-24 16:00:00+00:00,0.48907626
2009-11-24 17:00:00+00:00,0.31086877
2009-11-24 18:00:00+00:00,0.22865476
2009-11-24 19:00:00+00:00,0.19300167
2009-11-24 20:00:00+00:00,0.10733686
2009-11-24 21:00:00+00:00,0.054202244000000004
2009-11-24 22:00:00+00:00,0.0
2009-11-24 23:00:00+00:00,0.0
2009-11-25 00:00:00+00:00,0.0
2009-11-25 01:00:00+00:00,0.0
2009-11-25 02:00:00+00:00,0.0
2009-11-25 03:00:00+00:00,0.0
2009-11-25 04:00:00+00:00,0.0
2009-11-25 05:00:00+00:00,0.0
2009-11-25 06:00:00+00:00,0.0
2009-11-25 07:00:00+00:00,0.0
2009-11-25 08:00:00+00:00,0.0
2009-11-25 09:00:00+00:00,0.0
2009-11-25 10:00:00+00:00,0.0
2009-11-25 11:00:00+00:00,0.0
2009-11-25 12:00:00+00:00,0.0
2009-11-25 13:00:00+00:00,0.074851
2009-11-25 14:00:00+00:00,0.40703616
2009-11-25 15:00:00+00:00,0.52580893
2009-11-25 16:00:00+00:00,0.25746217
2009-11-25 17:00:00+00:00,0.14091246
2009-11-25 18:00:00+00:00,0.039671543999999996
2009-11-25 19:00:00+00:00,0.047807746
2009-11-25 20:00:00+00:00,0.02042785
2009-11-25 21:00:00+00:00,0.010158317
2009-11-25 22:00:00+00:00,0.0
2009-11-25 23:00:00+00:00,0.0
2009-11-26 00:00:00+00:00,0.0
2009-11-26 01:00:00+00:00,0.0
2009-11-26 02:00:00+00:00,0.0
2009-11-26 03:00:00+00:00,0.0
2009-11-26 04:00:00+00:00,0.0
2009-11-26 05:00:00+00:00,0.0
2009-11-26 06:00:00+00:00,0.0
2009-11-26 07:00:00+00:00,0.0
2009-11-26 08:00:00+00:00,0.0
2009-11-26 09:00:00+00:00,0.0
2009-11-26 10:00:00+00:00,0.0
2009-11-26 11:00:00+00:00,0.0
2009-11-26 12:00:00+00:00,0.0
2009-11-26 13:00:00+00:00,0.0026370294
2009-11-26 14:00:00+00:00,0.046169028
2009-11-26 15:00:00+00:00,0.10143524
2009-11-26 16:00:00+00:00,0.14438389
2009-11-26 17:00:00+00:00,0.46062556
2009-11-26 18:00:00+00:00,0.45965922
2009-11-26 19:00:00+00:00,0.50225234
2009-11-26 20:00:00+00:00,0.52391297
2009-11-26 21:00:00+00:00,0.37023708
2009-11-26 22:00:00+00:00,0.0
2009-11-26 23:00:00+00:00,0.0
2009-11-27 00:00:00+00:00,0.0
2009-11-27 01:00:00+00:00,0.0
2009-11-27 02:00:00+00:00,0.0
2009-11-27 03:00:00+00:00,0.0
2009-11-27 04:00:00+00:00,0.0
2009-11-27 05:00:00+00:00,0.0
2009-11-27 06:00:00+00:00,0.0
2009-11-27 07:00:00+00:00,0.0
2009-11-27 08:00:00+00:00,0.0
2009-11-27 09:00:00+00:00,0.0
2009-11-27 10:00:00+00:00,0.0
2009-11-27 11:00:00+00:00,0.0
2009-11-27 12:00:00+00:00,0.0
2009-11-27 13:00:00+00:00,0.06267740599999999
2009-11-27 14:00:00+00:00,0.41272259999999994
2009-11-27 15:00:00+00:00,0.5335854
2009-11-27 16:00:00+00:00,0.49167597
2009-11-27 17:00:00+00:00,0.44672970000000006
2009-11-27 18:00:00+00:00,0.44657025
2009-11-27 19:00:00+00:00,0.48760387
2009-11-27 20:00:00+00:00,0.5173192
2009-11-27 21:00:00+00:00,0.37280732
2009-11-27 22:00:00+00:00,0.0
2009-11-27 23:00:00+00:00,0.0
2009-11-28 00:00:00+00:00,0.0
2009-11-28 01:00:00+00:00,0.0
2009-11-28 02:00:00+00:00,0.0
2009-11-28 03:00:00+00:00,0.0
2009-11-28 04:00:00+00:00,0.0
2009-11-28 05:00:00+00:00,0.0
2009-11-28 06:00:00+00:00,0.0
2009-11-28 07:00:00+00:00,0.0
2009-11-28 08:00:00+00:00,0.0
2009-11-28 09:00:00+00:00,0.0
2009-11-28 10:00:00+00:00,0.0
2009-11-28 11:00:00+00:00,0.0
2009-11-28 12:00:00+00:00,0.0
2009-11-28 13:00:00+00:00,0.046822887
2009-11-28 14:00:00+00:00,0.38347995
2009-11-28 15:00:00+00:00,0.26464164
2009-11-28 16:00:00+00:00,0.34087366
2009-11-28 17:00:00+00:00,0.32751793
2009-11-28 18:00:00+00:00,0.3043177
2009-11-28 19:00:00+00:00,0.20023516
2009-11-28 20:00:00+00:00,0.16680473
2009-11-28 21:00:00+00:00,0.00261581
2009-11-28 22:00:00+00:00,0.0
2009-11-28 23:00:00+00:00,0.0
2009-11-29 00:00:00+00:00,0.0
2009-11-29 01:00:00+00:00,0.0
2009-11-29 02:00:00+00:00,0.0
2009-11-29 03:00:00+00:00,0.0
2009-11-29 04:00:00+00:00,0.0
2009-11-29 05:00:00+00:00,0.0
2009-11-29 06:00:00+00:00,0.0
2009-11-29 07:00:00+00:00,0.0
2009-11-29 08:00:00+00:00,0.0
2009-11-29 09:00:00+00:00,0.0
2009-11-29 10:00:00+00:00,0.0
2009-11-29 11:00:00+00:00,0.0
2009-11-29 12:00:00+00:00,0.0
2009-11-29 13:00:00+00:00,0.0018207872
2009-11-29 14:00:00+00:00,0.119454965
2009-11-29 15:00:00+00:00,0.03732524
2009-11-29 16:00:00+00:00,0.07212727
2009-11-29 17:00:00+00:00,0.09878044
2009-11-29 18:00:00+00:00,0.16651633
2009-11-29 19:00:00+00:00,0.12484947
2009-11-29 20:00:00+00:00,0.21907052
2009-11-29 21:00:00+00:00,0.32417467
2009-11-29 22:00:00+00:00,0.0
2009-11-29 23:00:00+00:00,0.0
2009-11-30 00:00:00+00:00,0.0
2009-11-30 01:00:00+00:00,0.0
2009-11-30 02:00:00+00:00,0.0
2009-11-30 03:00:00+00:00,0.0
2009-11-30 04:00:00+00:00,0.0
2009-11-30 05:00:00+00:00,0.0
2009-11-30 06:00:00+00:00,0.0
2009-11-30 07:00:00+00:00,0.0
2009-11-30 08:00:00+00:00,0.0
2009-11-30 09:00:00+00:00,0.0
2009-11-30 10:00:00+00:00,0.0
2009-11-30 11:00:00+00:00,0.0
2009-11-30 12:00:00+00:00,0.0
2009-11-30 13:00:00+00:00,0.02882811
2009-11-30 14:00:00+00:00,0.39997303
2009-11-30 15:00:00+00:00,0.529249
2009-11-30 16:00:00+00:00,0.49030578
2009-11-30 17:00:00+00:00,0.44487473
2009-11-30 18:00:00+00:00,0.43725976
2009-11-30 19:00:00+00:00,0.41681540000000006
2009-11-30 20:00:00+00:00,0.5207096999999999
2009-11-30 21:00:00+00:00,0.20768599
2009-11-30 22:00:00+00:00,0.0
2009-11-30 23:00:00+00:00,0.0
2009-12-01 00:00:00+00:00,0.0
2009-12-01 01:00:00+00:00,0.0
2009-12-01 02:00:00+00:00,0.0
2009-12-01 03:00:00+00:00,0.0
2009-12-01 04:00:00+00:00,0.0
2009-12-01 05:00:00+00:00,0.0
2009-12-01 06:00:00+00:00,0.0
2009-12-01 07:00:00+00:00,0.0
2009-12-01 08:00:00+00:00,0.0
2009-12-01 09:00:00+00:00,0.0
2009-12-01 10:00:00+00:00,0.0
2009-12-01 11:00:00+00:00,0.0
2009-12-01 12:00:00+00:00,0.0
2009-12-01 13:00:00+00:00,0.0
2009-12-01 14:00:00+00:00,0.0150700305
2009-12-01 15:00:00+00:00,0.023369808
2009-12-01 16:00:00+00:00,0.025638886
2009-12-01 17:00:00+00:00,0.04231796
2009-12-01 18:00:00+00:00,0.02535005
2009-12-01 19:00:00+00:00,0.037802797
2009-12-01 20:00:00+00:00,0.01940269
2009-12-01 21:00:00+00:00,0.020112185
2009-12-01 22:00:00+00:00,0.0
2009-12-01 23:00:00+00:00,0.0
2009-12-02 00:00:00+00:00,0.0
2009-12-02 01:00:00+00:00,0.0
2009-12-02 02:00:00+00:00,0.0
2009-12-02 03:00:00+00:00,0.0
2009-12-02 04:00:00+00:00,0.0
2009-12-02 05:00:00+00:00,0.0
2009-12-02 06:00:00+00:00,0.0
2009-12-02 07:00:00+00:00,0.0
2009-12-02 08:00:00+00:00,0.0
2009-12-02 09:00:00+00:00,0.0
2009-12-02 10:00:00+00:00,0.0
2009-12-02 11:00:00+00:00,0.0
2009-12-02 12:00:00+00:00,0.0
2009-12-02 13:00:00+00:00,0.00049251853
2009-12-02 14:00:00+00:00,0.021155415
2009-12-02 15:00:00+00:00,0.011455358
2009-12-02 16:00:00+00:00,0.021836434
2009-12-02 17:00:00+00:00,0.06210065
2009-12-02 18:00:00+00:00,0.096325845
2009-12-02 19:00:00+00:00,0.10454275
2009-12-02 20:00:00+00:00,0.014613913000000001
2009-12-02 21:00:00+00:00,0.18816803
2009-12-02 22:00:00+00:00,0.0
2009-12-02 23:00:00+00:00,0.0
2009-12-03 00:00:00+00:00,0.0
2009-12-03 01:00:00+00:00,0.0
2009-12-03 02:00:00+00:00,0.0
2009-12-03 03:00:00+00:00,0.0
2009-12-03 04:00:00+00:00,0.0
2009-12-03 05:00:00+00:00,0.0
2009-12-03 06:00:00+00:00,0.0
2009-12-03 07:00:00+00:00,0.0
2009-12-03 08:00:00+00:00,0.0
2009-12-03 09:00:00+00:00,0.0
2009-12-03 10:00:00+00:00,0.0
2009-12-03 11:00:00+00:00,0.0
2009-12-03 12:00:00+00:00,0.0
2009-12-03 13:00:00+00:00,0.0
2009-12-03 14:00:00+00:00,0.2799034
2009-12-03 15:00:00+00:00,0.28120506
2009-12-03 16:00:00+00:00,0.48515937
2009-12-03 17:00:00+00:00,0.44374192
2009-12-03 18:00:00+00:00,0.44290245
2009-12-03 19:00:00+00:00,0.34584248
2009-12-03 20:00:00+00:00,0.27264678
2009-12-03 21:00:00+00:00,0.16878848
2009-12-03 22:00:00+00:00,0.0
2009-12-03 23:00:00+00:00,0.0
2009-12-04 00:00:00+00:00,0.0
2009-12-04 01:00:00+00:00,0.0
2009-12-04 02:00:00+00:00,0.0
2009-12-04 03:00:00+00:00,0.0
2009-12-04 04:00:00+00:00,0.0
2009-12-04 05:00:00+00:00,0.0
2009-12-04 06:00:00+00:00,0.0
2009-12-04 07:00:00+00:00,0.0
2009-12-04 08:00:00+00:00,0.0
2009-12-04 09:00:00+00:00,0.0
2009-12-04 10:00:00+00:00,0.0
2009-12-04 11:00:00+00:00,0.0
2009-12-04 12:00:00+00:00,0.0
2009-12-04 13:00:00+00:00,0.0
2009-12-04 14:00:00+00:00,0.2677815
2009-12-04 15:00:00+00:00,0.3102419
2009-12-04 16:00:00+00:00,0.49752349999999995
2009-12-04 17:00:00+00:00,0.41112524
2009-12-04 18:00:00+00:00,0.45975396
2009-12-04 19:00:00+00:00,0.50567174
2009-12-04 20:00:00+00:00,0.5330261
2009-12-04 21:00:00+00:00,0.37537014
2009-12-04 22:00:00+00:00,0.0
2009-12-04 23:00:00+00:00,0.0
2009-12-05 00:00:00+00:00,0.0
2009-12-05 01:00:00+00:00,0.0
2009-12-05 02:00:00+00:00,0.0
2009-12-05 03:00:00+00:00,0.0
2009-12-05 04:00:00+00:00,0.0
2009-12-05 05:00:00+00:00,0.0
2009-12-05 06:00:00+00:00,0.0
2009-12-05 07:00:00+00:00,0.0
2009-12-05 08:00:00+00:00,0.0
2009-12-05 09:00:00+00:00,0.0
2009-12-05 10:00:00+00:00,0.0
2009-12-05 11:00:00+00:00,0.0
2009-12-05 12:00:00+00:00,0.0
2009-12-05 13:00:00+00:00,0.0
2009-12-05 14:00:00+00:00,0.37442797
2009-12-05 15:00:00+00:00,0.44591048
2009-12-05 16:00:00+00:00,0.35685214
2009-12-05 17:00:00+00:00,0.3607158
2009-12-05 18:00:00+00:00,0.34402119999999997
2009-12-05 19:00:00+00:00,0.38812622
2009-12-05 20:00:00+00:00,0.37846807
2009-12-05 21:00:00+00:00,0.123929076
2009-12-05 22:00:00+00:00,0.0
2009-12-05 23:00:00+00:00,0.0
2009-12-06 00:00:00+00:00,0.0
2009-12-06 01:00:00+00:00,0.0
2009-12-06 02:00:00+00:00,0.0
2009-12-06 03:00:00+00:00,0.0
2009-12-06 04:00:00+00:00,0.0
2009-12-06 05:00:00+00:00,0.0
2009-12-06 06:00:00+00:00,0.0
2009-12-06 07:00:00+00:00,0.0
2009-12-06 08:00:00+00:00,0.0
2009-12-06 09:00:00+00:00,0.0
2009-12-06 10:00:00+00:00,0.0
2009-12-06 11:00:00+00:00,0.0
2009-12-06 12:00:00+00:00,0.0
2009-12-06 13:00:00+00:00,0.0
2009-12-06 14:00:00+00:00,0.059904102
2009-12-06 15:00:00+00:00,0.016321989
2009-12-06 16:00:00+00:00,0.034142148
2009-12-06 17:00:00+00:00,0.013622306
2009-12-06 18:00:00+00:00,0.036754206
2009-12-06 19:00:00+00:00,0.02843977
2009-12-06 20:00:00+00:00,0.008306832
2009-12-06 21:00:00+00:00,0.011095093
2009-12-06 22:00:00+00:00,0.0
2009-12-06 23:00:00+00:00,0.0
2009-12-07 00:00:00+00:00,0.0
2009-12-07 01:00:00+00:00,0.0
2009-12-07 02:00:00+00:00,0.0
2009-12-07 03:00:00+00:00,0.0
2009-12-07 04:00:00+00:00,0.0
2009-12-07 05:00:00+00:00,0.0
2009-12-07 06:00:00+00:00,0.0
2009-12-07 07:00:00+00:00,0.0
2009-12-07 08:00:00+00:00,0.0
2009-12-07 09:00:00+00:00,0.0
2009-12-07 10:00:00+00:00,0.0
2009-12-07 11:00:00+00:00,0.0
2009-12-07 12:00:00+00:00,0.0
2009-12-07 13:00:00+00:00,0.0
2009-12-07 14:00:00+00:00,0.018256852
2009-12-07 15:00:00+00:00,0.055880465
2009-12-07 16:00:00+00:00,0.06532241
2009-12-07 17:00:00+00:00,0.018131698
2009-12-07 18:00:00+00:00,0.012454917
2009-12-07 19:00:00+00:00,0.009639739
2009-12-07 20:00:00+00:00,0.004922783
2009-12-07 21:00:00+00:00,0.013007407
2009-12-07 22:00:00+00:00,0.0
2009-12-07 23:00:00+00:00,0.0
2009-12-08 00:00:00+00:00,0.0
2009-12-08 01:00:00+00:00,0.0
2009-12-08 02:00:00+00:00,0.0
2009-12-08 03:00:00+00:00,0.0
2009-12-08 04:00:00+00:00,0.0
2009-12-08 05:00:00+00:00,0.0
2009-12-08 06:00:00+00:00,0.0
2009-12-08 07:00:00+00:00,0.0
2009-12-08 08:00:00+00:00,0.0
2009-12-08 09:00:00+00:00,0.0
2009-12-08 10:00:00+00:00,0.0
2009-12-08 11:00:00+00:00,0.0
2009-12-08 12:00:00+00:00,0.0
2009-12-08 13:00:00+00:00,0.0
2009-12-08 14:00:00+00:00,0.018744681000000003
2009-12-08 15:00:00+00:00,0.06565259400000001
2009-12-08 16:00:00+00:00,0.09839379
2009-12-08 17:00:00+00:00,0.31143862
2009-12-08 18:00:00+00:00,0.27905592
2009-12-08 19:00:00+00:00,0.3859006
2009-12-08 20:00:00+00:00,0.4839117
2009-12-08 21:00:00+00:00,0.25721565
2009-12-08 22:00:00+00:00,0.0
2009-12-08 23:00:00+00:00,0.0
2009-12-09 00:00:00+00:00,0.0
2009-12-09 01:00:00+00:00,0.0
2009-12-09 02:00:00+00:00,0.0
2009-12-09 03:00:00+00:00,0.0
2009-12-09 04:00:00+00:00,0.0
2009-12-09 05:00:00+00:00,0.0
2009-12-09 06:00:00+00:00,0.0
2009-12-09 07:00:00+00:00,0.0
2009-12-09 08:00:00+00:00,0.0
2009-12-09 09:00:00+00:00,0.0
2009-12-09 10:00:00+00:00,0.0
2009-12-09 11:00:00+00:00,0.0
2009-12-09 12:00:00+00:00,0.0
2009-12-09 13:00:00+00:00,0.0
2009-12-09 14:00:00+00:00,0.055786785
2009-12-09 15:00:00+00:00,0.11788129
2009-12-09 16:00:00+00:00,0.2333991
2009-12-09 17:00:00+00:00,0.32220024
2009-12-09 18:00:00+00:00,0.47383687
2009-12-09 19:00:00+00:00,0.5217430000000001
2009-12-09 20:00:00+00:00,0.55750674
2009-12-09 21:00:00+00:00,0.39117426
2009-12-09 22:00:00+00:00,0.0
2009-12-09 23:00:00+00:00,0.0
2009-12-10 00:00:00+00:00,0.0
2009-12-10 01:00:00+00:00,0.0
2009-12-10 02:00:00+00:00,0.0
2009-12-10 03:00:00+00:00,0.0
2009-12-10 04:00:00+00:00,0.0
2009-12-10 05:00:00+00:00,0.0
2009-12-10 06:00:00+00:00,0.0
2009-12-10 07:00:00+00:00,0.0
2009-12-10 08:00:00+00:00,0.0
2009-12-10 09:00:00+00:00,0.0
2009-12-10 10:00:00+00:00,0.0
2009-12-10 11:00:00+00:00,0.0
2009-12-10 12:00:00+00:00,0.0
2009-12-10 13:00:00+00:00,0.0
2009-12-10 14:00:00+00:00,0.18846703
2009-12-10 15:00:00+00:00,0.19428396
2009-12-10 16:00:00+00:00,0.44600302
2009-12-10 17:00:00+00:00,0.45838282
2009-12-10 18:00:00+00:00,0.45585304
2009-12-10 19:00:00+00:00,0.50308806
2009-12-10 20:00:00+00:00,0.53955716
2009-12-10 21:00:00+00:00,0.38858968
2009-12-10 22:00:00+00:00,0.0
2009-12-10 23:00:00+00:00,0.0
2009-12-11 00:00:00+00:00,0.0
2009-12-11 01:00:00+00:00,0.0
2009-12-11 02:00:00+00:00,0.0
2009-12-11 03:00:00+00:00,0.0
2009-12-11 04:00:00+00:00,0.0
2009-12-11 05:00:00+00:00,0.0
2009-12-11 06:00:00+00:00,0.0
2009-12-11 07:00:00+00:00,0.0
2009-12-11 08:00:00+00:00,0.0
2009-12-11 09:00:00+00:00,0.0
2009-12-11 10:00:00+00:00,0.0
2009-12-11 11:00:00+00:00,0.0
2009-12-11 12:00:00+00:00,0.0
2009-12-11 13:00:00+00:00,0.0
2009-12-11 14:00:00+00:00,0.292167
2009-12-11 15:00:00+00:00,0.50903046
2009-12-11 16:00:00+00:00,0.47455788
2009-12-11 17:00:00+00:00,0.42546606
2009-12-11 18:00:00+00:00,0.35309544
2009-12-11 19:00:00+00:00,0.2892063
2009-12-11 20:00:00+00:00,0.2034954
2009-12-11 21:00:00+00:00,0.018200807
2009-12-11 22:00:00+00:00,0.0
2009-12-11 23:00:00+00:00,0.0
2009-12-12 00:00:00+00:00,0.0
2009-12-12 01:00:00+00:00,0.0
2009-12-12 02:00:00+00:00,0.0
2009-12-12 03:00:00+00:00,0.0
2009-12-12 04:00:00+00:00,0.0
2009-12-12 05:00:00+00:00,0.0
2009-12-12 06:00:00+00:00,0.0
2009-12-12 07:00:00+00:00,0.0
2009-12-12 08:00:00+00:00,0.0
2009-12-12 09:00:00+00:00,0.0
2009-12-12 10:00:00+00:00,0.0
2009-12-12 11:00:00+00:00,0.0
2009-12-12 12:00:00+00:00,0.0
2009-12-12 13:00:00+00:00,0.0
2009-12-12 14:00:00+00:00,0.11783941
2009-12-12 15:00:00+00:00,0.0226987
2009-12-12 16:00:00+00:00,0.051317435
2009-12-12 17:00:00+00:00,0.047824144000000006
2009-12-12 18:00:00+00:00,0.03898967
2009-12-12 19:00:00+00:00,0.019561732
2009-12-12 20:00:00+00:00,0.016244856999999998
2009-12-12 21:00:00+00:00,0.015092636999999999
2009-12-12 22:00:00+00:00,0.0
2009-12-12 23:00:00+00:00,0.0
2009-12-13 00:00:00+00:00,0.0
2009-12-13 01:00:00+00:00,0.0
2009-12-13 02:00:00+00:00,0.0
2009-12-13 03:00:00+00:00,0.0
2009-12-13 04:00:00+00:00,0.0
2009-12-13 05:00:00+00:00,0.0
2009-12-13 06:00:00+00:00,0.0
2009-12-13 07:00:00+00:00,0.0
2009-12-13 08:00:00+00:00,0.0
2009-12-13 09:00:00+00:00,0.0
2009-12-13 10:00:00+00:00,0.0
2009-12-13 11:00:00+00:00,0.0
2009-12-13 12:00:00+00:00,0.0
2009-12-13 13:00:00+00:00,0.0
2009-12-13 14:00:00+00:00,0.02387095
2009-12-13 15:00:00+00:00,0.031841133
2009-12-13 16:00:00+00:00,0.12230073
2009-12-13 17:00:00+00:00,0.15450002
2009-12-13 18:00:00+00:00,0.19754425
2009-12-13 19:00:00+00:00,0.44529366
2009-12-13 20:00:00+00:00,0.38395596
2009-12-13 21:00:00+00:00,0.12873779999999999
2009-12-13 22:00:00+00:00,0.0
2009-12-13 23:00:00+00:00,0.0
2009-12-14 00:00:00+00:00,0.0
2009-12-14 01:00:00+00:00,0.0
2009-12-14 02:00:00+00:00,0.0
2009-12-14 03:00:00+00:00,0.0
2009-12-14 04:00:00+00:00,0.0
2009-12-14 05:00:00+00:00,0.0
2009-12-14 06:00:00+00:00,0.0
2009-12-14 07:00:00+00:00,0.0
2009-12-14 08:00:00+00:00,0.0
2009-12-14 09:00:00+00:00,0.0
2009-12-14 10:00:00+00:00,0.0
2009-12-14 11:00:00+00:00,0.0
2009-12-14 12:00:00+00:00,0.0
2009-12-14 13:00:00+00:00,0.0
2009-12-14 14:00:00+00:00,0.01844627
2009-12-14 15:00:00+00:00,0.015112571000000002
2009-12-14 16:00:00+00:00,0.019288598
2009-12-14 17:00:00+00:00,0.07285798
2009-12-14 18:00:00+00:00,0.07546943
2009-12-14 19:00:00+00:00,0.18595278
2009-12-14 20:00:00+00:00,0.19341059
2009-12-14 21:00:00+00:00,0.025675446
2009-12-14 22:00:00+00:00,0.0
2009-12-14 23:00:00+00:00,0.0
2009-12-15 00:00:00+00:00,0.0
2009-12-15 01:00:00+00:00,0.0
2009-12-15 02:00:00+00:00,0.0
2009-12-15 03:00:00+00:00,0.0
2009-12-15 04:00:00+00:00,0.0
2009-12-15 05:00:00+00:00,0.0
2009-12-15 06:00:00+00:00,0.0
2009-12-15 07:00:00+00:00,0.0
2009-12-15 08:00:00+00:00,0.0
2009-12-15 09:00:00+00:00,0.0
2009-12-15 10:00:00+00:00,0.0
2009-12-15 11:00:00+00:00,0.0
2009-12-15 12:00:00+00:00,0.0
2009-12-15 13:00:00+00:00,0.0
2009-12-15 14:00:00+00:00,0.33986875
2009-12-15 15:00:00+00:00,0.5243531
2009-12-15 16:00:00+00:00,0.49036103
2009-12-15 17:00:00+00:00,0.43890098
2009-12-15 18:00:00+00:00,0.43353516
2009-12-15 19:00:00+00:00,0.4763446
2009-12-15 20:00:00+00:00,0.5124656
2009-12-15 21:00:00+00:00,0.37428692
2009-12-15 22:00:00+00:00,0.0
2009-12-15 23:00:00+00:00,0.0
2009-12-16 00:00:00+00:00,0.0
2009-12-16 01:00:00+00:00,0.0
2009-12-16 02:00:00+00:00,0.0
2009-12-16 03:00:00+00:00,0.0
2009-12-16 04:00:00+00:00,0.0
2009-12-16 05:00:00+00:00,0.0
2009-12-16 06:00:00+00:00,0.0
2009-12-16 07:00:00+00:00,0.0
2009-12-16 08:00:00+00:00,0.0
2009-12-16 09:00:00+00:00,0.0
2009-12-16 10:00:00+00:00,0.0
2009-12-16 11:00:00+00:00,0.0
2009-12-16 12:00:00+00:00,0.0
2009-12-16 13:00:00+00:00,0.0
2009-12-16 14:00:00+00:00,0.20225671
2009-12-16 15:00:00+00:00,0.34800774
2009-12-16 16:00:00+00:00,0.4031479
2009-12-16 17:00:00+00:00,0.42743215
2009-12-16 18:00:00+00:00,0.3878607
2009-12-16 19:00:00+00:00,0.41333872
2009-12-16 20:00:00+00:00,0.17954814
2009-12-16 21:00:00+00:00,0.09961141
2009-12-16 22:00:00+00:00,0.0
2009-12-16 23:00:00+00:00,0.0
2009-12-17 00:00:00+00:00,0.0
2009-12-17 01:00:00+00:00,0.0
2009-12-17 02:00:00+00:00,0.0
2009-12-17 03:00:00+00:00,0.0
2009-12-17 04:00:00+00:00,0.0
2009-12-17 05:00:00+00:00,0.0
2009-12-17 06:00:00+00:00,0.0
2009-12-17 07:00:00+00:00,0.0
2009-12-17 08:00:00+00:00,0.0
2009-12-17 09:00:00+00:00,0.0
2009-12-17 10:00:00+00:00,0.0
2009-12-17 11:00:00+00:00,0.0
2009-12-17 12:00:00+00:00,0.0
2009-12-17 13:00:00+00:00,0.0
2009-12-17 14:00:00+00:00,0.0043029995
2009-12-17 15:00:00+00:00,0.026128758
2009-12-17 16:00:00+00:00,0.03403132
2009-12-17 17:00:00+00:00,0.032951243
2009-12-17 18:00:00+00:00,0.061930325
2009-12-17 19:00:00+00:00,0.032255944
2009-12-17 20:00:00+00:00,0.017084816
2009-12-17 21:00:00+00:00,0.0033478474
2009-12-17 22:00:00+00:00,0.0
2009-12-17 23:00:00+00:00,0.0
2009-12-18 00:00:00+00:00,0.0
2009-12-18 01:00:00+00:00,0.0
2009-12-18 02:00:00+00:00,0.0
2009-12-18 03:00:00+00:00,0.0
2009-12-18 04:00:00+00:00,0.0
2009-12-18 05:00:00+00:00,0.0
2009-12-18 06:00:00+00:00,0.0
2009-12-18 07:00:00+00:00,0.0
2009-12-18 08:00:00+00:00,0.0
2009-12-18 09:00:00+00:00,0.0
2009-12-18 10:00:00+00:00,0.0
2009-12-18 11:00:00+00:00,0.0
2009-12-18 12:00:00+00:00,0.0
2009-12-18 13:00:00+00:00,0.0
2009-12-18 14:00:00+00:00,0.049383894000000005
2009-12-18 15:00:00+00:00,0.010593901000000001
2009-12-18 16:00:00+00:00,0.042389143
2009-12-18 17:00:00+00:00,0.11215491
2009-12-18 18:00:00+00:00,0.09443660000000001
2009-12-18 19:00:00+00:00,0.06066617
2009-12-18 20:00:00+00:00,0.04140556
2009-12-18 21:00:00+00:00,0.004276824
2009-12-18 22:00:00+00:00,0.0
2009-12-18 23:00:00+00:00,0.0
2009-12-19 00:00:00+00:00,0.0
2009-12-19 01:00:00+00:00,0.0
2009-12-19 02:00:00+00:00,0.0
2009-12-19 03:00:00+00:00,0.0
2009-12-19 04:00:00+00:00,0.0
2009-12-19 05:00:00+00:00,0.0
2009-12-19 06:00:00+00:00,0.0
2009-12-19 07:00:00+00:00,0.0
2009-12-19 08:00:00+00:00,0.0
2009-12-19 09:00:00+00:00,0.0
2009-12-19 10:00:00+00:00,0.0
2009-12-19 11:00:00+00:00,0.0
2009-12-19 12:00:00+00:00,0.0
2009-12-19 13:00:00+00:00,0.0
2009-12-19 14:00:00+00:00,0.007619149
2009-12-19 15:00:00+00:00,0.023396537000000002
2009-12-19 16:00:00+00:00,0.043115575
2009-12-19 17:00:00+00:00,0.06370372
2009-12-19 18:00:00+00:00,0.03256182
2009-12-19 19:00:00+00:00,0.04658151
2009-12-19 20:00:00+00:00,0.03171497
2009-12-19 21:00:00+00:00,0.029336814
2009-12-19 22:00:00+00:00,0.0030798593
2009-12-19 23:00:00+00:00,0.0
2009-12-20 00:00:00+00:00,0.0
2009-12-20 01:00:00+00:00,0.0
2009-12-20 02:00:00+00:00,0.0
2009-12-20 03:00:00+00:00,0.0
2009-12-20 04:00:00+00:00,0.0
2009-12-20 05:00:00+00:00,0.0
2009-12-20 06:00:00+00:00,0.0
2009-12-20 07:00:00+00:00,0.0
2009-12-20 08:00:00+00:00,0.0
2009-12-20 09:00:00+00:00,0.0
2009-12-20 10:00:00+00:00,0.0
2009-12-20 11:00:00+00:00,0.0
2009-12-20 12:00:00+00:00,0.0
2009-12-20 13:00:00+00:00,0.0
2009-12-20 14:00:00+00:00,0.19537863
2009-12-20 15:00:00+00:00,0.015829861
2009-12-20 16:00:00+00:00,0.041524782999999996
2009-12-20 17:00:00+00:00,0.094469175
2009-12-20 18:00:00+00:00,0.09100461
2009-12-20 19:00:00+00:00,0.06995602
2009-12-20 20:00:00+00:00,0.07852399
2009-12-20 21:00:00+00:00,0.15114728
2009-12-20 22:00:00+00:00,0.011150156999999999
2009-12-20 23:00:00+00:00,0.0
2009-12-21 00:00:00+00:00,0.0
2009-12-21 01:00:00+00:00,0.0
2009-12-21 02:00:00+00:00,0.0
2009-12-21 03:00:00+00:00,0.0
2009-12-21 04:00:00+00:00,0.0
2009-12-21 05:00:00+00:00,0.0
2009-12-21 06:00:00+00:00,0.0
2009-12-21 07:00:00+00:00,0.0
2009-12-21 08:00:00+00:00,0.0
2009-12-21 09:00:00+00:00,0.0
2009-12-21 10:00:00+00:00,0.0
2009-12-21 11:00:00+00:00,0.0
2009-12-21 12:00:00+00:00,0.0
2009-12-21 13:00:00+00:00,0.0
2009-12-21 14:00:00+00:00,0.25542647
2009-12-21 15:00:00+00:00,0.23889564
2009-12-21 16:00:00+00:00,0.2743429
2009-12-21 17:00:00+00:00,0.41969759999999995
2009-12-21 18:00:00+00:00,0.41067976
2009-12-21 19:00:00+00:00,0.4364437
2009-12-21 20:00:00+00:00,0.47283316
2009-12-21 21:00:00+00:00,0.34832492
2009-12-21 22:00:00+00:00,0.019677727
2009-12-21 23:00:00+00:00,0.0
2009-12-22 00:00:00+00:00,0.0
2009-12-22 01:00:00+00:00,0.0
2009-12-22 02:00:00+00:00,0.0
2009-12-22 03:00:00+00:00,0.0
2009-12-22 04:00:00+00:00,0.0
2009-12-22 05:00:00+00:00,0.0
2009-12-22 06:00:00+00:00,0.0
2009-12-22 07:00:00+00:00,0.0
2009-12-22 08:00:00+00:00,0.0
2009-12-22 09:00:00+00:00,0.0
2009-12-22 10:00:00+00:00,0.0
2009-12-22 11:00:00+00:00,0.0
2009-12-22 12:00:00+00:00,0.0
2009-12-22 13:00:00+00:00,0.0
2009-12-22 14:00:00+00:00,0.195973
2009-12-22 15:00:00+00:00,0.44475546
2009-12-22 16:00:00+00:00,0.44463488
2009-12-22 17:00:00+00:00,0.40799266
2009-12-22 18:00:00+00:00,0.32583463
2009-12-22 19:00:00+00:00,0.26548445
2009-12-22 20:00:00+00:00,0.09603247
2009-12-22 21:00:00+00:00,0.13539094
2009-12-22 22:00:00+00:00,0.0020579596
2009-12-22 23:00:00+00:00,0.0
2009-12-23 00:00:00+00:00,0.0
2009-12-23 01:00:00+00:00,0.0
2009-12-23 02:00:00+00:00,0.0
2009-12-23 03:00:00+00:00,0.0
2009-12-23 04:00:00+00:00,0.0
2009-12-23 05:00:00+00:00,0.0
2009-12-23 06:00:00+00:00,0.0
2009-12-23 07:00:00+00:00,0.0
2009-12-23 08:00:00+00:00,0.0
2009-12-23 09:00:00+00:00,0.0
2009-12-23 10:00:00+00:00,0.0
2009-12-23 11:00:00+00:00,0.0
2009-12-23 12:00:00+00:00,0.0
2009-12-23 13:00:00+00:00,0.0
2009-12-23 14:00:00+00:00,0.040321499999999996
2009-12-23 15:00:00+00:00,0.21323103
2009-12-23 16:00:00+00:00,0.17074297
2009-12-23 17:00:00+00:00,0.24408135
2009-12-23 18:00:00+00:00,0.28438309999999994
2009-12-23 19:00:00+00:00,0.31868804
2009-12-23 20:00:00+00:00,0.24028076
2009-12-23 21:00:00+00:00,0.07855959
2009-12-23 22:00:00+00:00,0.00040491708
2009-12-23 23:00:00+00:00,0.0
2009-12-24 00:00:00+00:00,0.0
2009-12-24 01:00:00+00:00,0.0
2009-12-24 02:00:00+00:00,0.0
2009-12-24 03:00:00+00:00,0.0
2009-12-24 04:00:00+00:00,0.0
2009-12-24 05:00:00+00:00,0.0
2009-12-24 06:00:00+00:00,0.0
2009-12-24 07:00:00+00:00,0.0
2009-12-24 08:00:00+00:00,0.0
2009-12-24 09:00:00+00:00,0.0
2009-12-24 10:00:00+00:00,0.0
2009-12-24 11:00:00+00:00,0.0
2009-12-24 12:00:00+00:00,0.0
2009-12-24 13:00:00+00:00,0.0
2009-12-24 14:00:00+00:00,0.25465462
2009-12-24 15:00:00+00:00,0.3418368
2009-12-24 16:00:00+00:00,0.023570597000000002
2009-12-24 17:00:00+00:00,0.15767520000000002
2009-12-24 18:00:00+00:00,0.026179362
2009-12-24 19:00:00+00:00,0.021328932000000002
2009-12-24 20:00:00+00:00,0.106680125
2009-12-24 21:00:00+00:00,0.34141645
2009-12-24 22:00:00+00:00,0.03633836
2009-12-24 23:00:00+00:00,0.0
2009-12-25 00:00:00+00:00,0.0
2009-12-25 01:00:00+00:00,0.0
2009-12-25 02:00:00+00:00,0.0
2009-12-25 03:00:00+00:00,0.0
2009-12-25 04:00:00+00:00,0.0
2009-12-25 05:00:00+00:00,0.0
2009-12-25 06:00:00+00:00,0.0
2009-12-25 07:00:00+00:00,0.0
2009-12-25 08:00:00+00:00,0.0
2009-12-25 09:00:00+00:00,0.0
2009-12-25 10:00:00+00:00,0.0
2009-12-25 11:00:00+00:00,0.0
2009-12-25 12:00:00+00:00,0.0
2009-12-25 13:00:00+00:00,0.0
2009-12-25 14:00:00+00:00,0.30008826
2009-12-25 15:00:00+00:00,0.52536315
2009-12-25 16:00:00+00:00,0.5056577999999999
2009-12-25 17:00:00+00:00,0.45072782
2009-12-25 18:00:00+00:00,0.44011769999999995
2009-12-25 19:00:00+00:00,0.48188943
2009-12-25 20:00:00+00:00,0.5217721
2009-12-25 21:00:00+00:00,0.40134440000000005
2009-12-25 22:00:00+00:00,0.051050085999999995
2009-12-25 23:00:00+00:00,0.0
2009-12-26 00:00:00+00:00,0.0
2009-12-26 01:00:00+00:00,0.0
2009-12-26 02:00:00+00:00,0.0
2009-12-26 03:00:00+00:00,0.0
2009-12-26 04:00:00+00:00,0.0
2009-12-26 05:00:00+00:00,0.0
2009-12-26 06:00:00+00:00,0.0
2009-12-26 07:00:00+00:00,0.0
2009-12-26 08:00:00+00:00,0.0
2009-12-26 09:00:00+00:00,0.0
2009-12-26 10:00:00+00:00,0.0
2009-12-26 11:00:00+00:00,0.0
2009-12-26 12:00:00+00:00,0.0
2009-12-26 13:00:00+00:00,0.0
2009-12-26 14:00:00+00:00,0.28837246
2009-12-26 15:00:00+00:00,0.51286876
2009-12-26 16:00:00+00:00,0.49390963
2009-12-26 17:00:00+00:00,0.44088393
2009-12-26 18:00:00+00:00,0.33282188
2009-12-26 19:00:00+00:00,0.24169274
2009-12-26 20:00:00+00:00,0.05308663
2009-12-26 21:00:00+00:00,0.034713265
2009-12-26 22:00:00+00:00,0.0001385937
2009-12-26 23:00:00+00:00,0.0
2009-12-27 00:00:00+00:00,0.0
2009-12-27 01:00:00+00:00,0.0
2009-12-27 02:00:00+00:00,0.0
2009-12-27 03:00:00+00:00,0.0
2009-12-27 04:00:00+00:00,0.0
2009-12-27 05:00:00+00:00,0.0
2009-12-27 06:00:00+00:00,0.0
2009-12-27 07:00:00+00:00,0.0
2009-12-27 08:00:00+00:00,0.0
2009-12-27 09:00:00+00:00,0.0
2009-12-27 10:00:00+00:00,0.0
2009-12-27 11:00:00+00:00,0.0
2009-12-27 12:00:00+00:00,0.0
2009-12-27 13:00:00+00:00,0.0
2009-12-27 14:00:00+00:00,0.008298209
2009-12-27 15:00:00+00:00,0.030504772000000003
2009-12-27 16:00:00+00:00,0.13405734
2009-12-27 17:00:00+00:00,0.09750076
2009-12-27 18:00:00+00:00,0.0532034
2009-12-27 19:00:00+00:00,0.02514749
2009-12-27 20:00:00+00:00,0.01943021
2009-12-27 21:00:00+00:00,0.365502
2009-12-27 22:00:00+00:00,0.05293564
2009-12-27 23:00:00+00:00,0.0
2009-12-28 00:00:00+00:00,0.0
2009-12-28 01:00:00+00:00,0.0
2009-12-28 02:00:00+00:00,0.0
2009-12-28 03:00:00+00:00,0.0
2009-12-28 04:00:00+00:00,0.0
2009-12-28 05:00:00+00:00,0.0
2009-12-28 06:00:00+00:00,0.0
2009-12-28 07:00:00+00:00,0.0
2009-12-28 08:00:00+00:00,0.0
2009-12-28 09:00:00+00:00,0.0
2009-12-28 10:00:00+00:00,0.0
2009-12-28 11:00:00+00:00,0.0
2009-12-28 12:00:00+00:00,0.0
2009-12-28 13:00:00+00:00,0.0
2009-12-28 14:00:00+00:00,0.3047585
2009-12-28 15:00:00+00:00,0.5293111999999999
2009-12-28 16:00:00+00:00,0.508563
2009-12-28 17:00:00+00:00,0.45514312
2009-12-28 18:00:00+00:00,0.44238332
2009-12-28 19:00:00+00:00,0.4844011
2009-12-28 20:00:00+00:00,0.35492507
2009-12-28 21:00:00+00:00,0.09226327
2009-12-28 22:00:00+00:00,0.012623078000000001
2009-12-28 23:00:00+00:00,0.0
2009-12-29 00:00:00+00:00,0.0
2009-12-29 01:00:00+00:00,0.0
2009-12-29 02:00:00+00:00,0.0
2009-12-29 03:00:00+00:00,0.0
2009-12-29 04:00:00+00:00,0.0
2009-12-29 05:00:00+00:00,0.0
2009-12-29 06:00:00+00:00,0.0
2009-12-29 07:00:00+00:00,0.0
2009-12-29 08:00:00+00:00,0.0
2009-12-29 09:00:00+00:00,0.0
2009-12-29 10:00:00+00:00,0.0
2009-12-29 11:00:00+00:00,0.0
2009-12-29 12:00:00+00:00,0.0
2009-12-29 13:00:00+00:00,0.0
2009-12-29 14:00:00+00:00,0.0026736734000000002
2009-12-29 15:00:00+00:00,0.11674589
2009-12-29 16:00:00+00:00,0.088177085
2009-12-29 17:00:00+00:00,0.09784733
2009-12-29 18:00:00+00:00,0.22559673
2009-12-29 19:00:00+00:00,0.10452212400000001
2009-12-29 20:00:00+00:00,0.36706504
2009-12-29 21:00:00+00:00,0.03126757
2009-12-29 22:00:00+00:00,0.0015754668
2009-12-29 23:00:00+00:00,0.0
2009-12-30 00:00:00+00:00,0.0
2009-12-30 01:00:00+00:00,0.0
2009-12-30 02:00:00+00:00,0.0
2009-12-30 03:00:00+00:00,0.0
2009-12-30 04:00:00+00:00,0.0
2009-12-30 05:00:00+00:00,0.0
2009-12-30 06:00:00+00:00,0.0
2009-12-30 07:00:00+00:00,0.0
2009-12-30 08:00:00+00:00,0.0
2009-12-30 09:00:00+00:00,0.0
2009-12-30 10:00:00+00:00,0.0
2009-12-30 11:00:00+00:00,0.0
2009-12-30 12:00:00+00:00,0.0
2009-12-30 13:00:00+00:00,0.0
2009-12-30 14:00:00+00:00,0.0009540025999999999
2009-12-30 15:00:00+00:00,0.0017443881
2009-12-30 16:00:00+00:00,0.0075709997
2009-12-30 17:00:00+00:00,0.005256258000000001
2009-12-30 18:00:00+00:00,0.032342393
2009-12-30 19:00:00+00:00,0.0043012714
2009-12-30 20:00:00+00:00,0.016906831
2009-12-30 21:00:00+00:00,0.008419606
2009-12-30 22:00:00+00:00,0.013908512
2009-12-30 23:00:00+00:00,0.0
2009-12-31 00:00:00+00:00,0.0
2009-12-31 01:00:00+00:00,0.0
2009-12-31 02:00:00+00:00,0.0
2009-12-31 03:00:00+00:00,0.0
2009-12-31 04:00:00+00:00,0.0
2009-12-31 05:00:00+00:00,0.0
2009-12-31 06:00:00+00:00,0.0
2009-12-31 07:00:00+00:00,0.0
2009-12-31 08:00:00+00:00,0.0
2009-12-31 09:00:00+00:00,0.0
2009-12-31 10:00:00+00:00,0.0
2009-12-31 11:00:00+00:00,0.0
2009-12-31 12:00:00+00:00,0.0
2009-12-31 13:00:00+00:00,0.0
2009-12-31 14:00:00+00:00,0.30334040000000007
2009-12-31 15:00:00+00:00,0.53226036
2009-12-31 16:00:00+00:00,0.5169411
2009-12-31 17:00:00+00:00,0.46576434
2009-12-31 18:00:00+00:00,0.45112404
2009-12-31 19:00:00+00:00,0.49060747
2009-12-31 20:00:00+00:00,0.52467924
2009-12-31 21:00:00+00:00,0.42284164
2009-12-31 22:00:00+00:00,0.08543984
2009-12-31 23:00:00+00:00,0.0
2010-01-01 00:00:00+00:00,0.0
2010-01-01 01:00:00+00:00,0.0
2010-01-01 02:00:00+00:00,0.0
2010-01-01 03:00:00+00:00,0.0
2010-01-01 04:00:00+00:00,0.0
2010-01-01 05:00:00+00:00,0.0
2010-01-01 06:00:00+00:00,0.0
2010-01-01 07:00:00+00:00,0.0
2010-01-01 08:00:00+00:00,0.0
2010-01-01 09:00:00+00:00,0.0
2010-01-01 10:00:00+00:00,0.0
2010-01-01 11:00:00+00:00,0.0
2010-01-01 12:00:00+00:00,0.0
2010-01-01 13:00:00+00:00,0.0
2010-01-01 14:00:00+00:00,0.04571394
2010-01-01 15:00:00+00:00,0.08213102
2010-01-01 16:00:00+00:00,0.13265876
2010-01-01 17:00:00+00:00,0.18268646
2010-01-01 18:00:00+00:00,0.21371041
2010-01-01 19:00:00+00:00,0.21958525
2010-01-01 20:00:00+00:00,0.11379377
2010-01-01 21:00:00+00:00,0.35797286
2010-01-01 22:00:00+00:00,0.10626867
2010-01-01 23:00:00+00:00,0.0
2010-01-02 00:00:00+00:00,0.0
2010-01-02 01:00:00+00:00,0.0
2010-01-02 02:00:00+00:00,0.0
2010-01-02 03:00:00+00:00,0.0
2010-01-02 04:00:00+00:00,0.0
2010-01-02 05:00:00+00:00,0.0
2010-01-02 06:00:00+00:00,0.0
2010-01-02 07:00:00+00:00,0.0
2010-01-02 08:00:00+00:00,0.0
2010-01-02 09:00:00+00:00,0.0
2010-01-02 10:00:00+00:00,0.0
2010-01-02 11:00:00+00:00,0.0
2010-01-02 12:00:00+00:00,0.0
2010-01-02 13:00:00+00:00,0.0
2010-01-02 14:00:00+00:00,0.30459338
2010-01-02 15:00:00+00:00,0.54668576
2010-01-02 16:00:00+00:00,0.5384239000000001
2010-01-02 17:00:00+00:00,0.48433587
2010-01-02 18:00:00+00:00,0.46689385
2010-01-02 19:00:00+00:00,0.5075934
2010-01-02 20:00:00+00:00,0.5454941999999999
2010-01-02 21:00:00+00:00,0.2570595
2010-01-02 22:00:00+00:00,0.09077394
2010-01-02 23:00:00+00:00,0.0
2010-01-03 00:00:00+00:00,0.0
2010-01-03 01:00:00+00:00,0.0
2010-01-03 02:00:00+00:00,0.0
2010-01-03 03:00:00+00:00,0.0
2010-01-03 04:00:00+00:00,0.0
2010-01-03 05:00:00+00:00,0.0
2010-01-03 06:00:00+00:00,0.0
2010-01-03 07:00:00+00:00,0.0
2010-01-03 08:00:00+00:00,0.0
2010-01-03 09:00:00+00:00,0.0
2010-01-03 10:00:00+00:00,0.0
2010-01-03 11:00:00+00:00,0.0
2010-01-03 12:00:00+00:00,0.0
2010-01-03 13:00:00+00:00,0.0
2010-01-03 14:00:00+00:00,0.031862956
2010-01-03 15:00:00+00:00,0.08355610000000001
2010-01-03 16:00:00+00:00,0.14172183
2010-01-03 17:00:00+00:00,0.43216047
2010-01-03 18:00:00+00:00,0.27358562
2010-01-03 19:00:00+00:00,0.2767033
2010-01-03 20:00:00+00:00,0.49523549999999994
2010-01-03 21:00:00+00:00,0.37184596
2010-01-03 22:00:00+00:00,0.08978012
2010-01-03 23:00:00+00:00,0.0
2010-01-04 00:00:00+00:00,0.0
2010-01-04 01:00:00+00:00,0.0
2010-01-04 02:00:00+00:00,0.0
2010-01-04 03:00:00+00:00,0.0
2010-01-04 04:00:00+00:00,0.0
2010-01-04 05:00:00+00:00,0.0
2010-01-04 06:00:00+00:00,0.0
2010-01-04 07:00:00+00:00,0.0
2010-01-04 08:00:00+00:00,0.0
2010-01-04 09:00:00+00:00,0.0
2010-01-04 10:00:00+00:00,0.0
2010-01-04 11:00:00+00:00,0.0
2010-01-04 12:00:00+00:00,0.0
2010-01-04 13:00:00+00:00,0.0
2010-01-04 14:00:00+00:00,0.25599194
2010-01-04 15:00:00+00:00,0.23904958
2010-01-04 16:00:00+00:00,0.15358388
2010-01-04 17:00:00+00:00,0.18586867
2010-01-04 18:00:00+00:00,0.22574894
2010-01-04 19:00:00+00:00,0.38324640000000004
2010-01-04 20:00:00+00:00,0.41300708
2010-01-04 21:00:00+00:00,0.42053995
2010-01-04 22:00:00+00:00,0.10347132
2010-01-04 23:00:00+00:00,0.0
2010-01-05 00:00:00+00:00,0.0
2010-01-05 01:00:00+00:00,0.0
2010-01-05 02:00:00+00:00,0.0
2010-01-05 03:00:00+00:00,0.0
2010-01-05 04:00:00+00:00,0.0
2010-01-05 05:00:00+00:00,0.0
2010-01-05 06:00:00+00:00,0.0
2010-01-05 07:00:00+00:00,0.0
2010-01-05 08:00:00+00:00,0.0
2010-01-05 09:00:00+00:00,0.0
2010-01-05 10:00:00+00:00,0.0
2010-01-05 11:00:00+00:00,0.0
2010-01-05 12:00:00+00:00,0.0
2010-01-05 13:00:00+00:00,0.0
2010-01-05 14:00:00+00:00,0.011568543999999998
2010-01-05 15:00:00+00:00,0.062199965
2010-01-05 16:00:00+00:00,0.09615463
2010-01-05 17:00:00+00:00,0.08695686
2010-01-05 18:00:00+00:00,0.09629397
2010-01-05 19:00:00+00:00,0.07783666
2010-01-05 20:00:00+00:00,0.0711794
2010-01-05 21:00:00+00:00,0.047814567
2010-01-05 22:00:00+00:00,0.0072542354000000005
2010-01-05 23:00:00+00:00,0.0
2010-01-06 00:00:00+00:00,0.0
2010-01-06 01:00:00+00:00,0.0
2010-01-06 02:00:00+00:00,0.0
2010-01-06 03:00:00+00:00,0.0
2010-01-06 04:00:00+00:00,0.0
2010-01-06 05:00:00+00:00,0.0
2010-01-06 06:00:00+00:00,0.0
2010-01-06 07:00:00+00:00,0.0
2010-01-06 08:00:00+00:00,0.0
2010-01-06 09:00:00+00:00,0.0
2010-01-06 10:00:00+00:00,0.0
2010-01-06 11:00:00+00:00,0.0
2010-01-06 12:00:00+00:00,0.0
2010-01-06 13:00:00+00:00,0.0
2010-01-06 14:00:00+00:00,0.0035915894
2010-01-06 15:00:00+00:00,0.15603182
2010-01-06 16:00:00+00:00,0.008461271
2010-01-06 17:00:00+00:00,0.05033613
2010-01-06 18:00:00+00:00,0.0579379
2010-01-06 19:00:00+00:00,0.0616885
2010-01-06 20:00:00+00:00,0.09488207
2010-01-06 21:00:00+00:00,0.011163724
2010-01-06 22:00:00+00:00,0.0073692594
2010-01-06 23:00:00+00:00,0.0
2010-01-07 00:00:00+00:00,0.0
2010-01-07 01:00:00+00:00,0.0
2010-01-07 02:00:00+00:00,0.0
2010-01-07 03:00:00+00:00,0.0
2010-01-07 04:00:00+00:00,0.0
2010-01-07 05:00:00+00:00,0.0
2010-01-07 06:00:00+00:00,0.0
2010-01-07 07:00:00+00:00,0.0
2010-01-07 08:00:00+00:00,0.0
2010-01-07 09:00:00+00:00,0.0
2010-01-07 10:00:00+00:00,0.0
2010-01-07 11:00:00+00:00,0.0
2010-01-07 12:00:00+00:00,0.0
2010-01-07 13:00:00+00:00,0.0
2010-01-07 14:00:00+00:00,0.24309212
2010-01-07 15:00:00+00:00,0.04127515
2010-01-07 16:00:00+00:00,0.28356016
2010-01-07 17:00:00+00:00,0.4133656
2010-01-07 18:00:00+00:00,0.13900353
2010-01-07 19:00:00+00:00,0.20063720000000002
2010-01-07 20:00:00+00:00,0.19777799
2010-01-07 21:00:00+00:00,0.12829457
2010-01-07 22:00:00+00:00,0.09751156
2010-01-07 23:00:00+00:00,0.0
2010-01-08 00:00:00+00:00,0.0
2010-01-08 01:00:00+00:00,0.0
2010-01-08 02:00:00+00:00,0.0
2010-01-08 03:00:00+00:00,0.0
2010-01-08 04:00:00+00:00,0.0
2010-01-08 05:00:00+00:00,0.0
2010-01-08 06:00:00+00:00,0.0
2010-01-08 07:00:00+00:00,0.0
2010-01-08 08:00:00+00:00,0.0
2010-01-08 09:00:00+00:00,0.0
2010-01-08 10:00:00+00:00,0.0
2010-01-08 11:00:00+00:00,0.0
2010-01-08 12:00:00+00:00,0.0
2010-01-08 13:00:00+00:00,0.0
2010-01-08 14:00:00+00:00,0.019086946
2010-01-08 15:00:00+00:00,0.05269593
2010-01-08 16:00:00+00:00,0.08932575599999999
2010-01-08 17:00:00+00:00,0.14618349
2010-01-08 18:00:00+00:00,0.15322836
2010-01-08 19:00:00+00:00,0.15697272
2010-01-08 20:00:00+00:00,0.17127326
2010-01-08 21:00:00+00:00,0.0743333
2010-01-08 22:00:00+00:00,0.11000919999999999
2010-01-08 23:00:00+00:00,0.0
2010-01-09 00:00:00+00:00,0.0
2010-01-09 01:00:00+00:00,0.0
2010-01-09 02:00:00+00:00,0.0
2010-01-09 03:00:00+00:00,0.0
2010-01-09 04:00:00+00:00,0.0
2010-01-09 05:00:00+00:00,0.0
2010-01-09 06:00:00+00:00,0.0
2010-01-09 07:00:00+00:00,0.0
2010-01-09 08:00:00+00:00,0.0
2010-01-09 09:00:00+00:00,0.0
2010-01-09 10:00:00+00:00,0.0
2010-01-09 11:00:00+00:00,0.0
2010-01-09 12:00:00+00:00,0.0
2010-01-09 13:00:00+00:00,0.0
2010-01-09 14:00:00+00:00,0.019879203
2010-01-09 15:00:00+00:00,0.05003923
2010-01-09 16:00:00+00:00,0.08457519
2010-01-09 17:00:00+00:00,0.19684488
2010-01-09 18:00:00+00:00,0.3671498
2010-01-09 19:00:00+00:00,0.51141727
2010-01-09 20:00:00+00:00,0.5480017
2010-01-09 21:00:00+00:00,0.48633263
2010-01-09 22:00:00+00:00,0.1500059
2010-01-09 23:00:00+00:00,0.0
2010-01-10 00:00:00+00:00,0.0
2010-01-10 01:00:00+00:00,0.0
2010-01-10 02:00:00+00:00,0.0
2010-01-10 03:00:00+00:00,0.0
2010-01-10 04:00:00+00:00,0.0
2010-01-10 05:00:00+00:00,0.0
2010-01-10 06:00:00+00:00,0.0
2010-01-10 07:00:00+00:00,0.0
2010-01-10 08:00:00+00:00,0.0
2010-01-10 09:00:00+00:00,0.0
2010-01-10 10:00:00+00:00,0.0
2010-01-10 11:00:00+00:00,0.0
2010-01-10 12:00:00+00:00,0.0
2010-01-10 13:00:00+00:00,0.0
2010-01-10 14:00:00+00:00,0.02195996
2010-01-10 15:00:00+00:00,0.10205639
2010-01-10 16:00:00+00:00,0.18938123
2010-01-10 17:00:00+00:00,0.28581527
2010-01-10 18:00:00+00:00,0.15225671
2010-01-10 19:00:00+00:00,0.18911089
2010-01-10 20:00:00+00:00,0.07959983
2010-01-10 21:00:00+00:00,0.15379393
2010-01-10 22:00:00+00:00,0.12335879
2010-01-10 23:00:00+00:00,0.0
2010-01-11 00:00:00+00:00,0.0
2010-01-11 01:00:00+00:00,0.0
2010-01-11 02:00:00+00:00,0.0
2010-01-11 03:00:00+00:00,0.0
2010-01-11 04:00:00+00:00,0.0
2010-01-11 05:00:00+00:00,0.0
2010-01-11 06:00:00+00:00,0.0
2010-01-11 07:00:00+00:00,0.0
2010-01-11 08:00:00+00:00,0.0
2010-01-11 09:00:00+00:00,0.0
2010-01-11 10:00:00+00:00,0.0
2010-01-11 11:00:00+00:00,0.0
2010-01-11 12:00:00+00:00,0.0
2010-01-11 13:00:00+00:00,0.0
2010-01-11 14:00:00+00:00,0.03248226
2010-01-11 15:00:00+00:00,0.16802658
2010-01-11 16:00:00+00:00,0.45166376
2010-01-11 17:00:00+00:00,0.14844468
2010-01-11 18:00:00+00:00,0.20947021
2010-01-11 19:00:00+00:00,0.23665175
2010-01-11 20:00:00+00:00,0.30885250000000003
2010-01-11 21:00:00+00:00,0.35007071
2010-01-11 22:00:00+00:00,0.030319244
2010-01-11 23:00:00+00:00,0.0
2010-01-12 00:00:00+00:00,0.0
2010-01-12 01:00:00+00:00,0.0
2010-01-12 02:00:00+00:00,0.0
2010-01-12 03:00:00+00:00,0.0
2010-01-12 04:00:00+00:00,0.0
2010-01-12 05:00:00+00:00,0.0
2010-01-12 06:00:00+00:00,0.0
2010-01-12 07:00:00+00:00,0.0
2010-01-12 08:00:00+00:00,0.0
2010-01-12 09:00:00+00:00,0.0
2010-01-12 10:00:00+00:00,0.0
2010-01-12 11:00:00+00:00,0.0
2010-01-12 12:00:00+00:00,0.0
2010-01-12 13:00:00+00:00,0.0
2010-01-12 14:00:00+00:00,0.29935159999999994
2010-01-12 15:00:00+00:00,0.5433269000000001
2010-01-12 16:00:00+00:00,0.54125714
2010-01-12 17:00:00+00:00,0.49758779999999997
2010-01-12 18:00:00+00:00,0.47871974
2010-01-12 19:00:00+00:00,0.5120115
2010-01-12 20:00:00+00:00,0.550198
2010-01-12 21:00:00+00:00,0.49096927
2010-01-12 22:00:00+00:00,0.16156109
2010-01-12 23:00:00+00:00,0.0
2010-01-13 00:00:00+00:00,0.0
2010-01-13 01:00:00+00:00,0.0
2010-01-13 02:00:00+00:00,0.0
2010-01-13 03:00:00+00:00,0.0
2010-01-13 04:00:00+00:00,0.0
2010-01-13 05:00:00+00:00,0.0
2010-01-13 06:00:00+00:00,0.0
2010-01-13 07:00:00+00:00,0.0
2010-01-13 08:00:00+00:00,0.0
2010-01-13 09:00:00+00:00,0.0
2010-01-13 10:00:00+00:00,0.0
2010-01-13 11:00:00+00:00,0.0
2010-01-13 12:00:00+00:00,0.0
2010-01-13 13:00:00+00:00,0.0
2010-01-13 14:00:00+00:00,0.20862791
2010-01-13 15:00:00+00:00,0.5033025999999999
2010-01-13 16:00:00+00:00,0.50054485
2010-01-13 17:00:00+00:00,0.50837904
2010-01-13 18:00:00+00:00,0.46395516
2010-01-13 19:00:00+00:00,0.5145890999999999
2010-01-13 20:00:00+00:00,0.5513729
2010-01-13 21:00:00+00:00,0.25705838
2010-01-13 22:00:00+00:00,0.16545466
2010-01-13 23:00:00+00:00,0.0
2010-01-14 00:00:00+00:00,0.0
2010-01-14 01:00:00+00:00,0.0
2010-01-14 02:00:00+00:00,0.0
2010-01-14 03:00:00+00:00,0.0
2010-01-14 04:00:00+00:00,0.0
2010-01-14 05:00:00+00:00,0.0
2010-01-14 06:00:00+00:00,0.0
2010-01-14 07:00:00+00:00,0.0
2010-01-14 08:00:00+00:00,0.0
2010-01-14 09:00:00+00:00,0.0
2010-01-14 10:00:00+00:00,0.0
2010-01-14 11:00:00+00:00,0.0
2010-01-14 12:00:00+00:00,0.0
2010-01-14 13:00:00+00:00,0.0
2010-01-14 14:00:00+00:00,0.02678771
2010-01-14 15:00:00+00:00,0.17629074
2010-01-14 16:00:00+00:00,0.18528429
2010-01-14 17:00:00+00:00,0.28572083
2010-01-14 18:00:00+00:00,0.32929027
2010-01-14 19:00:00+00:00,0.42364973
2010-01-14 20:00:00+00:00,0.17813054
2010-01-14 21:00:00+00:00,0.41346723
2010-01-14 22:00:00+00:00,0.13076854
2010-01-14 23:00:00+00:00,0.0
2010-01-15 00:00:00+00:00,0.0
2010-01-15 01:00:00+00:00,0.0
2010-01-15 02:00:00+00:00,0.0
2010-01-15 03:00:00+00:00,0.0
2010-01-15 04:00:00+00:00,0.0
2010-01-15 05:00:00+00:00,0.0
2010-01-15 06:00:00+00:00,0.0
2010-01-15 07:00:00+00:00,0.0
2010-01-15 08:00:00+00:00,0.0
2010-01-15 09:00:00+00:00,0.0
2010-01-15 10:00:00+00:00,0.0
2010-01-15 11:00:00+00:00,0.0
2010-01-15 12:00:00+00:00,0.0
2010-01-15 13:00:00+00:00,0.0
2010-01-15 14:00:00+00:00,0.058714422999999995
2010-01-15 15:00:00+00:00,0.30134204
2010-01-15 16:00:00+00:00,0.342877
2010-01-15 17:00:00+00:00,0.31740043
2010-01-15 18:00:00+00:00,0.30828056
2010-01-15 19:00:00+00:00,0.31300026
2010-01-15 20:00:00+00:00,0.25028643
2010-01-15 21:00:00+00:00,0.18466602
2010-01-15 22:00:00+00:00,0.01488132
2010-01-15 23:00:00+00:00,0.0
2010-01-16 00:00:00+00:00,0.0
2010-01-16 01:00:00+00:00,0.0
2010-01-16 02:00:00+00:00,0.0
2010-01-16 03:00:00+00:00,0.0
2010-01-16 04:00:00+00:00,0.0
2010-01-16 05:00:00+00:00,0.0
2010-01-16 06:00:00+00:00,0.0
2010-01-16 07:00:00+00:00,0.0
2010-01-16 08:00:00+00:00,0.0
2010-01-16 09:00:00+00:00,0.0
2010-01-16 10:00:00+00:00,0.0
2010-01-16 11:00:00+00:00,0.0
2010-01-16 12:00:00+00:00,0.0
2010-01-16 13:00:00+00:00,0.0
2010-01-16 14:00:00+00:00,0.0040573464
2010-01-16 15:00:00+00:00,0.002185253
2010-01-16 16:00:00+00:00,0.01801032
2010-01-16 17:00:00+00:00,0.08372065
2010-01-16 18:00:00+00:00,0.09675043
2010-01-16 19:00:00+00:00,0.046083532
2010-01-16 20:00:00+00:00,0.048262097000000004
2010-01-16 21:00:00+00:00,0.022840222
2010-01-16 22:00:00+00:00,0.013289493000000001
2010-01-16 23:00:00+00:00,0.0
2010-01-17 00:00:00+00:00,0.0
2010-01-17 01:00:00+00:00,0.0
2010-01-17 02:00:00+00:00,0.0
2010-01-17 03:00:00+00:00,0.0
2010-01-17 04:00:00+00:00,0.0
2010-01-17 05:00:00+00:00,0.0
2010-01-17 06:00:00+00:00,0.0
2010-01-17 07:00:00+00:00,0.0
2010-01-17 08:00:00+00:00,0.0
2010-01-17 09:00:00+00:00,0.0
2010-01-17 10:00:00+00:00,0.0
2010-01-17 11:00:00+00:00,0.0
2010-01-17 12:00:00+00:00,0.0
2010-01-17 13:00:00+00:00,0.0
2010-01-17 14:00:00+00:00,0.30959317
2010-01-17 15:00:00+00:00,0.10020727
2010-01-17 16:00:00+00:00,0.22025158
2010-01-17 17:00:00+00:00,0.21330842
2010-01-17 18:00:00+00:00,0.17554209
2010-01-17 19:00:00+00:00,0.13559684
2010-01-17 20:00:00+00:00,0.13787709
2010-01-17 21:00:00+00:00,0.47083274
2010-01-17 22:00:00+00:00,0.16561131
2010-01-17 23:00:00+00:00,0.0
2010-01-18 00:00:00+00:00,0.0
2010-01-18 01:00:00+00:00,0.0
2010-01-18 02:00:00+00:00,0.0
2010-01-18 03:00:00+00:00,0.0
2010-01-18 04:00:00+00:00,0.0
2010-01-18 05:00:00+00:00,0.0
2010-01-18 06:00:00+00:00,0.0
2010-01-18 07:00:00+00:00,0.0
2010-01-18 08:00:00+00:00,0.0
2010-01-18 09:00:00+00:00,0.0
2010-01-18 10:00:00+00:00,0.0
2010-01-18 11:00:00+00:00,0.0
2010-01-18 12:00:00+00:00,0.0
2010-01-18 13:00:00+00:00,0.0
2010-01-18 14:00:00+00:00,0.26525542
2010-01-18 15:00:00+00:00,0.053998962000000005
2010-01-18 16:00:00+00:00,0.05027091
2010-01-18 17:00:00+00:00,0.097193986
2010-01-18 18:00:00+00:00,0.14086111
2010-01-18 19:00:00+00:00,0.04257124
2010-01-18 20:00:00+00:00,0.097585715
2010-01-18 21:00:00+00:00,0.12100696
2010-01-18 22:00:00+00:00,0.016085785
2010-01-18 23:00:00+00:00,0.0
2010-01-19 00:00:00+00:00,0.0
2010-01-19 01:00:00+00:00,0.0
2010-01-19 02:00:00+00:00,0.0
2010-01-19 03:00:00+00:00,0.0
2010-01-19 04:00:00+00:00,0.0
2010-01-19 05:00:00+00:00,0.0
2010-01-19 06:00:00+00:00,0.0
2010-01-19 07:00:00+00:00,0.0
2010-01-19 08:00:00+00:00,0.0
2010-01-19 09:00:00+00:00,0.0
2010-01-19 10:00:00+00:00,0.0
2010-01-19 11:00:00+00:00,0.0
2010-01-19 12:00:00+00:00,0.0
2010-01-19 13:00:00+00:00,0.0
2010-01-19 14:00:00+00:00,0.0057639116
2010-01-19 15:00:00+00:00,0.0027457506
2010-01-19 16:00:00+00:00,0.021003317
2010-01-19 17:00:00+00:00,0.019304667
2010-01-19 18:00:00+00:00,0.04642234
2010-01-19 19:00:00+00:00,0.06734346
2010-01-19 20:00:00+00:00,0.015339179
2010-01-19 21:00:00+00:00,0.016516283
2010-01-19 22:00:00+00:00,0.13122436
2010-01-19 23:00:00+00:00,0.0
2010-01-20 00:00:00+00:00,0.0
2010-01-20 01:00:00+00:00,0.0
2010-01-20 02:00:00+00:00,0.0
2010-01-20 03:00:00+00:00,0.0
2010-01-20 04:00:00+00:00,0.0
2010-01-20 05:00:00+00:00,0.0
2010-01-20 06:00:00+00:00,0.0
2010-01-20 07:00:00+00:00,0.0
2010-01-20 08:00:00+00:00,0.0
2010-01-20 09:00:00+00:00,0.0
2010-01-20 10:00:00+00:00,0.0
2010-01-20 11:00:00+00:00,0.0
2010-01-20 12:00:00+00:00,0.0
2010-01-20 13:00:00+00:00,0.0
2010-01-20 14:00:00+00:00,0.012696528
2010-01-20 15:00:00+00:00,0.010438783
2010-01-20 16:00:00+00:00,0.044721954
2010-01-20 17:00:00+00:00,0.072445005
2010-01-20 18:00:00+00:00,0.029237847999999997
2010-01-20 19:00:00+00:00,0.010812252
2010-01-20 20:00:00+00:00,0.41288954
2010-01-20 21:00:00+00:00,0.051971816
2010-01-20 22:00:00+00:00,0.18355535
2010-01-20 23:00:00+00:00,0.0
2010-01-21 00:00:00+00:00,0.0
2010-01-21 01:00:00+00:00,0.0
2010-01-21 02:00:00+00:00,0.0
2010-01-21 03:00:00+00:00,0.0
2010-01-21 04:00:00+00:00,0.0
2010-01-21 05:00:00+00:00,0.0
2010-01-21 06:00:00+00:00,0.0
2010-01-21 07:00:00+00:00,0.0
2010-01-21 08:00:00+00:00,0.0
2010-01-21 09:00:00+00:00,0.0
2010-01-21 10:00:00+00:00,0.0
2010-01-21 11:00:00+00:00,0.0
2010-01-21 12:00:00+00:00,0.0
2010-01-21 13:00:00+00:00,0.0
2010-01-21 14:00:00+00:00,0.26317877
2010-01-21 15:00:00+00:00,0.44204864
2010-01-21 16:00:00+00:00,0.170743
2010-01-21 17:00:00+00:00,0.05557631
2010-01-21 18:00:00+00:00,0.049612183
2010-01-21 19:00:00+00:00,0.32759243
2010-01-21 20:00:00+00:00,0.49761078
2010-01-21 21:00:00+00:00,0.435172
2010-01-21 22:00:00+00:00,0.16621062
2010-01-21 23:00:00+00:00,0.0
2010-01-22 00:00:00+00:00,0.0
2010-01-22 01:00:00+00:00,0.0
2010-01-22 02:00:00+00:00,0.0
2010-01-22 03:00:00+00:00,0.0
2010-01-22 04:00:00+00:00,0.0
2010-01-22 05:00:00+00:00,0.0
2010-01-22 06:00:00+00:00,0.0
2010-01-22 07:00:00+00:00,0.0
2010-01-22 08:00:00+00:00,0.0
2010-01-22 09:00:00+00:00,0.0
2010-01-22 10:00:00+00:00,0.0
2010-01-22 11:00:00+00:00,0.0
2010-01-22 12:00:00+00:00,0.0
2010-01-22 13:00:00+00:00,0.0
2010-01-22 14:00:00+00:00,0.029890087000000003
2010-01-22 15:00:00+00:00,0.022077294
2010-01-22 16:00:00+00:00,0.07959463
2010-01-22 17:00:00+00:00,0.16983737
2010-01-22 18:00:00+00:00,0.2579883
2010-01-22 19:00:00+00:00,0.16333163
2010-01-22 20:00:00+00:00,0.21064605
2010-01-22 21:00:00+00:00,0.21504791
2010-01-22 22:00:00+00:00,0.019797813
2010-01-22 23:00:00+00:00,0.0
2010-01-23 00:00:00+00:00,0.0
2010-01-23 01:00:00+00:00,0.0
2010-01-23 02:00:00+00:00,0.0
2010-01-23 03:00:00+00:00,0.0
2010-01-23 04:00:00+00:00,0.0
2010-01-23 05:00:00+00:00,0.0
2010-01-23 06:00:00+00:00,0.0
2010-01-23 07:00:00+00:00,0.0
2010-01-23 08:00:00+00:00,0.0
2010-01-23 09:00:00+00:00,0.0
2010-01-23 10:00:00+00:00,0.0
2010-01-23 11:00:00+00:00,0.0
2010-01-23 12:00:00+00:00,0.0
2010-01-23 13:00:00+00:00,0.0
2010-01-23 14:00:00+00:00,0.04082935
2010-01-23 15:00:00+00:00,0.14923763
2010-01-23 16:00:00+00:00,0.01593183
2010-01-23 17:00:00+00:00,0.016938735
2010-01-23 18:00:00+00:00,0.017700946000000002
2010-01-23 19:00:00+00:00,0.026345748
2010-01-23 20:00:00+00:00,0.0005923236599999999
2010-01-23 21:00:00+00:00,0.007447745
2010-01-23 22:00:00+00:00,0.0020018832
2010-01-23 23:00:00+00:00,0.0
2010-01-24 00:00:00+00:00,0.0
2010-01-24 01:00:00+00:00,0.0
2010-01-24 02:00:00+00:00,0.0
2010-01-24 03:00:00+00:00,0.0
2010-01-24 04:00:00+00:00,0.0
2010-01-24 05:00:00+00:00,0.0
2010-01-24 06:00:00+00:00,0.0
2010-01-24 07:00:00+00:00,0.0
2010-01-24 08:00:00+00:00,0.0
2010-01-24 09:00:00+00:00,0.0
2010-01-24 10:00:00+00:00,0.0
2010-01-24 11:00:00+00:00,0.0
2010-01-24 12:00:00+00:00,0.0
2010-01-24 13:00:00+00:00,0.0
2010-01-24 14:00:00+00:00,0.32660833
2010-01-24 15:00:00+00:00,0.06376504
2010-01-24 16:00:00+00:00,0.04393707
2010-01-24 17:00:00+00:00,0.091369435
2010-01-24 18:00:00+00:00,0.04018262
2010-01-24 19:00:00+00:00,0.071265
2010-01-24 20:00:00+00:00,0.2441886
2010-01-24 21:00:00+00:00,0.29125977
2010-01-24 22:00:00+00:00,0.006766927
2010-01-24 23:00:00+00:00,0.0
2010-01-25 00:00:00+00:00,0.0
2010-01-25 01:00:00+00:00,0.0
2010-01-25 02:00:00+00:00,0.0
2010-01-25 03:00:00+00:00,0.0
2010-01-25 04:00:00+00:00,0.0
2010-01-25 05:00:00+00:00,0.0
2010-01-25 06:00:00+00:00,0.0
2010-01-25 07:00:00+00:00,0.0
2010-01-25 08:00:00+00:00,0.0
2010-01-25 09:00:00+00:00,0.0
2010-01-25 10:00:00+00:00,0.0
2010-01-25 11:00:00+00:00,0.0
2010-01-25 12:00:00+00:00,0.0
2010-01-25 13:00:00+00:00,0.0
2010-01-25 14:00:00+00:00,0.018985651
2010-01-25 15:00:00+00:00,0.34938437
2010-01-25 16:00:00+00:00,0.5370828000000001
2010-01-25 17:00:00+00:00,0.19754243
2010-01-25 18:00:00+00:00,0.13413364
2010-01-25 19:00:00+00:00,0.21284398
2010-01-25 20:00:00+00:00,0.18486533
2010-01-25 21:00:00+00:00,0.040677894
2010-01-25 22:00:00+00:00,0.02981777
2010-01-25 23:00:00+00:00,0.0
2010-01-26 00:00:00+00:00,0.0
2010-01-26 01:00:00+00:00,0.0
2010-01-26 02:00:00+00:00,0.0
2010-01-26 03:00:00+00:00,0.0
2010-01-26 04:00:00+00:00,0.0
2010-01-26 05:00:00+00:00,0.0
2010-01-26 06:00:00+00:00,0.0
2010-01-26 07:00:00+00:00,0.0
2010-01-26 08:00:00+00:00,0.0
2010-01-26 09:00:00+00:00,0.0
2010-01-26 10:00:00+00:00,0.0
2010-01-26 11:00:00+00:00,0.0
2010-01-26 12:00:00+00:00,0.0
2010-01-26 13:00:00+00:00,0.0
2010-01-26 14:00:00+00:00,0.32339185
2010-01-26 15:00:00+00:00,0.39875165
2010-01-26 16:00:00+00:00,0.4281973
2010-01-26 17:00:00+00:00,0.37221748
2010-01-26 18:00:00+00:00,0.36979827
2010-01-26 19:00:00+00:00,0.5283696999999999
2010-01-26 20:00:00+00:00,0.5647619
2010-01-26 21:00:00+00:00,0.5236789000000001
2010-01-26 22:00:00+00:00,0.23087446
2010-01-26 23:00:00+00:00,0.0
2010-01-27 00:00:00+00:00,0.0
2010-01-27 01:00:00+00:00,0.0
2010-01-27 02:00:00+00:00,0.0
2010-01-27 03:00:00+00:00,0.0
2010-01-27 04:00:00+00:00,0.0
2010-01-27 05:00:00+00:00,0.0
2010-01-27 06:00:00+00:00,0.0
2010-01-27 07:00:00+00:00,0.0
2010-01-27 08:00:00+00:00,0.0
2010-01-27 09:00:00+00:00,0.0
2010-01-27 10:00:00+00:00,0.0
2010-01-27 11:00:00+00:00,0.0
2010-01-27 12:00:00+00:00,0.0
2010-01-27 13:00:00+00:00,0.0
2010-01-27 14:00:00+00:00,0.38438135
2010-01-27 15:00:00+00:00,0.61585283
2010-01-27 16:00:00+00:00,0.6030177
2010-01-27 17:00:00+00:00,0.55283123
2010-01-27 18:00:00+00:00,0.5304265
2010-01-27 19:00:00+00:00,0.5578601
2010-01-27 20:00:00+00:00,0.55600184
2010-01-27 21:00:00+00:00,0.20039296
2010-01-27 22:00:00+00:00,0.24993286
2010-01-27 23:00:00+00:00,0.0
2010-01-28 00:00:00+00:00,0.0
2010-01-28 01:00:00+00:00,0.0
2010-01-28 02:00:00+00:00,0.0
2010-01-28 03:00:00+00:00,0.0
2010-01-28 04:00:00+00:00,0.0
2010-01-28 05:00:00+00:00,0.0
2010-01-28 06:00:00+00:00,0.0
2010-01-28 07:00:00+00:00,0.0
2010-01-28 08:00:00+00:00,0.0
2010-01-28 09:00:00+00:00,0.0
2010-01-28 10:00:00+00:00,0.0
2010-01-28 11:00:00+00:00,0.0
2010-01-28 12:00:00+00:00,0.0
2010-01-28 13:00:00+00:00,0.0
2010-01-28 14:00:00+00:00,0.053604223
2010-01-28 15:00:00+00:00,0.041195855
2010-01-28 16:00:00+00:00,0.10263805
2010-01-28 17:00:00+00:00,0.11973003
2010-01-28 18:00:00+00:00,0.08305002
2010-01-28 19:00:00+00:00,0.13928337
2010-01-28 20:00:00+00:00,0.13220724
2010-01-28 21:00:00+00:00,0.06571001
2010-01-28 22:00:00+00:00,0.008531128
2010-01-28 23:00:00+00:00,0.0
2010-01-29 00:00:00+00:00,0.0
2010-01-29 01:00:00+00:00,0.0
2010-01-29 02:00:00+00:00,0.0
2010-01-29 03:00:00+00:00,0.0
2010-01-29 04:00:00+00:00,0.0
2010-01-29 05:00:00+00:00,0.0
2010-01-29 06:00:00+00:00,0.0
2010-01-29 07:00:00+00:00,0.0
2010-01-29 08:00:00+00:00,0.0
2010-01-29 09:00:00+00:00,0.0
2010-01-29 10:00:00+00:00,0.0
2010-01-29 11:00:00+00:00,0.0
2010-01-29 12:00:00+00:00,0.0
2010-01-29 13:00:00+00:00,0.0
2010-01-29 14:00:00+00:00,0.32597288
2010-01-29 15:00:00+00:00,0.05489382
2010-01-29 16:00:00+00:00,0.10616249
2010-01-29 17:00:00+00:00,0.2182915
2010-01-29 18:00:00+00:00,0.15569441
2010-01-29 19:00:00+00:00,0.11966983
2010-01-29 20:00:00+00:00,0.14036573
2010-01-29 21:00:00+00:00,0.12557727
2010-01-29 22:00:00+00:00,0.25897506
2010-01-29 23:00:00+00:00,0.0
2010-01-30 00:00:00+00:00,0.0
2010-01-30 01:00:00+00:00,0.0
2010-01-30 02:00:00+00:00,0.0
2010-01-30 03:00:00+00:00,0.0
2010-01-30 04:00:00+00:00,0.0
2010-01-30 05:00:00+00:00,0.0
2010-01-30 06:00:00+00:00,0.0
2010-01-30 07:00:00+00:00,0.0
2010-01-30 08:00:00+00:00,0.0
2010-01-30 09:00:00+00:00,0.0
2010-01-30 10:00:00+00:00,0.0
2010-01-30 11:00:00+00:00,0.0
2010-01-30 12:00:00+00:00,0.0
2010-01-30 13:00:00+00:00,0.0
2010-01-30 14:00:00+00:00,0.41765666
2010-01-30 15:00:00+00:00,0.6244453000000001
2010-01-30 16:00:00+00:00,0.6157553000000001
2010-01-30 17:00:00+00:00,0.5700586
2010-01-30 18:00:00+00:00,0.54763603
2010-01-30 19:00:00+00:00,0.5753865
2010-01-30 20:00:00+00:00,0.60972345
2010-01-30 21:00:00+00:00,0.5809810000000001
2010-01-30 22:00:00+00:00,0.29045388
2010-01-30 23:00:00+00:00,0.0
2010-01-31 00:00:00+00:00,0.0
2010-01-31 01:00:00+00:00,0.0
2010-01-31 02:00:00+00:00,0.0
2010-01-31 03:00:00+00:00,0.0
2010-01-31 04:00:00+00:00,0.0
2010-01-31 05:00:00+00:00,0.0
2010-01-31 06:00:00+00:00,0.0
2010-01-31 07:00:00+00:00,0.0
2010-01-31 08:00:00+00:00,0.0
2010-01-31 09:00:00+00:00,0.0
2010-01-31 10:00:00+00:00,0.0
2010-01-31 11:00:00+00:00,0.0
2010-01-31 12:00:00+00:00,0.0
2010-01-31 13:00:00+00:00,0.0
2010-01-31 14:00:00+00:00,0.102908045
2010-01-31 15:00:00+00:00,0.24394958
2010-01-31 16:00:00+00:00,0.29719076
2010-01-31 17:00:00+00:00,0.36514091
2010-01-31 18:00:00+00:00,0.40688086
2010-01-31 19:00:00+00:00,0.5433281999999999
2010-01-31 20:00:00+00:00,0.58799946
2010-01-31 21:00:00+00:00,0.55675536
2010-01-31 22:00:00+00:00,0.28717
2010-01-31 23:00:00+00:00,0.0
2010-02-01 00:00:00+00:00,0.0
2010-02-01 01:00:00+00:00,0.0
2010-02-01 02:00:00+00:00,0.0
2010-02-01 03:00:00+00:00,0.0
2010-02-01 04:00:00+00:00,0.0
2010-02-01 05:00:00+00:00,0.0
2010-02-01 06:00:00+00:00,0.0
2010-02-01 07:00:00+00:00,0.0
2010-02-01 08:00:00+00:00,0.0
2010-02-01 09:00:00+00:00,0.0
2010-02-01 10:00:00+00:00,0.0
2010-02-01 11:00:00+00:00,0.0
2010-02-01 12:00:00+00:00,0.0
2010-02-01 13:00:00+00:00,0.0
2010-02-01 14:00:00+00:00,0.007975765
2010-02-01 15:00:00+00:00,0.054464895
2010-02-01 16:00:00+00:00,0.13567686
2010-02-01 17:00:00+00:00,0.18711095
2010-02-01 18:00:00+00:00,0.27240375
2010-02-01 19:00:00+00:00,0.23165463
2010-02-01 20:00:00+00:00,0.40088403
2010-02-01 21:00:00+00:00,0.12107293
2010-02-01 22:00:00+00:00,0.08510988
2010-02-01 23:00:00+00:00,0.0
2010-02-02 00:00:00+00:00,0.0
2010-02-02 01:00:00+00:00,0.0
2010-02-02 02:00:00+00:00,0.0
2010-02-02 03:00:00+00:00,0.0
2010-02-02 04:00:00+00:00,0.0
2010-02-02 05:00:00+00:00,0.0
2010-02-02 06:00:00+00:00,0.0
2010-02-02 07:00:00+00:00,0.0
2010-02-02 08:00:00+00:00,0.0
2010-02-02 09:00:00+00:00,0.0
2010-02-02 10:00:00+00:00,0.0
2010-02-02 11:00:00+00:00,0.0
2010-02-02 12:00:00+00:00,0.0
2010-02-02 13:00:00+00:00,0.0
2010-02-02 14:00:00+00:00,0.24836431
2010-02-02 15:00:00+00:00,0.16688703
2010-02-02 16:00:00+00:00,0.27946904
2010-02-02 17:00:00+00:00,0.25376958
2010-02-02 18:00:00+00:00,0.39307648
2010-02-02 19:00:00+00:00,0.5480603000000001
2010-02-02 20:00:00+00:00,0.5400931
2010-02-02 21:00:00+00:00,0.5205046
2010-02-02 22:00:00+00:00,0.2864384
2010-02-02 23:00:00+00:00,0.0
2010-02-03 00:00:00+00:00,0.0
2010-02-03 01:00:00+00:00,0.0
2010-02-03 02:00:00+00:00,0.0
2010-02-03 03:00:00+00:00,0.0
2010-02-03 04:00:00+00:00,0.0
2010-02-03 05:00:00+00:00,0.0
2010-02-03 06:00:00+00:00,0.0
2010-02-03 07:00:00+00:00,0.0
2010-02-03 08:00:00+00:00,0.0
2010-02-03 09:00:00+00:00,0.0
2010-02-03 10:00:00+00:00,0.0
2010-02-03 11:00:00+00:00,0.0
2010-02-03 12:00:00+00:00,0.0
2010-02-03 13:00:00+00:00,0.0
2010-02-03 14:00:00+00:00,0.12944396
2010-02-03 15:00:00+00:00,0.18969154
2010-02-03 16:00:00+00:00,0.24767779999999998
2010-02-03 17:00:00+00:00,0.30242568
2010-02-03 18:00:00+00:00,0.31503573
2010-02-03 19:00:00+00:00,0.33796856
2010-02-03 20:00:00+00:00,0.30511928
2010-02-03 21:00:00+00:00,0.24765761
2010-02-03 22:00:00+00:00,0.1239357
2010-02-03 23:00:00+00:00,0.0
2010-02-04 00:00:00+00:00,0.0
2010-02-04 01:00:00+00:00,0.0
2010-02-04 02:00:00+00:00,0.0
2010-02-04 03:00:00+00:00,0.0
2010-02-04 04:00:00+00:00,0.0
2010-02-04 05:00:00+00:00,0.0
2010-02-04 06:00:00+00:00,0.0
2010-02-04 07:00:00+00:00,0.0
2010-02-04 08:00:00+00:00,0.0
2010-02-04 09:00:00+00:00,0.0
2010-02-04 10:00:00+00:00,0.0
2010-02-04 11:00:00+00:00,0.0
2010-02-04 12:00:00+00:00,0.0
2010-02-04 13:00:00+00:00,0.0
2010-02-04 14:00:00+00:00,0.0049399896999999995
2010-02-04 15:00:00+00:00,0.09106839
2010-02-04 16:00:00+00:00,0.037419423
2010-02-04 17:00:00+00:00,0.10526626
2010-02-04 18:00:00+00:00,0.07169048
2010-02-04 19:00:00+00:00,0.13503863
2010-02-04 20:00:00+00:00,0.055047717
2010-02-04 21:00:00+00:00,0.029346902
2010-02-04 22:00:00+00:00,0.03638205
2010-02-04 23:00:00+00:00,0.0
2010-02-05 00:00:00+00:00,0.0
2010-02-05 01:00:00+00:00,0.0
2010-02-05 02:00:00+00:00,0.0
2010-02-05 03:00:00+00:00,0.0
2010-02-05 04:00:00+00:00,0.0
2010-02-05 05:00:00+00:00,0.0
2010-02-05 06:00:00+00:00,0.0
2010-02-05 07:00:00+00:00,0.0
2010-02-05 08:00:00+00:00,0.0
2010-02-05 09:00:00+00:00,0.0
2010-02-05 10:00:00+00:00,0.0
2010-02-05 11:00:00+00:00,0.0
2010-02-05 12:00:00+00:00,0.0
2010-02-05 13:00:00+00:00,0.008230249
2010-02-05 14:00:00+00:00,0.0016230189999999999
2010-02-05 15:00:00+00:00,0.00893524
2010-02-05 16:00:00+00:00,0.02334213
2010-02-05 17:00:00+00:00,0.040799852000000005
2010-02-05 18:00:00+00:00,0.042302843
2010-02-05 19:00:00+00:00,0.058071844000000004
2010-02-05 20:00:00+00:00,0.016373231999999998
2010-02-05 21:00:00+00:00,0.0071646785
2010-02-05 22:00:00+00:00,0.0010736905
2010-02-05 23:00:00+00:00,0.0
2010-02-06 00:00:00+00:00,0.0
2010-02-06 01:00:00+00:00,0.0
2010-02-06 02:00:00+00:00,0.0
2010-02-06 03:00:00+00:00,0.0
2010-02-06 04:00:00+00:00,0.0
2010-02-06 05:00:00+00:00,0.0
2010-02-06 06:00:00+00:00,0.0
2010-02-06 07:00:00+00:00,0.0
2010-02-06 08:00:00+00:00,0.0
2010-02-06 09:00:00+00:00,0.0
2010-02-06 10:00:00+00:00,0.0
2010-02-06 11:00:00+00:00,0.0
2010-02-06 12:00:00+00:00,0.0
2010-02-06 13:00:00+00:00,0.029631715
2010-02-06 14:00:00+00:00,0.26030776
2010-02-06 15:00:00+00:00,0.08216154
2010-02-06 16:00:00+00:00,0.13668297
2010-02-06 17:00:00+00:00,0.20409621
2010-02-06 18:00:00+00:00,0.1981086
2010-02-06 19:00:00+00:00,0.112905614
2010-02-06 20:00:00+00:00,0.11879821
2010-02-06 21:00:00+00:00,0.07254559
2010-02-06 22:00:00+00:00,0.05282462
2010-02-06 23:00:00+00:00,0.0
2010-02-07 00:00:00+00:00,0.0
2010-02-07 01:00:00+00:00,0.0
2010-02-07 02:00:00+00:00,0.0
2010-02-07 03:00:00+00:00,0.0
2010-02-07 04:00:00+00:00,0.0
2010-02-07 05:00:00+00:00,0.0
2010-02-07 06:00:00+00:00,0.0
2010-02-07 07:00:00+00:00,0.0
2010-02-07 08:00:00+00:00,0.0
2010-02-07 09:00:00+00:00,0.0
2010-02-07 10:00:00+00:00,0.0
2010-02-07 11:00:00+00:00,0.0
2010-02-07 12:00:00+00:00,0.0
2010-02-07 13:00:00+00:00,0.0015647374
2010-02-07 14:00:00+00:00,0.08027223
2010-02-07 15:00:00+00:00,0.20922245
2010-02-07 16:00:00+00:00,0.20640765
2010-02-07 17:00:00+00:00,0.28433678
2010-02-07 18:00:00+00:00,0.25368363
2010-02-07 19:00:00+00:00,0.05455105
2010-02-07 20:00:00+00:00,0.13601367
2010-02-07 21:00:00+00:00,0.11180522
2010-02-07 22:00:00+00:00,0.024337772
2010-02-07 23:00:00+00:00,0.0
2010-02-08 00:00:00+00:00,0.0
2010-02-08 01:00:00+00:00,0.0
2010-02-08 02:00:00+00:00,0.0
2010-02-08 03:00:00+00:00,0.0
2010-02-08 04:00:00+00:00,0.0
2010-02-08 05:00:00+00:00,0.0
2010-02-08 06:00:00+00:00,0.0
2010-02-08 07:00:00+00:00,0.0
2010-02-08 08:00:00+00:00,0.0
2010-02-08 09:00:00+00:00,0.0
2010-02-08 10:00:00+00:00,0.0
2010-02-08 11:00:00+00:00,0.0
2010-02-08 12:00:00+00:00,0.0
2010-02-08 13:00:00+00:00,0.0
2010-02-08 14:00:00+00:00,0.009811225
2010-02-08 15:00:00+00:00,0.06741292
2010-02-08 16:00:00+00:00,0.010297064
2010-02-08 17:00:00+00:00,0.076292366
2010-02-08 18:00:00+00:00,0.08747358599999999
2010-02-08 19:00:00+00:00,0.081138045
2010-02-08 20:00:00+00:00,0.051673707
2010-02-08 21:00:00+00:00,0.017914739
2010-02-08 22:00:00+00:00,0.019705076000000002
2010-02-08 23:00:00+00:00,0.0
2010-02-09 00:00:00+00:00,0.0
2010-02-09 01:00:00+00:00,0.0
2010-02-09 02:00:00+00:00,0.0
2010-02-09 03:00:00+00:00,0.0
2010-02-09 04:00:00+00:00,0.0
2010-02-09 05:00:00+00:00,0.0
2010-02-09 06:00:00+00:00,0.0
2010-02-09 07:00:00+00:00,0.0
2010-02-09 08:00:00+00:00,0.0
2010-02-09 09:00:00+00:00,0.0
2010-02-09 10:00:00+00:00,0.0
2010-02-09 11:00:00+00:00,0.0
2010-02-09 12:00:00+00:00,0.0
2010-02-09 13:00:00+00:00,0.0007666224
2010-02-09 14:00:00+00:00,0.03583691
2010-02-09 15:00:00+00:00,0.051360413
2010-02-09 16:00:00+00:00,0.08877557
2010-02-09 17:00:00+00:00,0.08082636
2010-02-09 18:00:00+00:00,0.111149184
2010-02-09 19:00:00+00:00,0.14341159
2010-02-09 20:00:00+00:00,0.07463159
2010-02-09 21:00:00+00:00,0.05910838
2010-02-09 22:00:00+00:00,0.019300502
2010-02-09 23:00:00+00:00,0.0
2010-02-10 00:00:00+00:00,0.0
2010-02-10 01:00:00+00:00,0.0
2010-02-10 02:00:00+00:00,0.0
2010-02-10 03:00:00+00:00,0.0
2010-02-10 04:00:00+00:00,0.0
2010-02-10 05:00:00+00:00,0.0
2010-02-10 06:00:00+00:00,0.0
2010-02-10 07:00:00+00:00,0.0
2010-02-10 08:00:00+00:00,0.0
2010-02-10 09:00:00+00:00,0.0
2010-02-10 10:00:00+00:00,0.0
2010-02-10 11:00:00+00:00,0.0
2010-02-10 12:00:00+00:00,0.0
2010-02-10 13:00:00+00:00,0.08059947
2010-02-10 14:00:00+00:00,0.024340345
2010-02-10 15:00:00+00:00,0.103029445
2010-02-10 16:00:00+00:00,0.08979390599999999
2010-02-10 17:00:00+00:00,0.12857306
2010-02-10 18:00:00+00:00,0.16956387
2010-02-10 19:00:00+00:00,0.17075533
2010-02-10 20:00:00+00:00,0.14035994
2010-02-10 21:00:00+00:00,0.33766025
2010-02-10 22:00:00+00:00,0.38448998
2010-02-10 23:00:00+00:00,0.0
2010-02-11 00:00:00+00:00,0.0
2010-02-11 01:00:00+00:00,0.0
2010-02-11 02:00:00+00:00,0.0
2010-02-11 03:00:00+00:00,0.0
2010-02-11 04:00:00+00:00,0.0
2010-02-11 05:00:00+00:00,0.0
2010-02-11 06:00:00+00:00,0.0
2010-02-11 07:00:00+00:00,0.0
2010-02-11 08:00:00+00:00,0.0
2010-02-11 09:00:00+00:00,0.0
2010-02-11 10:00:00+00:00,0.0
2010-02-11 11:00:00+00:00,0.0
2010-02-11 12:00:00+00:00,0.0
2010-02-11 13:00:00+00:00,0.088318214
2010-02-11 14:00:00+00:00,0.47749895
2010-02-11 15:00:00+00:00,0.640311
2010-02-11 16:00:00+00:00,0.6403339
2010-02-11 17:00:00+00:00,0.607221
2010-02-11 18:00:00+00:00,0.4609098
2010-02-11 19:00:00+00:00,0.49880776
2010-02-11 20:00:00+00:00,0.5101852
2010-02-11 21:00:00+00:00,0.5573814
2010-02-11 22:00:00+00:00,0.22733565
2010-02-11 23:00:00+00:00,0.0
2010-02-12 00:00:00+00:00,0.0
2010-02-12 01:00:00+00:00,0.0
2010-02-12 02:00:00+00:00,0.0
2010-02-12 03:00:00+00:00,0.0
2010-02-12 04:00:00+00:00,0.0
2010-02-12 05:00:00+00:00,0.0
2010-02-12 06:00:00+00:00,0.0
2010-02-12 07:00:00+00:00,0.0
2010-02-12 08:00:00+00:00,0.0
2010-02-12 09:00:00+00:00,0.0
2010-02-12 10:00:00+00:00,0.0
2010-02-12 11:00:00+00:00,0.0
2010-02-12 12:00:00+00:00,0.0
2010-02-12 13:00:00+00:00,0.0006811679
2010-02-12 14:00:00+00:00,0.024234675
2010-02-12 15:00:00+00:00,0.13656965
2010-02-12 16:00:00+00:00,0.17664471
2010-02-12 17:00:00+00:00,0.21403337
2010-02-12 18:00:00+00:00,0.20526801
2010-02-12 19:00:00+00:00,0.19760273
2010-02-12 20:00:00+00:00,0.25820336
2010-02-12 21:00:00+00:00,0.62224555
2010-02-12 22:00:00+00:00,0.3060393
2010-02-12 23:00:00+00:00,0.0
2010-02-13 00:00:00+00:00,0.0
2010-02-13 01:00:00+00:00,0.0
2010-02-13 02:00:00+00:00,0.0
2010-02-13 03:00:00+00:00,0.0
2010-02-13 04:00:00+00:00,0.0
2010-02-13 05:00:00+00:00,0.0
2010-02-13 06:00:00+00:00,0.0
2010-02-13 07:00:00+00:00,0.0
2010-02-13 08:00:00+00:00,0.0
2010-02-13 09:00:00+00:00,0.0
2010-02-13 10:00:00+00:00,0.0
2010-02-13 11:00:00+00:00,0.0
2010-02-13 12:00:00+00:00,0.0
2010-02-13 13:00:00+00:00,0.0029241379999999997
2010-02-13 14:00:00+00:00,0.088653766
2010-02-13 15:00:00+00:00,0.22350992
2010-02-13 16:00:00+00:00,0.31035772
2010-02-13 17:00:00+00:00,0.28848833
2010-02-13 18:00:00+00:00,0.32834262
2010-02-13 19:00:00+00:00,0.21411581
2010-02-13 20:00:00+00:00,0.14941444
2010-02-13 21:00:00+00:00,0.07213861
2010-02-13 22:00:00+00:00,0.015993837
2010-02-13 23:00:00+00:00,0.0
2010-02-14 00:00:00+00:00,0.0
2010-02-14 01:00:00+00:00,0.0
2010-02-14 02:00:00+00:00,0.0
2010-02-14 03:00:00+00:00,0.0
2010-02-14 04:00:00+00:00,0.0
2010-02-14 05:00:00+00:00,0.0
2010-02-14 06:00:00+00:00,0.0
2010-02-14 07:00:00+00:00,0.0
2010-02-14 08:00:00+00:00,0.0
2010-02-14 09:00:00+00:00,0.0
2010-02-14 10:00:00+00:00,0.0
2010-02-14 11:00:00+00:00,0.0
2010-02-14 12:00:00+00:00,0.0
2010-02-14 13:00:00+00:00,0.0012520632000000002
2010-02-14 14:00:00+00:00,0.018362438000000002
2010-02-14 15:00:00+00:00,0.024112169
2010-02-14 16:00:00+00:00,0.12994373
2010-02-14 17:00:00+00:00,0.07089296
2010-02-14 18:00:00+00:00,0.09257343
2010-02-14 19:00:00+00:00,0.14336747
2010-02-14 20:00:00+00:00,0.100175865
2010-02-14 21:00:00+00:00,0.13564044
2010-02-14 22:00:00+00:00,0.030897282
2010-02-14 23:00:00+00:00,0.0
2010-02-15 00:00:00+00:00,0.0
2010-02-15 01:00:00+00:00,0.0
2010-02-15 02:00:00+00:00,0.0
2010-02-15 03:00:00+00:00,0.0
2010-02-15 04:00:00+00:00,0.0
2010-02-15 05:00:00+00:00,0.0
2010-02-15 06:00:00+00:00,0.0
2010-02-15 07:00:00+00:00,0.0
2010-02-15 08:00:00+00:00,0.0
2010-02-15 09:00:00+00:00,0.0
2010-02-15 10:00:00+00:00,0.0
2010-02-15 11:00:00+00:00,0.0
2010-02-15 12:00:00+00:00,0.0
2010-02-15 13:00:00+00:00,0.0045208633000000005
2010-02-15 14:00:00+00:00,0.019014168999999997
2010-02-15 15:00:00+00:00,0.07629395
2010-02-15 16:00:00+00:00,0.07782943
2010-02-15 17:00:00+00:00,0.13261320000000001
2010-02-15 18:00:00+00:00,0.08768748
2010-02-15 19:00:00+00:00,0.08417443
2010-02-15 20:00:00+00:00,0.14307246
2010-02-15 21:00:00+00:00,0.13688101
2010-02-15 22:00:00+00:00,0.014281324
2010-02-15 23:00:00+00:00,0.0
2010-02-16 00:00:00+00:00,0.0
2010-02-16 01:00:00+00:00,0.0
2010-02-16 02:00:00+00:00,0.0
2010-02-16 03:00:00+00:00,0.0
2010-02-16 04:00:00+00:00,0.0
2010-02-16 05:00:00+00:00,0.0
2010-02-16 06:00:00+00:00,0.0
2010-02-16 07:00:00+00:00,0.0
2010-02-16 08:00:00+00:00,0.0
2010-02-16 09:00:00+00:00,0.0
2010-02-16 10:00:00+00:00,0.0
2010-02-16 11:00:00+00:00,0.0
2010-02-16 12:00:00+00:00,0.0
2010-02-16 13:00:00+00:00,0.0021612912
2010-02-16 14:00:00+00:00,0.03617576
2010-02-16 15:00:00+00:00,0.07958168
2010-02-16 16:00:00+00:00,0.17899376
2010-02-16 17:00:00+00:00,0.16093995
2010-02-16 18:00:00+00:00,0.21278675
2010-02-16 19:00:00+00:00,0.20518743
2010-02-16 20:00:00+00:00,0.09538932
2010-02-16 21:00:00+00:00,0.057422827999999995
2010-02-16 22:00:00+00:00,0.01590688
2010-02-16 23:00:00+00:00,0.0
2010-02-17 00:00:00+00:00,0.0
2010-02-17 01:00:00+00:00,0.0
2010-02-17 02:00:00+00:00,0.0
2010-02-17 03:00:00+00:00,0.0
2010-02-17 04:00:00+00:00,0.0
2010-02-17 05:00:00+00:00,0.0
2010-02-17 06:00:00+00:00,0.0
2010-02-17 07:00:00+00:00,0.0
2010-02-17 08:00:00+00:00,0.0
2010-02-17 09:00:00+00:00,0.0
2010-02-17 10:00:00+00:00,0.0
2010-02-17 11:00:00+00:00,0.0
2010-02-17 12:00:00+00:00,0.0
2010-02-17 13:00:00+00:00,0.0011160027
2010-02-17 14:00:00+00:00,0.021264723
2010-02-17 15:00:00+00:00,0.065044165
2010-02-17 16:00:00+00:00,0.12996903
2010-02-17 17:00:00+00:00,0.22659686
2010-02-17 18:00:00+00:00,0.2569395
2010-02-17 19:00:00+00:00,0.3781089
2010-02-17 20:00:00+00:00,0.3346961
2010-02-17 21:00:00+00:00,0.5155787000000001
2010-02-17 22:00:00+00:00,0.34416357
2010-02-17 23:00:00+00:00,0.009744623000000001
2010-02-18 00:00:00+00:00,0.0
2010-02-18 01:00:00+00:00,0.0
2010-02-18 02:00:00+00:00,0.0
2010-02-18 03:00:00+00:00,0.0
2010-02-18 04:00:00+00:00,0.0
2010-02-18 05:00:00+00:00,0.0
2010-02-18 06:00:00+00:00,0.0
2010-02-18 07:00:00+00:00,0.0
2010-02-18 08:00:00+00:00,0.0
2010-02-18 09:00:00+00:00,0.0
2010-02-18 10:00:00+00:00,0.0
2010-02-18 11:00:00+00:00,0.0
2010-02-18 12:00:00+00:00,0.0
2010-02-18 13:00:00+00:00,0.073162034
2010-02-18 14:00:00+00:00,0.43815798
2010-02-18 15:00:00+00:00,0.600647
2010-02-18 16:00:00+00:00,0.5887717
2010-02-18 17:00:00+00:00,0.5468039000000001
2010-02-18 18:00:00+00:00,0.5996866
2010-02-18 19:00:00+00:00,0.6371701
2010-02-18 20:00:00+00:00,0.66613775
2010-02-18 21:00:00+00:00,0.6461321999999999
2010-02-18 22:00:00+00:00,0.43665054
2010-02-18 23:00:00+00:00,0.036369797
2010-02-19 00:00:00+00:00,0.0
2010-02-19 01:00:00+00:00,0.0
2010-02-19 02:00:00+00:00,0.0
2010-02-19 03:00:00+00:00,0.0
2010-02-19 04:00:00+00:00,0.0
2010-02-19 05:00:00+00:00,0.0
2010-02-19 06:00:00+00:00,0.0
2010-02-19 07:00:00+00:00,0.0
2010-02-19 08:00:00+00:00,0.0
2010-02-19 09:00:00+00:00,0.0
2010-02-19 10:00:00+00:00,0.0
2010-02-19 11:00:00+00:00,0.0
2010-02-19 12:00:00+00:00,0.0
2010-02-19 13:00:00+00:00,0.02021516
2010-02-19 14:00:00+00:00,0.10352749
2010-02-19 15:00:00+00:00,0.16422468
2010-02-19 16:00:00+00:00,0.23343909
2010-02-19 17:00:00+00:00,0.3421655
2010-02-19 18:00:00+00:00,0.502629
2010-02-19 19:00:00+00:00,0.5498273
2010-02-19 20:00:00+00:00,0.45558226
2010-02-19 21:00:00+00:00,0.59298855
2010-02-19 22:00:00+00:00,0.29794985
2010-02-19 23:00:00+00:00,0.023255896
2010-02-20 00:00:00+00:00,0.0
2010-02-20 01:00:00+00:00,0.0
2010-02-20 02:00:00+00:00,0.0
2010-02-20 03:00:00+00:00,0.0
2010-02-20 04:00:00+00:00,0.0
2010-02-20 05:00:00+00:00,0.0
2010-02-20 06:00:00+00:00,0.0
2010-02-20 07:00:00+00:00,0.0
2010-02-20 08:00:00+00:00,0.0
2010-02-20 09:00:00+00:00,0.0
2010-02-20 10:00:00+00:00,0.0
2010-02-20 11:00:00+00:00,0.0
2010-02-20 12:00:00+00:00,0.0
2010-02-20 13:00:00+00:00,0.00050219696
2010-02-20 14:00:00+00:00,0.26992548
2010-02-20 15:00:00+00:00,0.36620447
2010-02-20 16:00:00+00:00,0.5384739000000001
2010-02-20 17:00:00+00:00,0.53289956
2010-02-20 18:00:00+00:00,0.52170354
2010-02-20 19:00:00+00:00,0.5831113
2010-02-20 20:00:00+00:00,0.59275603
2010-02-20 21:00:00+00:00,0.5054925
2010-02-20 22:00:00+00:00,0.28870776
2010-02-20 23:00:00+00:00,0.027960943
2010-02-21 00:00:00+00:00,0.0
2010-02-21 01:00:00+00:00,0.0
2010-02-21 02:00:00+00:00,0.0
2010-02-21 03:00:00+00:00,0.0
2010-02-21 04:00:00+00:00,0.0
2010-02-21 05:00:00+00:00,0.0
2010-02-21 06:00:00+00:00,0.0
2010-02-21 07:00:00+00:00,0.0
2010-02-21 08:00:00+00:00,0.0
2010-02-21 09:00:00+00:00,0.0
2010-02-21 10:00:00+00:00,0.0
2010-02-21 11:00:00+00:00,0.0
2010-02-21 12:00:00+00:00,0.0
2010-02-21 13:00:00+00:00,0.0
2010-02-21 14:00:00+00:00,0.0028692009999999996
2010-02-21 15:00:00+00:00,0.018129855
2010-02-21 16:00:00+00:00,0.041699852999999995
2010-02-21 17:00:00+00:00,0.053002354
2010-02-21 18:00:00+00:00,0.03416966
2010-02-21 19:00:00+00:00,0.13224469
2010-02-21 20:00:00+00:00,0.06584712
2010-02-21 21:00:00+00:00,0.047321454000000006
2010-02-21 22:00:00+00:00,0.08528630000000001
2010-02-21 23:00:00+00:00,0.030994065
2010-02-22 00:00:00+00:00,0.0
2010-02-22 01:00:00+00:00,0.0
2010-02-22 02:00:00+00:00,0.0
2010-02-22 03:00:00+00:00,0.0
2010-02-22 04:00:00+00:00,0.0
2010-02-22 05:00:00+00:00,0.0
2010-02-22 06:00:00+00:00,0.0
2010-02-22 07:00:00+00:00,0.0
2010-02-22 08:00:00+00:00,0.0
2010-02-22 09:00:00+00:00,0.0
2010-02-22 10:00:00+00:00,0.0
2010-02-22 11:00:00+00:00,0.0
2010-02-22 12:00:00+00:00,0.0
2010-02-22 13:00:00+00:00,0.0
2010-02-22 14:00:00+00:00,0.0031428789000000003
2010-02-22 15:00:00+00:00,0.014508548000000001
2010-02-22 16:00:00+00:00,0.051849913
2010-02-22 17:00:00+00:00,0.07680569
2010-02-22 18:00:00+00:00,0.1173902
2010-02-22 19:00:00+00:00,0.054202758
2010-02-22 20:00:00+00:00,0.050011296
2010-02-22 21:00:00+00:00,0.028965874
2010-02-22 22:00:00+00:00,0.0036395085
2010-02-22 23:00:00+00:00,0.0
2010-02-23 00:00:00+00:00,0.0
2010-02-23 01:00:00+00:00,0.0
2010-02-23 02:00:00+00:00,0.0
2010-02-23 03:00:00+00:00,0.0
2010-02-23 04:00:00+00:00,0.0
2010-02-23 05:00:00+00:00,0.0
2010-02-23 06:00:00+00:00,0.0
2010-02-23 07:00:00+00:00,0.0
2010-02-23 08:00:00+00:00,0.0
2010-02-23 09:00:00+00:00,0.0
2010-02-23 10:00:00+00:00,0.0
2010-02-23 11:00:00+00:00,0.0
2010-02-23 12:00:00+00:00,0.0
2010-02-23 13:00:00+00:00,0.007756730999999999
2010-02-23 14:00:00+00:00,0.32280448
2010-02-23 15:00:00+00:00,0.2675978
2010-02-23 16:00:00+00:00,0.19582814
2010-02-23 17:00:00+00:00,0.100972384
2010-02-23 18:00:00+00:00,0.18254544
2010-02-23 19:00:00+00:00,0.13624977
2010-02-23 20:00:00+00:00,0.12489842599999999
2010-02-23 21:00:00+00:00,0.076933526
2010-02-23 22:00:00+00:00,0.17843765
2010-02-23 23:00:00+00:00,0.02130753
2010-02-24 00:00:00+00:00,0.0
2010-02-24 01:00:00+00:00,0.0
2010-02-24 02:00:00+00:00,0.0
2010-02-24 03:00:00+00:00,0.0
2010-02-24 04:00:00+00:00,0.0
2010-02-24 05:00:00+00:00,0.0
2010-02-24 06:00:00+00:00,0.0
2010-02-24 07:00:00+00:00,0.0
2010-02-24 08:00:00+00:00,0.0
2010-02-24 09:00:00+00:00,0.0
2010-02-24 10:00:00+00:00,0.0
2010-02-24 11:00:00+00:00,0.0
2010-02-24 12:00:00+00:00,0.0
2010-02-24 13:00:00+00:00,0.012374253
2010-02-24 14:00:00+00:00,0.098359294
2010-02-24 15:00:00+00:00,0.143594
2010-02-24 16:00:00+00:00,0.31263494
2010-02-24 17:00:00+00:00,0.44315913
2010-02-24 18:00:00+00:00,0.6586919
2010-02-24 19:00:00+00:00,0.67928475
2010-02-24 20:00:00+00:00,0.25468943
2010-02-24 21:00:00+00:00,0.42245772
2010-02-24 22:00:00+00:00,0.27098903
2010-02-24 23:00:00+00:00,0.08953619
2010-02-25 00:00:00+00:00,0.0
2010-02-25 01:00:00+00:00,0.0
2010-02-25 02:00:00+00:00,0.0
2010-02-25 03:00:00+00:00,0.0
2010-02-25 04:00:00+00:00,0.0
2010-02-25 05:00:00+00:00,0.0
2010-02-25 06:00:00+00:00,0.0
2010-02-25 07:00:00+00:00,0.0
2010-02-25 08:00:00+00:00,0.0
2010-02-25 09:00:00+00:00,0.0
2010-02-25 10:00:00+00:00,0.0
2010-02-25 11:00:00+00:00,0.0
2010-02-25 12:00:00+00:00,0.0
2010-02-25 13:00:00+00:00,0.22864492
2010-02-25 14:00:00+00:00,0.6355383000000001
2010-02-25 15:00:00+00:00,0.7133956
2010-02-25 16:00:00+00:00,0.69218594
2010-02-25 17:00:00+00:00,0.65925884
2010-02-25 18:00:00+00:00,0.63882786
2010-02-25 19:00:00+00:00,0.65657824
2010-02-25 20:00:00+00:00,0.6831665
2010-02-25 21:00:00+00:00,0.4641603
2010-02-25 22:00:00+00:00,0.22666205
2010-02-25 23:00:00+00:00,0.04553227
2010-02-26 00:00:00+00:00,0.0
2010-02-26 01:00:00+00:00,0.0
2010-02-26 02:00:00+00:00,0.0
2010-02-26 03:00:00+00:00,0.0
2010-02-26 04:00:00+00:00,0.0
2010-02-26 05:00:00+00:00,0.0
2010-02-26 06:00:00+00:00,0.0
2010-02-26 07:00:00+00:00,0.0
2010-02-26 08:00:00+00:00,0.0
2010-02-26 09:00:00+00:00,0.0
2010-02-26 10:00:00+00:00,0.0
2010-02-26 11:00:00+00:00,0.0
2010-02-26 12:00:00+00:00,0.0
2010-02-26 13:00:00+00:00,0.00022274007999999998
2010-02-26 14:00:00+00:00,0.009729381
2010-02-26 15:00:00+00:00,0.0320938
2010-02-26 16:00:00+00:00,0.06863423
2010-02-26 17:00:00+00:00,0.09092636400000001
2010-02-26 18:00:00+00:00,0.054885357999999995
2010-02-26 19:00:00+00:00,0.07645748
2010-02-26 20:00:00+00:00,0.038935773
2010-02-26 21:00:00+00:00,0.03542654
2010-02-26 22:00:00+00:00,0.004660849
2010-02-26 23:00:00+00:00,0.006873484
2010-02-27 00:00:00+00:00,0.0
2010-02-27 01:00:00+00:00,0.0
2010-02-27 02:00:00+00:00,0.0
2010-02-27 03:00:00+00:00,0.0
2010-02-27 04:00:00+00:00,0.0
2010-02-27 05:00:00+00:00,0.0
2010-02-27 06:00:00+00:00,0.0
2010-02-27 07:00:00+00:00,0.0
2010-02-27 08:00:00+00:00,0.0
2010-02-27 09:00:00+00:00,0.0
2010-02-27 10:00:00+00:00,0.0
2010-02-27 11:00:00+00:00,0.0
2010-02-27 12:00:00+00:00,0.0
2010-02-27 13:00:00+00:00,0.19796398
2010-02-27 14:00:00+00:00,0.33295178
2010-02-27 15:00:00+00:00,0.017255886
2010-02-27 16:00:00+00:00,0.04785053400000001
2010-02-27 17:00:00+00:00,0.059224747
2010-02-27 18:00:00+00:00,0.05329304
2010-02-27 19:00:00+00:00,0.046641715
2010-02-27 20:00:00+00:00,0.03125044
2010-02-27 21:00:00+00:00,0.024652814
2010-02-27 22:00:00+00:00,0.013435076
2010-02-27 23:00:00+00:00,4.145072e-06
2010-02-28 00:00:00+00:00,0.0
2010-02-28 01:00:00+00:00,0.0
2010-02-28 02:00:00+00:00,0.0
2010-02-28 03:00:00+00:00,0.0
2010-02-28 04:00:00+00:00,0.0
2010-02-28 05:00:00+00:00,0.0
2010-02-28 06:00:00+00:00,0.0
2010-02-28 07:00:00+00:00,0.0
2010-02-28 08:00:00+00:00,0.0
2010-02-28 09:00:00+00:00,0.0
2010-02-28 10:00:00+00:00,0.0
2010-02-28 11:00:00+00:00,0.0
2010-02-28 12:00:00+00:00,0.0
2010-02-28 13:00:00+00:00,0.014655705
2010-02-28 14:00:00+00:00,0.0204595
2010-02-28 15:00:00+00:00,0.024376072000000002
2010-02-28 16:00:00+00:00,0.072887965
2010-02-28 17:00:00+00:00,0.04855729
2010-02-28 18:00:00+00:00,0.07504319
2010-02-28 19:00:00+00:00,0.114886284
2010-02-28 20:00:00+00:00,0.14991076
2010-02-28 21:00:00+00:00,0.07891195
2010-02-28 22:00:00+00:00,0.05443569
2010-02-28 23:00:00+00:00,0.0067383745
2010-03-01 00:00:00+00:00,0.0
2010-03-01 01:00:00+00:00,0.0
2010-03-01 02:00:00+00:00,0.0
2010-03-01 03:00:00+00:00,0.0
2010-03-01 04:00:00+00:00,0.0
2010-03-01 05:00:00+00:00,0.0
2010-03-01 06:00:00+00:00,0.0
2010-03-01 07:00:00+00:00,0.0
2010-03-01 08:00:00+00:00,0.0
2010-03-01 09:00:00+00:00,0.0
2010-03-01 10:00:00+00:00,0.0
2010-03-01 11:00:00+00:00,0.0
2010-03-01 12:00:00+00:00,0.0
2010-03-01 13:00:00+00:00,0.016969541
2010-03-01 14:00:00+00:00,0.09054688
2010-03-01 15:00:00+00:00,0.26505905
2010-03-01 16:00:00+00:00,0.24546763
2010-03-01 17:00:00+00:00,0.23489685
2010-03-01 18:00:00+00:00,0.28352714
2010-03-01 19:00:00+00:00,0.24871509
2010-03-01 20:00:00+00:00,0.28701594
2010-03-01 21:00:00+00:00,0.23643465
2010-03-01 22:00:00+00:00,0.10967247
2010-03-01 23:00:00+00:00,0.014985643
2010-03-02 00:00:00+00:00,0.0
2010-03-02 01:00:00+00:00,0.0
2010-03-02 02:00:00+00:00,0.0
2010-03-02 03:00:00+00:00,0.0
2010-03-02 04:00:00+00:00,0.0
2010-03-02 05:00:00+00:00,0.0
2010-03-02 06:00:00+00:00,0.0
2010-03-02 07:00:00+00:00,0.0
2010-03-02 08:00:00+00:00,0.0
2010-03-02 09:00:00+00:00,0.0
2010-03-02 10:00:00+00:00,0.0
2010-03-02 11:00:00+00:00,0.0
2010-03-02 12:00:00+00:00,0.0
2010-03-02 13:00:00+00:00,0.0025938477
2010-03-02 14:00:00+00:00,0.040259502999999995
2010-03-02 15:00:00+00:00,0.07436245
2010-03-02 16:00:00+00:00,0.17086054
2010-03-02 17:00:00+00:00,0.15148091
2010-03-02 18:00:00+00:00,0.09987804
2010-03-02 19:00:00+00:00,0.08653293599999999
2010-03-02 20:00:00+00:00,0.11436143
2010-03-02 21:00:00+00:00,0.0511362
2010-03-02 22:00:00+00:00,0.016753048
2010-03-02 23:00:00+00:00,0.011467206
2010-03-03 00:00:00+00:00,0.0
2010-03-03 01:00:00+00:00,0.0
2010-03-03 02:00:00+00:00,0.0
2010-03-03 03:00:00+00:00,0.0
2010-03-03 04:00:00+00:00,0.0
2010-03-03 05:00:00+00:00,0.0
2010-03-03 06:00:00+00:00,0.0
2010-03-03 07:00:00+00:00,0.0
2010-03-03 08:00:00+00:00,0.0
2010-03-03 09:00:00+00:00,0.0
2010-03-03 10:00:00+00:00,0.0
2010-03-03 11:00:00+00:00,0.0
2010-03-03 12:00:00+00:00,0.0
2010-03-03 13:00:00+00:00,0.26879400000000003
2010-03-03 14:00:00+00:00,0.6476122
2010-03-03 15:00:00+00:00,0.7016946999999999
2010-03-03 16:00:00+00:00,0.6894123000000001
2010-03-03 17:00:00+00:00,0.66033745
2010-03-03 18:00:00+00:00,0.6541251
2010-03-03 19:00:00+00:00,0.67219067
2010-03-03 20:00:00+00:00,0.6994343000000001
2010-03-03 21:00:00+00:00,0.69601774
2010-03-03 22:00:00+00:00,0.54619604
2010-03-03 23:00:00+00:00,0.16064826
2010-03-04 00:00:00+00:00,0.0
2010-03-04 01:00:00+00:00,0.0
2010-03-04 02:00:00+00:00,0.0
2010-03-04 03:00:00+00:00,0.0
2010-03-04 04:00:00+00:00,0.0
2010-03-04 05:00:00+00:00,0.0
2010-03-04 06:00:00+00:00,0.0
2010-03-04 07:00:00+00:00,0.0
2010-03-04 08:00:00+00:00,0.0
2010-03-04 09:00:00+00:00,0.0
2010-03-04 10:00:00+00:00,0.0
2010-03-04 11:00:00+00:00,0.0
2010-03-04 12:00:00+00:00,0.0
2010-03-04 13:00:00+00:00,0.29526687
2010-03-04 14:00:00+00:00,0.6720986
2010-03-04 15:00:00+00:00,0.7201642
2010-03-04 16:00:00+00:00,0.69991356
2010-03-04 17:00:00+00:00,0.6692554000000001
2010-03-04 18:00:00+00:00,0.65420586
2010-03-04 19:00:00+00:00,0.6717295999999999
2010-03-04 20:00:00+00:00,0.6977805
2010-03-04 21:00:00+00:00,0.69969344
2010-03-04 22:00:00+00:00,0.5610130999999999
2010-03-04 23:00:00+00:00,0.17198752
2010-03-05 00:00:00+00:00,0.0
2010-03-05 01:00:00+00:00,0.0
2010-03-05 02:00:00+00:00,0.0
2010-03-05 03:00:00+00:00,0.0
2010-03-05 04:00:00+00:00,0.0
2010-03-05 05:00:00+00:00,0.0
2010-03-05 06:00:00+00:00,0.0
2010-03-05 07:00:00+00:00,0.0
2010-03-05 08:00:00+00:00,0.0
2010-03-05 09:00:00+00:00,0.0
2010-03-05 10:00:00+00:00,0.0
2010-03-05 11:00:00+00:00,0.0
2010-03-05 12:00:00+00:00,0.0
2010-03-05 13:00:00+00:00,0.30945167
2010-03-05 14:00:00+00:00,0.67259604
2010-03-05 15:00:00+00:00,0.72204554
2010-03-05 16:00:00+00:00,0.69493854
2010-03-05 17:00:00+00:00,0.666556
2010-03-05 18:00:00+00:00,0.65476656
2010-03-05 19:00:00+00:00,0.67307514
2010-03-05 20:00:00+00:00,0.6984640000000001
2010-03-05 21:00:00+00:00,0.6987532
2010-03-05 22:00:00+00:00,0.5680307
2010-03-05 23:00:00+00:00,0.17997585
2010-03-06 00:00:00+00:00,0.0
2010-03-06 01:00:00+00:00,0.0
2010-03-06 02:00:00+00:00,0.0
2010-03-06 03:00:00+00:00,0.0
2010-03-06 04:00:00+00:00,0.0
2010-03-06 05:00:00+00:00,0.0
2010-03-06 06:00:00+00:00,0.0
2010-03-06 07:00:00+00:00,0.0
2010-03-06 08:00:00+00:00,0.0
2010-03-06 09:00:00+00:00,0.0
2010-03-06 10:00:00+00:00,0.0
2010-03-06 11:00:00+00:00,0.0
2010-03-06 12:00:00+00:00,0.0
2010-03-06 13:00:00+00:00,0.17476188
2010-03-06 14:00:00+00:00,0.5167581
2010-03-06 15:00:00+00:00,0.57020795
2010-03-06 16:00:00+00:00,0.6677420000000001
2010-03-06 17:00:00+00:00,0.5933194
2010-03-06 18:00:00+00:00,0.5883406999999999
2010-03-06 19:00:00+00:00,0.5723744000000001
2010-03-06 20:00:00+00:00,0.64047325
2010-03-06 21:00:00+00:00,0.5926258000000001
2010-03-06 22:00:00+00:00,0.43100712
2010-03-06 23:00:00+00:00,0.10324320000000001
2010-03-07 00:00:00+00:00,0.0
2010-03-07 01:00:00+00:00,0.0
2010-03-07 02:00:00+00:00,0.0
2010-03-07 03:00:00+00:00,0.0
2010-03-07 04:00:00+00:00,0.0
2010-03-07 05:00:00+00:00,0.0
2010-03-07 06:00:00+00:00,0.0
2010-03-07 07:00:00+00:00,0.0
2010-03-07 08:00:00+00:00,0.0
2010-03-07 09:00:00+00:00,0.0
2010-03-07 10:00:00+00:00,0.0
2010-03-07 11:00:00+00:00,0.0
2010-03-07 12:00:00+00:00,0.0
2010-03-07 13:00:00+00:00,0.23540056
2010-03-07 14:00:00+00:00,0.5361495
2010-03-07 15:00:00+00:00,0.6233916
2010-03-07 16:00:00+00:00,0.62611324
2010-03-07 17:00:00+00:00,0.6119813000000001
2010-03-07 18:00:00+00:00,0.6101611
2010-03-07 19:00:00+00:00,0.6225271
2010-03-07 20:00:00+00:00,0.6356531
2010-03-07 21:00:00+00:00,0.6167825
2010-03-07 22:00:00+00:00,0.48563367
2010-03-07 23:00:00+00:00,0.14673656
2010-03-08 00:00:00+00:00,0.0
2010-03-08 01:00:00+00:00,0.0
2010-03-08 02:00:00+00:00,0.0
2010-03-08 03:00:00+00:00,0.0
2010-03-08 04:00:00+00:00,0.0
2010-03-08 05:00:00+00:00,0.0
2010-03-08 06:00:00+00:00,0.0
2010-03-08 07:00:00+00:00,0.0
2010-03-08 08:00:00+00:00,0.0
2010-03-08 09:00:00+00:00,0.0
2010-03-08 10:00:00+00:00,0.0
2010-03-08 11:00:00+00:00,0.0
2010-03-08 12:00:00+00:00,0.0
2010-03-08 13:00:00+00:00,0.22328097
2010-03-08 14:00:00+00:00,0.43821236
2010-03-08 15:00:00+00:00,0.5139132000000001
2010-03-08 16:00:00+00:00,0.47234347
2010-03-08 17:00:00+00:00,0.47499332
2010-03-08 18:00:00+00:00,0.41941288
2010-03-08 19:00:00+00:00,0.29574037
2010-03-08 20:00:00+00:00,0.14332516
2010-03-08 21:00:00+00:00,0.13319466
2010-03-08 22:00:00+00:00,0.15238377
2010-03-08 23:00:00+00:00,0.007094144399999999
2010-03-09 00:00:00+00:00,0.0
2010-03-09 01:00:00+00:00,0.0
2010-03-09 02:00:00+00:00,0.0
2010-03-09 03:00:00+00:00,0.0
2010-03-09 04:00:00+00:00,0.0
2010-03-09 05:00:00+00:00,0.0
2010-03-09 06:00:00+00:00,0.0
2010-03-09 07:00:00+00:00,0.0
2010-03-09 08:00:00+00:00,0.0
2010-03-09 09:00:00+00:00,0.0
2010-03-09 10:00:00+00:00,0.0
2010-03-09 11:00:00+00:00,0.0
2010-03-09 12:00:00+00:00,0.0
2010-03-09 13:00:00+00:00,0.019562745
2010-03-09 14:00:00+00:00,0.08121139999999999
2010-03-09 15:00:00+00:00,0.18034248
2010-03-09 16:00:00+00:00,0.4005844
2010-03-09 17:00:00+00:00,0.41284427
2010-03-09 18:00:00+00:00,0.4299918
2010-03-09 19:00:00+00:00,0.49065685
2010-03-09 20:00:00+00:00,0.4664272
2010-03-09 21:00:00+00:00,0.40093482
2010-03-09 22:00:00+00:00,0.38995209999999997
2010-03-09 23:00:00+00:00,0.10499573
2010-03-10 00:00:00+00:00,0.0
2010-03-10 01:00:00+00:00,0.0
2010-03-10 02:00:00+00:00,0.0
2010-03-10 03:00:00+00:00,0.0
2010-03-10 04:00:00+00:00,0.0
2010-03-10 05:00:00+00:00,0.0
2010-03-10 06:00:00+00:00,0.0
2010-03-10 07:00:00+00:00,0.0
2010-03-10 08:00:00+00:00,0.0
2010-03-10 09:00:00+00:00,0.0
2010-03-10 10:00:00+00:00,0.0
2010-03-10 11:00:00+00:00,0.0
2010-03-10 12:00:00+00:00,0.0
2010-03-10 13:00:00+00:00,0.0072836727
2010-03-10 14:00:00+00:00,0.022880603
2010-03-10 15:00:00+00:00,0.13623805
2010-03-10 16:00:00+00:00,0.13832650000000002
2010-03-10 17:00:00+00:00,0.11575748
2010-03-10 18:00:00+00:00,0.26152889999999995
2010-03-10 19:00:00+00:00,0.3142301
2010-03-10 20:00:00+00:00,0.51076627
2010-03-10 21:00:00+00:00,0.03582608
2010-03-10 22:00:00+00:00,0.12494667
2010-03-10 23:00:00+00:00,0.10316087
2010-03-11 00:00:00+00:00,0.0
2010-03-11 01:00:00+00:00,0.0
2010-03-11 02:00:00+00:00,0.0
2010-03-11 03:00:00+00:00,0.0
2010-03-11 04:00:00+00:00,0.0
2010-03-11 05:00:00+00:00,0.0
2010-03-11 06:00:00+00:00,0.0
2010-03-11 07:00:00+00:00,0.0
2010-03-11 08:00:00+00:00,0.0
2010-03-11 09:00:00+00:00,0.0
2010-03-11 10:00:00+00:00,0.0
2010-03-11 11:00:00+00:00,0.0
2010-03-11 12:00:00+00:00,0.0
2010-03-11 13:00:00+00:00,0.046716817
2010-03-11 14:00:00+00:00,0.060899984000000004
2010-03-11 15:00:00+00:00,0.11213805
2010-03-11 16:00:00+00:00,0.16228372
2010-03-11 17:00:00+00:00,0.16091199
2010-03-11 18:00:00+00:00,0.11702966
2010-03-11 19:00:00+00:00,0.08457341
2010-03-11 20:00:00+00:00,0.1361663
2010-03-11 21:00:00+00:00,0.018960183000000002
2010-03-11 22:00:00+00:00,0.00499294
2010-03-11 23:00:00+00:00,0.0026505460999999998
2010-03-12 00:00:00+00:00,0.0
2010-03-12 01:00:00+00:00,0.0
2010-03-12 02:00:00+00:00,0.0
2010-03-12 03:00:00+00:00,0.0
2010-03-12 04:00:00+00:00,0.0
2010-03-12 05:00:00+00:00,0.0
2010-03-12 06:00:00+00:00,0.0
2010-03-12 07:00:00+00:00,0.0
2010-03-12 08:00:00+00:00,0.0
2010-03-12 09:00:00+00:00,0.0
2010-03-12 10:00:00+00:00,0.0
2010-03-12 11:00:00+00:00,0.0
2010-03-12 12:00:00+00:00,0.0
2010-03-12 13:00:00+00:00,0.06870326
2010-03-12 14:00:00+00:00,0.09204054
2010-03-12 15:00:00+00:00,0.039837297
2010-03-12 16:00:00+00:00,0.20519617
2010-03-12 17:00:00+00:00,0.18335307
2010-03-12 18:00:00+00:00,0.17226124
2010-03-12 19:00:00+00:00,0.21740854
2010-03-12 20:00:00+00:00,0.07295147
2010-03-12 21:00:00+00:00,0.054009322
2010-03-12 22:00:00+00:00,0.015437443
2010-03-12 23:00:00+00:00,0.010181205
2010-03-13 00:00:00+00:00,0.0
2010-03-13 01:00:00+00:00,0.0
2010-03-13 02:00:00+00:00,0.0
2010-03-13 03:00:00+00:00,0.0
2010-03-13 04:00:00+00:00,0.0
2010-03-13 05:00:00+00:00,0.0
2010-03-13 06:00:00+00:00,0.0
2010-03-13 07:00:00+00:00,0.0
2010-03-13 08:00:00+00:00,0.0
2010-03-13 09:00:00+00:00,0.0
2010-03-13 10:00:00+00:00,0.0
2010-03-13 11:00:00+00:00,0.0
2010-03-13 12:00:00+00:00,0.0
2010-03-13 13:00:00+00:00,0.00021030487999999998
2010-03-13 14:00:00+00:00,0.07174019999999999
2010-03-13 15:00:00+00:00,0.074761756
2010-03-13 16:00:00+00:00,0.33829495
2010-03-13 17:00:00+00:00,0.04726697
2010-03-13 18:00:00+00:00,0.07601564400000001
2010-03-13 19:00:00+00:00,0.072027
2010-03-13 20:00:00+00:00,0.056985877000000004
2010-03-13 21:00:00+00:00,0.07395766
2010-03-13 22:00:00+00:00,0.2554435
2010-03-13 23:00:00+00:00,0.14263818
2010-03-14 00:00:00+00:00,0.0
2010-03-14 01:00:00+00:00,0.0
2010-03-14 02:00:00+00:00,0.0
2010-03-14 03:00:00+00:00,0.0
2010-03-14 04:00:00+00:00,0.0
2010-03-14 05:00:00+00:00,0.0
2010-03-14 06:00:00+00:00,0.0
2010-03-14 07:00:00+00:00,0.0
2010-03-14 08:00:00+00:00,0.0
2010-03-14 09:00:00+00:00,0.0
2010-03-14 10:00:00+00:00,0.0
2010-03-14 11:00:00+00:00,0.0
2010-03-14 12:00:00+00:00,0.0
2010-03-14 13:00:00+00:00,0.07340489
2010-03-14 14:00:00+00:00,0.008871618000000001
2010-03-14 15:00:00+00:00,0.088024974
2010-03-14 16:00:00+00:00,0.10626527
2010-03-14 17:00:00+00:00,0.27712312
2010-03-14 18:00:00+00:00,0.16930035
2010-03-14 19:00:00+00:00,0.049228392999999995
2010-03-14 20:00:00+00:00,0.057804756
2010-03-14 21:00:00+00:00,0.05949857
2010-03-14 22:00:00+00:00,0.50797796
2010-03-14 23:00:00+00:00,0.17116329
2010-03-15 00:00:00+00:00,0.0
2010-03-15 01:00:00+00:00,0.0
2010-03-15 02:00:00+00:00,0.0
2010-03-15 03:00:00+00:00,0.0
2010-03-15 04:00:00+00:00,0.0
2010-03-15 05:00:00+00:00,0.0
2010-03-15 06:00:00+00:00,0.0
2010-03-15 07:00:00+00:00,0.0
2010-03-15 08:00:00+00:00,0.0
2010-03-15 09:00:00+00:00,0.0
2010-03-15 10:00:00+00:00,0.0
2010-03-15 11:00:00+00:00,0.0
2010-03-15 12:00:00+00:00,0.0
2010-03-15 13:00:00+00:00,0.2792467
2010-03-15 14:00:00+00:00,0.15694946
2010-03-15 15:00:00+00:00,0.11091917
2010-03-15 16:00:00+00:00,0.24902627
2010-03-15 17:00:00+00:00,0.17299241
2010-03-15 18:00:00+00:00,0.11608375
2010-03-15 19:00:00+00:00,0.11399125
2010-03-15 20:00:00+00:00,0.12918469999999999
2010-03-15 21:00:00+00:00,0.10880181
2010-03-15 22:00:00+00:00,0.028160319
2010-03-15 23:00:00+00:00,0.005415439
2010-03-16 00:00:00+00:00,0.0
2010-03-16 01:00:00+00:00,0.0
2010-03-16 02:00:00+00:00,0.0
2010-03-16 03:00:00+00:00,0.0
2010-03-16 04:00:00+00:00,0.0
2010-03-16 05:00:00+00:00,0.0
2010-03-16 06:00:00+00:00,0.0
2010-03-16 07:00:00+00:00,0.0
2010-03-16 08:00:00+00:00,0.0
2010-03-16 09:00:00+00:00,0.0
2010-03-16 10:00:00+00:00,0.0
2010-03-16 11:00:00+00:00,0.0
2010-03-16 12:00:00+00:00,0.0
2010-03-16 13:00:00+00:00,0.0024330297
2010-03-16 14:00:00+00:00,0.017302493999999998
2010-03-16 15:00:00+00:00,0.059954274
2010-03-16 16:00:00+00:00,0.14319777
2010-03-16 17:00:00+00:00,0.28388559999999996
2010-03-16 18:00:00+00:00,0.46763748
2010-03-16 19:00:00+00:00,0.6035404999999999
2010-03-16 20:00:00+00:00,0.10435364400000001
2010-03-16 21:00:00+00:00,0.12851804
2010-03-16 22:00:00+00:00,0.12295452
2010-03-16 23:00:00+00:00,0.031733118
2010-03-17 00:00:00+00:00,0.0
2010-03-17 01:00:00+00:00,0.0
2010-03-17 02:00:00+00:00,0.0
2010-03-17 03:00:00+00:00,0.0
2010-03-17 04:00:00+00:00,0.0
2010-03-17 05:00:00+00:00,0.0
2010-03-17 06:00:00+00:00,0.0
2010-03-17 07:00:00+00:00,0.0
2010-03-17 08:00:00+00:00,0.0
2010-03-17 09:00:00+00:00,0.0
2010-03-17 10:00:00+00:00,0.0
2010-03-17 11:00:00+00:00,0.0
2010-03-17 12:00:00+00:00,0.0
2010-03-17 13:00:00+00:00,0.39005113
2010-03-17 14:00:00+00:00,0.65788597
2010-03-17 15:00:00+00:00,0.70588773
2010-03-17 16:00:00+00:00,0.68728244
2010-03-17 17:00:00+00:00,0.6674923
2010-03-17 18:00:00+00:00,0.66050065
2010-03-17 19:00:00+00:00,0.67476255
2010-03-17 20:00:00+00:00,0.6975138000000001
2010-03-17 21:00:00+00:00,0.68066645
2010-03-17 22:00:00+00:00,0.58440584
2010-03-17 23:00:00+00:00,0.21654025
2010-03-18 00:00:00+00:00,0.0
2010-03-18 01:00:00+00:00,0.0
2010-03-18 02:00:00+00:00,0.0
2010-03-18 03:00:00+00:00,0.0
2010-03-18 04:00:00+00:00,0.0
2010-03-18 05:00:00+00:00,0.0
2010-03-18 06:00:00+00:00,0.0
2010-03-18 07:00:00+00:00,0.0
2010-03-18 08:00:00+00:00,0.0
2010-03-18 09:00:00+00:00,0.0
2010-03-18 10:00:00+00:00,0.0
2010-03-18 11:00:00+00:00,0.0
2010-03-18 12:00:00+00:00,0.0
2010-03-18 13:00:00+00:00,0.36098933
2010-03-18 14:00:00+00:00,0.6268935999999999
2010-03-18 15:00:00+00:00,0.6826641999999999
2010-03-18 16:00:00+00:00,0.67388004
2010-03-18 17:00:00+00:00,0.65769553
2010-03-18 18:00:00+00:00,0.65366316
2010-03-18 19:00:00+00:00,0.6671206000000001
2010-03-18 20:00:00+00:00,0.6790744000000001
2010-03-18 21:00:00+00:00,0.66326886
2010-03-18 22:00:00+00:00,0.55846316
2010-03-18 23:00:00+00:00,0.20603086
2010-03-19 00:00:00+00:00,0.0
2010-03-19 01:00:00+00:00,0.0
2010-03-19 02:00:00+00:00,0.0
2010-03-19 03:00:00+00:00,0.0
2010-03-19 04:00:00+00:00,0.0
2010-03-19 05:00:00+00:00,0.0
2010-03-19 06:00:00+00:00,0.0
2010-03-19 07:00:00+00:00,0.0
2010-03-19 08:00:00+00:00,0.0
2010-03-19 09:00:00+00:00,0.0
2010-03-19 10:00:00+00:00,0.0
2010-03-19 11:00:00+00:00,0.0
2010-03-19 12:00:00+00:00,0.0
2010-03-19 13:00:00+00:00,0.32653126
2010-03-19 14:00:00+00:00,0.38929516
2010-03-19 15:00:00+00:00,0.3721144
2010-03-19 16:00:00+00:00,0.37033927
2010-03-19 17:00:00+00:00,0.4490581
2010-03-19 18:00:00+00:00,0.41969842
2010-03-19 19:00:00+00:00,0.3663464
2010-03-19 20:00:00+00:00,0.14720081
2010-03-19 21:00:00+00:00,0.5818186
2010-03-19 22:00:00+00:00,0.33409947
2010-03-19 23:00:00+00:00,0.17532755
2010-03-20 00:00:00+00:00,0.0
2010-03-20 01:00:00+00:00,0.0
2010-03-20 02:00:00+00:00,0.0
2010-03-20 03:00:00+00:00,0.0
2010-03-20 04:00:00+00:00,0.0
2010-03-20 05:00:00+00:00,0.0
2010-03-20 06:00:00+00:00,0.0
2010-03-20 07:00:00+00:00,0.0
2010-03-20 08:00:00+00:00,0.0
2010-03-20 09:00:00+00:00,0.0
2010-03-20 10:00:00+00:00,0.0
2010-03-20 11:00:00+00:00,0.0
2010-03-20 12:00:00+00:00,0.0
2010-03-20 13:00:00+00:00,0.031771299999999995
2010-03-20 14:00:00+00:00,0.1802683
2010-03-20 15:00:00+00:00,0.05481992
2010-03-20 16:00:00+00:00,0.44456443
2010-03-20 17:00:00+00:00,0.30443335
2010-03-20 18:00:00+00:00,0.19888824
2010-03-20 19:00:00+00:00,0.18633372
2010-03-20 20:00:00+00:00,0.0576013
2010-03-20 21:00:00+00:00,0.036592982999999996
2010-03-20 22:00:00+00:00,0.014734566000000001
2010-03-20 23:00:00+00:00,0.0011080927
2010-03-21 00:00:00+00:00,0.0
2010-03-21 01:00:00+00:00,0.0
2010-03-21 02:00:00+00:00,0.0
2010-03-21 03:00:00+00:00,0.0
2010-03-21 04:00:00+00:00,0.0
2010-03-21 05:00:00+00:00,0.0
2010-03-21 06:00:00+00:00,0.0
2010-03-21 07:00:00+00:00,0.0
2010-03-21 08:00:00+00:00,0.0
2010-03-21 09:00:00+00:00,0.0
2010-03-21 10:00:00+00:00,0.0
2010-03-21 11:00:00+00:00,0.0
2010-03-21 12:00:00+00:00,0.0
2010-03-21 13:00:00+00:00,0.025700705
2010-03-21 14:00:00+00:00,0.09955739
2010-03-21 15:00:00+00:00,0.09453788
2010-03-21 16:00:00+00:00,0.038755532
2010-03-21 17:00:00+00:00,0.17637308
2010-03-21 18:00:00+00:00,0.117862865
2010-03-21 19:00:00+00:00,0.27651945
2010-03-21 20:00:00+00:00,0.06136905
2010-03-21 21:00:00+00:00,0.11909194
2010-03-21 22:00:00+00:00,0.02464211
2010-03-21 23:00:00+00:00,0.0053487946
2010-03-22 00:00:00+00:00,0.0
2010-03-22 01:00:00+00:00,0.0
2010-03-22 02:00:00+00:00,0.0
2010-03-22 03:00:00+00:00,0.0
2010-03-22 04:00:00+00:00,0.0
2010-03-22 05:00:00+00:00,0.0
2010-03-22 06:00:00+00:00,0.0
2010-03-22 07:00:00+00:00,0.0
2010-03-22 08:00:00+00:00,0.0
2010-03-22 09:00:00+00:00,0.0
2010-03-22 10:00:00+00:00,0.0
2010-03-22 11:00:00+00:00,0.0
2010-03-22 12:00:00+00:00,0.021281962999999997
2010-03-22 13:00:00+00:00,0.12230043
2010-03-22 14:00:00+00:00,0.36884394
2010-03-22 15:00:00+00:00,0.31983107
2010-03-22 16:00:00+00:00,0.72059846
2010-03-22 17:00:00+00:00,0.69975346
2010-03-22 18:00:00+00:00,0.6894378000000001
2010-03-22 19:00:00+00:00,0.69827867
2010-03-22 20:00:00+00:00,0.7039966999999999
2010-03-22 21:00:00+00:00,0.6799670999999999
2010-03-22 22:00:00+00:00,0.56608146
2010-03-22 23:00:00+00:00,0.21646386
2010-03-23 00:00:00+00:00,0.0
2010-03-23 01:00:00+00:00,0.0
2010-03-23 02:00:00+00:00,0.0
2010-03-23 03:00:00+00:00,0.0
2010-03-23 04:00:00+00:00,0.0
2010-03-23 05:00:00+00:00,0.0
2010-03-23 06:00:00+00:00,0.0
2010-03-23 07:00:00+00:00,0.0
2010-03-23 08:00:00+00:00,0.0
2010-03-23 09:00:00+00:00,0.0
2010-03-23 10:00:00+00:00,0.0
2010-03-23 11:00:00+00:00,0.0
2010-03-23 12:00:00+00:00,0.021193571
2010-03-23 13:00:00+00:00,0.16112493
2010-03-23 14:00:00+00:00,0.5197714
2010-03-23 15:00:00+00:00,0.5881392
2010-03-23 16:00:00+00:00,0.558033
2010-03-23 17:00:00+00:00,0.47051403
2010-03-23 18:00:00+00:00,0.5176634
2010-03-23 19:00:00+00:00,0.58180124
2010-03-23 20:00:00+00:00,0.5089253
2010-03-23 21:00:00+00:00,0.35673276
2010-03-23 22:00:00+00:00,0.18586208
2010-03-23 23:00:00+00:00,0.044574536
2010-03-24 00:00:00+00:00,0.0
2010-03-24 01:00:00+00:00,0.0
2010-03-24 02:00:00+00:00,0.0
2010-03-24 03:00:00+00:00,0.0
2010-03-24 04:00:00+00:00,0.0
2010-03-24 05:00:00+00:00,0.0
2010-03-24 06:00:00+00:00,0.0
2010-03-24 07:00:00+00:00,0.0
2010-03-24 08:00:00+00:00,0.0
2010-03-24 09:00:00+00:00,0.0
2010-03-24 10:00:00+00:00,0.0
2010-03-24 11:00:00+00:00,0.0
2010-03-24 12:00:00+00:00,0.0015823365
2010-03-24 13:00:00+00:00,0.09221222
2010-03-24 14:00:00+00:00,0.057763528
2010-03-24 15:00:00+00:00,0.0112002995
2010-03-24 16:00:00+00:00,0.10678467
2010-03-24 17:00:00+00:00,0.27122903
2010-03-24 18:00:00+00:00,0.06040781
2010-03-24 19:00:00+00:00,0.12214003
2010-03-24 20:00:00+00:00,0.11289574
2010-03-24 21:00:00+00:00,0.031176796
2010-03-24 22:00:00+00:00,0.012615076999999999
2010-03-24 23:00:00+00:00,0.0009471964
2010-03-25 00:00:00+00:00,0.0
2010-03-25 01:00:00+00:00,0.0
2010-03-25 02:00:00+00:00,0.0
2010-03-25 03:00:00+00:00,0.0
2010-03-25 04:00:00+00:00,0.0
2010-03-25 05:00:00+00:00,0.0
2010-03-25 06:00:00+00:00,0.0
2010-03-25 07:00:00+00:00,0.0
2010-03-25 08:00:00+00:00,0.0
2010-03-25 09:00:00+00:00,0.0
2010-03-25 10:00:00+00:00,0.0
2010-03-25 11:00:00+00:00,0.0
2010-03-25 12:00:00+00:00,0.01803065
2010-03-25 13:00:00+00:00,0.043297697
2010-03-25 14:00:00+00:00,0.73868155
2010-03-25 15:00:00+00:00,0.769
2010-03-25 16:00:00+00:00,0.7672584
2010-03-25 17:00:00+00:00,0.7436475
2010-03-25 18:00:00+00:00,0.7303274000000001
2010-03-25 19:00:00+00:00,0.7379425999999999
2010-03-25 20:00:00+00:00,0.750315
2010-03-25 21:00:00+00:00,0.7421504
2010-03-25 22:00:00+00:00,0.65063804
2010-03-25 23:00:00+00:00,0.2699278
2010-03-26 00:00:00+00:00,0.0
2010-03-26 01:00:00+00:00,0.0
2010-03-26 02:00:00+00:00,0.0
2010-03-26 03:00:00+00:00,0.0
2010-03-26 04:00:00+00:00,0.0
2010-03-26 05:00:00+00:00,0.0
2010-03-26 06:00:00+00:00,0.0
2010-03-26 07:00:00+00:00,0.0
2010-03-26 08:00:00+00:00,0.0
2010-03-26 09:00:00+00:00,0.0
2010-03-26 10:00:00+00:00,0.0
2010-03-26 11:00:00+00:00,0.0
2010-03-26 12:00:00+00:00,0.089453876
2010-03-26 13:00:00+00:00,0.45593944
2010-03-26 14:00:00+00:00,0.67843354
2010-03-26 15:00:00+00:00,0.57749563
2010-03-26 16:00:00+00:00,0.58294487
2010-03-26 17:00:00+00:00,0.69857806
2010-03-26 18:00:00+00:00,0.6875736
2010-03-26 19:00:00+00:00,0.6963413
2010-03-26 20:00:00+00:00,0.7031758
2010-03-26 21:00:00+00:00,0.68805087
2010-03-26 22:00:00+00:00,0.58541274
2010-03-26 23:00:00+00:00,0.23974079
2010-03-27 00:00:00+00:00,0.0
2010-03-27 01:00:00+00:00,0.0
2010-03-27 02:00:00+00:00,0.0
2010-03-27 03:00:00+00:00,0.0
2010-03-27 04:00:00+00:00,0.0
2010-03-27 05:00:00+00:00,0.0
2010-03-27 06:00:00+00:00,0.0
2010-03-27 07:00:00+00:00,0.0
2010-03-27 08:00:00+00:00,0.0
2010-03-27 09:00:00+00:00,0.0
2010-03-27 10:00:00+00:00,0.0
2010-03-27 11:00:00+00:00,0.0
2010-03-27 12:00:00+00:00,0.0
2010-03-27 13:00:00+00:00,0.009096635
2010-03-27 14:00:00+00:00,0.033054400000000005
2010-03-27 15:00:00+00:00,0.42651626
2010-03-27 16:00:00+00:00,0.14995150000000002
2010-03-27 17:00:00+00:00,0.13984321
2010-03-27 18:00:00+00:00,0.17097741
2010-03-27 19:00:00+00:00,0.13878110000000002
2010-03-27 20:00:00+00:00,0.06280067
2010-03-27 21:00:00+00:00,0.041812833
2010-03-27 22:00:00+00:00,0.08631653
2010-03-27 23:00:00+00:00,0.02088399
2010-03-28 00:00:00+00:00,0.0
2010-03-28 01:00:00+00:00,0.0
2010-03-28 02:00:00+00:00,0.0
2010-03-28 03:00:00+00:00,0.0
2010-03-28 04:00:00+00:00,0.0
2010-03-28 05:00:00+00:00,0.0
2010-03-28 06:00:00+00:00,0.0
2010-03-28 07:00:00+00:00,0.0
2010-03-28 08:00:00+00:00,0.0
2010-03-28 09:00:00+00:00,0.0
2010-03-28 10:00:00+00:00,0.0
2010-03-28 11:00:00+00:00,0.0
2010-03-28 12:00:00+00:00,0.050627977000000005
2010-03-28 13:00:00+00:00,0.08353580000000001
2010-03-28 14:00:00+00:00,0.014828407
2010-03-28 15:00:00+00:00,0.025450999999999998
2010-03-28 16:00:00+00:00,0.04228145
2010-03-28 17:00:00+00:00,0.07052156
2010-03-28 18:00:00+00:00,0.053759724
2010-03-28 19:00:00+00:00,0.042576328
2010-03-28 20:00:00+00:00,0.03901349
2010-03-28 21:00:00+00:00,0.03820082
2010-03-28 22:00:00+00:00,0.038692746
2010-03-28 23:00:00+00:00,0.04801045
2010-03-29 00:00:00+00:00,0.0
2010-03-29 01:00:00+00:00,0.0
2010-03-29 02:00:00+00:00,0.0
2010-03-29 03:00:00+00:00,0.0
2010-03-29 04:00:00+00:00,0.0
2010-03-29 05:00:00+00:00,0.0
2010-03-29 06:00:00+00:00,0.0
2010-03-29 07:00:00+00:00,0.0
2010-03-29 08:00:00+00:00,0.0
2010-03-29 09:00:00+00:00,0.0
2010-03-29 10:00:00+00:00,0.0
2010-03-29 11:00:00+00:00,0.0
2010-03-29 12:00:00+00:00,0.11748299999999999
2010-03-29 13:00:00+00:00,0.48997495
2010-03-29 14:00:00+00:00,0.70525736
2010-03-29 15:00:00+00:00,0.7399393
2010-03-29 16:00:00+00:00,0.72722507
2010-03-29 17:00:00+00:00,0.70456815
2010-03-29 18:00:00+00:00,0.69940037
2010-03-29 19:00:00+00:00,0.70791173
2010-03-29 20:00:00+00:00,0.72386676
2010-03-29 21:00:00+00:00,0.70703405
2010-03-29 22:00:00+00:00,0.61382
2010-03-29 23:00:00+00:00,0.26709113
2010-03-30 00:00:00+00:00,0.0
2010-03-30 01:00:00+00:00,0.0
2010-03-30 02:00:00+00:00,0.0
2010-03-30 03:00:00+00:00,0.0
2010-03-30 04:00:00+00:00,0.0
2010-03-30 05:00:00+00:00,0.0
2010-03-30 06:00:00+00:00,0.0
2010-03-30 07:00:00+00:00,0.0
2010-03-30 08:00:00+00:00,0.0
2010-03-30 09:00:00+00:00,0.0
2010-03-30 10:00:00+00:00,0.0
2010-03-30 11:00:00+00:00,0.0
2010-03-30 12:00:00+00:00,0.114387125
2010-03-30 13:00:00+00:00,0.49518135
2010-03-30 14:00:00+00:00,0.5157541
2010-03-30 15:00:00+00:00,0.68641454
2010-03-30 16:00:00+00:00,0.5951002
2010-03-30 17:00:00+00:00,0.60400236
2010-03-30 18:00:00+00:00,0.5991672
2010-03-30 19:00:00+00:00,0.61165357
2010-03-30 20:00:00+00:00,0.7021807
2010-03-30 21:00:00+00:00,0.6909310000000001
2010-03-30 22:00:00+00:00,0.5177139000000001
2010-03-30 23:00:00+00:00,0.28359348
2010-03-31 00:00:00+00:00,0.0
2010-03-31 01:00:00+00:00,0.0
2010-03-31 02:00:00+00:00,0.0
2010-03-31 03:00:00+00:00,0.0
2010-03-31 04:00:00+00:00,0.0
2010-03-31 05:00:00+00:00,0.0
2010-03-31 06:00:00+00:00,0.0
2010-03-31 07:00:00+00:00,0.0
2010-03-31 08:00:00+00:00,0.0
2010-03-31 09:00:00+00:00,0.0
2010-03-31 10:00:00+00:00,0.0
2010-03-31 11:00:00+00:00,0.0
2010-03-31 12:00:00+00:00,0.13233139
2010-03-31 13:00:00+00:00,0.5039689
2010-03-31 14:00:00+00:00,0.68194544
2010-03-31 15:00:00+00:00,0.72017324
2010-03-31 16:00:00+00:00,0.7015256
2010-03-31 17:00:00+00:00,0.6868625
2010-03-31 18:00:00+00:00,0.6805938
2010-03-31 19:00:00+00:00,0.68968785
2010-03-31 20:00:00+00:00,0.70559776
2010-03-31 21:00:00+00:00,0.6863176
2010-03-31 22:00:00+00:00,0.6026831
2010-03-31 23:00:00+00:00,0.28036547
2010-04-01 00:00:00+00:00,0.0
2010-04-01 01:00:00+00:00,0.0
2010-04-01 02:00:00+00:00,0.0
2010-04-01 03:00:00+00:00,0.0
2010-04-01 04:00:00+00:00,0.0
2010-04-01 05:00:00+00:00,0.0
2010-04-01 06:00:00+00:00,0.0
2010-04-01 07:00:00+00:00,0.0
2010-04-01 08:00:00+00:00,0.0
2010-04-01 09:00:00+00:00,0.0
2010-04-01 10:00:00+00:00,0.0
2010-04-01 11:00:00+00:00,0.0
2010-04-01 12:00:00+00:00,0.08970601
2010-04-01 13:00:00+00:00,0.5147352
2010-04-01 14:00:00+00:00,0.68550277
2010-04-01 15:00:00+00:00,0.7156547
2010-04-01 16:00:00+00:00,0.7029850999999999
2010-04-01 17:00:00+00:00,0.5851438
2010-04-01 18:00:00+00:00,0.58980274
2010-04-01 19:00:00+00:00,0.62232935
2010-04-01 20:00:00+00:00,0.6238336
2010-04-01 21:00:00+00:00,0.47197115
2010-04-01 22:00:00+00:00,0.34010562
2010-04-01 23:00:00+00:00,0.10474649999999999
2010-04-02 00:00:00+00:00,0.0
2010-04-02 01:00:00+00:00,0.0
2010-04-02 02:00:00+00:00,0.0
2010-04-02 03:00:00+00:00,0.0
2010-04-02 04:00:00+00:00,0.0
2010-04-02 05:00:00+00:00,0.0
2010-04-02 06:00:00+00:00,0.0
2010-04-02 07:00:00+00:00,0.0
2010-04-02 08:00:00+00:00,0.0
2010-04-02 09:00:00+00:00,0.0
2010-04-02 10:00:00+00:00,0.0
2010-04-02 11:00:00+00:00,0.0
2010-04-02 12:00:00+00:00,0.04469451
2010-04-02 13:00:00+00:00,0.24414736
2010-04-02 14:00:00+00:00,0.006111005300000001
2010-04-02 15:00:00+00:00,0.04948252
2010-04-02 16:00:00+00:00,0.22677457
2010-04-02 17:00:00+00:00,0.16150479
2010-04-02 18:00:00+00:00,0.5837472
2010-04-02 19:00:00+00:00,0.44846264
2010-04-02 20:00:00+00:00,0.73759997
2010-04-02 21:00:00+00:00,0.7120552
2010-04-02 22:00:00+00:00,0.6373886999999999
2010-04-02 23:00:00+00:00,0.28430083
2010-04-03 00:00:00+00:00,0.0
2010-04-03 01:00:00+00:00,0.0
2010-04-03 02:00:00+00:00,0.0
2010-04-03 03:00:00+00:00,0.0
2010-04-03 04:00:00+00:00,0.0
2010-04-03 05:00:00+00:00,0.0
2010-04-03 06:00:00+00:00,0.0
2010-04-03 07:00:00+00:00,0.0
2010-04-03 08:00:00+00:00,0.0
2010-04-03 09:00:00+00:00,0.0
2010-04-03 10:00:00+00:00,0.0
2010-04-03 11:00:00+00:00,0.0
2010-04-03 12:00:00+00:00,0.10453213
2010-04-03 13:00:00+00:00,0.36775956
2010-04-03 14:00:00+00:00,0.50793105
2010-04-03 15:00:00+00:00,0.5073792
2010-04-03 16:00:00+00:00,0.5972854000000001
2010-04-03 17:00:00+00:00,0.59241265
2010-04-03 18:00:00+00:00,0.67497325
2010-04-03 19:00:00+00:00,0.6237138000000001
2010-04-03 20:00:00+00:00,0.56832296
2010-04-03 21:00:00+00:00,0.5566396
2010-04-03 22:00:00+00:00,0.40243545
2010-04-03 23:00:00+00:00,0.24494614
2010-04-04 00:00:00+00:00,0.0
2010-04-04 01:00:00+00:00,0.0
2010-04-04 02:00:00+00:00,0.0
2010-04-04 03:00:00+00:00,0.0
2010-04-04 04:00:00+00:00,0.0
2010-04-04 05:00:00+00:00,0.0
2010-04-04 06:00:00+00:00,0.0
2010-04-04 07:00:00+00:00,0.0
2010-04-04 08:00:00+00:00,0.0
2010-04-04 09:00:00+00:00,0.0
2010-04-04 10:00:00+00:00,0.0
2010-04-04 11:00:00+00:00,0.0
2010-04-04 12:00:00+00:00,0.06885753
2010-04-04 13:00:00+00:00,0.3446442
2010-04-04 14:00:00+00:00,0.5454675
2010-04-04 15:00:00+00:00,0.62153935
2010-04-04 16:00:00+00:00,0.5059431999999999
2010-04-04 17:00:00+00:00,0.5881231
2010-04-04 18:00:00+00:00,0.34133664
2010-04-04 19:00:00+00:00,0.5410212
2010-04-04 20:00:00+00:00,0.28107170000000004
2010-04-04 21:00:00+00:00,0.22848557
2010-04-04 22:00:00+00:00,0.19145724
2010-04-04 23:00:00+00:00,0.0020208454
2010-04-05 00:00:00+00:00,0.0
2010-04-05 01:00:00+00:00,0.0
2010-04-05 02:00:00+00:00,0.0
2010-04-05 03:00:00+00:00,0.0
2010-04-05 04:00:00+00:00,0.0
2010-04-05 05:00:00+00:00,0.0
2010-04-05 06:00:00+00:00,0.0
2010-04-05 07:00:00+00:00,0.0
2010-04-05 08:00:00+00:00,0.0
2010-04-05 09:00:00+00:00,0.0
2010-04-05 10:00:00+00:00,0.0
2010-04-05 11:00:00+00:00,0.0
2010-04-05 12:00:00+00:00,0.1534545
2010-04-05 13:00:00+00:00,0.507523
2010-04-05 14:00:00+00:00,0.67588925
2010-04-05 15:00:00+00:00,0.7137535
2010-04-05 16:00:00+00:00,0.71632886
2010-04-05 17:00:00+00:00,0.58827865
2010-04-05 18:00:00+00:00,0.6956275
2010-04-05 19:00:00+00:00,0.7040837
2010-04-05 20:00:00+00:00,0.7134720999999999
2010-04-05 21:00:00+00:00,0.59223956
2010-04-05 22:00:00+00:00,0.37282187
2010-04-05 23:00:00+00:00,0.24771178
2010-04-06 00:00:00+00:00,0.0
2010-04-06 01:00:00+00:00,0.0
2010-04-06 02:00:00+00:00,0.0
2010-04-06 03:00:00+00:00,0.0
2010-04-06 04:00:00+00:00,0.0
2010-04-06 05:00:00+00:00,0.0
2010-04-06 06:00:00+00:00,0.0
2010-04-06 07:00:00+00:00,0.0
2010-04-06 08:00:00+00:00,0.0
2010-04-06 09:00:00+00:00,0.0
2010-04-06 10:00:00+00:00,0.0
2010-04-06 11:00:00+00:00,0.0
2010-04-06 12:00:00+00:00,0.1258581
2010-04-06 13:00:00+00:00,0.49457799999999996
2010-04-06 14:00:00+00:00,0.58927834
2010-04-06 15:00:00+00:00,0.58098894
2010-04-06 16:00:00+00:00,0.54409593
2010-04-06 17:00:00+00:00,0.44996759999999997
2010-04-06 18:00:00+00:00,0.48054054
2010-04-06 19:00:00+00:00,0.5272781
2010-04-06 20:00:00+00:00,0.20416448
2010-04-06 21:00:00+00:00,0.5179329
2010-04-06 22:00:00+00:00,0.37523508
2010-04-06 23:00:00+00:00,0.07364306
2010-04-07 00:00:00+00:00,0.0
2010-04-07 01:00:00+00:00,0.0
2010-04-07 02:00:00+00:00,0.0
2010-04-07 03:00:00+00:00,0.0
2010-04-07 04:00:00+00:00,0.0
2010-04-07 05:00:00+00:00,0.0
2010-04-07 06:00:00+00:00,0.0
2010-04-07 07:00:00+00:00,0.0
2010-04-07 08:00:00+00:00,0.0
2010-04-07 09:00:00+00:00,0.0
2010-04-07 10:00:00+00:00,0.0
2010-04-07 11:00:00+00:00,0.0
2010-04-07 12:00:00+00:00,0.00086822535
2010-04-07 13:00:00+00:00,0.0020051578
2010-04-07 14:00:00+00:00,0.052204499999999994
2010-04-07 15:00:00+00:00,0.17555022
2010-04-07 16:00:00+00:00,0.3454966
2010-04-07 17:00:00+00:00,0.14106126
2010-04-07 18:00:00+00:00,0.21360704
2010-04-07 19:00:00+00:00,0.40627867
2010-04-07 20:00:00+00:00,0.27565850000000003
2010-04-07 21:00:00+00:00,0.3678602
2010-04-07 22:00:00+00:00,0.08832994
2010-04-07 23:00:00+00:00,0.065611675
2010-04-08 00:00:00+00:00,0.0
2010-04-08 01:00:00+00:00,0.0
2010-04-08 02:00:00+00:00,0.0
2010-04-08 03:00:00+00:00,0.0
2010-04-08 04:00:00+00:00,0.0
2010-04-08 05:00:00+00:00,0.0
2010-04-08 06:00:00+00:00,0.0
2010-04-08 07:00:00+00:00,0.0
2010-04-08 08:00:00+00:00,0.0
2010-04-08 09:00:00+00:00,0.0
2010-04-08 10:00:00+00:00,0.0
2010-04-08 11:00:00+00:00,0.0
2010-04-08 12:00:00+00:00,0.16454802
2010-04-08 13:00:00+00:00,0.6358786
2010-04-08 14:00:00+00:00,0.767729
2010-04-08 15:00:00+00:00,0.7369385
2010-04-08 16:00:00+00:00,0.769
2010-04-08 17:00:00+00:00,0.75575703
2010-04-08 18:00:00+00:00,0.7497516
2010-04-08 19:00:00+00:00,0.75638646
2010-04-08 20:00:00+00:00,0.76449907
2010-04-08 21:00:00+00:00,0.7578504
2010-04-08 22:00:00+00:00,0.67512107
2010-04-08 23:00:00+00:00,0.3499203
2010-04-09 00:00:00+00:00,0.0
2010-04-09 01:00:00+00:00,0.0
2010-04-09 02:00:00+00:00,0.0
2010-04-09 03:00:00+00:00,0.0
2010-04-09 04:00:00+00:00,0.0
2010-04-09 05:00:00+00:00,0.0
2010-04-09 06:00:00+00:00,0.0
2010-04-09 07:00:00+00:00,0.0
2010-04-09 08:00:00+00:00,0.0
2010-04-09 09:00:00+00:00,0.0
2010-04-09 10:00:00+00:00,0.0
2010-04-09 11:00:00+00:00,0.0
2010-04-09 12:00:00+00:00,0.22859110000000002
2010-04-09 13:00:00+00:00,0.62710005
2010-04-09 14:00:00+00:00,0.7314746999999999
2010-04-09 15:00:00+00:00,0.7408584
2010-04-09 16:00:00+00:00,0.7219401
2010-04-09 17:00:00+00:00,0.7015388000000001
2010-04-09 18:00:00+00:00,0.69592804
2010-04-09 19:00:00+00:00,0.70523095
2010-04-09 20:00:00+00:00,0.7165313
2010-04-09 21:00:00+00:00,0.71691877
2010-04-09 22:00:00+00:00,0.6454411999999999
2010-04-09 23:00:00+00:00,0.34603775
2010-04-10 00:00:00+00:00,0.0
2010-04-10 01:00:00+00:00,0.0
2010-04-10 02:00:00+00:00,0.0
2010-04-10 03:00:00+00:00,0.0
2010-04-10 04:00:00+00:00,0.0
2010-04-10 05:00:00+00:00,0.0
2010-04-10 06:00:00+00:00,0.0
2010-04-10 07:00:00+00:00,0.0
2010-04-10 08:00:00+00:00,0.0
2010-04-10 09:00:00+00:00,0.0
2010-04-10 10:00:00+00:00,0.0
2010-04-10 11:00:00+00:00,0.0
2010-04-10 12:00:00+00:00,0.22292797
2010-04-10 13:00:00+00:00,0.6025115
2010-04-10 14:00:00+00:00,0.7028533
2010-04-10 15:00:00+00:00,0.7121525
2010-04-10 16:00:00+00:00,0.7006569
2010-04-10 17:00:00+00:00,0.6827880999999999
2010-04-10 18:00:00+00:00,0.67851657
2010-04-10 19:00:00+00:00,0.68478066
2010-04-10 20:00:00+00:00,0.65645224
2010-04-10 21:00:00+00:00,0.5449661
2010-04-10 22:00:00+00:00,0.5813514
2010-04-10 23:00:00+00:00,0.30473876
2010-04-11 00:00:00+00:00,0.0
2010-04-11 01:00:00+00:00,0.0
2010-04-11 02:00:00+00:00,0.0
2010-04-11 03:00:00+00:00,0.0
2010-04-11 04:00:00+00:00,0.0
2010-04-11 05:00:00+00:00,0.0
2010-04-11 06:00:00+00:00,0.0
2010-04-11 07:00:00+00:00,0.0
2010-04-11 08:00:00+00:00,0.0
2010-04-11 09:00:00+00:00,0.0
2010-04-11 10:00:00+00:00,0.0
2010-04-11 11:00:00+00:00,0.0
2010-04-11 12:00:00+00:00,0.18458775
2010-04-11 13:00:00+00:00,0.51105213
2010-04-11 14:00:00+00:00,0.63720256
2010-04-11 15:00:00+00:00,0.67964464
2010-04-11 16:00:00+00:00,0.6835022
2010-04-11 17:00:00+00:00,0.6223346
2010-04-11 18:00:00+00:00,0.59986675
2010-04-11 19:00:00+00:00,0.6628803000000001
2010-04-11 20:00:00+00:00,0.6654423
2010-04-11 21:00:00+00:00,0.47259520000000005
2010-04-11 22:00:00+00:00,0.5229281
2010-04-11 23:00:00+00:00,0.19802418
2010-04-12 00:00:00+00:00,0.0
2010-04-12 01:00:00+00:00,0.0
2010-04-12 02:00:00+00:00,0.0
2010-04-12 03:00:00+00:00,0.0
2010-04-12 04:00:00+00:00,0.0
2010-04-12 05:00:00+00:00,0.0
2010-04-12 06:00:00+00:00,0.0
2010-04-12 07:00:00+00:00,0.0
2010-04-12 08:00:00+00:00,0.0
2010-04-12 09:00:00+00:00,0.0
2010-04-12 10:00:00+00:00,0.0
2010-04-12 11:00:00+00:00,0.0
2010-04-12 12:00:00+00:00,0.08291723
2010-04-12 13:00:00+00:00,0.3613912
2010-04-12 14:00:00+00:00,0.5524055
2010-04-12 15:00:00+00:00,0.552855
2010-04-12 16:00:00+00:00,0.68734974
2010-04-12 17:00:00+00:00,0.6736229
2010-04-12 18:00:00+00:00,0.6668919
2010-04-12 19:00:00+00:00,0.6714906
2010-04-12 20:00:00+00:00,0.6688
2010-04-12 21:00:00+00:00,0.6397566
2010-04-12 22:00:00+00:00,0.5394926999999999
2010-04-12 23:00:00+00:00,0.25306982
2010-04-13 00:00:00+00:00,0.0
2010-04-13 01:00:00+00:00,0.0
2010-04-13 02:00:00+00:00,0.0
2010-04-13 03:00:00+00:00,0.0
2010-04-13 04:00:00+00:00,0.0
2010-04-13 05:00:00+00:00,0.0
2010-04-13 06:00:00+00:00,0.0
2010-04-13 07:00:00+00:00,0.0
2010-04-13 08:00:00+00:00,0.0
2010-04-13 09:00:00+00:00,0.0
2010-04-13 10:00:00+00:00,0.0
2010-04-13 11:00:00+00:00,0.0
2010-04-13 12:00:00+00:00,0.07571342
2010-04-13 13:00:00+00:00,0.35459709999999994
2010-04-13 14:00:00+00:00,0.49705884
2010-04-13 15:00:00+00:00,0.6963434000000001
2010-04-13 16:00:00+00:00,0.68614435
2010-04-13 17:00:00+00:00,0.6755053000000001
2010-04-13 18:00:00+00:00,0.67178994
2010-04-13 19:00:00+00:00,0.6783964
2010-04-13 20:00:00+00:00,0.68329275
2010-04-13 21:00:00+00:00,0.6620329
2010-04-13 22:00:00+00:00,0.5788848000000001
2010-04-13 23:00:00+00:00,0.30878726
2010-04-14 00:00:00+00:00,0.0
2010-04-14 01:00:00+00:00,0.0
2010-04-14 02:00:00+00:00,0.0
2010-04-14 03:00:00+00:00,0.0
2010-04-14 04:00:00+00:00,0.0
2010-04-14 05:00:00+00:00,0.0
2010-04-14 06:00:00+00:00,0.0
2010-04-14 07:00:00+00:00,0.0
2010-04-14 08:00:00+00:00,0.0
2010-04-14 09:00:00+00:00,0.0
2010-04-14 10:00:00+00:00,0.0
2010-04-14 11:00:00+00:00,0.0
2010-04-14 12:00:00+00:00,0.20183477
2010-04-14 13:00:00+00:00,0.52335435
2010-04-14 14:00:00+00:00,0.6412741
2010-04-14 15:00:00+00:00,0.67735666
2010-04-14 16:00:00+00:00,0.67776495
2010-04-14 17:00:00+00:00,0.668463
2010-04-14 18:00:00+00:00,0.65127933
2010-04-14 19:00:00+00:00,0.60871357
2010-04-14 20:00:00+00:00,0.59266365
2010-04-14 21:00:00+00:00,0.38454962
2010-04-14 22:00:00+00:00,0.39596114
2010-04-14 23:00:00+00:00,0.1607037
2010-04-15 00:00:00+00:00,0.0
2010-04-15 01:00:00+00:00,0.0
2010-04-15 02:00:00+00:00,0.0
2010-04-15 03:00:00+00:00,0.0
2010-04-15 04:00:00+00:00,0.0
2010-04-15 05:00:00+00:00,0.0
2010-04-15 06:00:00+00:00,0.0
2010-04-15 07:00:00+00:00,0.0
2010-04-15 08:00:00+00:00,0.0
2010-04-15 09:00:00+00:00,0.0
2010-04-15 10:00:00+00:00,0.0
2010-04-15 11:00:00+00:00,0.0
2010-04-15 12:00:00+00:00,0.22927372
2010-04-15 13:00:00+00:00,0.5898793999999999
2010-04-15 14:00:00+00:00,0.694526
2010-04-15 15:00:00+00:00,0.71841496
2010-04-15 16:00:00+00:00,0.7170989000000001
2010-04-15 17:00:00+00:00,0.5205314999999999
2010-04-15 18:00:00+00:00,0.42148859999999994
2010-04-15 19:00:00+00:00,0.6346419
2010-04-15 20:00:00+00:00,0.59044844
2010-04-15 21:00:00+00:00,0.10571604
2010-04-15 22:00:00+00:00,0.026654297
2010-04-15 23:00:00+00:00,0.002144674
2010-04-16 00:00:00+00:00,0.0
2010-04-16 01:00:00+00:00,0.0
2010-04-16 02:00:00+00:00,0.0
2010-04-16 03:00:00+00:00,0.0
2010-04-16 04:00:00+00:00,0.0
2010-04-16 05:00:00+00:00,0.0
2010-04-16 06:00:00+00:00,0.0
2010-04-16 07:00:00+00:00,0.0
2010-04-16 08:00:00+00:00,0.0
2010-04-16 09:00:00+00:00,0.0
2010-04-16 10:00:00+00:00,0.0
2010-04-16 11:00:00+00:00,0.0
2010-04-16 12:00:00+00:00,0.27181690000000003
2010-04-16 13:00:00+00:00,0.6494017
2010-04-16 14:00:00+00:00,0.7451686
2010-04-16 15:00:00+00:00,0.769
2010-04-16 16:00:00+00:00,0.7665573
2010-04-16 17:00:00+00:00,0.75261533
2010-04-16 18:00:00+00:00,0.7512409000000001
2010-04-16 19:00:00+00:00,0.7586253000000001
2010-04-16 20:00:00+00:00,0.768663
2010-04-16 21:00:00+00:00,0.75052714
2010-04-16 22:00:00+00:00,0.66417456
2010-04-16 23:00:00+00:00,0.36411327
2010-04-17 00:00:00+00:00,0.0
2010-04-17 01:00:00+00:00,0.0
2010-04-17 02:00:00+00:00,0.0
2010-04-17 03:00:00+00:00,0.0
2010-04-17 04:00:00+00:00,0.0
2010-04-17 05:00:00+00:00,0.0
2010-04-17 06:00:00+00:00,0.0
2010-04-17 07:00:00+00:00,0.0
2010-04-17 08:00:00+00:00,0.0
2010-04-17 09:00:00+00:00,0.0
2010-04-17 10:00:00+00:00,0.0
2010-04-17 11:00:00+00:00,0.0
2010-04-17 12:00:00+00:00,0.30054185
2010-04-17 13:00:00+00:00,0.67099607
2010-04-17 14:00:00+00:00,0.75816727
2010-04-17 15:00:00+00:00,0.7640866
2010-04-17 16:00:00+00:00,0.75123525
2010-04-17 17:00:00+00:00,0.7397623000000001
2010-04-17 18:00:00+00:00,0.736295
2010-04-17 19:00:00+00:00,0.7442729
2010-04-17 20:00:00+00:00,0.7520331
2010-04-17 21:00:00+00:00,0.74655056
2010-04-17 22:00:00+00:00,0.6696257
2010-04-17 23:00:00+00:00,0.38626432
2010-04-18 00:00:00+00:00,0.0
2010-04-18 01:00:00+00:00,0.0
2010-04-18 02:00:00+00:00,0.0
2010-04-18 03:00:00+00:00,0.0
2010-04-18 04:00:00+00:00,0.0
2010-04-18 05:00:00+00:00,0.0
2010-04-18 06:00:00+00:00,0.0
2010-04-18 07:00:00+00:00,0.0
2010-04-18 08:00:00+00:00,0.0
2010-04-18 09:00:00+00:00,0.0
2010-04-18 10:00:00+00:00,0.0
2010-04-18 11:00:00+00:00,0.0
2010-04-18 12:00:00+00:00,0.28178695
2010-04-18 13:00:00+00:00,0.63881654
2010-04-18 14:00:00+00:00,0.7316223000000001
2010-04-18 15:00:00+00:00,0.75076485
2010-04-18 16:00:00+00:00,0.7435124
2010-04-18 17:00:00+00:00,0.6994439
2010-04-18 18:00:00+00:00,0.6910696999999999
2010-04-18 19:00:00+00:00,0.64675504
2010-04-18 20:00:00+00:00,0.6466287
2010-04-18 21:00:00+00:00,0.5564916
2010-04-18 22:00:00+00:00,0.45018339999999996
2010-04-18 23:00:00+00:00,0.21319357
2010-04-19 00:00:00+00:00,0.0
2010-04-19 01:00:00+00:00,0.0
2010-04-19 02:00:00+00:00,0.0
2010-04-19 03:00:00+00:00,0.0
2010-04-19 04:00:00+00:00,0.0
2010-04-19 05:00:00+00:00,0.0
2010-04-19 06:00:00+00:00,0.0
2010-04-19 07:00:00+00:00,0.0
2010-04-19 08:00:00+00:00,0.0
2010-04-19 09:00:00+00:00,0.0
2010-04-19 10:00:00+00:00,0.0
2010-04-19 11:00:00+00:00,0.0
2010-04-19 12:00:00+00:00,0.16283889
2010-04-19 13:00:00+00:00,0.39411616
2010-04-19 14:00:00+00:00,0.19676544
2010-04-19 15:00:00+00:00,0.45604366
2010-04-19 16:00:00+00:00,0.37960804
2010-04-19 17:00:00+00:00,0.41960093
2010-04-19 18:00:00+00:00,0.17781733
2010-04-19 19:00:00+00:00,0.30727234
2010-04-19 20:00:00+00:00,0.13942699
2010-04-19 21:00:00+00:00,0.08789693
2010-04-19 22:00:00+00:00,0.015958719
2010-04-19 23:00:00+00:00,0.0061301533
2010-04-20 00:00:00+00:00,0.0
2010-04-20 01:00:00+00:00,0.0
2010-04-20 02:00:00+00:00,0.0
2010-04-20 03:00:00+00:00,0.0
2010-04-20 04:00:00+00:00,0.0
2010-04-20 05:00:00+00:00,0.0
2010-04-20 06:00:00+00:00,0.0
2010-04-20 07:00:00+00:00,0.0
2010-04-20 08:00:00+00:00,0.0
2010-04-20 09:00:00+00:00,0.0
2010-04-20 10:00:00+00:00,0.0
2010-04-20 11:00:00+00:00,0.0
2010-04-20 12:00:00+00:00,0.22421688
2010-04-20 13:00:00+00:00,0.5389323
2010-04-20 14:00:00+00:00,0.6578699
2010-04-20 15:00:00+00:00,0.71442467
2010-04-20 16:00:00+00:00,0.7146880999999999
2010-04-20 17:00:00+00:00,0.37767297
2010-04-20 18:00:00+00:00,0.62604374
2010-04-20 19:00:00+00:00,0.6815011
2010-04-20 20:00:00+00:00,0.61085063
2010-04-20 21:00:00+00:00,0.59996265
2010-04-20 22:00:00+00:00,0.34091648
2010-04-20 23:00:00+00:00,0.30303398
2010-04-21 00:00:00+00:00,0.0073914304
2010-04-21 01:00:00+00:00,0.0
2010-04-21 02:00:00+00:00,0.0
2010-04-21 03:00:00+00:00,0.0
2010-04-21 04:00:00+00:00,0.0
2010-04-21 05:00:00+00:00,0.0
2010-04-21 06:00:00+00:00,0.0
2010-04-21 07:00:00+00:00,0.0
2010-04-21 08:00:00+00:00,0.0
2010-04-21 09:00:00+00:00,0.0
2010-04-21 10:00:00+00:00,0.0
2010-04-21 11:00:00+00:00,0.0
2010-04-21 12:00:00+00:00,0.03783945
2010-04-21 13:00:00+00:00,0.054980192000000004
2010-04-21 14:00:00+00:00,0.13497715
2010-04-21 15:00:00+00:00,0.08647732400000001
2010-04-21 16:00:00+00:00,0.14614323
2010-04-21 17:00:00+00:00,0.37806678
2010-04-21 18:00:00+00:00,0.54021525
2010-04-21 19:00:00+00:00,0.6074439
2010-04-21 20:00:00+00:00,0.5315340000000001
2010-04-21 21:00:00+00:00,0.4346731
2010-04-21 22:00:00+00:00,0.31327787
2010-04-21 23:00:00+00:00,0.15439406
2010-04-22 00:00:00+00:00,0.007900009
2010-04-22 01:00:00+00:00,0.0
2010-04-22 02:00:00+00:00,0.0
2010-04-22 03:00:00+00:00,0.0
2010-04-22 04:00:00+00:00,0.0
2010-04-22 05:00:00+00:00,0.0
2010-04-22 06:00:00+00:00,0.0
2010-04-22 07:00:00+00:00,0.0
2010-04-22 08:00:00+00:00,0.0
2010-04-22 09:00:00+00:00,0.0
2010-04-22 10:00:00+00:00,0.0
2010-04-22 11:00:00+00:00,0.0
2010-04-22 12:00:00+00:00,0.002134191
2010-04-22 13:00:00+00:00,0.023476262
2010-04-22 14:00:00+00:00,0.043411165
2010-04-22 15:00:00+00:00,0.078305684
2010-04-22 16:00:00+00:00,0.21003826
2010-04-22 17:00:00+00:00,0.308321
2010-04-22 18:00:00+00:00,0.3731824
2010-04-22 19:00:00+00:00,0.5088359
2010-04-22 20:00:00+00:00,0.6116268
2010-04-22 21:00:00+00:00,0.44125992
2010-04-22 22:00:00+00:00,0.13795783
2010-04-22 23:00:00+00:00,0.019529453999999998
2010-04-23 00:00:00+00:00,0.0
2010-04-23 01:00:00+00:00,0.0
2010-04-23 02:00:00+00:00,0.0
2010-04-23 03:00:00+00:00,0.0
2010-04-23 04:00:00+00:00,0.0
2010-04-23 05:00:00+00:00,0.0
2010-04-23 06:00:00+00:00,0.0
2010-04-23 07:00:00+00:00,0.0
2010-04-23 08:00:00+00:00,0.0
2010-04-23 09:00:00+00:00,0.0
2010-04-23 10:00:00+00:00,0.0
2010-04-23 11:00:00+00:00,0.0
2010-04-23 12:00:00+00:00,0.014195372
2010-04-23 13:00:00+00:00,0.40325928
2010-04-23 14:00:00+00:00,0.53566855
2010-04-23 15:00:00+00:00,0.5157777
2010-04-23 16:00:00+00:00,0.5590265999999999
2010-04-23 17:00:00+00:00,0.20465413
2010-04-23 18:00:00+00:00,0.21426857
2010-04-23 19:00:00+00:00,0.06653724
2010-04-23 20:00:00+00:00,0.058072664
2010-04-23 21:00:00+00:00,0.039903965
2010-04-23 22:00:00+00:00,0.04127222
2010-04-23 23:00:00+00:00,0.075233914
2010-04-24 00:00:00+00:00,0.0
2010-04-24 01:00:00+00:00,0.0
2010-04-24 02:00:00+00:00,0.0
2010-04-24 03:00:00+00:00,0.0
2010-04-24 04:00:00+00:00,0.0
2010-04-24 05:00:00+00:00,0.0
2010-04-24 06:00:00+00:00,0.0
2010-04-24 07:00:00+00:00,0.0
2010-04-24 08:00:00+00:00,0.0
2010-04-24 09:00:00+00:00,0.0
2010-04-24 10:00:00+00:00,0.0
2010-04-24 11:00:00+00:00,0.0
2010-04-24 12:00:00+00:00,0.3100986
2010-04-24 13:00:00+00:00,0.6325426
2010-04-24 14:00:00+00:00,0.5192327999999999
2010-04-24 15:00:00+00:00,0.64059687
2010-04-24 16:00:00+00:00,0.66435736
2010-04-24 17:00:00+00:00,0.5447064
2010-04-24 18:00:00+00:00,0.28284454
2010-04-24 19:00:00+00:00,0.11907876
2010-04-24 20:00:00+00:00,0.099480785
2010-04-24 21:00:00+00:00,0.10046125
2010-04-24 22:00:00+00:00,0.06417365
2010-04-24 23:00:00+00:00,0.045248332999999995
2010-04-25 00:00:00+00:00,0.0008633906
2010-04-25 01:00:00+00:00,0.0
2010-04-25 02:00:00+00:00,0.0
2010-04-25 03:00:00+00:00,0.0
2010-04-25 04:00:00+00:00,0.0
2010-04-25 05:00:00+00:00,0.0
2010-04-25 06:00:00+00:00,0.0
2010-04-25 07:00:00+00:00,0.0
2010-04-25 08:00:00+00:00,0.0
2010-04-25 09:00:00+00:00,0.0
2010-04-25 10:00:00+00:00,0.0
2010-04-25 11:00:00+00:00,0.0
2010-04-25 12:00:00+00:00,0.0061304945999999996
2010-04-25 13:00:00+00:00,0.01138948
2010-04-25 14:00:00+00:00,0.034555826
2010-04-25 15:00:00+00:00,0.058637153
2010-04-25 16:00:00+00:00,0.075880945
2010-04-25 17:00:00+00:00,0.14800933
2010-04-25 18:00:00+00:00,0.106989205
2010-04-25 19:00:00+00:00,0.06774763
2010-04-25 20:00:00+00:00,0.09881262
2010-04-25 21:00:00+00:00,0.041086942
2010-04-25 22:00:00+00:00,0.02914611
2010-04-25 23:00:00+00:00,0.013671263999999999
2010-04-26 00:00:00+00:00,0.0
2010-04-26 01:00:00+00:00,0.0
2010-04-26 02:00:00+00:00,0.0
2010-04-26 03:00:00+00:00,0.0
2010-04-26 04:00:00+00:00,0.0
2010-04-26 05:00:00+00:00,0.0
2010-04-26 06:00:00+00:00,0.0
2010-04-26 07:00:00+00:00,0.0
2010-04-26 08:00:00+00:00,0.0
2010-04-26 09:00:00+00:00,0.0
2010-04-26 10:00:00+00:00,0.0
2010-04-26 11:00:00+00:00,0.0
2010-04-26 12:00:00+00:00,0.0026358508
2010-04-26 13:00:00+00:00,0.021334508
2010-04-26 14:00:00+00:00,0.034207348
2010-04-26 15:00:00+00:00,0.116086535
2010-04-26 16:00:00+00:00,0.39698288
2010-04-26 17:00:00+00:00,0.35065368
2010-04-26 18:00:00+00:00,0.39847434
2010-04-26 19:00:00+00:00,0.47402868
2010-04-26 20:00:00+00:00,0.5501669
2010-04-26 21:00:00+00:00,0.47719670000000003
2010-04-26 22:00:00+00:00,0.63875455
2010-04-26 23:00:00+00:00,0.38924345
2010-04-27 00:00:00+00:00,0.052784856
2010-04-27 01:00:00+00:00,0.0
2010-04-27 02:00:00+00:00,0.0
2010-04-27 03:00:00+00:00,0.0
2010-04-27 04:00:00+00:00,0.0
2010-04-27 05:00:00+00:00,0.0
2010-04-27 06:00:00+00:00,0.0
2010-04-27 07:00:00+00:00,0.0
2010-04-27 08:00:00+00:00,0.0
2010-04-27 09:00:00+00:00,0.0
2010-04-27 10:00:00+00:00,0.0
2010-04-27 11:00:00+00:00,0.0
2010-04-27 12:00:00+00:00,0.37925446
2010-04-27 13:00:00+00:00,0.6886079
2010-04-27 14:00:00+00:00,0.769
2010-04-27 15:00:00+00:00,0.769
2010-04-27 16:00:00+00:00,0.769
2010-04-27 17:00:00+00:00,0.7666198000000001
2010-04-27 18:00:00+00:00,0.7609716999999999
2010-04-27 19:00:00+00:00,0.7232659
2010-04-27 20:00:00+00:00,0.7069416000000001
2010-04-27 21:00:00+00:00,0.7535654
2010-04-27 22:00:00+00:00,0.6317991
2010-04-27 23:00:00+00:00,0.42321405
2010-04-28 00:00:00+00:00,0.07116599
2010-04-28 01:00:00+00:00,0.0
2010-04-28 02:00:00+00:00,0.0
2010-04-28 03:00:00+00:00,0.0
2010-04-28 04:00:00+00:00,0.0
2010-04-28 05:00:00+00:00,0.0
2010-04-28 06:00:00+00:00,0.0
2010-04-28 07:00:00+00:00,0.0
2010-04-28 08:00:00+00:00,0.0
2010-04-28 09:00:00+00:00,0.0
2010-04-28 10:00:00+00:00,0.0
2010-04-28 11:00:00+00:00,0.0
2010-04-28 12:00:00+00:00,0.23036279
2010-04-28 13:00:00+00:00,0.6091664000000001
2010-04-28 14:00:00+00:00,0.71295506
2010-04-28 15:00:00+00:00,0.74031293
2010-04-28 16:00:00+00:00,0.7402974
2010-04-28 17:00:00+00:00,0.73097086
2010-04-28 18:00:00+00:00,0.72395015
2010-04-28 19:00:00+00:00,0.72431254
2010-04-28 20:00:00+00:00,0.7346026999999999
2010-04-28 21:00:00+00:00,0.72183275
2010-04-28 22:00:00+00:00,0.6592648
2010-04-28 23:00:00+00:00,0.32498586
2010-04-29 00:00:00+00:00,0.05756895
2010-04-29 01:00:00+00:00,0.0
2010-04-29 02:00:00+00:00,0.0
2010-04-29 03:00:00+00:00,0.0
2010-04-29 04:00:00+00:00,0.0
2010-04-29 05:00:00+00:00,0.0
2010-04-29 06:00:00+00:00,0.0
2010-04-29 07:00:00+00:00,0.0
2010-04-29 08:00:00+00:00,0.0
2010-04-29 09:00:00+00:00,0.0
2010-04-29 10:00:00+00:00,0.0
2010-04-29 11:00:00+00:00,0.0
2010-04-29 12:00:00+00:00,0.33324873
2010-04-29 13:00:00+00:00,0.62646353
2010-04-29 14:00:00+00:00,0.72077036
2010-04-29 15:00:00+00:00,0.74037015
2010-04-29 16:00:00+00:00,0.7324794
2010-04-29 17:00:00+00:00,0.7178680000000001
2010-04-29 18:00:00+00:00,0.59714335
2010-04-29 19:00:00+00:00,0.32115963
2010-04-29 20:00:00+00:00,0.43758765
2010-04-29 21:00:00+00:00,0.69629383
2010-04-29 22:00:00+00:00,0.6158474
2010-04-29 23:00:00+00:00,0.38615078
2010-04-30 00:00:00+00:00,0.07289962
2010-04-30 01:00:00+00:00,0.0
2010-04-30 02:00:00+00:00,0.0
2010-04-30 03:00:00+00:00,0.0
2010-04-30 04:00:00+00:00,0.0
2010-04-30 05:00:00+00:00,0.0
2010-04-30 06:00:00+00:00,0.0
2010-04-30 07:00:00+00:00,0.0
2010-04-30 08:00:00+00:00,0.0
2010-04-30 09:00:00+00:00,0.0
2010-04-30 10:00:00+00:00,0.0
2010-04-30 11:00:00+00:00,0.0
2010-04-30 12:00:00+00:00,0.029318333
2010-04-30 13:00:00+00:00,0.036343682999999995
2010-04-30 14:00:00+00:00,0.036243300000000006
2010-04-30 15:00:00+00:00,0.07316285
2010-04-30 16:00:00+00:00,0.11685385
2010-04-30 17:00:00+00:00,0.24595694
2010-04-30 18:00:00+00:00,0.18873738
2010-04-30 19:00:00+00:00,0.16493213
2010-04-30 20:00:00+00:00,0.08325366
2010-04-30 21:00:00+00:00,0.04662134
2010-04-30 22:00:00+00:00,0.03258417
2010-04-30 23:00:00+00:00,0.02948372
2010-05-01 00:00:00+00:00,0.0014515735
2010-05-01 01:00:00+00:00,0.0
2010-05-01 02:00:00+00:00,0.0
2010-05-01 03:00:00+00:00,0.0
2010-05-01 04:00:00+00:00,0.0
2010-05-01 05:00:00+00:00,0.0
2010-05-01 06:00:00+00:00,0.0
2010-05-01 07:00:00+00:00,0.0
2010-05-01 08:00:00+00:00,0.0
2010-05-01 09:00:00+00:00,0.0
2010-05-01 10:00:00+00:00,0.0
2010-05-01 11:00:00+00:00,0.0
2010-05-01 12:00:00+00:00,0.0039361542999999995
2010-05-01 13:00:00+00:00,0.024781754
2010-05-01 14:00:00+00:00,0.023881097999999996
2010-05-01 15:00:00+00:00,0.04498495
2010-05-01 16:00:00+00:00,0.04129397
2010-05-01 17:00:00+00:00,0.07266449
2010-05-01 18:00:00+00:00,0.23959666
2010-05-01 19:00:00+00:00,0.102928184
2010-05-01 20:00:00+00:00,0.048344455999999994
2010-05-01 21:00:00+00:00,0.038988203
2010-05-01 22:00:00+00:00,0.030606491
2010-05-01 23:00:00+00:00,0.025133272999999998
2010-05-02 00:00:00+00:00,0.0019524604000000002
2010-05-02 01:00:00+00:00,0.0
2010-05-02 02:00:00+00:00,0.0
2010-05-02 03:00:00+00:00,0.0
2010-05-02 04:00:00+00:00,0.0
2010-05-02 05:00:00+00:00,0.0
2010-05-02 06:00:00+00:00,0.0
2010-05-02 07:00:00+00:00,0.0
2010-05-02 08:00:00+00:00,0.0
2010-05-02 09:00:00+00:00,0.0
2010-05-02 10:00:00+00:00,0.0
2010-05-02 11:00:00+00:00,0.0
2010-05-02 12:00:00+00:00,0.37117009999999995
2010-05-02 13:00:00+00:00,0.6575833999999999
2010-05-02 14:00:00+00:00,0.7370375
2010-05-02 15:00:00+00:00,0.75067556
2010-05-02 16:00:00+00:00,0.74649894
2010-05-02 17:00:00+00:00,0.73818326
2010-05-02 18:00:00+00:00,0.7339906
2010-05-02 19:00:00+00:00,0.7390149
2010-05-02 20:00:00+00:00,0.7415706999999999
2010-05-02 21:00:00+00:00,0.7347001
2010-05-02 22:00:00+00:00,0.66649824
2010-05-02 23:00:00+00:00,0.45066214
2010-05-03 00:00:00+00:00,0.10439523
2010-05-03 01:00:00+00:00,0.0
2010-05-03 02:00:00+00:00,0.0
2010-05-03 03:00:00+00:00,0.0
2010-05-03 04:00:00+00:00,0.0
2010-05-03 05:00:00+00:00,0.0
2010-05-03 06:00:00+00:00,0.0
2010-05-03 07:00:00+00:00,0.0
2010-05-03 08:00:00+00:00,0.0
2010-05-03 09:00:00+00:00,0.0
2010-05-03 10:00:00+00:00,0.0
2010-05-03 11:00:00+00:00,0.007198296
2010-05-03 12:00:00+00:00,0.37305576
2010-05-03 13:00:00+00:00,0.64569217
2010-05-03 14:00:00+00:00,0.72595304
2010-05-03 15:00:00+00:00,0.74189967
2010-05-03 16:00:00+00:00,0.74130964
2010-05-03 17:00:00+00:00,0.73296887
2010-05-03 18:00:00+00:00,0.73111117
2010-05-03 19:00:00+00:00,0.7357103
2010-05-03 20:00:00+00:00,0.73601556
2010-05-03 21:00:00+00:00,0.72100514
2010-05-03 22:00:00+00:00,0.6523124
2010-05-03 23:00:00+00:00,0.44840077
2010-05-04 00:00:00+00:00,0.11090311
2010-05-04 01:00:00+00:00,0.0
2010-05-04 02:00:00+00:00,0.0
2010-05-04 03:00:00+00:00,0.0
2010-05-04 04:00:00+00:00,0.0
2010-05-04 05:00:00+00:00,0.0
2010-05-04 06:00:00+00:00,0.0
2010-05-04 07:00:00+00:00,0.0
2010-05-04 08:00:00+00:00,0.0
2010-05-04 09:00:00+00:00,0.0
2010-05-04 10:00:00+00:00,0.0
2010-05-04 11:00:00+00:00,0.019737283
2010-05-04 12:00:00+00:00,0.39005563
2010-05-04 13:00:00+00:00,0.6555694000000001
2010-05-04 14:00:00+00:00,0.7267225
2010-05-04 15:00:00+00:00,0.7406636
2010-05-04 16:00:00+00:00,0.7366738
2010-05-04 17:00:00+00:00,0.728164
2010-05-04 18:00:00+00:00,0.72450733
2010-05-04 19:00:00+00:00,0.7282559000000001
2010-05-04 20:00:00+00:00,0.7264440999999999
2010-05-04 21:00:00+00:00,0.6924475
2010-05-04 22:00:00+00:00,0.6495651
2010-05-04 23:00:00+00:00,0.43362399999999995
2010-05-05 00:00:00+00:00,0.10186539
2010-05-05 01:00:00+00:00,0.0
2010-05-05 02:00:00+00:00,0.0
2010-05-05 03:00:00+00:00,0.0
2010-05-05 04:00:00+00:00,0.0
2010-05-05 05:00:00+00:00,0.0
2010-05-05 06:00:00+00:00,0.0
2010-05-05 07:00:00+00:00,0.0
2010-05-05 08:00:00+00:00,0.0
2010-05-05 09:00:00+00:00,0.0
2010-05-05 10:00:00+00:00,0.0
2010-05-05 11:00:00+00:00,0.028213382000000002
2010-05-05 12:00:00+00:00,0.39424175
2010-05-05 13:00:00+00:00,0.6677224
2010-05-05 14:00:00+00:00,0.7503652
2010-05-05 15:00:00+00:00,0.7593771
2010-05-05 16:00:00+00:00,0.75180775
2010-05-05 17:00:00+00:00,0.74172187
2010-05-05 18:00:00+00:00,0.7406468
2010-05-05 19:00:00+00:00,0.74413997
2010-05-05 20:00:00+00:00,0.7443036999999999
2010-05-05 21:00:00+00:00,0.7311263000000001
2010-05-05 22:00:00+00:00,0.67244977
2010-05-05 23:00:00+00:00,0.4681585
2010-05-06 00:00:00+00:00,0.11806689
2010-05-06 01:00:00+00:00,0.0
2010-05-06 02:00:00+00:00,0.0
2010-05-06 03:00:00+00:00,0.0
2010-05-06 04:00:00+00:00,0.0
2010-05-06 05:00:00+00:00,0.0
2010-05-06 06:00:00+00:00,0.0
2010-05-06 07:00:00+00:00,0.0
2010-05-06 08:00:00+00:00,0.0
2010-05-06 09:00:00+00:00,0.0
2010-05-06 10:00:00+00:00,0.0
2010-05-06 11:00:00+00:00,0.013167709
2010-05-06 12:00:00+00:00,0.23749271
2010-05-06 13:00:00+00:00,0.61647356
2010-05-06 14:00:00+00:00,0.69748014
2010-05-06 15:00:00+00:00,0.6595573
2010-05-06 16:00:00+00:00,0.6994026999999999
2010-05-06 17:00:00+00:00,0.71948326
2010-05-06 18:00:00+00:00,0.7206792
2010-05-06 19:00:00+00:00,0.72681963
2010-05-06 20:00:00+00:00,0.72615033
2010-05-06 21:00:00+00:00,0.43823314
2010-05-06 22:00:00+00:00,0.09558308
2010-05-06 23:00:00+00:00,0.026808672000000002
2010-05-07 00:00:00+00:00,0.029634688
2010-05-07 01:00:00+00:00,0.0
2010-05-07 02:00:00+00:00,0.0
2010-05-07 03:00:00+00:00,0.0
2010-05-07 04:00:00+00:00,0.0
2010-05-07 05:00:00+00:00,0.0
2010-05-07 06:00:00+00:00,0.0
2010-05-07 07:00:00+00:00,0.0
2010-05-07 08:00:00+00:00,0.0
2010-05-07 09:00:00+00:00,0.0
2010-05-07 10:00:00+00:00,0.0
2010-05-07 11:00:00+00:00,0.05104874400000001
2010-05-07 12:00:00+00:00,0.44341287
2010-05-07 13:00:00+00:00,0.7260536999999999
2010-05-07 14:00:00+00:00,0.769
2010-05-07 15:00:00+00:00,0.769
2010-05-07 16:00:00+00:00,0.769
2010-05-07 17:00:00+00:00,0.68141145
2010-05-07 18:00:00+00:00,0.66857505
2010-05-07 19:00:00+00:00,0.57420087
2010-05-07 20:00:00+00:00,0.44201833
2010-05-07 21:00:00+00:00,0.28461313
2010-05-07 22:00:00+00:00,0.17157148
2010-05-07 23:00:00+00:00,0.19575882
2010-05-08 00:00:00+00:00,0.11363001
2010-05-08 01:00:00+00:00,0.0
2010-05-08 02:00:00+00:00,0.0
2010-05-08 03:00:00+00:00,0.0
2010-05-08 04:00:00+00:00,0.0
2010-05-08 05:00:00+00:00,0.0
2010-05-08 06:00:00+00:00,0.0
2010-05-08 07:00:00+00:00,0.0
2010-05-08 08:00:00+00:00,0.0
2010-05-08 09:00:00+00:00,0.0
2010-05-08 10:00:00+00:00,0.0
2010-05-08 11:00:00+00:00,0.054924972
2010-05-08 12:00:00+00:00,0.41446298
2010-05-08 13:00:00+00:00,0.68503416
2010-05-08 14:00:00+00:00,0.76298445
2010-05-08 15:00:00+00:00,0.56301796
2010-05-08 16:00:00+00:00,0.52821624
2010-05-08 17:00:00+00:00,0.54966366
2010-05-08 18:00:00+00:00,0.5147344
2010-05-08 19:00:00+00:00,0.6046583999999999
2010-05-08 20:00:00+00:00,0.60764587
2010-05-08 21:00:00+00:00,0.5962343000000001
2010-05-08 22:00:00+00:00,0.60292286
2010-05-08 23:00:00+00:00,0.4259887
2010-05-09 00:00:00+00:00,0.10115733
2010-05-09 01:00:00+00:00,0.0
2010-05-09 02:00:00+00:00,0.0
2010-05-09 03:00:00+00:00,0.0
2010-05-09 04:00:00+00:00,0.0
2010-05-09 05:00:00+00:00,0.0
2010-05-09 06:00:00+00:00,0.0
2010-05-09 07:00:00+00:00,0.0
2010-05-09 08:00:00+00:00,0.0
2010-05-09 09:00:00+00:00,0.0
2010-05-09 10:00:00+00:00,0.0
2010-05-09 11:00:00+00:00,0.008553640999999999
2010-05-09 12:00:00+00:00,0.32426584
2010-05-09 13:00:00+00:00,0.58148575
2010-05-09 14:00:00+00:00,0.6322668
2010-05-09 15:00:00+00:00,0.6473288
2010-05-09 16:00:00+00:00,0.66754085
2010-05-09 17:00:00+00:00,0.6207898000000001
2010-05-09 18:00:00+00:00,0.61781806
2010-05-09 19:00:00+00:00,0.52493083
2010-05-09 20:00:00+00:00,0.4551384
2010-05-09 21:00:00+00:00,0.44283026
2010-05-09 22:00:00+00:00,0.28248796
2010-05-09 23:00:00+00:00,0.16240402
2010-05-10 00:00:00+00:00,0.028069127000000003
2010-05-10 01:00:00+00:00,0.0
2010-05-10 02:00:00+00:00,0.0
2010-05-10 03:00:00+00:00,0.0
2010-05-10 04:00:00+00:00,0.0
2010-05-10 05:00:00+00:00,0.0
2010-05-10 06:00:00+00:00,0.0
2010-05-10 07:00:00+00:00,0.0
2010-05-10 08:00:00+00:00,0.0
2010-05-10 09:00:00+00:00,0.0
2010-05-10 10:00:00+00:00,0.0
2010-05-10 11:00:00+00:00,0.00028908803
2010-05-10 12:00:00+00:00,0.013906217
2010-05-10 13:00:00+00:00,0.090252385
2010-05-10 14:00:00+00:00,0.22783819
2010-05-10 15:00:00+00:00,0.25370958
2010-05-10 16:00:00+00:00,0.35436490000000004
2010-05-10 17:00:00+00:00,0.23689164
2010-05-10 18:00:00+00:00,0.25007406
2010-05-10 19:00:00+00:00,0.24717094
2010-05-10 20:00:00+00:00,0.31869832
2010-05-10 21:00:00+00:00,0.43008754
2010-05-10 22:00:00+00:00,0.26650435
2010-05-10 23:00:00+00:00,0.17336443
2010-05-11 00:00:00+00:00,0.05681308
2010-05-11 01:00:00+00:00,0.0
2010-05-11 02:00:00+00:00,0.0
2010-05-11 03:00:00+00:00,0.0
2010-05-11 04:00:00+00:00,0.0
2010-05-11 05:00:00+00:00,0.0
2010-05-11 06:00:00+00:00,0.0
2010-05-11 07:00:00+00:00,0.0
2010-05-11 08:00:00+00:00,0.0
2010-05-11 09:00:00+00:00,0.0
2010-05-11 10:00:00+00:00,0.0
2010-05-11 11:00:00+00:00,0.00012303646
2010-05-11 12:00:00+00:00,0.021839942999999997
2010-05-11 13:00:00+00:00,0.015099143999999998
2010-05-11 14:00:00+00:00,0.033681154
2010-05-11 15:00:00+00:00,0.029607205
2010-05-11 16:00:00+00:00,0.1577463
2010-05-11 17:00:00+00:00,0.32407790000000003
2010-05-11 18:00:00+00:00,0.46574560000000004
2010-05-11 19:00:00+00:00,0.44872493
2010-05-11 20:00:00+00:00,0.51574224
2010-05-11 21:00:00+00:00,0.5084035
2010-05-11 22:00:00+00:00,0.41677070000000005
2010-05-11 23:00:00+00:00,0.1295301
2010-05-12 00:00:00+00:00,0.08288225
2010-05-12 01:00:00+00:00,0.0
2010-05-12 02:00:00+00:00,0.0
2010-05-12 03:00:00+00:00,0.0
2010-05-12 04:00:00+00:00,0.0
2010-05-12 05:00:00+00:00,0.0
2010-05-12 06:00:00+00:00,0.0
2010-05-12 07:00:00+00:00,0.0
2010-05-12 08:00:00+00:00,0.0
2010-05-12 09:00:00+00:00,0.0
2010-05-12 10:00:00+00:00,0.0
2010-05-12 11:00:00+00:00,0.03512709
2010-05-12 12:00:00+00:00,0.25519034
2010-05-12 13:00:00+00:00,0.49614018
2010-05-12 14:00:00+00:00,0.48141462
2010-05-12 15:00:00+00:00,0.58374417
2010-05-12 16:00:00+00:00,0.5540964
2010-05-12 17:00:00+00:00,0.60749495
2010-05-12 18:00:00+00:00,0.21235123
2010-05-12 19:00:00+00:00,0.60648596
2010-05-12 20:00:00+00:00,0.674927
2010-05-12 21:00:00+00:00,0.51089907
2010-05-12 22:00:00+00:00,0.56396246
2010-05-12 23:00:00+00:00,0.29641598
2010-05-13 00:00:00+00:00,0.07589588
2010-05-13 01:00:00+00:00,0.0
2010-05-13 02:00:00+00:00,0.0
2010-05-13 03:00:00+00:00,0.0
2010-05-13 04:00:00+00:00,0.0
2010-05-13 05:00:00+00:00,0.0
2010-05-13 06:00:00+00:00,0.0
2010-05-13 07:00:00+00:00,0.0
2010-05-13 08:00:00+00:00,0.0
2010-05-13 09:00:00+00:00,0.0
2010-05-13 10:00:00+00:00,0.0
2010-05-13 11:00:00+00:00,0.01677557
2010-05-13 12:00:00+00:00,0.22686335
2010-05-13 13:00:00+00:00,0.13280652
2010-05-13 14:00:00+00:00,0.28760257
2010-05-13 15:00:00+00:00,0.40869132
2010-05-13 16:00:00+00:00,0.51877373
2010-05-13 17:00:00+00:00,0.45409520000000003
2010-05-13 18:00:00+00:00,0.59391594
2010-05-13 19:00:00+00:00,0.40713158
2010-05-13 20:00:00+00:00,0.45038834
2010-05-13 21:00:00+00:00,0.34230083
2010-05-13 22:00:00+00:00,0.27365506
2010-05-13 23:00:00+00:00,0.29638866
2010-05-14 00:00:00+00:00,0.07018195
2010-05-14 01:00:00+00:00,0.0
2010-05-14 02:00:00+00:00,0.0
2010-05-14 03:00:00+00:00,0.0
2010-05-14 04:00:00+00:00,0.0
2010-05-14 05:00:00+00:00,0.0
2010-05-14 06:00:00+00:00,0.0
2010-05-14 07:00:00+00:00,0.0
2010-05-14 08:00:00+00:00,0.0
2010-05-14 09:00:00+00:00,0.0
2010-05-14 10:00:00+00:00,0.0
2010-05-14 11:00:00+00:00,0.060335256
2010-05-14 12:00:00+00:00,0.35799509999999996
2010-05-14 13:00:00+00:00,0.59341365
2010-05-14 14:00:00+00:00,0.69754314
2010-05-14 15:00:00+00:00,0.7149656
2010-05-14 16:00:00+00:00,0.7099893
2010-05-14 17:00:00+00:00,0.7013038
2010-05-14 18:00:00+00:00,0.6900324000000001
2010-05-14 19:00:00+00:00,0.39021269999999997
2010-05-14 20:00:00+00:00,0.6613858
2010-05-14 21:00:00+00:00,0.5655903
2010-05-14 22:00:00+00:00,0.20158951
2010-05-14 23:00:00+00:00,0.034662064
2010-05-15 00:00:00+00:00,0.0020422852
2010-05-15 01:00:00+00:00,0.0
2010-05-15 02:00:00+00:00,0.0
2010-05-15 03:00:00+00:00,0.0
2010-05-15 04:00:00+00:00,0.0
2010-05-15 05:00:00+00:00,0.0
2010-05-15 06:00:00+00:00,0.0
2010-05-15 07:00:00+00:00,0.0
2010-05-15 08:00:00+00:00,0.0
2010-05-15 09:00:00+00:00,0.0
2010-05-15 10:00:00+00:00,0.0
2010-05-15 11:00:00+00:00,0.0055649024
2010-05-15 12:00:00+00:00,0.03365131
2010-05-15 13:00:00+00:00,0.11956744
2010-05-15 14:00:00+00:00,0.044136044000000006
2010-05-15 15:00:00+00:00,0.22994237
2010-05-15 16:00:00+00:00,0.23391147
2010-05-15 17:00:00+00:00,0.28267738
2010-05-15 18:00:00+00:00,0.25202578
2010-05-15 19:00:00+00:00,0.25244498
2010-05-15 20:00:00+00:00,0.22458531
2010-05-15 21:00:00+00:00,0.11286143
2010-05-15 22:00:00+00:00,0.1598984
2010-05-15 23:00:00+00:00,0.059635673
2010-05-16 00:00:00+00:00,0.01415298
2010-05-16 01:00:00+00:00,0.0
2010-05-16 02:00:00+00:00,0.0
2010-05-16 03:00:00+00:00,0.0
2010-05-16 04:00:00+00:00,0.0
2010-05-16 05:00:00+00:00,0.0
2010-05-16 06:00:00+00:00,0.0
2010-05-16 07:00:00+00:00,0.0
2010-05-16 08:00:00+00:00,0.0
2010-05-16 09:00:00+00:00,0.0
2010-05-16 10:00:00+00:00,0.0
2010-05-16 11:00:00+00:00,0.0032579924
2010-05-16 12:00:00+00:00,0.00889198
2010-05-16 13:00:00+00:00,0.045644328
2010-05-16 14:00:00+00:00,0.09492745
2010-05-16 15:00:00+00:00,0.15074283
2010-05-16 16:00:00+00:00,0.13126722
2010-05-16 17:00:00+00:00,0.16389264
2010-05-16 18:00:00+00:00,0.15166447
2010-05-16 19:00:00+00:00,0.18881126
2010-05-16 20:00:00+00:00,0.35523699999999997
2010-05-16 21:00:00+00:00,0.54361534
2010-05-16 22:00:00+00:00,0.30540690000000004
2010-05-16 23:00:00+00:00,0.1584954
2010-05-17 00:00:00+00:00,0.04235528400000001
2010-05-17 01:00:00+00:00,0.0
2010-05-17 02:00:00+00:00,0.0
2010-05-17 03:00:00+00:00,0.0
2010-05-17 04:00:00+00:00,0.0
2010-05-17 05:00:00+00:00,0.0
2010-05-17 06:00:00+00:00,0.0
2010-05-17 07:00:00+00:00,0.0
2010-05-17 08:00:00+00:00,0.0
2010-05-17 09:00:00+00:00,0.0
2010-05-17 10:00:00+00:00,0.0
2010-05-17 11:00:00+00:00,0.04458892
2010-05-17 12:00:00+00:00,0.031710662
2010-05-17 13:00:00+00:00,0.048380062
2010-05-17 14:00:00+00:00,0.085948355
2010-05-17 15:00:00+00:00,0.18198851
2010-05-17 16:00:00+00:00,0.071176775
2010-05-17 17:00:00+00:00,0.09700160000000001
2010-05-17 18:00:00+00:00,0.10573241
2010-05-17 19:00:00+00:00,0.17900106
2010-05-17 20:00:00+00:00,0.092314035
2010-05-17 21:00:00+00:00,0.10228635
2010-05-17 22:00:00+00:00,0.10081556
2010-05-17 23:00:00+00:00,0.06661717
2010-05-18 00:00:00+00:00,0.11078839
2010-05-18 01:00:00+00:00,0.0
2010-05-18 02:00:00+00:00,0.0
2010-05-18 03:00:00+00:00,0.0
2010-05-18 04:00:00+00:00,0.0
2010-05-18 05:00:00+00:00,0.0
2010-05-18 06:00:00+00:00,0.0
2010-05-18 07:00:00+00:00,0.0
2010-05-18 08:00:00+00:00,0.0
2010-05-18 09:00:00+00:00,0.0
2010-05-18 10:00:00+00:00,0.0
2010-05-18 11:00:00+00:00,0.0009501084
2010-05-18 12:00:00+00:00,0.014052483000000001
2010-05-18 13:00:00+00:00,0.053844128
2010-05-18 14:00:00+00:00,0.11344656
2010-05-18 15:00:00+00:00,0.1662251
2010-05-18 16:00:00+00:00,0.32968122
2010-05-18 17:00:00+00:00,0.24679059
2010-05-18 18:00:00+00:00,0.28141764
2010-05-18 19:00:00+00:00,0.19980514
2010-05-18 20:00:00+00:00,0.18358676
2010-05-18 21:00:00+00:00,0.10428348
2010-05-18 22:00:00+00:00,0.07210992
2010-05-18 23:00:00+00:00,0.086201794
2010-05-19 00:00:00+00:00,0.13821496
2010-05-19 01:00:00+00:00,0.0
2010-05-19 02:00:00+00:00,0.0
2010-05-19 03:00:00+00:00,0.0
2010-05-19 04:00:00+00:00,0.0
2010-05-19 05:00:00+00:00,0.0
2010-05-19 06:00:00+00:00,0.0
2010-05-19 07:00:00+00:00,0.0
2010-05-19 08:00:00+00:00,0.0
2010-05-19 09:00:00+00:00,0.0
2010-05-19 10:00:00+00:00,0.0
2010-05-19 11:00:00+00:00,0.099791534
2010-05-19 12:00:00+00:00,0.41865668
2010-05-19 13:00:00+00:00,0.64197165
2010-05-19 14:00:00+00:00,0.56866616
2010-05-19 15:00:00+00:00,0.57205206
2010-05-19 16:00:00+00:00,0.6138664
2010-05-19 17:00:00+00:00,0.57464015
2010-05-19 18:00:00+00:00,0.38358775
2010-05-19 19:00:00+00:00,0.48772857
2010-05-19 20:00:00+00:00,0.21022722
2010-05-19 21:00:00+00:00,0.167634
2010-05-19 22:00:00+00:00,0.13884324
2010-05-19 23:00:00+00:00,0.15982905
2010-05-20 00:00:00+00:00,0.012644413
2010-05-20 01:00:00+00:00,0.0
2010-05-20 02:00:00+00:00,0.0
2010-05-20 03:00:00+00:00,0.0
2010-05-20 04:00:00+00:00,0.0
2010-05-20 05:00:00+00:00,0.0
2010-05-20 06:00:00+00:00,0.0
2010-05-20 07:00:00+00:00,0.0
2010-05-20 08:00:00+00:00,0.0
2010-05-20 09:00:00+00:00,0.0
2010-05-20 10:00:00+00:00,0.0
2010-05-20 11:00:00+00:00,0.047768585
2010-05-20 12:00:00+00:00,0.10165956599999999
2010-05-20 13:00:00+00:00,0.15006429999999998
2010-05-20 14:00:00+00:00,0.10786252
2010-05-20 15:00:00+00:00,0.1723276
2010-05-20 16:00:00+00:00,0.54906744
2010-05-20 17:00:00+00:00,0.5168668
2010-05-20 18:00:00+00:00,0.41051093
2010-05-20 19:00:00+00:00,0.18217220000000003
2010-05-20 20:00:00+00:00,0.5030576
2010-05-20 21:00:00+00:00,0.25615746
2010-05-20 22:00:00+00:00,0.42690100000000003
2010-05-20 23:00:00+00:00,0.13822772
2010-05-21 00:00:00+00:00,0.02754541
2010-05-21 01:00:00+00:00,0.0
2010-05-21 02:00:00+00:00,0.0
2010-05-21 03:00:00+00:00,0.0
2010-05-21 04:00:00+00:00,0.0
2010-05-21 05:00:00+00:00,0.0
2010-05-21 06:00:00+00:00,0.0
2010-05-21 07:00:00+00:00,0.0
2010-05-21 08:00:00+00:00,0.0
2010-05-21 09:00:00+00:00,0.0
2010-05-21 10:00:00+00:00,0.0
2010-05-21 11:00:00+00:00,0.10194654
2010-05-21 12:00:00+00:00,0.4251851
2010-05-21 13:00:00+00:00,0.6405046999999999
2010-05-21 14:00:00+00:00,0.713661
2010-05-21 15:00:00+00:00,0.43743438
2010-05-21 16:00:00+00:00,0.6969248
2010-05-21 17:00:00+00:00,0.42297325
2010-05-21 18:00:00+00:00,0.46802488
2010-05-21 19:00:00+00:00,0.5492456
2010-05-21 20:00:00+00:00,0.6587103
2010-05-21 21:00:00+00:00,0.6450059
2010-05-21 22:00:00+00:00,0.56042105
2010-05-21 23:00:00+00:00,0.46809867
2010-05-22 00:00:00+00:00,0.14977728
2010-05-22 01:00:00+00:00,0.0
2010-05-22 02:00:00+00:00,0.0
2010-05-22 03:00:00+00:00,0.0
2010-05-22 04:00:00+00:00,0.0
2010-05-22 05:00:00+00:00,0.0
2010-05-22 06:00:00+00:00,0.0
2010-05-22 07:00:00+00:00,0.0
2010-05-22 08:00:00+00:00,0.0
2010-05-22 09:00:00+00:00,0.0
2010-05-22 10:00:00+00:00,0.0
2010-05-22 11:00:00+00:00,0.104372956
2010-05-22 12:00:00+00:00,0.41338673
2010-05-22 13:00:00+00:00,0.6081133000000001
2010-05-22 14:00:00+00:00,0.676941
2010-05-22 15:00:00+00:00,0.70491207
2010-05-22 16:00:00+00:00,0.7002567
2010-05-22 17:00:00+00:00,0.69483256
2010-05-22 18:00:00+00:00,0.6947253999999999
2010-05-22 19:00:00+00:00,0.6958082
2010-05-22 20:00:00+00:00,0.6975323
2010-05-22 21:00:00+00:00,0.67817056
2010-05-22 22:00:00+00:00,0.61187744
2010-05-22 23:00:00+00:00,0.45382196
2010-05-23 00:00:00+00:00,0.14780234
2010-05-23 01:00:00+00:00,0.0
2010-05-23 02:00:00+00:00,0.0
2010-05-23 03:00:00+00:00,0.0
2010-05-23 04:00:00+00:00,0.0
2010-05-23 05:00:00+00:00,0.0
2010-05-23 06:00:00+00:00,0.0
2010-05-23 07:00:00+00:00,0.0
2010-05-23 08:00:00+00:00,0.0
2010-05-23 09:00:00+00:00,0.0
2010-05-23 10:00:00+00:00,0.0
2010-05-23 11:00:00+00:00,0.101290956
2010-05-23 12:00:00+00:00,0.40279657
2010-05-23 13:00:00+00:00,0.6139058000000001
2010-05-23 14:00:00+00:00,0.69806886
2010-05-23 15:00:00+00:00,0.721558
2010-05-23 16:00:00+00:00,0.7241131
2010-05-23 17:00:00+00:00,0.7170476
2010-05-23 18:00:00+00:00,0.71809024
2010-05-23 19:00:00+00:00,0.7019618000000001
2010-05-23 20:00:00+00:00,0.69417113
2010-05-23 21:00:00+00:00,0.69822794
2010-05-23 22:00:00+00:00,0.6153661
2010-05-23 23:00:00+00:00,0.4767959
2010-05-24 00:00:00+00:00,0.15922104
2010-05-24 01:00:00+00:00,0.0
2010-05-24 02:00:00+00:00,0.0
2010-05-24 03:00:00+00:00,0.0
2010-05-24 04:00:00+00:00,0.0
2010-05-24 05:00:00+00:00,0.0
2010-05-24 06:00:00+00:00,0.0
2010-05-24 07:00:00+00:00,0.0
2010-05-24 08:00:00+00:00,0.0
2010-05-24 09:00:00+00:00,0.0
2010-05-24 10:00:00+00:00,0.0
2010-05-24 11:00:00+00:00,0.093510546
2010-05-24 12:00:00+00:00,0.3947491
2010-05-24 13:00:00+00:00,0.6077113000000001
2010-05-24 14:00:00+00:00,0.68503314
2010-05-24 15:00:00+00:00,0.70938563
2010-05-24 16:00:00+00:00,0.7082976
2010-05-24 17:00:00+00:00,0.6234291000000001
2010-05-24 18:00:00+00:00,0.62881833
2010-05-24 19:00:00+00:00,0.62295824
2010-05-24 20:00:00+00:00,0.60197145
2010-05-24 21:00:00+00:00,0.643951
2010-05-24 22:00:00+00:00,0.39682207
2010-05-24 23:00:00+00:00,0.33327872
2010-05-25 00:00:00+00:00,0.12159722
2010-05-25 01:00:00+00:00,0.0
2010-05-25 02:00:00+00:00,0.0
2010-05-25 03:00:00+00:00,0.0
2010-05-25 04:00:00+00:00,0.0
2010-05-25 05:00:00+00:00,0.0
2010-05-25 06:00:00+00:00,0.0
2010-05-25 07:00:00+00:00,0.0
2010-05-25 08:00:00+00:00,0.0
2010-05-25 09:00:00+00:00,0.0
2010-05-25 10:00:00+00:00,0.0
2010-05-25 11:00:00+00:00,0.0333696
2010-05-25 12:00:00+00:00,0.2964526
2010-05-25 13:00:00+00:00,0.5543404000000001
2010-05-25 14:00:00+00:00,0.58166146
2010-05-25 15:00:00+00:00,0.54820603
2010-05-25 16:00:00+00:00,0.5500056999999999
2010-05-25 17:00:00+00:00,0.5720805999999999
2010-05-25 18:00:00+00:00,0.4637106
2010-05-25 19:00:00+00:00,0.66128755
2010-05-25 20:00:00+00:00,0.53582406
2010-05-25 21:00:00+00:00,0.59139717
2010-05-25 22:00:00+00:00,0.6119547
2010-05-25 23:00:00+00:00,0.45263758
2010-05-26 00:00:00+00:00,0.15321966
2010-05-26 01:00:00+00:00,0.0
2010-05-26 02:00:00+00:00,0.0
2010-05-26 03:00:00+00:00,0.0
2010-05-26 04:00:00+00:00,0.0
2010-05-26 05:00:00+00:00,0.0
2010-05-26 06:00:00+00:00,0.0
2010-05-26 07:00:00+00:00,0.0
2010-05-26 08:00:00+00:00,0.0
2010-05-26 09:00:00+00:00,0.0
2010-05-26 10:00:00+00:00,0.0
2010-05-26 11:00:00+00:00,0.11259148
2010-05-26 12:00:00+00:00,0.41975862
2010-05-26 13:00:00+00:00,0.6132063
2010-05-26 14:00:00+00:00,0.68191653
2010-05-26 15:00:00+00:00,0.68460506
2010-05-26 16:00:00+00:00,0.68751264
2010-05-26 17:00:00+00:00,0.6802600000000001
2010-05-26 18:00:00+00:00,0.6744198
2010-05-26 19:00:00+00:00,0.6809628000000001
2010-05-26 20:00:00+00:00,0.59620893
2010-05-26 21:00:00+00:00,0.64325875
2010-05-26 22:00:00+00:00,0.38544807
2010-05-26 23:00:00+00:00,0.03105944
2010-05-27 00:00:00+00:00,0.013147622
2010-05-27 01:00:00+00:00,0.0
2010-05-27 02:00:00+00:00,0.0
2010-05-27 03:00:00+00:00,0.0
2010-05-27 04:00:00+00:00,0.0
2010-05-27 05:00:00+00:00,0.0
2010-05-27 06:00:00+00:00,0.0
2010-05-27 07:00:00+00:00,0.0
2010-05-27 08:00:00+00:00,0.0
2010-05-27 09:00:00+00:00,0.0
2010-05-27 10:00:00+00:00,0.0
2010-05-27 11:00:00+00:00,0.009492044
2010-05-27 12:00:00+00:00,0.06713326
2010-05-27 13:00:00+00:00,0.18323952
2010-05-27 14:00:00+00:00,0.08294984
2010-05-27 15:00:00+00:00,0.13812016
2010-05-27 16:00:00+00:00,0.21397065
2010-05-27 17:00:00+00:00,0.3073054
2010-05-27 18:00:00+00:00,0.4703645
2010-05-27 19:00:00+00:00,0.6030685
2010-05-27 20:00:00+00:00,0.64327484
2010-05-27 21:00:00+00:00,0.5974774
2010-05-27 22:00:00+00:00,0.51143515
2010-05-27 23:00:00+00:00,0.3642763
2010-05-28 00:00:00+00:00,0.11694059999999999
2010-05-28 01:00:00+00:00,0.0
2010-05-28 02:00:00+00:00,0.0
2010-05-28 03:00:00+00:00,0.0
2010-05-28 04:00:00+00:00,0.0
2010-05-28 05:00:00+00:00,0.0
2010-05-28 06:00:00+00:00,0.0
2010-05-28 07:00:00+00:00,0.0
2010-05-28 08:00:00+00:00,0.0
2010-05-28 09:00:00+00:00,0.0
2010-05-28 10:00:00+00:00,0.0
2010-05-28 11:00:00+00:00,0.08829553400000001
2010-05-28 12:00:00+00:00,0.37053594
2010-05-28 13:00:00+00:00,0.5604916999999999
2010-05-28 14:00:00+00:00,0.6462456999999999
2010-05-28 15:00:00+00:00,0.6773934
2010-05-28 16:00:00+00:00,0.6850673
2010-05-28 17:00:00+00:00,0.6816048000000001
2010-05-28 18:00:00+00:00,0.58557886
2010-05-28 19:00:00+00:00,0.51763827
2010-05-28 20:00:00+00:00,0.5320763000000001
2010-05-28 21:00:00+00:00,0.65094656
2010-05-28 22:00:00+00:00,0.57340854
2010-05-28 23:00:00+00:00,0.4194625
2010-05-29 00:00:00+00:00,0.13252749
2010-05-29 01:00:00+00:00,0.0
2010-05-29 02:00:00+00:00,0.0
2010-05-29 03:00:00+00:00,0.0
2010-05-29 04:00:00+00:00,0.0
2010-05-29 05:00:00+00:00,0.0
2010-05-29 06:00:00+00:00,0.0
2010-05-29 07:00:00+00:00,0.0
2010-05-29 08:00:00+00:00,0.0
2010-05-29 09:00:00+00:00,0.0
2010-05-29 10:00:00+00:00,0.0
2010-05-29 11:00:00+00:00,0.10902117
2010-05-29 12:00:00+00:00,0.37596154
2010-05-29 13:00:00+00:00,0.50587976
2010-05-29 14:00:00+00:00,0.6669198000000001
2010-05-29 15:00:00+00:00,0.6616283000000001
2010-05-29 16:00:00+00:00,0.6659107
2010-05-29 17:00:00+00:00,0.6306381
2010-05-29 18:00:00+00:00,0.62203413
2010-05-29 19:00:00+00:00,0.55491453
2010-05-29 20:00:00+00:00,0.5052504
2010-05-29 21:00:00+00:00,0.534593
2010-05-29 22:00:00+00:00,0.5642351
2010-05-29 23:00:00+00:00,0.37473270000000003
2010-05-30 00:00:00+00:00,0.10834652
2010-05-30 01:00:00+00:00,0.0
2010-05-30 02:00:00+00:00,0.0
2010-05-30 03:00:00+00:00,0.0
2010-05-30 04:00:00+00:00,0.0
2010-05-30 05:00:00+00:00,0.0
2010-05-30 06:00:00+00:00,0.0
2010-05-30 07:00:00+00:00,0.0
2010-05-30 08:00:00+00:00,0.0
2010-05-30 09:00:00+00:00,0.0
2010-05-30 10:00:00+00:00,0.0
2010-05-30 11:00:00+00:00,0.011393107
2010-05-30 12:00:00+00:00,0.22889318
2010-05-30 13:00:00+00:00,0.21779199
2010-05-30 14:00:00+00:00,0.45199594
2010-05-30 15:00:00+00:00,0.5842516
2010-05-30 16:00:00+00:00,0.38961768
2010-05-30 17:00:00+00:00,0.5020469
2010-05-30 18:00:00+00:00,0.54974216
2010-05-30 19:00:00+00:00,0.7019398
2010-05-30 20:00:00+00:00,0.700303
2010-05-30 21:00:00+00:00,0.66421545
2010-05-30 22:00:00+00:00,0.61168396
2010-05-30 23:00:00+00:00,0.42181045
2010-05-31 00:00:00+00:00,0.16134745
2010-05-31 01:00:00+00:00,0.0
2010-05-31 02:00:00+00:00,0.0
2010-05-31 03:00:00+00:00,0.0
2010-05-31 04:00:00+00:00,0.0
2010-05-31 05:00:00+00:00,0.0
2010-05-31 06:00:00+00:00,0.0
2010-05-31 07:00:00+00:00,0.0
2010-05-31 08:00:00+00:00,0.0
2010-05-31 09:00:00+00:00,0.0
2010-05-31 10:00:00+00:00,0.0
2010-05-31 11:00:00+00:00,0.08889427
2010-05-31 12:00:00+00:00,0.28874248
2010-05-31 13:00:00+00:00,0.44478625
2010-05-31 14:00:00+00:00,0.67743915
2010-05-31 15:00:00+00:00,0.57206005
2010-05-31 16:00:00+00:00,0.638666
2010-05-31 17:00:00+00:00,0.6704036999999999
2010-05-31 18:00:00+00:00,0.6742819999999999
2010-05-31 19:00:00+00:00,0.6869194000000001
2010-05-31 20:00:00+00:00,0.6763848000000001
2010-05-31 21:00:00+00:00,0.65124714
2010-05-31 22:00:00+00:00,0.55173075
2010-05-31 23:00:00+00:00,0.43970755
2010-06-01 00:00:00+00:00,0.15723357
2010-06-01 01:00:00+00:00,0.0
2010-06-01 02:00:00+00:00,0.0
2010-06-01 03:00:00+00:00,0.0
2010-06-01 04:00:00+00:00,0.0
2010-06-01 05:00:00+00:00,0.0
2010-06-01 06:00:00+00:00,0.0
2010-06-01 07:00:00+00:00,0.0
2010-06-01 08:00:00+00:00,0.0
2010-06-01 09:00:00+00:00,0.0
2010-06-01 10:00:00+00:00,0.0
2010-06-01 11:00:00+00:00,0.04248512
2010-06-01 12:00:00+00:00,0.22618337
2010-06-01 13:00:00+00:00,0.39960933
2010-06-01 14:00:00+00:00,0.39598304
2010-06-01 15:00:00+00:00,0.39532194
2010-06-01 16:00:00+00:00,0.532875
2010-06-01 17:00:00+00:00,0.5792373000000001
2010-06-01 18:00:00+00:00,0.6035678000000001
2010-06-01 19:00:00+00:00,0.6099454000000001
2010-06-01 20:00:00+00:00,0.63392544
2010-06-01 21:00:00+00:00,0.6848234000000001
2010-06-01 22:00:00+00:00,0.5486536999999999
2010-06-01 23:00:00+00:00,0.19870152
2010-06-02 00:00:00+00:00,0.06908208
2010-06-02 01:00:00+00:00,0.0
2010-06-02 02:00:00+00:00,0.0
2010-06-02 03:00:00+00:00,0.0
2010-06-02 04:00:00+00:00,0.0
2010-06-02 05:00:00+00:00,0.0
2010-06-02 06:00:00+00:00,0.0
2010-06-02 07:00:00+00:00,0.0
2010-06-02 08:00:00+00:00,0.0
2010-06-02 09:00:00+00:00,0.0
2010-06-02 10:00:00+00:00,0.0
2010-06-02 11:00:00+00:00,0.06585547
2010-06-02 12:00:00+00:00,0.30515936
2010-06-02 13:00:00+00:00,0.3221597
2010-06-02 14:00:00+00:00,0.24670450000000002
2010-06-02 15:00:00+00:00,0.5348885999999999
2010-06-02 16:00:00+00:00,0.6297763000000001
2010-06-02 17:00:00+00:00,0.6927918000000001
2010-06-02 18:00:00+00:00,0.5763761
2010-06-02 19:00:00+00:00,0.69528615
2010-06-02 20:00:00+00:00,0.67994463
2010-06-02 21:00:00+00:00,0.5251226
2010-06-02 22:00:00+00:00,0.6026629
2010-06-02 23:00:00+00:00,0.31133124
2010-06-03 00:00:00+00:00,0.14085041
2010-06-03 01:00:00+00:00,0.0
2010-06-03 02:00:00+00:00,0.0
2010-06-03 03:00:00+00:00,0.0
2010-06-03 04:00:00+00:00,0.0
2010-06-03 05:00:00+00:00,0.0
2010-06-03 06:00:00+00:00,0.0
2010-06-03 07:00:00+00:00,0.0
2010-06-03 08:00:00+00:00,0.0
2010-06-03 09:00:00+00:00,0.0
2010-06-03 10:00:00+00:00,0.0
2010-06-03 11:00:00+00:00,0.07880484
2010-06-03 12:00:00+00:00,0.32389247
2010-06-03 13:00:00+00:00,0.5402737
2010-06-03 14:00:00+00:00,0.64202404
2010-06-03 15:00:00+00:00,0.6821001
2010-06-03 16:00:00+00:00,0.45230213
2010-06-03 17:00:00+00:00,0.52124834
2010-06-03 18:00:00+00:00,0.53569275
2010-06-03 19:00:00+00:00,0.10526984
2010-06-03 20:00:00+00:00,0.30932906
2010-06-03 21:00:00+00:00,0.5047871
2010-06-03 22:00:00+00:00,0.47095373
2010-06-03 23:00:00+00:00,0.41238302
2010-06-04 00:00:00+00:00,0.098741636
2010-06-04 01:00:00+00:00,0.0
2010-06-04 02:00:00+00:00,0.0
2010-06-04 03:00:00+00:00,0.0
2010-06-04 04:00:00+00:00,0.0
2010-06-04 05:00:00+00:00,0.0
2010-06-04 06:00:00+00:00,0.0
2010-06-04 07:00:00+00:00,0.0
2010-06-04 08:00:00+00:00,0.0
2010-06-04 09:00:00+00:00,0.0
2010-06-04 10:00:00+00:00,0.0
2010-06-04 11:00:00+00:00,0.08983065
2010-06-04 12:00:00+00:00,0.2613559
2010-06-04 13:00:00+00:00,0.43258327
2010-06-04 14:00:00+00:00,0.48047996
2010-06-04 15:00:00+00:00,0.5144754
2010-06-04 16:00:00+00:00,0.5916986
2010-06-04 17:00:00+00:00,0.5478454
2010-06-04 18:00:00+00:00,0.65163904
2010-06-04 19:00:00+00:00,0.5145893
2010-06-04 20:00:00+00:00,0.3484494
2010-06-04 21:00:00+00:00,0.67548496
2010-06-04 22:00:00+00:00,0.5595405999999999
2010-06-04 23:00:00+00:00,0.44568738
2010-06-05 00:00:00+00:00,0.0087243905
2010-06-05 01:00:00+00:00,0.0
2010-06-05 02:00:00+00:00,0.0
2010-06-05 03:00:00+00:00,0.0
2010-06-05 04:00:00+00:00,0.0
2010-06-05 05:00:00+00:00,0.0
2010-06-05 06:00:00+00:00,0.0
2010-06-05 07:00:00+00:00,0.0
2010-06-05 08:00:00+00:00,0.0
2010-06-05 09:00:00+00:00,0.0
2010-06-05 10:00:00+00:00,0.0
2010-06-05 11:00:00+00:00,0.008110726
2010-06-05 12:00:00+00:00,0.11472995
2010-06-05 13:00:00+00:00,0.021549435
2010-06-05 14:00:00+00:00,0.20209011
2010-06-05 15:00:00+00:00,0.19801559999999999
2010-06-05 16:00:00+00:00,0.73343015
2010-06-05 17:00:00+00:00,0.7505129
2010-06-05 18:00:00+00:00,0.7506725000000001
2010-06-05 19:00:00+00:00,0.7566782
2010-06-05 20:00:00+00:00,0.7562754
2010-06-05 21:00:00+00:00,0.7392010999999999
2010-06-05 22:00:00+00:00,0.6849731
2010-06-05 23:00:00+00:00,0.5568248
2010-06-06 00:00:00+00:00,0.2164549
2010-06-06 01:00:00+00:00,0.0
2010-06-06 02:00:00+00:00,0.0
2010-06-06 03:00:00+00:00,0.0
2010-06-06 04:00:00+00:00,0.0
2010-06-06 05:00:00+00:00,0.0
2010-06-06 06:00:00+00:00,0.0
2010-06-06 07:00:00+00:00,0.0
2010-06-06 08:00:00+00:00,0.0
2010-06-06 09:00:00+00:00,0.0
2010-06-06 10:00:00+00:00,0.0
2010-06-06 11:00:00+00:00,0.13122843
2010-06-06 12:00:00+00:00,0.46345952
2010-06-06 13:00:00+00:00,0.64799845
2010-06-06 14:00:00+00:00,0.7204491
2010-06-06 15:00:00+00:00,0.7365031
2010-06-06 16:00:00+00:00,0.69292086
2010-06-06 17:00:00+00:00,0.68437034
2010-06-06 18:00:00+00:00,0.6308682
2010-06-06 19:00:00+00:00,0.6749794
2010-06-06 20:00:00+00:00,0.64022315
2010-06-06 21:00:00+00:00,0.56648606
2010-06-06 22:00:00+00:00,0.4233612
2010-06-06 23:00:00+00:00,0.26028666
2010-06-07 00:00:00+00:00,0.08374536
2010-06-07 01:00:00+00:00,0.0
2010-06-07 02:00:00+00:00,0.0
2010-06-07 03:00:00+00:00,0.0
2010-06-07 04:00:00+00:00,0.0
2010-06-07 05:00:00+00:00,0.0
2010-06-07 06:00:00+00:00,0.0
2010-06-07 07:00:00+00:00,0.0
2010-06-07 08:00:00+00:00,0.0
2010-06-07 09:00:00+00:00,0.0
2010-06-07 10:00:00+00:00,0.0
2010-06-07 11:00:00+00:00,0.017939862
2010-06-07 12:00:00+00:00,0.07214951
2010-06-07 13:00:00+00:00,0.34855276
2010-06-07 14:00:00+00:00,0.38015446
2010-06-07 15:00:00+00:00,0.7137754
2010-06-07 16:00:00+00:00,0.70607185
2010-06-07 17:00:00+00:00,0.6530279
2010-06-07 18:00:00+00:00,0.6072789000000001
2010-06-07 19:00:00+00:00,0.64670175
2010-06-07 20:00:00+00:00,0.48973414
2010-06-07 21:00:00+00:00,0.5779933
2010-06-07 22:00:00+00:00,0.42870986
2010-06-07 23:00:00+00:00,0.51514775
2010-06-08 00:00:00+00:00,0.15633231
2010-06-08 01:00:00+00:00,0.0
2010-06-08 02:00:00+00:00,0.0
2010-06-08 03:00:00+00:00,0.0
2010-06-08 04:00:00+00:00,0.0
2010-06-08 05:00:00+00:00,0.0
2010-06-08 06:00:00+00:00,0.0
2010-06-08 07:00:00+00:00,0.0
2010-06-08 08:00:00+00:00,0.0
2010-06-08 09:00:00+00:00,0.0
2010-06-08 10:00:00+00:00,0.0
2010-06-08 11:00:00+00:00,0.0007516691
2010-06-08 12:00:00+00:00,0.0370863
2010-06-08 13:00:00+00:00,0.22019589999999997
2010-06-08 14:00:00+00:00,0.113737434
2010-06-08 15:00:00+00:00,0.15889263
2010-06-08 16:00:00+00:00,0.098332375
2010-06-08 17:00:00+00:00,0.11379326
2010-06-08 18:00:00+00:00,0.41281343
2010-06-08 19:00:00+00:00,0.49416316
2010-06-08 20:00:00+00:00,0.22037962
2010-06-08 21:00:00+00:00,0.29764196
2010-06-08 22:00:00+00:00,0.19293787
2010-06-08 23:00:00+00:00,0.20903529
2010-06-09 00:00:00+00:00,0.089506276
2010-06-09 01:00:00+00:00,0.0
2010-06-09 02:00:00+00:00,0.0
2010-06-09 03:00:00+00:00,0.0
2010-06-09 04:00:00+00:00,0.0
2010-06-09 05:00:00+00:00,0.0
2010-06-09 06:00:00+00:00,0.0
2010-06-09 07:00:00+00:00,0.0
2010-06-09 08:00:00+00:00,0.0
2010-06-09 09:00:00+00:00,0.0
2010-06-09 10:00:00+00:00,0.0
2010-06-09 11:00:00+00:00,0.048446264
2010-06-09 12:00:00+00:00,0.32256716
2010-06-09 13:00:00+00:00,0.5595814
2010-06-09 14:00:00+00:00,0.63548845
2010-06-09 15:00:00+00:00,0.6835984
2010-06-09 16:00:00+00:00,0.7048854
2010-06-09 17:00:00+00:00,0.7009002
2010-06-09 18:00:00+00:00,0.6193015000000001
2010-06-09 19:00:00+00:00,0.63012403
2010-06-09 20:00:00+00:00,0.61000997
2010-06-09 21:00:00+00:00,0.67863315
2010-06-09 22:00:00+00:00,0.6183787
2010-06-09 23:00:00+00:00,0.4691419
2010-06-10 00:00:00+00:00,0.17130622
2010-06-10 01:00:00+00:00,0.0
2010-06-10 02:00:00+00:00,0.0
2010-06-10 03:00:00+00:00,0.0
2010-06-10 04:00:00+00:00,0.0
2010-06-10 05:00:00+00:00,0.0
2010-06-10 06:00:00+00:00,0.0
2010-06-10 07:00:00+00:00,0.0
2010-06-10 08:00:00+00:00,0.0
2010-06-10 09:00:00+00:00,0.0
2010-06-10 10:00:00+00:00,0.0
2010-06-10 11:00:00+00:00,0.08543461
2010-06-10 12:00:00+00:00,0.06067635
2010-06-10 13:00:00+00:00,0.20413993
2010-06-10 14:00:00+00:00,0.28449157
2010-06-10 15:00:00+00:00,0.15496355
2010-06-10 16:00:00+00:00,0.350287
2010-06-10 17:00:00+00:00,0.57550156
2010-06-10 18:00:00+00:00,0.10415402
2010-06-10 19:00:00+00:00,0.1947159
2010-06-10 20:00:00+00:00,0.30700809999999995
2010-06-10 21:00:00+00:00,0.4928633
2010-06-10 22:00:00+00:00,0.52391326
2010-06-10 23:00:00+00:00,0.37233603
2010-06-11 00:00:00+00:00,0.14272341
2010-06-11 01:00:00+00:00,0.0
2010-06-11 02:00:00+00:00,0.0
2010-06-11 03:00:00+00:00,0.0
2010-06-11 04:00:00+00:00,0.0
2010-06-11 05:00:00+00:00,0.0
2010-06-11 06:00:00+00:00,0.0
2010-06-11 07:00:00+00:00,0.0
2010-06-11 08:00:00+00:00,0.0
2010-06-11 09:00:00+00:00,0.0
2010-06-11 10:00:00+00:00,0.0
2010-06-11 11:00:00+00:00,1.24352155e-05
2010-06-11 12:00:00+00:00,0.07479038
2010-06-11 13:00:00+00:00,0.10235161
2010-06-11 14:00:00+00:00,0.3772341
2010-06-11 15:00:00+00:00,0.1561371
2010-06-11 16:00:00+00:00,0.12505324
2010-06-11 17:00:00+00:00,0.43056375
2010-06-11 18:00:00+00:00,0.49382845
2010-06-11 19:00:00+00:00,0.5451353
2010-06-11 20:00:00+00:00,0.64767855
2010-06-11 21:00:00+00:00,0.57588756
2010-06-11 22:00:00+00:00,0.59019756
2010-06-11 23:00:00+00:00,0.45444024
2010-06-12 00:00:00+00:00,0.17797005
2010-06-12 01:00:00+00:00,0.0
2010-06-12 02:00:00+00:00,0.0
2010-06-12 03:00:00+00:00,0.0
2010-06-12 04:00:00+00:00,0.0
2010-06-12 05:00:00+00:00,0.0
2010-06-12 06:00:00+00:00,0.0
2010-06-12 07:00:00+00:00,0.0
2010-06-12 08:00:00+00:00,0.0
2010-06-12 09:00:00+00:00,0.0
2010-06-12 10:00:00+00:00,0.0
2010-06-12 11:00:00+00:00,0.118535616
2010-06-12 12:00:00+00:00,0.31455767
2010-06-12 13:00:00+00:00,0.6097928000000001
2010-06-12 14:00:00+00:00,0.64647025
2010-06-12 15:00:00+00:00,0.70745033
2010-06-12 16:00:00+00:00,0.7109781
2010-06-12 17:00:00+00:00,0.7062676
2010-06-12 18:00:00+00:00,0.70195353
2010-06-12 19:00:00+00:00,0.7044816999999999
2010-06-12 20:00:00+00:00,0.6976518
2010-06-12 21:00:00+00:00,0.6717804
2010-06-12 22:00:00+00:00,0.5987397
2010-06-12 23:00:00+00:00,0.45612870000000005
2010-06-13 00:00:00+00:00,0.121567935
2010-06-13 01:00:00+00:00,0.0
2010-06-13 02:00:00+00:00,0.0
2010-06-13 03:00:00+00:00,0.0
2010-06-13 04:00:00+00:00,0.0
2010-06-13 05:00:00+00:00,0.0
2010-06-13 06:00:00+00:00,0.0
2010-06-13 07:00:00+00:00,0.0
2010-06-13 08:00:00+00:00,0.0
2010-06-13 09:00:00+00:00,0.0
2010-06-13 10:00:00+00:00,0.0
2010-06-13 11:00:00+00:00,0.090310566
2010-06-13 12:00:00+00:00,0.008331285
2010-06-13 13:00:00+00:00,0.1506058
2010-06-13 14:00:00+00:00,0.61926085
2010-06-13 15:00:00+00:00,0.699838
2010-06-13 16:00:00+00:00,0.69947654
2010-06-13 17:00:00+00:00,0.6951111999999999
2010-06-13 18:00:00+00:00,0.54310644
2010-06-13 19:00:00+00:00,0.5501394000000001
2010-06-13 20:00:00+00:00,0.6642828000000001
2010-06-13 21:00:00+00:00,0.65269476
2010-06-13 22:00:00+00:00,0.39466152
2010-06-13 23:00:00+00:00,0.2969108
2010-06-14 00:00:00+00:00,0.13650477
2010-06-14 01:00:00+00:00,0.0
2010-06-14 02:00:00+00:00,0.0
2010-06-14 03:00:00+00:00,0.0
2010-06-14 04:00:00+00:00,0.0
2010-06-14 05:00:00+00:00,0.0
2010-06-14 06:00:00+00:00,0.0
2010-06-14 07:00:00+00:00,0.0
2010-06-14 08:00:00+00:00,0.0
2010-06-14 09:00:00+00:00,0.0
2010-06-14 10:00:00+00:00,0.0
2010-06-14 11:00:00+00:00,0.115694806
2010-06-14 12:00:00+00:00,0.39679196
2010-06-14 13:00:00+00:00,0.58381754
2010-06-14 14:00:00+00:00,0.6598138000000001
2010-06-14 15:00:00+00:00,0.68762946
2010-06-14 16:00:00+00:00,0.69091743
2010-06-14 17:00:00+00:00,0.6884805
2010-06-14 18:00:00+00:00,0.6097971999999999
2010-06-14 19:00:00+00:00,0.6472876000000001
2010-06-14 20:00:00+00:00,0.40424776
2010-06-14 21:00:00+00:00,0.61679095
2010-06-14 22:00:00+00:00,0.61987233
2010-06-14 23:00:00+00:00,0.49901709999999994
2010-06-15 00:00:00+00:00,0.2082993
2010-06-15 01:00:00+00:00,0.0
2010-06-15 02:00:00+00:00,0.0
2010-06-15 03:00:00+00:00,0.0
2010-06-15 04:00:00+00:00,0.0
2010-06-15 05:00:00+00:00,0.0
2010-06-15 06:00:00+00:00,0.0
2010-06-15 07:00:00+00:00,0.0
2010-06-15 08:00:00+00:00,0.0
2010-06-15 09:00:00+00:00,0.0
2010-06-15 10:00:00+00:00,0.0
2010-06-15 11:00:00+00:00,0.09328541
2010-06-15 12:00:00+00:00,0.36649317
2010-06-15 13:00:00+00:00,0.5958304
2010-06-15 14:00:00+00:00,0.68310964
2010-06-15 15:00:00+00:00,0.40269962
2010-06-15 16:00:00+00:00,0.575094
2010-06-15 17:00:00+00:00,0.58988184
2010-06-15 18:00:00+00:00,0.6851814
2010-06-15 19:00:00+00:00,0.69240916
2010-06-15 20:00:00+00:00,0.6735585999999999
2010-06-15 21:00:00+00:00,0.68537444
2010-06-15 22:00:00+00:00,0.6315173000000001
2010-06-15 23:00:00+00:00,0.507793
2010-06-16 00:00:00+00:00,0.19034483
2010-06-16 01:00:00+00:00,0.0
2010-06-16 02:00:00+00:00,0.0
2010-06-16 03:00:00+00:00,0.0
2010-06-16 04:00:00+00:00,0.0
2010-06-16 05:00:00+00:00,0.0
2010-06-16 06:00:00+00:00,0.0
2010-06-16 07:00:00+00:00,0.0
2010-06-16 08:00:00+00:00,0.0
2010-06-16 09:00:00+00:00,0.0
2010-06-16 10:00:00+00:00,0.0
2010-06-16 11:00:00+00:00,0.14269127
2010-06-16 12:00:00+00:00,0.47423109999999996
2010-06-16 13:00:00+00:00,0.6485615
2010-06-16 14:00:00+00:00,0.70754445
2010-06-16 15:00:00+00:00,0.7232173000000001
2010-06-16 16:00:00+00:00,0.7219665
2010-06-16 17:00:00+00:00,0.63948864
2010-06-16 18:00:00+00:00,0.5885843000000001
2010-06-16 19:00:00+00:00,0.61057323
2010-06-16 20:00:00+00:00,0.68560904
2010-06-16 21:00:00+00:00,0.6884406
2010-06-16 22:00:00+00:00,0.61431015
2010-06-16 23:00:00+00:00,0.5117765999999999
2010-06-17 00:00:00+00:00,0.17807734
2010-06-17 01:00:00+00:00,0.0
2010-06-17 02:00:00+00:00,0.0
2010-06-17 03:00:00+00:00,0.0
2010-06-17 04:00:00+00:00,0.0
2010-06-17 05:00:00+00:00,0.0
2010-06-17 06:00:00+00:00,0.0
2010-06-17 07:00:00+00:00,0.0
2010-06-17 08:00:00+00:00,0.0
2010-06-17 09:00:00+00:00,0.0
2010-06-17 10:00:00+00:00,0.0
2010-06-17 11:00:00+00:00,0.12782258
2010-06-17 12:00:00+00:00,0.4209732
2010-06-17 13:00:00+00:00,0.6241788
2010-06-17 14:00:00+00:00,0.689646
2010-06-17 15:00:00+00:00,0.7075366999999999
2010-06-17 16:00:00+00:00,0.6990829000000001
2010-06-17 17:00:00+00:00,0.6940573
2010-06-17 18:00:00+00:00,0.69178134
2010-06-17 19:00:00+00:00,0.68909556
2010-06-17 20:00:00+00:00,0.6889135999999999
2010-06-17 21:00:00+00:00,0.66983324
2010-06-17 22:00:00+00:00,0.61673313
2010-06-17 23:00:00+00:00,0.5118592000000001
2010-06-18 00:00:00+00:00,0.22275776
2010-06-18 01:00:00+00:00,0.0
2010-06-18 02:00:00+00:00,0.0
2010-06-18 03:00:00+00:00,0.0
2010-06-18 04:00:00+00:00,0.0
2010-06-18 05:00:00+00:00,0.0
2010-06-18 06:00:00+00:00,0.0
2010-06-18 07:00:00+00:00,0.0
2010-06-18 08:00:00+00:00,0.0
2010-06-18 09:00:00+00:00,0.0
2010-06-18 10:00:00+00:00,0.0
2010-06-18 11:00:00+00:00,0.010822738
2010-06-18 12:00:00+00:00,0.00056707946
2010-06-18 13:00:00+00:00,0.04293811
2010-06-18 14:00:00+00:00,0.093122385
2010-06-18 15:00:00+00:00,0.34866616
2010-06-18 16:00:00+00:00,0.6200128
2010-06-18 17:00:00+00:00,0.70069075
2010-06-18 18:00:00+00:00,0.70471466
2010-06-18 19:00:00+00:00,0.7057185
2010-06-18 20:00:00+00:00,0.6167597
2010-06-18 21:00:00+00:00,0.58608496
2010-06-18 22:00:00+00:00,0.5111338
2010-06-18 23:00:00+00:00,0.40901506
2010-06-19 00:00:00+00:00,0.2192334
2010-06-19 01:00:00+00:00,0.0
2010-06-19 02:00:00+00:00,0.0
2010-06-19 03:00:00+00:00,0.0
2010-06-19 04:00:00+00:00,0.0
2010-06-19 05:00:00+00:00,0.0
2010-06-19 06:00:00+00:00,0.0
2010-06-19 07:00:00+00:00,0.0
2010-06-19 08:00:00+00:00,0.0
2010-06-19 09:00:00+00:00,0.0
2010-06-19 10:00:00+00:00,0.0
2010-06-19 11:00:00+00:00,0.12642407
2010-06-19 12:00:00+00:00,0.4386806
2010-06-19 13:00:00+00:00,0.62056875
2010-06-19 14:00:00+00:00,0.6822979
2010-06-19 15:00:00+00:00,0.69889134
2010-06-19 16:00:00+00:00,0.7019042
2010-06-19 17:00:00+00:00,0.6951214
2010-06-19 18:00:00+00:00,0.69032764
2010-06-19 19:00:00+00:00,0.68697715
2010-06-19 20:00:00+00:00,0.686493
2010-06-19 21:00:00+00:00,0.66297656
2010-06-19 22:00:00+00:00,0.6044672
2010-06-19 23:00:00+00:00,0.48433256
2010-06-20 00:00:00+00:00,0.1989763
2010-06-20 01:00:00+00:00,0.0
2010-06-20 02:00:00+00:00,0.0
2010-06-20 03:00:00+00:00,0.0
2010-06-20 04:00:00+00:00,0.0
2010-06-20 05:00:00+00:00,0.0
2010-06-20 06:00:00+00:00,0.0
2010-06-20 07:00:00+00:00,0.0
2010-06-20 08:00:00+00:00,0.0
2010-06-20 09:00:00+00:00,0.0
2010-06-20 10:00:00+00:00,0.0
2010-06-20 11:00:00+00:00,0.119111404
2010-06-20 12:00:00+00:00,0.41833737
2010-06-20 13:00:00+00:00,0.5975223000000001
2010-06-20 14:00:00+00:00,0.66233975
2010-06-20 15:00:00+00:00,0.5204904
2010-06-20 16:00:00+00:00,0.53193957
2010-06-20 17:00:00+00:00,0.5796585999999999
2010-06-20 18:00:00+00:00,0.37889993
2010-06-20 19:00:00+00:00,0.5705821999999999
2010-06-20 20:00:00+00:00,0.6538015
2010-06-20 21:00:00+00:00,0.62538487
2010-06-20 22:00:00+00:00,0.55429244
2010-06-20 23:00:00+00:00,0.437284
2010-06-21 00:00:00+00:00,0.16826722
2010-06-21 01:00:00+00:00,0.0
2010-06-21 02:00:00+00:00,0.0
2010-06-21 03:00:00+00:00,0.0
2010-06-21 04:00:00+00:00,0.0
2010-06-21 05:00:00+00:00,0.0
2010-06-21 06:00:00+00:00,0.0
2010-06-21 07:00:00+00:00,0.0
2010-06-21 08:00:00+00:00,0.0
2010-06-21 09:00:00+00:00,0.0
2010-06-21 10:00:00+00:00,0.0
2010-06-21 11:00:00+00:00,0.072974995
2010-06-21 12:00:00+00:00,0.23798141
2010-06-21 13:00:00+00:00,0.571864
2010-06-21 14:00:00+00:00,0.53241867
2010-06-21 15:00:00+00:00,0.62256277
2010-06-21 16:00:00+00:00,0.6413033
2010-06-21 17:00:00+00:00,0.6248813
2010-06-21 18:00:00+00:00,0.63421047
2010-06-21 19:00:00+00:00,0.6122561
2010-06-21 20:00:00+00:00,0.56167495
2010-06-21 21:00:00+00:00,0.5694431
2010-06-21 22:00:00+00:00,0.36058012
2010-06-21 23:00:00+00:00,0.33802924
2010-06-22 00:00:00+00:00,0.111731485
2010-06-22 01:00:00+00:00,0.0
2010-06-22 02:00:00+00:00,0.0
2010-06-22 03:00:00+00:00,0.0
2010-06-22 04:00:00+00:00,0.0
2010-06-22 05:00:00+00:00,0.0
2010-06-22 06:00:00+00:00,0.0
2010-06-22 07:00:00+00:00,0.0
2010-06-22 08:00:00+00:00,0.0
2010-06-22 09:00:00+00:00,0.0
2010-06-22 10:00:00+00:00,0.0
2010-06-22 11:00:00+00:00,0.08776225
2010-06-22 12:00:00+00:00,0.36397204
2010-06-22 13:00:00+00:00,0.5537549
2010-06-22 14:00:00+00:00,0.64673406
2010-06-22 15:00:00+00:00,0.6810781
2010-06-22 16:00:00+00:00,0.6632677
2010-06-22 17:00:00+00:00,0.5925050999999999
2010-06-22 18:00:00+00:00,0.6368858000000001
2010-06-22 19:00:00+00:00,0.56393915
2010-06-22 20:00:00+00:00,0.6754979999999999
2010-06-22 21:00:00+00:00,0.6544321
2010-06-22 22:00:00+00:00,0.56357145
2010-06-22 23:00:00+00:00,0.48897240000000003
2010-06-23 00:00:00+00:00,0.20520619999999998
2010-06-23 01:00:00+00:00,0.0
2010-06-23 02:00:00+00:00,0.0
2010-06-23 03:00:00+00:00,0.0
2010-06-23 04:00:00+00:00,0.0
2010-06-23 05:00:00+00:00,0.0
2010-06-23 06:00:00+00:00,0.0
2010-06-23 07:00:00+00:00,0.0
2010-06-23 08:00:00+00:00,0.0
2010-06-23 09:00:00+00:00,0.0
2010-06-23 10:00:00+00:00,0.0
2010-06-23 11:00:00+00:00,0.11377820400000001
2010-06-23 12:00:00+00:00,0.38568717
2010-06-23 13:00:00+00:00,0.58287185
2010-06-23 14:00:00+00:00,0.6336651999999999
2010-06-23 15:00:00+00:00,0.41931507
2010-06-23 16:00:00+00:00,0.21763696
2010-06-23 17:00:00+00:00,0.40648347
2010-06-23 18:00:00+00:00,0.3195631
2010-06-23 19:00:00+00:00,0.43875468
2010-06-23 20:00:00+00:00,0.47300223
2010-06-23 21:00:00+00:00,0.5609866
2010-06-23 22:00:00+00:00,0.51416415
2010-06-23 23:00:00+00:00,0.5199251
2010-06-24 00:00:00+00:00,0.19986832
2010-06-24 01:00:00+00:00,0.0
2010-06-24 02:00:00+00:00,0.0
2010-06-24 03:00:00+00:00,0.0
2010-06-24 04:00:00+00:00,0.0
2010-06-24 05:00:00+00:00,0.0
2010-06-24 06:00:00+00:00,0.0
2010-06-24 07:00:00+00:00,0.0
2010-06-24 08:00:00+00:00,0.0
2010-06-24 09:00:00+00:00,0.0
2010-06-24 10:00:00+00:00,0.0
2010-06-24 11:00:00+00:00,0.059405375
2010-06-24 12:00:00+00:00,0.39925182
2010-06-24 13:00:00+00:00,0.6463268
2010-06-24 14:00:00+00:00,0.70252246
2010-06-24 15:00:00+00:00,0.7122350000000001
2010-06-24 16:00:00+00:00,0.69787323
2010-06-24 17:00:00+00:00,0.70891654
2010-06-24 18:00:00+00:00,0.63144636
2010-06-24 19:00:00+00:00,0.7029458000000001
2010-06-24 20:00:00+00:00,0.6975671999999999
2010-06-24 21:00:00+00:00,0.68950593
2010-06-24 22:00:00+00:00,0.62144053
2010-06-24 23:00:00+00:00,0.5333489
2010-06-25 00:00:00+00:00,0.23900901
2010-06-25 01:00:00+00:00,0.0
2010-06-25 02:00:00+00:00,0.0
2010-06-25 03:00:00+00:00,0.0
2010-06-25 04:00:00+00:00,0.0
2010-06-25 05:00:00+00:00,0.0
2010-06-25 06:00:00+00:00,0.0
2010-06-25 07:00:00+00:00,0.0
2010-06-25 08:00:00+00:00,0.0
2010-06-25 09:00:00+00:00,0.0
2010-06-25 10:00:00+00:00,0.0
2010-06-25 11:00:00+00:00,0.07602139599999999
2010-06-25 12:00:00+00:00,0.4218698
2010-06-25 13:00:00+00:00,0.61037993
2010-06-25 14:00:00+00:00,0.6653806
2010-06-25 15:00:00+00:00,0.6651001
2010-06-25 16:00:00+00:00,0.70090663
2010-06-25 17:00:00+00:00,0.6946063
2010-06-25 18:00:00+00:00,0.6195151
2010-06-25 19:00:00+00:00,0.67493635
2010-06-25 20:00:00+00:00,0.6782369
2010-06-25 21:00:00+00:00,0.5996836
2010-06-25 22:00:00+00:00,0.5883217
2010-06-25 23:00:00+00:00,0.45717349999999995
2010-06-26 00:00:00+00:00,0.17499663
2010-06-26 01:00:00+00:00,0.0
2010-06-26 02:00:00+00:00,0.0
2010-06-26 03:00:00+00:00,0.0
2010-06-26 04:00:00+00:00,0.0
2010-06-26 05:00:00+00:00,0.0
2010-06-26 06:00:00+00:00,0.0
2010-06-26 07:00:00+00:00,0.0
2010-06-26 08:00:00+00:00,0.0
2010-06-26 09:00:00+00:00,0.0
2010-06-26 10:00:00+00:00,0.0
2010-06-26 11:00:00+00:00,0.08879142
2010-06-26 12:00:00+00:00,0.36882314
2010-06-26 13:00:00+00:00,0.5703838999999999
2010-06-26 14:00:00+00:00,0.6181350999999999
2010-06-26 15:00:00+00:00,0.68550295
2010-06-26 16:00:00+00:00,0.6439294
2010-06-26 17:00:00+00:00,0.59296864
2010-06-26 18:00:00+00:00,0.55133903
2010-06-26 19:00:00+00:00,0.65952003
2010-06-26 20:00:00+00:00,0.5126999
2010-06-26 21:00:00+00:00,0.55793464
2010-06-26 22:00:00+00:00,0.6180751999999999
2010-06-26 23:00:00+00:00,0.49962629999999997
2010-06-27 00:00:00+00:00,0.17185953
2010-06-27 01:00:00+00:00,0.0
2010-06-27 02:00:00+00:00,0.0
2010-06-27 03:00:00+00:00,0.0
2010-06-27 04:00:00+00:00,0.0
2010-06-27 05:00:00+00:00,0.0
2010-06-27 06:00:00+00:00,0.0
2010-06-27 07:00:00+00:00,0.0
2010-06-27 08:00:00+00:00,0.0
2010-06-27 09:00:00+00:00,0.0
2010-06-27 10:00:00+00:00,0.0
2010-06-27 11:00:00+00:00,0.09292719999999999
2010-06-27 12:00:00+00:00,0.20175379999999998
2010-06-27 13:00:00+00:00,0.17964058
2010-06-27 14:00:00+00:00,0.32535642
2010-06-27 15:00:00+00:00,0.253803
2010-06-27 16:00:00+00:00,0.26901844
2010-06-27 17:00:00+00:00,0.28595302
2010-06-27 18:00:00+00:00,0.49178395
2010-06-27 19:00:00+00:00,0.45926115
2010-06-27 20:00:00+00:00,0.13236368
2010-06-27 21:00:00+00:00,0.1944942
2010-06-27 22:00:00+00:00,0.36219662
2010-06-27 23:00:00+00:00,0.35085395
2010-06-28 00:00:00+00:00,0.15486862
2010-06-28 01:00:00+00:00,0.0
2010-06-28 02:00:00+00:00,0.0
2010-06-28 03:00:00+00:00,0.0
2010-06-28 04:00:00+00:00,0.0
2010-06-28 05:00:00+00:00,0.0
2010-06-28 06:00:00+00:00,0.0
2010-06-28 07:00:00+00:00,0.0
2010-06-28 08:00:00+00:00,0.0
2010-06-28 09:00:00+00:00,0.0
2010-06-28 10:00:00+00:00,0.0
2010-06-28 11:00:00+00:00,0.13526849999999999
2010-06-28 12:00:00+00:00,0.45726597
2010-06-28 13:00:00+00:00,0.65664786
2010-06-28 14:00:00+00:00,0.7167774
2010-06-28 15:00:00+00:00,0.6887795999999999
2010-06-28 16:00:00+00:00,0.59877914
2010-06-28 17:00:00+00:00,0.6937924
2010-06-28 18:00:00+00:00,0.6753909
2010-06-28 19:00:00+00:00,0.5752645000000001
2010-06-28 20:00:00+00:00,0.5341574
2010-06-28 21:00:00+00:00,0.57382387
2010-06-28 22:00:00+00:00,0.4173982
2010-06-28 23:00:00+00:00,0.38168812
2010-06-29 00:00:00+00:00,0.05819342
2010-06-29 01:00:00+00:00,0.0
2010-06-29 02:00:00+00:00,0.0
2010-06-29 03:00:00+00:00,0.0
2010-06-29 04:00:00+00:00,0.0
2010-06-29 05:00:00+00:00,0.0
2010-06-29 06:00:00+00:00,0.0
2010-06-29 07:00:00+00:00,0.0
2010-06-29 08:00:00+00:00,0.0
2010-06-29 09:00:00+00:00,0.0
2010-06-29 10:00:00+00:00,0.0
2010-06-29 11:00:00+00:00,0.11320253
2010-06-29 12:00:00+00:00,0.23311300000000001
2010-06-29 13:00:00+00:00,0.64788723
2010-06-29 14:00:00+00:00,0.72425956
2010-06-29 15:00:00+00:00,0.7404375
2010-06-29 16:00:00+00:00,0.7443226
2010-06-29 17:00:00+00:00,0.7165670999999999
2010-06-29 18:00:00+00:00,0.7382003
2010-06-29 19:00:00+00:00,0.74070364
2010-06-29 20:00:00+00:00,0.7415175
2010-06-29 21:00:00+00:00,0.7304924
2010-06-29 22:00:00+00:00,0.6882227
2010-06-29 23:00:00+00:00,0.5776956
2010-06-30 00:00:00+00:00,0.25922978
2010-06-30 01:00:00+00:00,0.0
2010-06-30 02:00:00+00:00,0.0
2010-06-30 03:00:00+00:00,0.0
2010-06-30 04:00:00+00:00,0.0
2010-06-30 05:00:00+00:00,0.0
2010-06-30 06:00:00+00:00,0.0
2010-06-30 07:00:00+00:00,0.0
2010-06-30 08:00:00+00:00,0.0
2010-06-30 09:00:00+00:00,0.0
2010-06-30 10:00:00+00:00,0.0
2010-06-30 11:00:00+00:00,0.13618995
2010-06-30 12:00:00+00:00,0.48301459999999996
2010-06-30 13:00:00+00:00,0.6865284
2010-06-30 14:00:00+00:00,0.75329304
2010-06-30 15:00:00+00:00,0.769
2010-06-30 16:00:00+00:00,0.7687345
2010-06-30 17:00:00+00:00,0.76469946
2010-06-30 18:00:00+00:00,0.7594823
2010-06-30 19:00:00+00:00,0.7600453
2010-06-30 20:00:00+00:00,0.75894433
2010-06-30 21:00:00+00:00,0.74689436
2010-06-30 22:00:00+00:00,0.7050512
2010-06-30 23:00:00+00:00,0.5916300999999999
2010-07-01 00:00:00+00:00,0.27174225
2010-07-01 01:00:00+00:00,0.0
2010-07-01 02:00:00+00:00,0.0
2010-07-01 03:00:00+00:00,0.0
2010-07-01 04:00:00+00:00,0.0
2010-07-01 05:00:00+00:00,0.0
2010-07-01 06:00:00+00:00,0.0
2010-07-01 07:00:00+00:00,0.0
2010-07-01 08:00:00+00:00,0.0
2010-07-01 09:00:00+00:00,0.0
2010-07-01 10:00:00+00:00,0.0
2010-07-01 11:00:00+00:00,0.13948181
2010-07-01 12:00:00+00:00,0.48456615
2010-07-01 13:00:00+00:00,0.6912404999999999
2010-07-01 14:00:00+00:00,0.7510244
2010-07-01 15:00:00+00:00,0.76705474
2010-07-01 16:00:00+00:00,0.76366186
2010-07-01 17:00:00+00:00,0.75516224
2010-07-01 18:00:00+00:00,0.75120455
2010-07-01 19:00:00+00:00,0.7537537
2010-07-01 20:00:00+00:00,0.75435835
2010-07-01 21:00:00+00:00,0.74593705
2010-07-01 22:00:00+00:00,0.7067345
2010-07-01 23:00:00+00:00,0.6008137
2010-07-02 00:00:00+00:00,0.27876046
2010-07-02 01:00:00+00:00,0.0
2010-07-02 02:00:00+00:00,0.0
2010-07-02 03:00:00+00:00,0.0
2010-07-02 04:00:00+00:00,0.0
2010-07-02 05:00:00+00:00,0.0
2010-07-02 06:00:00+00:00,0.0
2010-07-02 07:00:00+00:00,0.0
2010-07-02 08:00:00+00:00,0.0
2010-07-02 09:00:00+00:00,0.0
2010-07-02 10:00:00+00:00,0.0
2010-07-02 11:00:00+00:00,0.12439287
2010-07-02 12:00:00+00:00,0.44553536
2010-07-02 13:00:00+00:00,0.63405293
2010-07-02 14:00:00+00:00,0.69727767
2010-07-02 15:00:00+00:00,0.7033776999999999
2010-07-02 16:00:00+00:00,0.5326829000000001
2010-07-02 17:00:00+00:00,0.59437907
2010-07-02 18:00:00+00:00,0.5711081
2010-07-02 19:00:00+00:00,0.6444300999999999
2010-07-02 20:00:00+00:00,0.64895564
2010-07-02 21:00:00+00:00,0.6565554
2010-07-02 22:00:00+00:00,0.5823189000000001
2010-07-02 23:00:00+00:00,0.45363277
2010-07-03 00:00:00+00:00,0.18215269
2010-07-03 01:00:00+00:00,0.0
2010-07-03 02:00:00+00:00,0.0
2010-07-03 03:00:00+00:00,0.0
2010-07-03 04:00:00+00:00,0.0
2010-07-03 05:00:00+00:00,0.0
2010-07-03 06:00:00+00:00,0.0
2010-07-03 07:00:00+00:00,0.0
2010-07-03 08:00:00+00:00,0.0
2010-07-03 09:00:00+00:00,0.0
2010-07-03 10:00:00+00:00,0.0
2010-07-03 11:00:00+00:00,0.07262672
2010-07-03 12:00:00+00:00,0.32478672
2010-07-03 13:00:00+00:00,0.43625358
2010-07-03 14:00:00+00:00,0.44833073
2010-07-03 15:00:00+00:00,0.580584
2010-07-03 16:00:00+00:00,0.47159317
2010-07-03 17:00:00+00:00,0.41028434
2010-07-03 18:00:00+00:00,0.5252244
2010-07-03 19:00:00+00:00,0.5179473
2010-07-03 20:00:00+00:00,0.5199982
2010-07-03 21:00:00+00:00,0.6533108
2010-07-03 22:00:00+00:00,0.53594524
2010-07-03 23:00:00+00:00,0.45527357
2010-07-04 00:00:00+00:00,0.1857531
2010-07-04 01:00:00+00:00,0.0
2010-07-04 02:00:00+00:00,0.0
2010-07-04 03:00:00+00:00,0.0
2010-07-04 04:00:00+00:00,0.0
2010-07-04 05:00:00+00:00,0.0
2010-07-04 06:00:00+00:00,0.0
2010-07-04 07:00:00+00:00,0.0
2010-07-04 08:00:00+00:00,0.0
2010-07-04 09:00:00+00:00,0.0
2010-07-04 10:00:00+00:00,0.0
2010-07-04 11:00:00+00:00,0.071752675
2010-07-04 12:00:00+00:00,0.30030087
2010-07-04 13:00:00+00:00,0.55487376
2010-07-04 14:00:00+00:00,0.6441385000000001
2010-07-04 15:00:00+00:00,0.66931534
2010-07-04 16:00:00+00:00,0.64685845
2010-07-04 17:00:00+00:00,0.5023721
2010-07-04 18:00:00+00:00,0.6090833000000001
2010-07-04 19:00:00+00:00,0.64891946
2010-07-04 20:00:00+00:00,0.5858892
2010-07-04 21:00:00+00:00,0.63966805
2010-07-04 22:00:00+00:00,0.5639189
2010-07-04 23:00:00+00:00,0.42123327
2010-07-05 00:00:00+00:00,0.20412436
2010-07-05 01:00:00+00:00,0.0
2010-07-05 02:00:00+00:00,0.0
2010-07-05 03:00:00+00:00,0.0
2010-07-05 04:00:00+00:00,0.0
2010-07-05 05:00:00+00:00,0.0
2010-07-05 06:00:00+00:00,0.0
2010-07-05 07:00:00+00:00,0.0
2010-07-05 08:00:00+00:00,0.0
2010-07-05 09:00:00+00:00,0.0
2010-07-05 10:00:00+00:00,0.0
2010-07-05 11:00:00+00:00,0.105310574
2010-07-05 12:00:00+00:00,0.41032749999999996
2010-07-05 13:00:00+00:00,0.6083274000000001
2010-07-05 14:00:00+00:00,0.6759891
2010-07-05 15:00:00+00:00,0.69486094
2010-07-05 16:00:00+00:00,0.687477
2010-07-05 17:00:00+00:00,0.68162525
2010-07-05 18:00:00+00:00,0.62087214
2010-07-05 19:00:00+00:00,0.6532564999999999
2010-07-05 20:00:00+00:00,0.65436554
2010-07-05 21:00:00+00:00,0.6520901
2010-07-05 22:00:00+00:00,0.5897975000000001
2010-07-05 23:00:00+00:00,0.46548903
2010-07-06 00:00:00+00:00,0.1938711
2010-07-06 01:00:00+00:00,0.0
2010-07-06 02:00:00+00:00,0.0
2010-07-06 03:00:00+00:00,0.0
2010-07-06 04:00:00+00:00,0.0
2010-07-06 05:00:00+00:00,0.0
2010-07-06 06:00:00+00:00,0.0
2010-07-06 07:00:00+00:00,0.0
2010-07-06 08:00:00+00:00,0.0
2010-07-06 09:00:00+00:00,0.0
2010-07-06 10:00:00+00:00,0.0
2010-07-06 11:00:00+00:00,0.08072109
2010-07-06 12:00:00+00:00,0.35388148
2010-07-06 13:00:00+00:00,0.5552818
2010-07-06 14:00:00+00:00,0.6412517
2010-07-06 15:00:00+00:00,0.6553291
2010-07-06 16:00:00+00:00,0.563775
2010-07-06 17:00:00+00:00,0.5261686
2010-07-06 18:00:00+00:00,0.48571828
2010-07-06 19:00:00+00:00,0.5434846999999999
2010-07-06 20:00:00+00:00,0.51245975
2010-07-06 21:00:00+00:00,0.5913899
2010-07-06 22:00:00+00:00,0.42536494
2010-07-06 23:00:00+00:00,0.36984852
2010-07-07 00:00:00+00:00,0.16090171
2010-07-07 01:00:00+00:00,0.0
2010-07-07 02:00:00+00:00,0.0
2010-07-07 03:00:00+00:00,0.0
2010-07-07 04:00:00+00:00,0.0
2010-07-07 05:00:00+00:00,0.0
2010-07-07 06:00:00+00:00,0.0
2010-07-07 07:00:00+00:00,0.0
2010-07-07 08:00:00+00:00,0.0
2010-07-07 09:00:00+00:00,0.0
2010-07-07 10:00:00+00:00,0.0
2010-07-07 11:00:00+00:00,0.06483346
2010-07-07 12:00:00+00:00,0.321633
2010-07-07 13:00:00+00:00,0.5259303000000001
2010-07-07 14:00:00+00:00,0.6147954999999999
2010-07-07 15:00:00+00:00,0.64146507
2010-07-07 16:00:00+00:00,0.6075081999999999
2010-07-07 17:00:00+00:00,0.61342275
2010-07-07 18:00:00+00:00,0.41385633
2010-07-07 19:00:00+00:00,0.5797667
2010-07-07 20:00:00+00:00,0.51442504
2010-07-07 21:00:00+00:00,0.37620988
2010-07-07 22:00:00+00:00,0.2709617
2010-07-07 23:00:00+00:00,0.34476495
2010-07-08 00:00:00+00:00,0.07683605
2010-07-08 01:00:00+00:00,0.0
2010-07-08 02:00:00+00:00,0.0
2010-07-08 03:00:00+00:00,0.0
2010-07-08 04:00:00+00:00,0.0
2010-07-08 05:00:00+00:00,0.0
2010-07-08 06:00:00+00:00,0.0
2010-07-08 07:00:00+00:00,0.0
2010-07-08 08:00:00+00:00,0.0
2010-07-08 09:00:00+00:00,0.0
2010-07-08 10:00:00+00:00,0.0
2010-07-08 11:00:00+00:00,0.0019582857
2010-07-08 12:00:00+00:00,0.10709396
2010-07-08 13:00:00+00:00,0.06871333
2010-07-08 14:00:00+00:00,0.14466292
2010-07-08 15:00:00+00:00,0.10635537
2010-07-08 16:00:00+00:00,0.055388945999999994
2010-07-08 17:00:00+00:00,0.18898548
2010-07-08 18:00:00+00:00,0.4836313
2010-07-08 19:00:00+00:00,0.28364834
2010-07-08 20:00:00+00:00,0.12711245
2010-07-08 21:00:00+00:00,0.18503155
2010-07-08 22:00:00+00:00,0.3472584
2010-07-08 23:00:00+00:00,0.22713163
2010-07-09 00:00:00+00:00,0.018824127
2010-07-09 01:00:00+00:00,0.0
2010-07-09 02:00:00+00:00,0.0
2010-07-09 03:00:00+00:00,0.0
2010-07-09 04:00:00+00:00,0.0
2010-07-09 05:00:00+00:00,0.0
2010-07-09 06:00:00+00:00,0.0
2010-07-09 07:00:00+00:00,0.0
2010-07-09 08:00:00+00:00,0.0
2010-07-09 09:00:00+00:00,0.0
2010-07-09 10:00:00+00:00,0.0
2010-07-09 11:00:00+00:00,0.06843015
2010-07-09 12:00:00+00:00,0.34854594
2010-07-09 13:00:00+00:00,0.57415795
2010-07-09 14:00:00+00:00,0.48016366
2010-07-09 15:00:00+00:00,0.6856270000000001
2010-07-09 16:00:00+00:00,0.5914537
2010-07-09 17:00:00+00:00,0.52729994
2010-07-09 18:00:00+00:00,0.57621306
2010-07-09 19:00:00+00:00,0.6200873
2010-07-09 20:00:00+00:00,0.41756496
2010-07-09 21:00:00+00:00,0.6803158
2010-07-09 22:00:00+00:00,0.62726873
2010-07-09 23:00:00+00:00,0.51140267
2010-07-10 00:00:00+00:00,0.20891069
2010-07-10 01:00:00+00:00,0.0
2010-07-10 02:00:00+00:00,0.0
2010-07-10 03:00:00+00:00,0.0
2010-07-10 04:00:00+00:00,0.0
2010-07-10 05:00:00+00:00,0.0
2010-07-10 06:00:00+00:00,0.0
2010-07-10 07:00:00+00:00,0.0
2010-07-10 08:00:00+00:00,0.0
2010-07-10 09:00:00+00:00,0.0
2010-07-10 10:00:00+00:00,0.0
2010-07-10 11:00:00+00:00,0.08936186
2010-07-10 12:00:00+00:00,0.38921374
2010-07-10 13:00:00+00:00,0.6025381999999999
2010-07-10 14:00:00+00:00,0.68090457
2010-07-10 15:00:00+00:00,0.7030269
2010-07-10 16:00:00+00:00,0.6492339
2010-07-10 17:00:00+00:00,0.693288
2010-07-10 18:00:00+00:00,0.61547446
2010-07-10 19:00:00+00:00,0.62603104
2010-07-10 20:00:00+00:00,0.6982563
2010-07-10 21:00:00+00:00,0.5504744
2010-07-10 22:00:00+00:00,0.43291620000000003
2010-07-10 23:00:00+00:00,0.27730513
2010-07-11 00:00:00+00:00,0.10552125
2010-07-11 01:00:00+00:00,0.0
2010-07-11 02:00:00+00:00,0.0
2010-07-11 03:00:00+00:00,0.0
2010-07-11 04:00:00+00:00,0.0
2010-07-11 05:00:00+00:00,0.0
2010-07-11 06:00:00+00:00,0.0
2010-07-11 07:00:00+00:00,0.0
2010-07-11 08:00:00+00:00,0.0
2010-07-11 09:00:00+00:00,0.0
2010-07-11 10:00:00+00:00,0.0
2010-07-11 11:00:00+00:00,0.0021623033
2010-07-11 12:00:00+00:00,0.13359036
2010-07-11 13:00:00+00:00,0.21507242
2010-07-11 14:00:00+00:00,0.24922968
2010-07-11 15:00:00+00:00,0.48076913
2010-07-11 16:00:00+00:00,0.5637646
2010-07-11 17:00:00+00:00,0.54215217
2010-07-11 18:00:00+00:00,0.5066401
2010-07-11 19:00:00+00:00,0.5416774000000001
2010-07-11 20:00:00+00:00,0.4919067
2010-07-11 21:00:00+00:00,0.5166602
2010-07-11 22:00:00+00:00,0.47115108
2010-07-11 23:00:00+00:00,0.4164955
2010-07-12 00:00:00+00:00,0.09003207
2010-07-12 01:00:00+00:00,0.0
2010-07-12 02:00:00+00:00,0.0
2010-07-12 03:00:00+00:00,0.0
2010-07-12 04:00:00+00:00,0.0
2010-07-12 05:00:00+00:00,0.0
2010-07-12 06:00:00+00:00,0.0
2010-07-12 07:00:00+00:00,0.0
2010-07-12 08:00:00+00:00,0.0
2010-07-12 09:00:00+00:00,0.0
2010-07-12 10:00:00+00:00,0.0
2010-07-12 11:00:00+00:00,0.003938839
2010-07-12 12:00:00+00:00,0.049052212000000005
2010-07-12 13:00:00+00:00,0.032835733
2010-07-12 14:00:00+00:00,0.0781655
2010-07-12 15:00:00+00:00,0.09484397
2010-07-12 16:00:00+00:00,0.15204956
2010-07-12 17:00:00+00:00,0.17837231
2010-07-12 18:00:00+00:00,0.21081637
2010-07-12 19:00:00+00:00,0.26049572
2010-07-12 20:00:00+00:00,0.43600863
2010-07-12 21:00:00+00:00,0.61791956
2010-07-12 22:00:00+00:00,0.5538926
2010-07-12 23:00:00+00:00,0.43732253
2010-07-13 00:00:00+00:00,0.17488374
2010-07-13 01:00:00+00:00,0.0
2010-07-13 02:00:00+00:00,0.0
2010-07-13 03:00:00+00:00,0.0
2010-07-13 04:00:00+00:00,0.0
2010-07-13 05:00:00+00:00,0.0
2010-07-13 06:00:00+00:00,0.0
2010-07-13 07:00:00+00:00,0.0
2010-07-13 08:00:00+00:00,0.0
2010-07-13 09:00:00+00:00,0.0
2010-07-13 10:00:00+00:00,0.0
2010-07-13 11:00:00+00:00,0.07807534
2010-07-13 12:00:00+00:00,0.36137262
2010-07-13 13:00:00+00:00,0.57225096
2010-07-13 14:00:00+00:00,0.6503974
2010-07-13 15:00:00+00:00,0.6064822
2010-07-13 16:00:00+00:00,0.6531251
2010-07-13 17:00:00+00:00,0.62609744
2010-07-13 18:00:00+00:00,0.6208854
2010-07-13 19:00:00+00:00,0.5986089
2010-07-13 20:00:00+00:00,0.5941333000000001
2010-07-13 21:00:00+00:00,0.6034944999999999
2010-07-13 22:00:00+00:00,0.53788555
2010-07-13 23:00:00+00:00,0.47494015
2010-07-14 00:00:00+00:00,0.20056687
2010-07-14 01:00:00+00:00,0.0
2010-07-14 02:00:00+00:00,0.0
2010-07-14 03:00:00+00:00,0.0
2010-07-14 04:00:00+00:00,0.0
2010-07-14 05:00:00+00:00,0.0
2010-07-14 06:00:00+00:00,0.0
2010-07-14 07:00:00+00:00,0.0
2010-07-14 08:00:00+00:00,0.0
2010-07-14 09:00:00+00:00,0.0
2010-07-14 10:00:00+00:00,0.0
2010-07-14 11:00:00+00:00,0.07761115
2010-07-14 12:00:00+00:00,0.33865127
2010-07-14 13:00:00+00:00,0.37876365
2010-07-14 14:00:00+00:00,0.5338618
2010-07-14 15:00:00+00:00,0.6180435000000001
2010-07-14 16:00:00+00:00,0.5795516
2010-07-14 17:00:00+00:00,0.5883982
2010-07-14 18:00:00+00:00,0.5854566
2010-07-14 19:00:00+00:00,0.5957783
2010-07-14 20:00:00+00:00,0.5604559
2010-07-14 21:00:00+00:00,0.5031315
2010-07-14 22:00:00+00:00,0.46437743
2010-07-14 23:00:00+00:00,0.44749627
2010-07-15 00:00:00+00:00,0.16890131
2010-07-15 01:00:00+00:00,0.0
2010-07-15 02:00:00+00:00,0.0
2010-07-15 03:00:00+00:00,0.0
2010-07-15 04:00:00+00:00,0.0
2010-07-15 05:00:00+00:00,0.0
2010-07-15 06:00:00+00:00,0.0
2010-07-15 07:00:00+00:00,0.0
2010-07-15 08:00:00+00:00,0.0
2010-07-15 09:00:00+00:00,0.0
2010-07-15 10:00:00+00:00,0.0
2010-07-15 11:00:00+00:00,0.0011488667
2010-07-15 12:00:00+00:00,0.24344923
2010-07-15 13:00:00+00:00,0.48245029999999994
2010-07-15 14:00:00+00:00,0.46689504
2010-07-15 15:00:00+00:00,0.46644359999999996
2010-07-15 16:00:00+00:00,0.5460019
2010-07-15 17:00:00+00:00,0.56013644
2010-07-15 18:00:00+00:00,0.6126341
2010-07-15 19:00:00+00:00,0.6273006
2010-07-15 20:00:00+00:00,0.59537256
2010-07-15 21:00:00+00:00,0.6475474
2010-07-15 22:00:00+00:00,0.58442175
2010-07-15 23:00:00+00:00,0.38265625
2010-07-16 00:00:00+00:00,0.17577644
2010-07-16 01:00:00+00:00,0.0
2010-07-16 02:00:00+00:00,0.0
2010-07-16 03:00:00+00:00,0.0
2010-07-16 04:00:00+00:00,0.0
2010-07-16 05:00:00+00:00,0.0
2010-07-16 06:00:00+00:00,0.0
2010-07-16 07:00:00+00:00,0.0
2010-07-16 08:00:00+00:00,0.0
2010-07-16 09:00:00+00:00,0.0
2010-07-16 10:00:00+00:00,0.0
2010-07-16 11:00:00+00:00,0.022774592000000003
2010-07-16 12:00:00+00:00,0.16005321
2010-07-16 13:00:00+00:00,0.2550654
2010-07-16 14:00:00+00:00,0.58947206
2010-07-16 15:00:00+00:00,0.49740690000000004
2010-07-16 16:00:00+00:00,0.6911316999999999
2010-07-16 17:00:00+00:00,0.67426395
2010-07-16 18:00:00+00:00,0.6517556999999999
2010-07-16 19:00:00+00:00,0.58627784
2010-07-16 20:00:00+00:00,0.65451574
2010-07-16 21:00:00+00:00,0.5796171999999999
2010-07-16 22:00:00+00:00,0.47224027
2010-07-16 23:00:00+00:00,0.04794489
2010-07-17 00:00:00+00:00,0.011794029
2010-07-17 01:00:00+00:00,0.0
2010-07-17 02:00:00+00:00,0.0
2010-07-17 03:00:00+00:00,0.0
2010-07-17 04:00:00+00:00,0.0
2010-07-17 05:00:00+00:00,0.0
2010-07-17 06:00:00+00:00,0.0
2010-07-17 07:00:00+00:00,0.0
2010-07-17 08:00:00+00:00,0.0
2010-07-17 09:00:00+00:00,0.0
2010-07-17 10:00:00+00:00,0.0
2010-07-17 11:00:00+00:00,0.045380805
2010-07-17 12:00:00+00:00,0.31988832
2010-07-17 13:00:00+00:00,0.55473834
2010-07-17 14:00:00+00:00,0.65208477
2010-07-17 15:00:00+00:00,0.5845203
2010-07-17 16:00:00+00:00,0.53810865
2010-07-17 17:00:00+00:00,0.54829735
2010-07-17 18:00:00+00:00,0.5844796
2010-07-17 19:00:00+00:00,0.58171844
2010-07-17 20:00:00+00:00,0.63857555
2010-07-17 21:00:00+00:00,0.5002032999999999
2010-07-17 22:00:00+00:00,0.21833661
2010-07-17 23:00:00+00:00,0.12909037
2010-07-18 00:00:00+00:00,0.10929304
2010-07-18 01:00:00+00:00,0.0
2010-07-18 02:00:00+00:00,0.0
2010-07-18 03:00:00+00:00,0.0
2010-07-18 04:00:00+00:00,0.0
2010-07-18 05:00:00+00:00,0.0
2010-07-18 06:00:00+00:00,0.0
2010-07-18 07:00:00+00:00,0.0
2010-07-18 08:00:00+00:00,0.0
2010-07-18 09:00:00+00:00,0.0
2010-07-18 10:00:00+00:00,0.0
2010-07-18 11:00:00+00:00,0.02170193
2010-07-18 12:00:00+00:00,0.24037012
2010-07-18 13:00:00+00:00,0.5280665
2010-07-18 14:00:00+00:00,0.41479293
2010-07-18 15:00:00+00:00,0.6488958
2010-07-18 16:00:00+00:00,0.5960151
2010-07-18 17:00:00+00:00,0.6830339
2010-07-18 18:00:00+00:00,0.6813816
2010-07-18 19:00:00+00:00,0.6849457
2010-07-18 20:00:00+00:00,0.67249805
2010-07-18 21:00:00+00:00,0.62487054
2010-07-18 22:00:00+00:00,0.53285944
2010-07-18 23:00:00+00:00,0.20641816
2010-07-19 00:00:00+00:00,0.036060542
2010-07-19 01:00:00+00:00,0.0
2010-07-19 02:00:00+00:00,0.0
2010-07-19 03:00:00+00:00,0.0
2010-07-19 04:00:00+00:00,0.0
2010-07-19 05:00:00+00:00,0.0
2010-07-19 06:00:00+00:00,0.0
2010-07-19 07:00:00+00:00,0.0
2010-07-19 08:00:00+00:00,0.0
2010-07-19 09:00:00+00:00,0.0
2010-07-19 10:00:00+00:00,0.0
2010-07-19 11:00:00+00:00,0.0017318035
2010-07-19 12:00:00+00:00,0.14906366
2010-07-19 13:00:00+00:00,0.23004241
2010-07-19 14:00:00+00:00,0.36424378
2010-07-19 15:00:00+00:00,0.62038374
2010-07-19 16:00:00+00:00,0.5544718000000001
2010-07-19 17:00:00+00:00,0.5436318
2010-07-19 18:00:00+00:00,0.6170656999999999
2010-07-19 19:00:00+00:00,0.5045970999999999
2010-07-19 20:00:00+00:00,0.48058817
2010-07-19 21:00:00+00:00,0.3788205
2010-07-19 22:00:00+00:00,0.37876168
2010-07-19 23:00:00+00:00,0.33914897
2010-07-20 00:00:00+00:00,0.12264609
2010-07-20 01:00:00+00:00,0.0
2010-07-20 02:00:00+00:00,0.0
2010-07-20 03:00:00+00:00,0.0
2010-07-20 04:00:00+00:00,0.0
2010-07-20 05:00:00+00:00,0.0
2010-07-20 06:00:00+00:00,0.0
2010-07-20 07:00:00+00:00,0.0
2010-07-20 08:00:00+00:00,0.0
2010-07-20 09:00:00+00:00,0.0
2010-07-20 10:00:00+00:00,0.0
2010-07-20 11:00:00+00:00,6.385626e-05
2010-07-20 12:00:00+00:00,0.011282223000000001
2010-07-20 13:00:00+00:00,0.026649177000000003
2010-07-20 14:00:00+00:00,0.32476836
2010-07-20 15:00:00+00:00,0.66450804
2010-07-20 16:00:00+00:00,0.44273347
2010-07-20 17:00:00+00:00,0.45609832
2010-07-20 18:00:00+00:00,0.51939046
2010-07-20 19:00:00+00:00,0.5068509
2010-07-20 20:00:00+00:00,0.41822883
2010-07-20 21:00:00+00:00,0.29597070000000003
2010-07-20 22:00:00+00:00,0.43651497
2010-07-20 23:00:00+00:00,0.40654433
2010-07-21 00:00:00+00:00,0.14816456
2010-07-21 01:00:00+00:00,0.0
2010-07-21 02:00:00+00:00,0.0
2010-07-21 03:00:00+00:00,0.0
2010-07-21 04:00:00+00:00,0.0
2010-07-21 05:00:00+00:00,0.0
2010-07-21 06:00:00+00:00,0.0
2010-07-21 07:00:00+00:00,0.0
2010-07-21 08:00:00+00:00,0.0
2010-07-21 09:00:00+00:00,0.0
2010-07-21 10:00:00+00:00,0.0
2010-07-21 11:00:00+00:00,0.030359894
2010-07-21 12:00:00+00:00,0.30089256
2010-07-21 13:00:00+00:00,0.53000706
2010-07-21 14:00:00+00:00,0.6306206999999999
2010-07-21 15:00:00+00:00,0.64885265
2010-07-21 16:00:00+00:00,0.6469746999999999
2010-07-21 17:00:00+00:00,0.6070324
2010-07-21 18:00:00+00:00,0.5757279000000001
2010-07-21 19:00:00+00:00,0.58817
2010-07-21 20:00:00+00:00,0.28576082
2010-07-21 21:00:00+00:00,0.16321497
2010-07-21 22:00:00+00:00,0.15511812
2010-07-21 23:00:00+00:00,0.36414596
2010-07-22 00:00:00+00:00,0.14106053
2010-07-22 01:00:00+00:00,0.0
2010-07-22 02:00:00+00:00,0.0
2010-07-22 03:00:00+00:00,0.0
2010-07-22 04:00:00+00:00,0.0
2010-07-22 05:00:00+00:00,0.0
2010-07-22 06:00:00+00:00,0.0
2010-07-22 07:00:00+00:00,0.0
2010-07-22 08:00:00+00:00,0.0
2010-07-22 09:00:00+00:00,0.0
2010-07-22 10:00:00+00:00,0.0
2010-07-22 11:00:00+00:00,0.029229831
2010-07-22 12:00:00+00:00,0.3228743
2010-07-22 13:00:00+00:00,0.57866216
2010-07-22 14:00:00+00:00,0.67139864
2010-07-22 15:00:00+00:00,0.68627924
2010-07-22 16:00:00+00:00,0.6930816
2010-07-22 17:00:00+00:00,0.6169564999999999
2010-07-22 18:00:00+00:00,0.68740875
2010-07-22 19:00:00+00:00,0.686592
2010-07-22 20:00:00+00:00,0.5804284000000001
2010-07-22 21:00:00+00:00,0.5851863
2010-07-22 22:00:00+00:00,0.61577415
2010-07-22 23:00:00+00:00,0.48637486
2010-07-23 00:00:00+00:00,0.17461814
2010-07-23 01:00:00+00:00,0.0
2010-07-23 02:00:00+00:00,0.0
2010-07-23 03:00:00+00:00,0.0
2010-07-23 04:00:00+00:00,0.0
2010-07-23 05:00:00+00:00,0.0
2010-07-23 06:00:00+00:00,0.0
2010-07-23 07:00:00+00:00,0.0
2010-07-23 08:00:00+00:00,0.0
2010-07-23 09:00:00+00:00,0.0
2010-07-23 10:00:00+00:00,0.0
2010-07-23 11:00:00+00:00,0.027019959
2010-07-23 12:00:00+00:00,0.3381114
2010-07-23 13:00:00+00:00,0.58611137
2010-07-23 14:00:00+00:00,0.66889304
2010-07-23 15:00:00+00:00,0.69612557
2010-07-23 16:00:00+00:00,0.6052525
2010-07-23 17:00:00+00:00,0.6848920000000001
2010-07-23 18:00:00+00:00,0.6761071
2010-07-23 19:00:00+00:00,0.68316185
2010-07-23 20:00:00+00:00,0.5943793
2010-07-23 21:00:00+00:00,0.6770352
2010-07-23 22:00:00+00:00,0.6263388000000001
2010-07-23 23:00:00+00:00,0.49635825
2010-07-24 00:00:00+00:00,0.17807847
2010-07-24 01:00:00+00:00,0.0
2010-07-24 02:00:00+00:00,0.0
2010-07-24 03:00:00+00:00,0.0
2010-07-24 04:00:00+00:00,0.0
2010-07-24 05:00:00+00:00,0.0
2010-07-24 06:00:00+00:00,0.0
2010-07-24 07:00:00+00:00,0.0
2010-07-24 08:00:00+00:00,0.0
2010-07-24 09:00:00+00:00,0.0
2010-07-24 10:00:00+00:00,0.0
2010-07-24 11:00:00+00:00,0.012395475
2010-07-24 12:00:00+00:00,0.22628868
2010-07-24 13:00:00+00:00,0.54390156
2010-07-24 14:00:00+00:00,0.41037235
2010-07-24 15:00:00+00:00,0.39050627
2010-07-24 16:00:00+00:00,0.5973145000000001
2010-07-24 17:00:00+00:00,0.48039305
2010-07-24 18:00:00+00:00,0.34481290000000003
2010-07-24 19:00:00+00:00,0.4835777
2010-07-24 20:00:00+00:00,0.11554589999999998
2010-07-24 21:00:00+00:00,0.53189224
2010-07-24 22:00:00+00:00,0.34913582
2010-07-24 23:00:00+00:00,0.43135694
2010-07-25 00:00:00+00:00,0.13507538
2010-07-25 01:00:00+00:00,0.0
2010-07-25 02:00:00+00:00,0.0
2010-07-25 03:00:00+00:00,0.0
2010-07-25 04:00:00+00:00,0.0
2010-07-25 05:00:00+00:00,0.0
2010-07-25 06:00:00+00:00,0.0
2010-07-25 07:00:00+00:00,0.0
2010-07-25 08:00:00+00:00,0.0
2010-07-25 09:00:00+00:00,0.0
2010-07-25 10:00:00+00:00,0.0
2010-07-25 11:00:00+00:00,0.013542101
2010-07-25 12:00:00+00:00,0.201346
2010-07-25 13:00:00+00:00,0.1610746
2010-07-25 14:00:00+00:00,0.22420062
2010-07-25 15:00:00+00:00,0.32341987
2010-07-25 16:00:00+00:00,0.4126285
2010-07-25 17:00:00+00:00,0.44929126
2010-07-25 18:00:00+00:00,0.5048235
2010-07-25 19:00:00+00:00,0.47372650000000005
2010-07-25 20:00:00+00:00,0.5143322
2010-07-25 21:00:00+00:00,0.54329425
2010-07-25 22:00:00+00:00,0.5300556
2010-07-25 23:00:00+00:00,0.38129762
2010-07-26 00:00:00+00:00,0.107357986
2010-07-26 01:00:00+00:00,0.0
2010-07-26 02:00:00+00:00,0.0
2010-07-26 03:00:00+00:00,0.0
2010-07-26 04:00:00+00:00,0.0
2010-07-26 05:00:00+00:00,0.0
2010-07-26 06:00:00+00:00,0.0
2010-07-26 07:00:00+00:00,0.0
2010-07-26 08:00:00+00:00,0.0
2010-07-26 09:00:00+00:00,0.0
2010-07-26 10:00:00+00:00,0.0
2010-07-26 11:00:00+00:00,0.0
2010-07-26 12:00:00+00:00,0.14899549
2010-07-26 13:00:00+00:00,0.40290314
2010-07-26 14:00:00+00:00,0.55344534
2010-07-26 15:00:00+00:00,0.50406986
2010-07-26 16:00:00+00:00,0.5517151
2010-07-26 17:00:00+00:00,0.5101153
2010-07-26 18:00:00+00:00,0.4020092
2010-07-26 19:00:00+00:00,0.24969174
2010-07-26 20:00:00+00:00,0.06822341
2010-07-26 21:00:00+00:00,0.22580846
2010-07-26 22:00:00+00:00,0.28983524
2010-07-26 23:00:00+00:00,0.26753604
2010-07-27 00:00:00+00:00,0.07885172
2010-07-27 01:00:00+00:00,0.0
2010-07-27 02:00:00+00:00,0.0
2010-07-27 03:00:00+00:00,0.0
2010-07-27 04:00:00+00:00,0.0
2010-07-27 05:00:00+00:00,0.0
2010-07-27 06:00:00+00:00,0.0
2010-07-27 07:00:00+00:00,0.0
2010-07-27 08:00:00+00:00,0.0
2010-07-27 09:00:00+00:00,0.0
2010-07-27 10:00:00+00:00,0.0
2010-07-27 11:00:00+00:00,0.005388191999999999
2010-07-27 12:00:00+00:00,0.25090185
2010-07-27 13:00:00+00:00,0.52633744
2010-07-27 14:00:00+00:00,0.62245584
2010-07-27 15:00:00+00:00,0.6217484000000001
2010-07-27 16:00:00+00:00,0.6449959
2010-07-27 17:00:00+00:00,0.48804247
2010-07-27 18:00:00+00:00,0.23059188
2010-07-27 19:00:00+00:00,0.58164924
2010-07-27 20:00:00+00:00,0.6423101
2010-07-27 21:00:00+00:00,0.10648226
2010-07-27 22:00:00+00:00,0.07121019
2010-07-27 23:00:00+00:00,0.08474584
2010-07-28 00:00:00+00:00,0.06306362
2010-07-28 01:00:00+00:00,0.0
2010-07-28 02:00:00+00:00,0.0
2010-07-28 03:00:00+00:00,0.0
2010-07-28 04:00:00+00:00,0.0
2010-07-28 05:00:00+00:00,0.0
2010-07-28 06:00:00+00:00,0.0
2010-07-28 07:00:00+00:00,0.0
2010-07-28 08:00:00+00:00,0.0
2010-07-28 09:00:00+00:00,0.0
2010-07-28 10:00:00+00:00,0.0
2010-07-28 11:00:00+00:00,0.0004630853
2010-07-28 12:00:00+00:00,0.2874688
2010-07-28 13:00:00+00:00,0.27048254
2010-07-28 14:00:00+00:00,0.24730478
2010-07-28 15:00:00+00:00,0.14605206
2010-07-28 16:00:00+00:00,0.24450919
2010-07-28 17:00:00+00:00,0.63557005
2010-07-28 18:00:00+00:00,0.49175909999999995
2010-07-28 19:00:00+00:00,0.6312312
2010-07-28 20:00:00+00:00,0.52223927
2010-07-28 21:00:00+00:00,0.6322608000000001
2010-07-28 22:00:00+00:00,0.52072376
2010-07-28 23:00:00+00:00,0.42553276
2010-07-29 00:00:00+00:00,0.08750094
2010-07-29 01:00:00+00:00,0.0
2010-07-29 02:00:00+00:00,0.0
2010-07-29 03:00:00+00:00,0.0
2010-07-29 04:00:00+00:00,0.0
2010-07-29 05:00:00+00:00,0.0
2010-07-29 06:00:00+00:00,0.0
2010-07-29 07:00:00+00:00,0.0
2010-07-29 08:00:00+00:00,0.0
2010-07-29 09:00:00+00:00,0.0
2010-07-29 10:00:00+00:00,0.0
2010-07-29 11:00:00+00:00,0.0
2010-07-29 12:00:00+00:00,0.34667059999999994
2010-07-29 13:00:00+00:00,0.5886685
2010-07-29 14:00:00+00:00,0.69498664
2010-07-29 15:00:00+00:00,0.71613514
2010-07-29 16:00:00+00:00,0.70864344
2010-07-29 17:00:00+00:00,0.7018966
2010-07-29 18:00:00+00:00,0.6926085999999999
2010-07-29 19:00:00+00:00,0.68220246
2010-07-29 20:00:00+00:00,0.6610732
2010-07-29 21:00:00+00:00,0.62508893
2010-07-29 22:00:00+00:00,0.34270173
2010-07-29 23:00:00+00:00,0.17357683
2010-07-30 00:00:00+00:00,0.07267027
2010-07-30 01:00:00+00:00,0.0
2010-07-30 02:00:00+00:00,0.0
2010-07-30 03:00:00+00:00,0.0
2010-07-30 04:00:00+00:00,0.0
2010-07-30 05:00:00+00:00,0.0
2010-07-30 06:00:00+00:00,0.0
2010-07-30 07:00:00+00:00,0.0
2010-07-30 08:00:00+00:00,0.0
2010-07-30 09:00:00+00:00,0.0
2010-07-30 10:00:00+00:00,0.0
2010-07-30 11:00:00+00:00,0.0
2010-07-30 12:00:00+00:00,0.017287675
2010-07-30 13:00:00+00:00,0.12800853
2010-07-30 14:00:00+00:00,0.5506420999999999
2010-07-30 15:00:00+00:00,0.58230585
2010-07-30 16:00:00+00:00,0.6125853
2010-07-30 17:00:00+00:00,0.5344328
2010-07-30 18:00:00+00:00,0.50944716
2010-07-30 19:00:00+00:00,0.6052369000000001
2010-07-30 20:00:00+00:00,0.3727739
2010-07-30 21:00:00+00:00,0.21162401
2010-07-30 22:00:00+00:00,0.44952652
2010-07-30 23:00:00+00:00,0.39742306
2010-07-31 00:00:00+00:00,0.11416457599999999
2010-07-31 01:00:00+00:00,0.0
2010-07-31 02:00:00+00:00,0.0
2010-07-31 03:00:00+00:00,0.0
2010-07-31 04:00:00+00:00,0.0
2010-07-31 05:00:00+00:00,0.0
2010-07-31 06:00:00+00:00,0.0
2010-07-31 07:00:00+00:00,0.0
2010-07-31 08:00:00+00:00,0.0
2010-07-31 09:00:00+00:00,0.0
2010-07-31 10:00:00+00:00,0.0
2010-07-31 11:00:00+00:00,0.0
2010-07-31 12:00:00+00:00,0.2593152
2010-07-31 13:00:00+00:00,0.5175225999999999
2010-07-31 14:00:00+00:00,0.63002414
2010-07-31 15:00:00+00:00,0.6633536999999999
2010-07-31 16:00:00+00:00,0.54540855
2010-07-31 17:00:00+00:00,0.5904289
2010-07-31 18:00:00+00:00,0.5251952
2010-07-31 19:00:00+00:00,0.5969121000000001
2010-07-31 20:00:00+00:00,0.63567257
2010-07-31 21:00:00+00:00,0.63926876
2010-07-31 22:00:00+00:00,0.56213015
2010-07-31 23:00:00+00:00,0.40846872
2010-08-01 00:00:00+00:00,0.1179152
2010-08-01 01:00:00+00:00,0.0
2010-08-01 02:00:00+00:00,0.0
2010-08-01 03:00:00+00:00,0.0
2010-08-01 04:00:00+00:00,0.0
2010-08-01 05:00:00+00:00,0.0
2010-08-01 06:00:00+00:00,0.0
2010-08-01 07:00:00+00:00,0.0
2010-08-01 08:00:00+00:00,0.0
2010-08-01 09:00:00+00:00,0.0
2010-08-01 10:00:00+00:00,0.0
2010-08-01 11:00:00+00:00,0.0
2010-08-01 12:00:00+00:00,0.26967835
2010-08-01 13:00:00+00:00,0.5189231
2010-08-01 14:00:00+00:00,0.62071425
2010-08-01 15:00:00+00:00,0.6613729
2010-08-01 16:00:00+00:00,0.65558624
2010-08-01 17:00:00+00:00,0.56520414
2010-08-01 18:00:00+00:00,0.5886813
2010-08-01 19:00:00+00:00,0.6056876
2010-08-01 20:00:00+00:00,0.54584235
2010-08-01 21:00:00+00:00,0.5849861999999999
2010-08-01 22:00:00+00:00,0.33763838
2010-08-01 23:00:00+00:00,0.33890957
2010-08-02 00:00:00+00:00,0.124365166
2010-08-02 01:00:00+00:00,0.0
2010-08-02 02:00:00+00:00,0.0
2010-08-02 03:00:00+00:00,0.0
2010-08-02 04:00:00+00:00,0.0
2010-08-02 05:00:00+00:00,0.0
2010-08-02 06:00:00+00:00,0.0
2010-08-02 07:00:00+00:00,0.0
2010-08-02 08:00:00+00:00,0.0
2010-08-02 09:00:00+00:00,0.0
2010-08-02 10:00:00+00:00,0.0
2010-08-02 11:00:00+00:00,0.0
2010-08-02 12:00:00+00:00,0.2943755
2010-08-02 13:00:00+00:00,0.56323034
2010-08-02 14:00:00+00:00,0.5584140999999999
2010-08-02 15:00:00+00:00,0.55313265
2010-08-02 16:00:00+00:00,0.5653005999999999
2010-08-02 17:00:00+00:00,0.48645815
2010-08-02 18:00:00+00:00,0.59779763
2010-08-02 19:00:00+00:00,0.61140794
2010-08-02 20:00:00+00:00,0.52625304
2010-08-02 21:00:00+00:00,0.58380544
2010-08-02 22:00:00+00:00,0.5180265000000001
2010-08-02 23:00:00+00:00,0.35259095
2010-08-03 00:00:00+00:00,0.11786917599999999
2010-08-03 01:00:00+00:00,0.0
2010-08-03 02:00:00+00:00,0.0
2010-08-03 03:00:00+00:00,0.0
2010-08-03 04:00:00+00:00,0.0
2010-08-03 05:00:00+00:00,0.0
2010-08-03 06:00:00+00:00,0.0
2010-08-03 07:00:00+00:00,0.0
2010-08-03 08:00:00+00:00,0.0
2010-08-03 09:00:00+00:00,0.0
2010-08-03 10:00:00+00:00,0.0
2010-08-03 11:00:00+00:00,0.0
2010-08-03 12:00:00+00:00,0.27043304
2010-08-03 13:00:00+00:00,0.54094046
2010-08-03 14:00:00+00:00,0.63481903
2010-08-03 15:00:00+00:00,0.66079366
2010-08-03 16:00:00+00:00,0.6570715
2010-08-03 17:00:00+00:00,0.6072403000000001
2010-08-03 18:00:00+00:00,0.62889475
2010-08-03 19:00:00+00:00,0.64311886
2010-08-03 20:00:00+00:00,0.24170193
2010-08-03 21:00:00+00:00,0.056395125
2010-08-03 22:00:00+00:00,0.20642473
2010-08-03 23:00:00+00:00,0.31607214
2010-08-04 00:00:00+00:00,0.086612
2010-08-04 01:00:00+00:00,0.0
2010-08-04 02:00:00+00:00,0.0
2010-08-04 03:00:00+00:00,0.0
2010-08-04 04:00:00+00:00,0.0
2010-08-04 05:00:00+00:00,0.0
2010-08-04 06:00:00+00:00,0.0
2010-08-04 07:00:00+00:00,0.0
2010-08-04 08:00:00+00:00,0.0
2010-08-04 09:00:00+00:00,0.0
2010-08-04 10:00:00+00:00,0.0
2010-08-04 11:00:00+00:00,0.0
2010-08-04 12:00:00+00:00,0.25988472
2010-08-04 13:00:00+00:00,0.5199604999999999
2010-08-04 14:00:00+00:00,0.2566123
2010-08-04 15:00:00+00:00,0.27341214
2010-08-04 16:00:00+00:00,0.585503
2010-08-04 17:00:00+00:00,0.39483935
2010-08-04 18:00:00+00:00,0.5522517
2010-08-04 19:00:00+00:00,0.34520555
2010-08-04 20:00:00+00:00,0.63154775
2010-08-04 21:00:00+00:00,0.59543353
2010-08-04 22:00:00+00:00,0.5526481
2010-08-04 23:00:00+00:00,0.39733663
2010-08-05 00:00:00+00:00,0.12329245
2010-08-05 01:00:00+00:00,0.0
2010-08-05 02:00:00+00:00,0.0
2010-08-05 03:00:00+00:00,0.0
2010-08-05 04:00:00+00:00,0.0
2010-08-05 05:00:00+00:00,0.0
2010-08-05 06:00:00+00:00,0.0
2010-08-05 07:00:00+00:00,0.0
2010-08-05 08:00:00+00:00,0.0
2010-08-05 09:00:00+00:00,0.0
2010-08-05 10:00:00+00:00,0.0
2010-08-05 11:00:00+00:00,0.0
2010-08-05 12:00:00+00:00,0.2824521
2010-08-05 13:00:00+00:00,0.56525964
2010-08-05 14:00:00+00:00,0.65817237
2010-08-05 15:00:00+00:00,0.6897933
2010-08-05 16:00:00+00:00,0.6939575
2010-08-05 17:00:00+00:00,0.6859348000000001
2010-08-05 18:00:00+00:00,0.6804952
2010-08-05 19:00:00+00:00,0.686476
2010-08-05 20:00:00+00:00,0.6869819
2010-08-05 21:00:00+00:00,0.6754333
2010-08-05 22:00:00+00:00,0.6079796
2010-08-05 23:00:00+00:00,0.40569088
2010-08-06 00:00:00+00:00,0.12166116
2010-08-06 01:00:00+00:00,0.0
2010-08-06 02:00:00+00:00,0.0
2010-08-06 03:00:00+00:00,0.0
2010-08-06 04:00:00+00:00,0.0
2010-08-06 05:00:00+00:00,0.0
2010-08-06 06:00:00+00:00,0.0
2010-08-06 07:00:00+00:00,0.0
2010-08-06 08:00:00+00:00,0.0
2010-08-06 09:00:00+00:00,0.0
2010-08-06 10:00:00+00:00,0.0
2010-08-06 11:00:00+00:00,0.0
2010-08-06 12:00:00+00:00,0.27986273
2010-08-06 13:00:00+00:00,0.5672701
2010-08-06 14:00:00+00:00,0.6638179
2010-08-06 15:00:00+00:00,0.69054157
2010-08-06 16:00:00+00:00,0.6902408
2010-08-06 17:00:00+00:00,0.6790741
2010-08-06 18:00:00+00:00,0.6448165
2010-08-06 19:00:00+00:00,0.6801661
2010-08-06 20:00:00+00:00,0.68185055
2010-08-06 21:00:00+00:00,0.6662449
2010-08-06 22:00:00+00:00,0.6065745
2010-08-06 23:00:00+00:00,0.4367109
2010-08-07 00:00:00+00:00,0.13007802
2010-08-07 01:00:00+00:00,0.0
2010-08-07 02:00:00+00:00,0.0
2010-08-07 03:00:00+00:00,0.0
2010-08-07 04:00:00+00:00,0.0
2010-08-07 05:00:00+00:00,0.0
2010-08-07 06:00:00+00:00,0.0
2010-08-07 07:00:00+00:00,0.0
2010-08-07 08:00:00+00:00,0.0
2010-08-07 09:00:00+00:00,0.0
2010-08-07 10:00:00+00:00,0.0
2010-08-07 11:00:00+00:00,0.0
2010-08-07 12:00:00+00:00,0.28670046
2010-08-07 13:00:00+00:00,0.57221
2010-08-07 14:00:00+00:00,0.65537584
2010-08-07 15:00:00+00:00,0.6764941
2010-08-07 16:00:00+00:00,0.67158014
2010-08-07 17:00:00+00:00,0.65961957
2010-08-07 18:00:00+00:00,0.65280753
2010-08-07 19:00:00+00:00,0.6530031999999999
2010-08-07 20:00:00+00:00,0.64050883
2010-08-07 21:00:00+00:00,0.6432934
2010-08-07 22:00:00+00:00,0.59907615
2010-08-07 23:00:00+00:00,0.43558493
2010-08-08 00:00:00+00:00,0.11592821
2010-08-08 01:00:00+00:00,0.0
2010-08-08 02:00:00+00:00,0.0
2010-08-08 03:00:00+00:00,0.0
2010-08-08 04:00:00+00:00,0.0
2010-08-08 05:00:00+00:00,0.0
2010-08-08 06:00:00+00:00,0.0
2010-08-08 07:00:00+00:00,0.0
2010-08-08 08:00:00+00:00,0.0
2010-08-08 09:00:00+00:00,0.0
2010-08-08 10:00:00+00:00,0.0
2010-08-08 11:00:00+00:00,0.0
2010-08-08 12:00:00+00:00,0.254712
2010-08-08 13:00:00+00:00,0.5119106
2010-08-08 14:00:00+00:00,0.49361047
2010-08-08 15:00:00+00:00,0.5898041
2010-08-08 16:00:00+00:00,0.6095209
2010-08-08 17:00:00+00:00,0.63425636
2010-08-08 18:00:00+00:00,0.5645241999999999
2010-08-08 19:00:00+00:00,0.58820015
2010-08-08 20:00:00+00:00,0.53566396
2010-08-08 21:00:00+00:00,0.52619916
2010-08-08 22:00:00+00:00,0.40434226
2010-08-08 23:00:00+00:00,0.28386194
2010-08-09 00:00:00+00:00,0.07864923
2010-08-09 01:00:00+00:00,0.0
2010-08-09 02:00:00+00:00,0.0
2010-08-09 03:00:00+00:00,0.0
2010-08-09 04:00:00+00:00,0.0
2010-08-09 05:00:00+00:00,0.0
2010-08-09 06:00:00+00:00,0.0
2010-08-09 07:00:00+00:00,0.0
2010-08-09 08:00:00+00:00,0.0
2010-08-09 09:00:00+00:00,0.0
2010-08-09 10:00:00+00:00,0.0
2010-08-09 11:00:00+00:00,0.0
2010-08-09 12:00:00+00:00,0.20809181
2010-08-09 13:00:00+00:00,0.47118859999999996
2010-08-09 14:00:00+00:00,0.45659667
2010-08-09 15:00:00+00:00,0.61555743
2010-08-09 16:00:00+00:00,0.6232656
2010-08-09 17:00:00+00:00,0.5903281
2010-08-09 18:00:00+00:00,0.56895745
2010-08-09 19:00:00+00:00,0.59792304
2010-08-09 20:00:00+00:00,0.5692887
2010-08-09 21:00:00+00:00,0.54441065
2010-08-09 22:00:00+00:00,0.27600297
2010-08-09 23:00:00+00:00,0.29847726
2010-08-10 00:00:00+00:00,0.061257306
2010-08-10 01:00:00+00:00,0.0
2010-08-10 02:00:00+00:00,0.0
2010-08-10 03:00:00+00:00,0.0
2010-08-10 04:00:00+00:00,0.0
2010-08-10 05:00:00+00:00,0.0
2010-08-10 06:00:00+00:00,0.0
2010-08-10 07:00:00+00:00,0.0
2010-08-10 08:00:00+00:00,0.0
2010-08-10 09:00:00+00:00,0.0
2010-08-10 10:00:00+00:00,0.0
2010-08-10 11:00:00+00:00,0.0
2010-08-10 12:00:00+00:00,0.17521620000000002
2010-08-10 13:00:00+00:00,0.37114352
2010-08-10 14:00:00+00:00,0.47516268
2010-08-10 15:00:00+00:00,0.57040596
2010-08-10 16:00:00+00:00,0.56838185
2010-08-10 17:00:00+00:00,0.5684647
2010-08-10 18:00:00+00:00,0.57196695
2010-08-10 19:00:00+00:00,0.112879656
2010-08-10 20:00:00+00:00,0.13170059
2010-08-10 21:00:00+00:00,0.12363247599999999
2010-08-10 22:00:00+00:00,0.16479696
2010-08-10 23:00:00+00:00,0.2516923
2010-08-11 00:00:00+00:00,0.037875436
2010-08-11 01:00:00+00:00,0.0
2010-08-11 02:00:00+00:00,0.0
2010-08-11 03:00:00+00:00,0.0
2010-08-11 04:00:00+00:00,0.0
2010-08-11 05:00:00+00:00,0.0
2010-08-11 06:00:00+00:00,0.0
2010-08-11 07:00:00+00:00,0.0
2010-08-11 08:00:00+00:00,0.0
2010-08-11 09:00:00+00:00,0.0
2010-08-11 10:00:00+00:00,0.0
2010-08-11 11:00:00+00:00,0.0
2010-08-11 12:00:00+00:00,0.25951728
2010-08-11 13:00:00+00:00,0.55256516
2010-08-11 14:00:00+00:00,0.6410058000000001
2010-08-11 15:00:00+00:00,0.66230595
2010-08-11 16:00:00+00:00,0.5558695
2010-08-11 17:00:00+00:00,0.5384505999999999
2010-08-11 18:00:00+00:00,0.58407336
2010-08-11 19:00:00+00:00,0.6200688
2010-08-11 20:00:00+00:00,0.63279396
2010-08-11 21:00:00+00:00,0.087395385
2010-08-11 22:00:00+00:00,0.55743665
2010-08-11 23:00:00+00:00,0.27720815
2010-08-12 00:00:00+00:00,0.04290863
2010-08-12 01:00:00+00:00,0.0
2010-08-12 02:00:00+00:00,0.0
2010-08-12 03:00:00+00:00,0.0
2010-08-12 04:00:00+00:00,0.0
2010-08-12 05:00:00+00:00,0.0
2010-08-12 06:00:00+00:00,0.0
2010-08-12 07:00:00+00:00,0.0
2010-08-12 08:00:00+00:00,0.0
2010-08-12 09:00:00+00:00,0.0
2010-08-12 10:00:00+00:00,0.0
2010-08-12 11:00:00+00:00,0.0
2010-08-12 12:00:00+00:00,0.2241388
2010-08-12 13:00:00+00:00,0.3354678
2010-08-12 14:00:00+00:00,0.59631157
2010-08-12 15:00:00+00:00,0.62211984
2010-08-12 16:00:00+00:00,0.6225626
2010-08-12 17:00:00+00:00,0.5888853000000001
2010-08-12 18:00:00+00:00,0.5271511
2010-08-12 19:00:00+00:00,0.49790555
2010-08-12 20:00:00+00:00,0.60597336
2010-08-12 21:00:00+00:00,0.58535373
2010-08-12 22:00:00+00:00,0.50859463
2010-08-12 23:00:00+00:00,0.3249489
2010-08-13 00:00:00+00:00,0.069040045
2010-08-13 01:00:00+00:00,0.0
2010-08-13 02:00:00+00:00,0.0
2010-08-13 03:00:00+00:00,0.0
2010-08-13 04:00:00+00:00,0.0
2010-08-13 05:00:00+00:00,0.0
2010-08-13 06:00:00+00:00,0.0
2010-08-13 07:00:00+00:00,0.0
2010-08-13 08:00:00+00:00,0.0
2010-08-13 09:00:00+00:00,0.0
2010-08-13 10:00:00+00:00,0.0
2010-08-13 11:00:00+00:00,0.0
2010-08-13 12:00:00+00:00,0.26244447
2010-08-13 13:00:00+00:00,0.560546
2010-08-13 14:00:00+00:00,0.6451840999999999
2010-08-13 15:00:00+00:00,0.6664777
2010-08-13 16:00:00+00:00,0.6564476
2010-08-13 17:00:00+00:00,0.54700667
2010-08-13 18:00:00+00:00,0.48059540000000006
2010-08-13 19:00:00+00:00,0.36358783
2010-08-13 20:00:00+00:00,0.5081359999999999
2010-08-13 21:00:00+00:00,0.42697787
2010-08-13 22:00:00+00:00,0.15886436
2010-08-13 23:00:00+00:00,0.04613149
2010-08-14 00:00:00+00:00,0.004607888
2010-08-14 01:00:00+00:00,0.0
2010-08-14 02:00:00+00:00,0.0
2010-08-14 03:00:00+00:00,0.0
2010-08-14 04:00:00+00:00,0.0
2010-08-14 05:00:00+00:00,0.0
2010-08-14 06:00:00+00:00,0.0
2010-08-14 07:00:00+00:00,0.0
2010-08-14 08:00:00+00:00,0.0
2010-08-14 09:00:00+00:00,0.0
2010-08-14 10:00:00+00:00,0.0
2010-08-14 11:00:00+00:00,0.0
2010-08-14 12:00:00+00:00,0.21882406
2010-08-14 13:00:00+00:00,0.28879958
2010-08-14 14:00:00+00:00,0.4941933
2010-08-14 15:00:00+00:00,0.57440746
2010-08-14 16:00:00+00:00,0.61364174
2010-08-14 17:00:00+00:00,0.6276128000000001
2010-08-14 18:00:00+00:00,0.49179579999999995
2010-08-14 19:00:00+00:00,0.49942129999999996
2010-08-14 20:00:00+00:00,0.37280264
2010-08-14 21:00:00+00:00,0.31674534
2010-08-14 22:00:00+00:00,0.47609767
2010-08-14 23:00:00+00:00,0.24798967
2010-08-15 00:00:00+00:00,0.026464019
2010-08-15 01:00:00+00:00,0.0
2010-08-15 02:00:00+00:00,0.0
2010-08-15 03:00:00+00:00,0.0
2010-08-15 04:00:00+00:00,0.0
2010-08-15 05:00:00+00:00,0.0
2010-08-15 06:00:00+00:00,0.0
2010-08-15 07:00:00+00:00,0.0
2010-08-15 08:00:00+00:00,0.0
2010-08-15 09:00:00+00:00,0.0
2010-08-15 10:00:00+00:00,0.0
2010-08-15 11:00:00+00:00,0.0
2010-08-15 12:00:00+00:00,0.22515932
2010-08-15 13:00:00+00:00,0.53796744
2010-08-15 14:00:00+00:00,0.65590525
2010-08-15 15:00:00+00:00,0.6944165
2010-08-15 16:00:00+00:00,0.68673444
2010-08-15 17:00:00+00:00,0.68003607
2010-08-15 18:00:00+00:00,0.67456293
2010-08-15 19:00:00+00:00,0.68158656
2010-08-15 20:00:00+00:00,0.68692917
2010-08-15 21:00:00+00:00,0.68250805
2010-08-15 22:00:00+00:00,0.6229019
2010-08-15 23:00:00+00:00,0.4227002
2010-08-16 00:00:00+00:00,0.09855039
2010-08-16 01:00:00+00:00,0.0
2010-08-16 02:00:00+00:00,0.0
2010-08-16 03:00:00+00:00,0.0
2010-08-16 04:00:00+00:00,0.0
2010-08-16 05:00:00+00:00,0.0
2010-08-16 06:00:00+00:00,0.0
2010-08-16 07:00:00+00:00,0.0
2010-08-16 08:00:00+00:00,0.0
2010-08-16 09:00:00+00:00,0.0
2010-08-16 10:00:00+00:00,0.0
2010-08-16 11:00:00+00:00,0.0
2010-08-16 12:00:00+00:00,0.27226636
2010-08-16 13:00:00+00:00,0.59412664
2010-08-16 14:00:00+00:00,0.6840418
2010-08-16 15:00:00+00:00,0.70077866
2010-08-16 16:00:00+00:00,0.6927074000000001
2010-08-16 17:00:00+00:00,0.68074805
2010-08-16 18:00:00+00:00,0.6393346
2010-08-16 19:00:00+00:00,0.67802984
2010-08-16 20:00:00+00:00,0.68371683
2010-08-16 21:00:00+00:00,0.5274894
2010-08-16 22:00:00+00:00,0.5838532
2010-08-16 23:00:00+00:00,0.28525120000000004
2010-08-17 00:00:00+00:00,0.08097974
2010-08-17 01:00:00+00:00,0.0
2010-08-17 02:00:00+00:00,0.0
2010-08-17 03:00:00+00:00,0.0
2010-08-17 04:00:00+00:00,0.0
2010-08-17 05:00:00+00:00,0.0
2010-08-17 06:00:00+00:00,0.0
2010-08-17 07:00:00+00:00,0.0
2010-08-17 08:00:00+00:00,0.0
2010-08-17 09:00:00+00:00,0.0
2010-08-17 10:00:00+00:00,0.0
2010-08-17 11:00:00+00:00,0.0
2010-08-17 12:00:00+00:00,0.08763721
2010-08-17 13:00:00+00:00,0.22375622
2010-08-17 14:00:00+00:00,0.2295593
2010-08-17 15:00:00+00:00,0.57441336
2010-08-17 16:00:00+00:00,0.40351504
2010-08-17 17:00:00+00:00,0.41704309999999994
2010-08-17 18:00:00+00:00,0.31079409999999996
2010-08-17 19:00:00+00:00,0.36984006
2010-08-17 20:00:00+00:00,0.32456714
2010-08-17 21:00:00+00:00,0.42025074
2010-08-17 22:00:00+00:00,0.5715519
2010-08-17 23:00:00+00:00,0.36280575
2010-08-18 00:00:00+00:00,0.07099948
2010-08-18 01:00:00+00:00,0.0
2010-08-18 02:00:00+00:00,0.0
2010-08-18 03:00:00+00:00,0.0
2010-08-18 04:00:00+00:00,0.0
2010-08-18 05:00:00+00:00,0.0
2010-08-18 06:00:00+00:00,0.0
2010-08-18 07:00:00+00:00,0.0
2010-08-18 08:00:00+00:00,0.0
2010-08-18 09:00:00+00:00,0.0
2010-08-18 10:00:00+00:00,0.0
2010-08-18 11:00:00+00:00,0.0
2010-08-18 12:00:00+00:00,0.25830770000000003
2010-08-18 13:00:00+00:00,0.11740632
2010-08-18 14:00:00+00:00,0.085270256
2010-08-18 15:00:00+00:00,0.16141148
2010-08-18 16:00:00+00:00,0.22927603
2010-08-18 17:00:00+00:00,0.65679413
2010-08-18 18:00:00+00:00,0.6701097
2010-08-18 19:00:00+00:00,0.67181563
2010-08-18 20:00:00+00:00,0.67788893
2010-08-18 21:00:00+00:00,0.6637622
2010-08-18 22:00:00+00:00,0.6033607
2010-08-18 23:00:00+00:00,0.39035383
2010-08-19 00:00:00+00:00,0.07142749999999999
2010-08-19 01:00:00+00:00,0.0
2010-08-19 02:00:00+00:00,0.0
2010-08-19 03:00:00+00:00,0.0
2010-08-19 04:00:00+00:00,0.0
2010-08-19 05:00:00+00:00,0.0
2010-08-19 06:00:00+00:00,0.0
2010-08-19 07:00:00+00:00,0.0
2010-08-19 08:00:00+00:00,0.0
2010-08-19 09:00:00+00:00,0.0
2010-08-19 10:00:00+00:00,0.0
2010-08-19 11:00:00+00:00,0.0
2010-08-19 12:00:00+00:00,0.25699538
2010-08-19 13:00:00+00:00,0.5822651999999999
2010-08-19 14:00:00+00:00,0.6739246999999999
2010-08-19 15:00:00+00:00,0.6930016
2010-08-19 16:00:00+00:00,0.68807423
2010-08-19 17:00:00+00:00,0.67716616
2010-08-19 18:00:00+00:00,0.67377245
2010-08-19 19:00:00+00:00,0.6797977
2010-08-19 20:00:00+00:00,0.6865864
2010-08-19 21:00:00+00:00,0.6867726
2010-08-19 22:00:00+00:00,0.6271405
2010-08-19 23:00:00+00:00,0.40680173
2010-08-20 00:00:00+00:00,0.06773578400000001
2010-08-20 01:00:00+00:00,0.0
2010-08-20 02:00:00+00:00,0.0
2010-08-20 03:00:00+00:00,0.0
2010-08-20 04:00:00+00:00,0.0
2010-08-20 05:00:00+00:00,0.0
2010-08-20 06:00:00+00:00,0.0
2010-08-20 07:00:00+00:00,0.0
2010-08-20 08:00:00+00:00,0.0
2010-08-20 09:00:00+00:00,0.0
2010-08-20 10:00:00+00:00,0.0
2010-08-20 11:00:00+00:00,0.0
2010-08-20 12:00:00+00:00,0.0074428525
2010-08-20 13:00:00+00:00,0.026304195
2010-08-20 14:00:00+00:00,0.046999405999999994
2010-08-20 15:00:00+00:00,0.21628721
2010-08-20 16:00:00+00:00,0.28683573
2010-08-20 17:00:00+00:00,0.40779236
2010-08-20 18:00:00+00:00,0.5484462
2010-08-20 19:00:00+00:00,0.24847828
2010-08-20 20:00:00+00:00,0.5166005
2010-08-20 21:00:00+00:00,0.43702529999999995
2010-08-20 22:00:00+00:00,0.29657596
2010-08-20 23:00:00+00:00,0.2998447
2010-08-21 00:00:00+00:00,0.028010572999999997
2010-08-21 01:00:00+00:00,0.0
2010-08-21 02:00:00+00:00,0.0
2010-08-21 03:00:00+00:00,0.0
2010-08-21 04:00:00+00:00,0.0
2010-08-21 05:00:00+00:00,0.0
2010-08-21 06:00:00+00:00,0.0
2010-08-21 07:00:00+00:00,0.0
2010-08-21 08:00:00+00:00,0.0
2010-08-21 09:00:00+00:00,0.0
2010-08-21 10:00:00+00:00,0.0
2010-08-21 11:00:00+00:00,0.0
2010-08-21 12:00:00+00:00,0.2310626
2010-08-21 13:00:00+00:00,0.55942094
2010-08-21 14:00:00+00:00,0.65439284
2010-08-21 15:00:00+00:00,0.67645526
2010-08-21 16:00:00+00:00,0.66906303
2010-08-21 17:00:00+00:00,0.65042835
2010-08-21 18:00:00+00:00,0.50834286
2010-08-21 19:00:00+00:00,0.5416305
2010-08-21 20:00:00+00:00,0.64901745
2010-08-21 21:00:00+00:00,0.65510845
2010-08-21 22:00:00+00:00,0.61196876
2010-08-21 23:00:00+00:00,0.38075936
2010-08-22 00:00:00+00:00,0.041678607
2010-08-22 01:00:00+00:00,0.0
2010-08-22 02:00:00+00:00,0.0
2010-08-22 03:00:00+00:00,0.0
2010-08-22 04:00:00+00:00,0.0
2010-08-22 05:00:00+00:00,0.0
2010-08-22 06:00:00+00:00,0.0
2010-08-22 07:00:00+00:00,0.0
2010-08-22 08:00:00+00:00,0.0
2010-08-22 09:00:00+00:00,0.0
2010-08-22 10:00:00+00:00,0.0
2010-08-22 11:00:00+00:00,0.0
2010-08-22 12:00:00+00:00,0.26235628
2010-08-22 13:00:00+00:00,0.6013732
2010-08-22 14:00:00+00:00,0.6856934
2010-08-22 15:00:00+00:00,0.6906364
2010-08-22 16:00:00+00:00,0.56260574
2010-08-22 17:00:00+00:00,0.40181988
2010-08-22 18:00:00+00:00,0.35107148
2010-08-22 19:00:00+00:00,0.42052537
2010-08-22 20:00:00+00:00,0.6153706999999999
2010-08-22 21:00:00+00:00,0.62822074
2010-08-22 22:00:00+00:00,0.590533
2010-08-22 23:00:00+00:00,0.34693202
2010-08-23 00:00:00+00:00,0.024133123
2010-08-23 01:00:00+00:00,0.0
2010-08-23 02:00:00+00:00,0.0
2010-08-23 03:00:00+00:00,0.0
2010-08-23 04:00:00+00:00,0.0
2010-08-23 05:00:00+00:00,0.0
2010-08-23 06:00:00+00:00,0.0
2010-08-23 07:00:00+00:00,0.0
2010-08-23 08:00:00+00:00,0.0
2010-08-23 09:00:00+00:00,0.0
2010-08-23 10:00:00+00:00,0.0
2010-08-23 11:00:00+00:00,0.0
2010-08-23 12:00:00+00:00,0.25255734
2010-08-23 13:00:00+00:00,0.5912595
2010-08-23 14:00:00+00:00,0.5310865
2010-08-23 15:00:00+00:00,0.37266043
2010-08-23 16:00:00+00:00,0.48079857
2010-08-23 17:00:00+00:00,0.38111338
2010-08-23 18:00:00+00:00,0.34799424
2010-08-23 19:00:00+00:00,0.40119433
2010-08-23 20:00:00+00:00,0.2877239
2010-08-23 21:00:00+00:00,0.3183289
2010-08-23 22:00:00+00:00,0.43820690000000007
2010-08-23 23:00:00+00:00,0.098792925
2010-08-24 00:00:00+00:00,0.006550472
2010-08-24 01:00:00+00:00,0.0
2010-08-24 02:00:00+00:00,0.0
2010-08-24 03:00:00+00:00,0.0
2010-08-24 04:00:00+00:00,0.0
2010-08-24 05:00:00+00:00,0.0
2010-08-24 06:00:00+00:00,0.0
2010-08-24 07:00:00+00:00,0.0
2010-08-24 08:00:00+00:00,0.0
2010-08-24 09:00:00+00:00,0.0
2010-08-24 10:00:00+00:00,0.0
2010-08-24 11:00:00+00:00,0.0
2010-08-24 12:00:00+00:00,0.21249418
2010-08-24 13:00:00+00:00,0.39324394
2010-08-24 14:00:00+00:00,0.48546368
2010-08-24 15:00:00+00:00,0.5899949000000001
2010-08-24 16:00:00+00:00,0.5358076999999999
2010-08-24 17:00:00+00:00,0.46188825
2010-08-24 18:00:00+00:00,0.52368915
2010-08-24 19:00:00+00:00,0.5246272
2010-08-24 20:00:00+00:00,0.53378063
2010-08-24 21:00:00+00:00,0.4852763
2010-08-24 22:00:00+00:00,0.38818055
2010-08-24 23:00:00+00:00,0.29534176
2010-08-25 00:00:00+00:00,0.0
2010-08-25 01:00:00+00:00,0.0
2010-08-25 02:00:00+00:00,0.0
2010-08-25 03:00:00+00:00,0.0
2010-08-25 04:00:00+00:00,0.0
2010-08-25 05:00:00+00:00,0.0
2010-08-25 06:00:00+00:00,0.0
2010-08-25 07:00:00+00:00,0.0
2010-08-25 08:00:00+00:00,0.0
2010-08-25 09:00:00+00:00,0.0
2010-08-25 10:00:00+00:00,0.0
2010-08-25 11:00:00+00:00,0.0
2010-08-25 12:00:00+00:00,0.22591554
2010-08-25 13:00:00+00:00,0.5789415
2010-08-25 14:00:00+00:00,0.67742777
2010-08-25 15:00:00+00:00,0.7019181999999999
2010-08-25 16:00:00+00:00,0.6913873
2010-08-25 17:00:00+00:00,0.6812945
2010-08-25 18:00:00+00:00,0.67968535
2010-08-25 19:00:00+00:00,0.68739516
2010-08-25 20:00:00+00:00,0.69499946
2010-08-25 21:00:00+00:00,0.69491506
2010-08-25 22:00:00+00:00,0.62969387
2010-08-25 23:00:00+00:00,0.37140024
2010-08-26 00:00:00+00:00,0.0
2010-08-26 01:00:00+00:00,0.0
2010-08-26 02:00:00+00:00,0.0
2010-08-26 03:00:00+00:00,0.0
2010-08-26 04:00:00+00:00,0.0
2010-08-26 05:00:00+00:00,0.0
2010-08-26 06:00:00+00:00,0.0
2010-08-26 07:00:00+00:00,0.0
2010-08-26 08:00:00+00:00,0.0
2010-08-26 09:00:00+00:00,0.0
2010-08-26 10:00:00+00:00,0.0
2010-08-26 11:00:00+00:00,0.0
2010-08-26 12:00:00+00:00,0.25378236
2010-08-26 13:00:00+00:00,0.61759734
2010-08-26 14:00:00+00:00,0.70262337
2010-08-26 15:00:00+00:00,0.716132
2010-08-26 16:00:00+00:00,0.7036526999999999
2010-08-26 17:00:00+00:00,0.68922454
2010-08-26 18:00:00+00:00,0.68159074
2010-08-26 19:00:00+00:00,0.6894223
2010-08-26 20:00:00+00:00,0.6989319
2010-08-26 21:00:00+00:00,0.6915483
2010-08-26 22:00:00+00:00,0.6364116999999999
2010-08-26 23:00:00+00:00,0.37569377
2010-08-27 00:00:00+00:00,0.0
2010-08-27 01:00:00+00:00,0.0
2010-08-27 02:00:00+00:00,0.0
2010-08-27 03:00:00+00:00,0.0
2010-08-27 04:00:00+00:00,0.0
2010-08-27 05:00:00+00:00,0.0
2010-08-27 06:00:00+00:00,0.0
2010-08-27 07:00:00+00:00,0.0
2010-08-27 08:00:00+00:00,0.0
2010-08-27 09:00:00+00:00,0.0
2010-08-27 10:00:00+00:00,0.0
2010-08-27 11:00:00+00:00,0.0
2010-08-27 12:00:00+00:00,0.21947291
2010-08-27 13:00:00+00:00,0.5614513000000001
2010-08-27 14:00:00+00:00,0.6552883
2010-08-27 15:00:00+00:00,0.6714916
2010-08-27 16:00:00+00:00,0.66107005
2010-08-27 17:00:00+00:00,0.6448965999999999
2010-08-27 18:00:00+00:00,0.6461219
2010-08-27 19:00:00+00:00,0.6544951999999999
2010-08-27 20:00:00+00:00,0.6164628000000001
2010-08-27 21:00:00+00:00,0.6615696999999999
2010-08-27 22:00:00+00:00,0.5550775
2010-08-27 23:00:00+00:00,0.32557926
2010-08-28 00:00:00+00:00,0.0
2010-08-28 01:00:00+00:00,0.0
2010-08-28 02:00:00+00:00,0.0
2010-08-28 03:00:00+00:00,0.0
2010-08-28 04:00:00+00:00,0.0
2010-08-28 05:00:00+00:00,0.0
2010-08-28 06:00:00+00:00,0.0
2010-08-28 07:00:00+00:00,0.0
2010-08-28 08:00:00+00:00,0.0
2010-08-28 09:00:00+00:00,0.0
2010-08-28 10:00:00+00:00,0.0
2010-08-28 11:00:00+00:00,0.0
2010-08-28 12:00:00+00:00,0.18969905
2010-08-28 13:00:00+00:00,0.4881505
2010-08-28 14:00:00+00:00,0.6199229
2010-08-28 15:00:00+00:00,0.6380416999999999
2010-08-28 16:00:00+00:00,0.63966733
2010-08-28 17:00:00+00:00,0.6333585
2010-08-28 18:00:00+00:00,0.48381642
2010-08-28 19:00:00+00:00,0.5494424
2010-08-28 20:00:00+00:00,0.6334241999999999
2010-08-28 21:00:00+00:00,0.61246014
2010-08-28 22:00:00+00:00,0.50942945
2010-08-28 23:00:00+00:00,0.26246586
2010-08-29 00:00:00+00:00,0.0
2010-08-29 01:00:00+00:00,0.0
2010-08-29 02:00:00+00:00,0.0
2010-08-29 03:00:00+00:00,0.0
2010-08-29 04:00:00+00:00,0.0
2010-08-29 05:00:00+00:00,0.0
2010-08-29 06:00:00+00:00,0.0
2010-08-29 07:00:00+00:00,0.0
2010-08-29 08:00:00+00:00,0.0
2010-08-29 09:00:00+00:00,0.0
2010-08-29 10:00:00+00:00,0.0
2010-08-29 11:00:00+00:00,0.0
2010-08-29 12:00:00+00:00,0.026853584
2010-08-29 13:00:00+00:00,0.32801172
2010-08-29 14:00:00+00:00,0.40290442
2010-08-29 15:00:00+00:00,0.6370551
2010-08-29 16:00:00+00:00,0.63412535
2010-08-29 17:00:00+00:00,0.47133604
2010-08-29 18:00:00+00:00,0.46102858
2010-08-29 19:00:00+00:00,0.47981369999999995
2010-08-29 20:00:00+00:00,0.4725313
2010-08-29 21:00:00+00:00,0.4177188
2010-08-29 22:00:00+00:00,0.16404496
2010-08-29 23:00:00+00:00,0.100255966
2010-08-30 00:00:00+00:00,0.0
2010-08-30 01:00:00+00:00,0.0
2010-08-30 02:00:00+00:00,0.0
2010-08-30 03:00:00+00:00,0.0
2010-08-30 04:00:00+00:00,0.0
2010-08-30 05:00:00+00:00,0.0
2010-08-30 06:00:00+00:00,0.0
2010-08-30 07:00:00+00:00,0.0
2010-08-30 08:00:00+00:00,0.0
2010-08-30 09:00:00+00:00,0.0
2010-08-30 10:00:00+00:00,0.0
2010-08-30 11:00:00+00:00,0.0
2010-08-30 12:00:00+00:00,0.20719276
2010-08-30 13:00:00+00:00,0.5489748000000001
2010-08-30 14:00:00+00:00,0.64457
2010-08-30 15:00:00+00:00,0.66785413
2010-08-30 16:00:00+00:00,0.6479991
2010-08-30 17:00:00+00:00,0.6489928
2010-08-30 18:00:00+00:00,0.6456989000000001
2010-08-30 19:00:00+00:00,0.6544703000000001
2010-08-30 20:00:00+00:00,0.6701015
2010-08-30 21:00:00+00:00,0.66161335
2010-08-30 22:00:00+00:00,0.59559757
2010-08-30 23:00:00+00:00,0.31363618
2010-08-31 00:00:00+00:00,0.0
2010-08-31 01:00:00+00:00,0.0
2010-08-31 02:00:00+00:00,0.0
2010-08-31 03:00:00+00:00,0.0
2010-08-31 04:00:00+00:00,0.0
2010-08-31 05:00:00+00:00,0.0
2010-08-31 06:00:00+00:00,0.0
2010-08-31 07:00:00+00:00,0.0
2010-08-31 08:00:00+00:00,0.0
2010-08-31 09:00:00+00:00,0.0
2010-08-31 10:00:00+00:00,0.0
2010-08-31 11:00:00+00:00,0.0
2010-08-31 12:00:00+00:00,0.21402542
2010-08-31 13:00:00+00:00,0.5636376000000001
2010-08-31 14:00:00+00:00,0.6563846
2010-08-31 15:00:00+00:00,0.6767388000000001
2010-08-31 16:00:00+00:00,0.6705656999999999
2010-08-31 17:00:00+00:00,0.6599948
2010-08-31 18:00:00+00:00,0.65660924
2010-08-31 19:00:00+00:00,0.6664361999999999
2010-08-31 20:00:00+00:00,0.67663354
2010-08-31 21:00:00+00:00,0.66424644
2010-08-31 22:00:00+00:00,0.58905214
2010-08-31 23:00:00+00:00,0.29997209999999996
2010-09-01 00:00:00+00:00,0.0
2010-09-01 01:00:00+00:00,0.0
2010-09-01 02:00:00+00:00,0.0
2010-09-01 03:00:00+00:00,0.0
2010-09-01 04:00:00+00:00,0.0
2010-09-01 05:00:00+00:00,0.0
2010-09-01 06:00:00+00:00,0.0
2010-09-01 07:00:00+00:00,0.0
2010-09-01 08:00:00+00:00,0.0
2010-09-01 09:00:00+00:00,0.0
2010-09-01 10:00:00+00:00,0.0
2010-09-01 11:00:00+00:00,0.0
2010-09-01 12:00:00+00:00,0.20935632
2010-09-01 13:00:00+00:00,0.55647624
2010-09-01 14:00:00+00:00,0.6507768
2010-09-01 15:00:00+00:00,0.6744055
2010-09-01 16:00:00+00:00,0.6570600999999999
2010-09-01 17:00:00+00:00,0.6448050999999999
2010-09-01 18:00:00+00:00,0.6416470999999999
2010-09-01 19:00:00+00:00,0.6503281999999999
2010-09-01 20:00:00+00:00,0.66461736
2010-09-01 21:00:00+00:00,0.6511413
2010-09-01 22:00:00+00:00,0.5756357
2010-09-01 23:00:00+00:00,0.13443851
2010-09-02 00:00:00+00:00,0.0
2010-09-02 01:00:00+00:00,0.0
2010-09-02 02:00:00+00:00,0.0
2010-09-02 03:00:00+00:00,0.0
2010-09-02 04:00:00+00:00,0.0
2010-09-02 05:00:00+00:00,0.0
2010-09-02 06:00:00+00:00,0.0
2010-09-02 07:00:00+00:00,0.0
2010-09-02 08:00:00+00:00,0.0
2010-09-02 09:00:00+00:00,0.0
2010-09-02 10:00:00+00:00,0.0
2010-09-02 11:00:00+00:00,0.0
2010-09-02 12:00:00+00:00,0.15117289
2010-09-02 13:00:00+00:00,0.14149041
2010-09-02 14:00:00+00:00,0.33484152
2010-09-02 15:00:00+00:00,0.27080595
2010-09-02 16:00:00+00:00,0.14535408
2010-09-02 17:00:00+00:00,0.5416272
2010-09-02 18:00:00+00:00,0.6768848000000001
2010-09-02 19:00:00+00:00,0.69121933
2010-09-02 20:00:00+00:00,0.7027678
2010-09-02 21:00:00+00:00,0.69632596
2010-09-02 22:00:00+00:00,0.59674597
2010-09-02 23:00:00+00:00,0.28771996
2010-09-03 00:00:00+00:00,0.0
2010-09-03 01:00:00+00:00,0.0
2010-09-03 02:00:00+00:00,0.0
2010-09-03 03:00:00+00:00,0.0
2010-09-03 04:00:00+00:00,0.0
2010-09-03 05:00:00+00:00,0.0
2010-09-03 06:00:00+00:00,0.0
2010-09-03 07:00:00+00:00,0.0
2010-09-03 08:00:00+00:00,0.0
2010-09-03 09:00:00+00:00,0.0
2010-09-03 10:00:00+00:00,0.0
2010-09-03 11:00:00+00:00,0.0
2010-09-03 12:00:00+00:00,0.22776768
2010-09-03 13:00:00+00:00,0.6081483
2010-09-03 14:00:00+00:00,0.7125248000000001
2010-09-03 15:00:00+00:00,0.73125595
2010-09-03 16:00:00+00:00,0.71480566
2010-09-03 17:00:00+00:00,0.6919165
2010-09-03 18:00:00+00:00,0.69147325
2010-09-03 19:00:00+00:00,0.70151246
2010-09-03 20:00:00+00:00,0.7137286999999999
2010-09-03 21:00:00+00:00,0.70775104
2010-09-03 22:00:00+00:00,0.64312786
2010-09-03 23:00:00+00:00,0.32013896
2010-09-04 00:00:00+00:00,0.0
2010-09-04 01:00:00+00:00,0.0
2010-09-04 02:00:00+00:00,0.0
2010-09-04 03:00:00+00:00,0.0
2010-09-04 04:00:00+00:00,0.0
2010-09-04 05:00:00+00:00,0.0
2010-09-04 06:00:00+00:00,0.0
2010-09-04 07:00:00+00:00,0.0
2010-09-04 08:00:00+00:00,0.0
2010-09-04 09:00:00+00:00,0.0
2010-09-04 10:00:00+00:00,0.0
2010-09-04 11:00:00+00:00,0.0
2010-09-04 12:00:00+00:00,0.22532666
2010-09-04 13:00:00+00:00,0.5997268
2010-09-04 14:00:00+00:00,0.6822977
2010-09-04 15:00:00+00:00,0.6901699
2010-09-04 16:00:00+00:00,0.67758757
2010-09-04 17:00:00+00:00,0.6640170999999999
2010-09-04 18:00:00+00:00,0.66068655
2010-09-04 19:00:00+00:00,0.6729972
2010-09-04 20:00:00+00:00,0.6845764
2010-09-04 21:00:00+00:00,0.6731198
2010-09-04 22:00:00+00:00,0.61034936
2010-09-04 23:00:00+00:00,0.30239153
2010-09-05 00:00:00+00:00,0.0
2010-09-05 01:00:00+00:00,0.0
2010-09-05 02:00:00+00:00,0.0
2010-09-05 03:00:00+00:00,0.0
2010-09-05 04:00:00+00:00,0.0
2010-09-05 05:00:00+00:00,0.0
2010-09-05 06:00:00+00:00,0.0
2010-09-05 07:00:00+00:00,0.0
2010-09-05 08:00:00+00:00,0.0
2010-09-05 09:00:00+00:00,0.0
2010-09-05 10:00:00+00:00,0.0
2010-09-05 11:00:00+00:00,0.0
2010-09-05 12:00:00+00:00,0.21590701
2010-09-05 13:00:00+00:00,0.5863427
2010-09-05 14:00:00+00:00,0.6901483
2010-09-05 15:00:00+00:00,0.6965925999999999
2010-09-05 16:00:00+00:00,0.6803640000000001
2010-09-05 17:00:00+00:00,0.6646977
2010-09-05 18:00:00+00:00,0.6601735
2010-09-05 19:00:00+00:00,0.67243123
2010-09-05 20:00:00+00:00,0.6875021
2010-09-05 21:00:00+00:00,0.6825361
2010-09-05 22:00:00+00:00,0.6188724
2010-09-05 23:00:00+00:00,0.29320595
2010-09-06 00:00:00+00:00,0.0
2010-09-06 01:00:00+00:00,0.0
2010-09-06 02:00:00+00:00,0.0
2010-09-06 03:00:00+00:00,0.0
2010-09-06 04:00:00+00:00,0.0
2010-09-06 05:00:00+00:00,0.0
2010-09-06 06:00:00+00:00,0.0
2010-09-06 07:00:00+00:00,0.0
2010-09-06 08:00:00+00:00,0.0
2010-09-06 09:00:00+00:00,0.0
2010-09-06 10:00:00+00:00,0.0
2010-09-06 11:00:00+00:00,0.0
2010-09-06 12:00:00+00:00,0.18476006
2010-09-06 13:00:00+00:00,0.49556723
2010-09-06 14:00:00+00:00,0.6483236
2010-09-06 15:00:00+00:00,0.66676295
2010-09-06 16:00:00+00:00,0.6540795
2010-09-06 17:00:00+00:00,0.6345803000000001
2010-09-06 18:00:00+00:00,0.62738633
2010-09-06 19:00:00+00:00,0.5513445
2010-09-06 20:00:00+00:00,0.41123968
2010-09-06 21:00:00+00:00,0.13063695
2010-09-06 22:00:00+00:00,0.072519906
2010-09-06 23:00:00+00:00,0.030118741
2010-09-07 00:00:00+00:00,0.0
2010-09-07 01:00:00+00:00,0.0
2010-09-07 02:00:00+00:00,0.0
2010-09-07 03:00:00+00:00,0.0
2010-09-07 04:00:00+00:00,0.0
2010-09-07 05:00:00+00:00,0.0
2010-09-07 06:00:00+00:00,0.0
2010-09-07 07:00:00+00:00,0.0
2010-09-07 08:00:00+00:00,0.0
2010-09-07 09:00:00+00:00,0.0
2010-09-07 10:00:00+00:00,0.0
2010-09-07 11:00:00+00:00,0.0
2010-09-07 12:00:00+00:00,0.009984601
2010-09-07 13:00:00+00:00,0.43679646
2010-09-07 14:00:00+00:00,0.5280763
2010-09-07 15:00:00+00:00,0.49806875
2010-09-07 16:00:00+00:00,0.59493303
2010-09-07 17:00:00+00:00,0.58997107
2010-09-07 18:00:00+00:00,0.5988349000000001
2010-09-07 19:00:00+00:00,0.67720246
2010-09-07 20:00:00+00:00,0.6982278000000001
2010-09-07 21:00:00+00:00,0.68942
2010-09-07 22:00:00+00:00,0.6193365
2010-09-07 23:00:00+00:00,0.2794377
2010-09-08 00:00:00+00:00,0.0
2010-09-08 01:00:00+00:00,0.0
2010-09-08 02:00:00+00:00,0.0
2010-09-08 03:00:00+00:00,0.0
2010-09-08 04:00:00+00:00,0.0
2010-09-08 05:00:00+00:00,0.0
2010-09-08 06:00:00+00:00,0.0
2010-09-08 07:00:00+00:00,0.0
2010-09-08 08:00:00+00:00,0.0
2010-09-08 09:00:00+00:00,0.0
2010-09-08 10:00:00+00:00,0.0
2010-09-08 11:00:00+00:00,0.0
2010-09-08 12:00:00+00:00,0.19910738
2010-09-08 13:00:00+00:00,0.5776994000000001
2010-09-08 14:00:00+00:00,0.67015785
2010-09-08 15:00:00+00:00,0.7002609000000001
2010-09-08 16:00:00+00:00,0.5780595000000001
2010-09-08 17:00:00+00:00,0.65994114
2010-09-08 18:00:00+00:00,0.66112065
2010-09-08 19:00:00+00:00,0.6724486999999999
2010-09-08 20:00:00+00:00,0.6122354999999999
2010-09-08 21:00:00+00:00,0.5569963000000001
2010-09-08 22:00:00+00:00,0.5063944
2010-09-08 23:00:00+00:00,0.1358834
2010-09-09 00:00:00+00:00,0.0
2010-09-09 01:00:00+00:00,0.0
2010-09-09 02:00:00+00:00,0.0
2010-09-09 03:00:00+00:00,0.0
2010-09-09 04:00:00+00:00,0.0
2010-09-09 05:00:00+00:00,0.0
2010-09-09 06:00:00+00:00,0.0
2010-09-09 07:00:00+00:00,0.0
2010-09-09 08:00:00+00:00,0.0
2010-09-09 09:00:00+00:00,0.0
2010-09-09 10:00:00+00:00,0.0
2010-09-09 11:00:00+00:00,0.0
2010-09-09 12:00:00+00:00,0.08853596
2010-09-09 13:00:00+00:00,0.109264605
2010-09-09 14:00:00+00:00,0.14306171
2010-09-09 15:00:00+00:00,0.23326813
2010-09-09 16:00:00+00:00,0.258808
2010-09-09 17:00:00+00:00,0.21605696
2010-09-09 18:00:00+00:00,0.29535264
2010-09-09 19:00:00+00:00,0.24825579
2010-09-09 20:00:00+00:00,0.12066506
2010-09-09 21:00:00+00:00,0.14605226
2010-09-09 22:00:00+00:00,0.39572817
2010-09-09 23:00:00+00:00,0.10784562
2010-09-10 00:00:00+00:00,0.0
2010-09-10 01:00:00+00:00,0.0
2010-09-10 02:00:00+00:00,0.0
2010-09-10 03:00:00+00:00,0.0
2010-09-10 04:00:00+00:00,0.0
2010-09-10 05:00:00+00:00,0.0
2010-09-10 06:00:00+00:00,0.0
2010-09-10 07:00:00+00:00,0.0
2010-09-10 08:00:00+00:00,0.0
2010-09-10 09:00:00+00:00,0.0
2010-09-10 10:00:00+00:00,0.0
2010-09-10 11:00:00+00:00,0.0
2010-09-10 12:00:00+00:00,0.004414667
2010-09-10 13:00:00+00:00,0.0026601206
2010-09-10 14:00:00+00:00,0.33611283
2010-09-10 15:00:00+00:00,0.29324973
2010-09-10 16:00:00+00:00,0.5074323000000001
2010-09-10 17:00:00+00:00,0.596482
2010-09-10 18:00:00+00:00,0.277378
2010-09-10 19:00:00+00:00,0.076049395
2010-09-10 20:00:00+00:00,0.40558347
2010-09-10 21:00:00+00:00,0.46056312
2010-09-10 22:00:00+00:00,0.36386868
2010-09-10 23:00:00+00:00,0.098187126
2010-09-11 00:00:00+00:00,0.0
2010-09-11 01:00:00+00:00,0.0
2010-09-11 02:00:00+00:00,0.0
2010-09-11 03:00:00+00:00,0.0
2010-09-11 04:00:00+00:00,0.0
2010-09-11 05:00:00+00:00,0.0
2010-09-11 06:00:00+00:00,0.0
2010-09-11 07:00:00+00:00,0.0
2010-09-11 08:00:00+00:00,0.0
2010-09-11 09:00:00+00:00,0.0
2010-09-11 10:00:00+00:00,0.0
2010-09-11 11:00:00+00:00,0.0
2010-09-11 12:00:00+00:00,0.17666729999999997
2010-09-11 13:00:00+00:00,0.5493420999999999
2010-09-11 14:00:00+00:00,0.68730056
2010-09-11 15:00:00+00:00,0.7023482
2010-09-11 16:00:00+00:00,0.6847068000000001
2010-09-11 17:00:00+00:00,0.66736025
2010-09-11 18:00:00+00:00,0.6621216
2010-09-11 19:00:00+00:00,0.6742981
2010-09-11 20:00:00+00:00,0.68836373
2010-09-11 21:00:00+00:00,0.67639554
2010-09-11 22:00:00+00:00,0.5975478
2010-09-11 23:00:00+00:00,0.23943366
2010-09-12 00:00:00+00:00,0.0
2010-09-12 01:00:00+00:00,0.0
2010-09-12 02:00:00+00:00,0.0
2010-09-12 03:00:00+00:00,0.0
2010-09-12 04:00:00+00:00,0.0
2010-09-12 05:00:00+00:00,0.0
2010-09-12 06:00:00+00:00,0.0
2010-09-12 07:00:00+00:00,0.0
2010-09-12 08:00:00+00:00,0.0
2010-09-12 09:00:00+00:00,0.0
2010-09-12 10:00:00+00:00,0.0
2010-09-12 11:00:00+00:00,0.0
2010-09-12 12:00:00+00:00,0.17753415
2010-09-12 13:00:00+00:00,0.5392945
2010-09-12 14:00:00+00:00,0.6667092
2010-09-12 15:00:00+00:00,0.6735979999999999
2010-09-12 16:00:00+00:00,0.6560495
2010-09-12 17:00:00+00:00,0.6376106
2010-09-12 18:00:00+00:00,0.63521564
2010-09-12 19:00:00+00:00,0.64675856
2010-09-12 20:00:00+00:00,0.65935445
2010-09-12 21:00:00+00:00,0.655069
2010-09-12 22:00:00+00:00,0.5640504
2010-09-12 23:00:00+00:00,0.22037776
2010-09-13 00:00:00+00:00,0.0
2010-09-13 01:00:00+00:00,0.0
2010-09-13 02:00:00+00:00,0.0
2010-09-13 03:00:00+00:00,0.0
2010-09-13 04:00:00+00:00,0.0
2010-09-13 05:00:00+00:00,0.0
2010-09-13 06:00:00+00:00,0.0
2010-09-13 07:00:00+00:00,0.0
2010-09-13 08:00:00+00:00,0.0
2010-09-13 09:00:00+00:00,0.0
2010-09-13 10:00:00+00:00,0.0
2010-09-13 11:00:00+00:00,0.0
2010-09-13 12:00:00+00:00,0.14302377
2010-09-13 13:00:00+00:00,0.47231886
2010-09-13 14:00:00+00:00,0.6006048
2010-09-13 15:00:00+00:00,0.6301579
2010-09-13 16:00:00+00:00,0.5793292
2010-09-13 17:00:00+00:00,0.5628979000000001
2010-09-13 18:00:00+00:00,0.59177953
2010-09-13 19:00:00+00:00,0.48661867
2010-09-13 20:00:00+00:00,0.38166955
2010-09-13 21:00:00+00:00,0.34551063
2010-09-13 22:00:00+00:00,0.092970416
2010-09-13 23:00:00+00:00,0.013311004
2010-09-14 00:00:00+00:00,0.0
2010-09-14 01:00:00+00:00,0.0
2010-09-14 02:00:00+00:00,0.0
2010-09-14 03:00:00+00:00,0.0
2010-09-14 04:00:00+00:00,0.0
2010-09-14 05:00:00+00:00,0.0
2010-09-14 06:00:00+00:00,0.0
2010-09-14 07:00:00+00:00,0.0
2010-09-14 08:00:00+00:00,0.0
2010-09-14 09:00:00+00:00,0.0
2010-09-14 10:00:00+00:00,0.0
2010-09-14 11:00:00+00:00,0.0
2010-09-14 12:00:00+00:00,0.14709309
2010-09-14 13:00:00+00:00,0.49126846
2010-09-14 14:00:00+00:00,0.6282007
2010-09-14 15:00:00+00:00,0.64494073
2010-09-14 16:00:00+00:00,0.6257054
2010-09-14 17:00:00+00:00,0.61070067
2010-09-14 18:00:00+00:00,0.60628426
2010-09-14 19:00:00+00:00,0.6219882
2010-09-14 20:00:00+00:00,0.6373691999999999
2010-09-14 21:00:00+00:00,0.61900437
2010-09-14 22:00:00+00:00,0.41181102
2010-09-14 23:00:00+00:00,0.13737942
2010-09-15 00:00:00+00:00,0.0
2010-09-15 01:00:00+00:00,0.0
2010-09-15 02:00:00+00:00,0.0
2010-09-15 03:00:00+00:00,0.0
2010-09-15 04:00:00+00:00,0.0
2010-09-15 05:00:00+00:00,0.0
2010-09-15 06:00:00+00:00,0.0
2010-09-15 07:00:00+00:00,0.0
2010-09-15 08:00:00+00:00,0.0
2010-09-15 09:00:00+00:00,0.0
2010-09-15 10:00:00+00:00,0.0
2010-09-15 11:00:00+00:00,0.0
2010-09-15 12:00:00+00:00,0.0032100393
2010-09-15 13:00:00+00:00,0.028982083999999998
2010-09-15 14:00:00+00:00,0.11057115
2010-09-15 15:00:00+00:00,0.06358562
2010-09-15 16:00:00+00:00,0.22768171
2010-09-15 17:00:00+00:00,0.5933102
2010-09-15 18:00:00+00:00,0.21652634
2010-09-15 19:00:00+00:00,0.62451214
2010-09-15 20:00:00+00:00,0.40289634
2010-09-15 21:00:00+00:00,0.4347781
2010-09-15 22:00:00+00:00,0.39527786
2010-09-15 23:00:00+00:00,0.1707006
2010-09-16 00:00:00+00:00,0.0
2010-09-16 01:00:00+00:00,0.0
2010-09-16 02:00:00+00:00,0.0
2010-09-16 03:00:00+00:00,0.0
2010-09-16 04:00:00+00:00,0.0
2010-09-16 05:00:00+00:00,0.0
2010-09-16 06:00:00+00:00,0.0
2010-09-16 07:00:00+00:00,0.0
2010-09-16 08:00:00+00:00,0.0
2010-09-16 09:00:00+00:00,0.0
2010-09-16 10:00:00+00:00,0.0
2010-09-16 11:00:00+00:00,0.0
2010-09-16 12:00:00+00:00,0.12693226
2010-09-16 13:00:00+00:00,0.45171365
2010-09-16 14:00:00+00:00,0.6168729000000001
2010-09-16 15:00:00+00:00,0.6719357
2010-09-16 16:00:00+00:00,0.65813595
2010-09-16 17:00:00+00:00,0.6405339
2010-09-16 18:00:00+00:00,0.6352588
2010-09-16 19:00:00+00:00,0.6480372
2010-09-16 20:00:00+00:00,0.66416425
2010-09-16 21:00:00+00:00,0.65298057
2010-09-16 22:00:00+00:00,0.53872675
2010-09-16 23:00:00+00:00,0.19022433
2010-09-17 00:00:00+00:00,0.0
2010-09-17 01:00:00+00:00,0.0
2010-09-17 02:00:00+00:00,0.0
2010-09-17 03:00:00+00:00,0.0
2010-09-17 04:00:00+00:00,0.0
2010-09-17 05:00:00+00:00,0.0
2010-09-17 06:00:00+00:00,0.0
2010-09-17 07:00:00+00:00,0.0
2010-09-17 08:00:00+00:00,0.0
2010-09-17 09:00:00+00:00,0.0
2010-09-17 10:00:00+00:00,0.0
2010-09-17 11:00:00+00:00,0.0
2010-09-17 12:00:00+00:00,0.14694093
2010-09-17 13:00:00+00:00,0.51011527
2010-09-17 14:00:00+00:00,0.65162885
2010-09-17 15:00:00+00:00,0.6597423000000001
2010-09-17 16:00:00+00:00,0.63922465
2010-09-17 17:00:00+00:00,0.61773634
2010-09-17 18:00:00+00:00,0.6068701
2010-09-17 19:00:00+00:00,0.61055887
2010-09-17 20:00:00+00:00,0.5383627
2010-09-17 21:00:00+00:00,0.616532
2010-09-17 22:00:00+00:00,0.5067368
2010-09-17 23:00:00+00:00,0.17085081
2010-09-18 00:00:00+00:00,0.0
2010-09-18 01:00:00+00:00,0.0
2010-09-18 02:00:00+00:00,0.0
2010-09-18 03:00:00+00:00,0.0
2010-09-18 04:00:00+00:00,0.0
2010-09-18 05:00:00+00:00,0.0
2010-09-18 06:00:00+00:00,0.0
2010-09-18 07:00:00+00:00,0.0
2010-09-18 08:00:00+00:00,0.0
2010-09-18 09:00:00+00:00,0.0
2010-09-18 10:00:00+00:00,0.0
2010-09-18 11:00:00+00:00,0.0
2010-09-18 12:00:00+00:00,0.12196522
2010-09-18 13:00:00+00:00,0.45272732
2010-09-18 14:00:00+00:00,0.5983991
2010-09-18 15:00:00+00:00,0.5782694
2010-09-18 16:00:00+00:00,0.5629026
2010-09-18 17:00:00+00:00,0.5498429
2010-09-18 18:00:00+00:00,0.48852757
2010-09-18 19:00:00+00:00,0.5170657
2010-09-18 20:00:00+00:00,0.44736743
2010-09-18 21:00:00+00:00,0.21844716
2010-09-18 22:00:00+00:00,0.25888237
2010-09-18 23:00:00+00:00,0.022129139
2010-09-19 00:00:00+00:00,0.0
2010-09-19 01:00:00+00:00,0.0
2010-09-19 02:00:00+00:00,0.0
2010-09-19 03:00:00+00:00,0.0
2010-09-19 04:00:00+00:00,0.0
2010-09-19 05:00:00+00:00,0.0
2010-09-19 06:00:00+00:00,0.0
2010-09-19 07:00:00+00:00,0.0
2010-09-19 08:00:00+00:00,0.0
2010-09-19 09:00:00+00:00,0.0
2010-09-19 10:00:00+00:00,0.0
2010-09-19 11:00:00+00:00,0.0
2010-09-19 12:00:00+00:00,0.08821745
2010-09-19 13:00:00+00:00,0.38320124
2010-09-19 14:00:00+00:00,0.54525936
2010-09-19 15:00:00+00:00,0.59210515
2010-09-19 16:00:00+00:00,0.59008944
2010-09-19 17:00:00+00:00,0.5780821999999999
2010-09-19 18:00:00+00:00,0.58387893
2010-09-19 19:00:00+00:00,0.5955977
2010-09-19 20:00:00+00:00,0.60673505
2010-09-19 21:00:00+00:00,0.57855815
2010-09-19 22:00:00+00:00,0.43925875
2010-09-19 23:00:00+00:00,0.12976487
2010-09-20 00:00:00+00:00,0.0
2010-09-20 01:00:00+00:00,0.0
2010-09-20 02:00:00+00:00,0.0
2010-09-20 03:00:00+00:00,0.0
2010-09-20 04:00:00+00:00,0.0
2010-09-20 05:00:00+00:00,0.0
2010-09-20 06:00:00+00:00,0.0
2010-09-20 07:00:00+00:00,0.0
2010-09-20 08:00:00+00:00,0.0
2010-09-20 09:00:00+00:00,0.0
2010-09-20 10:00:00+00:00,0.0
2010-09-20 11:00:00+00:00,0.0
2010-09-20 12:00:00+00:00,0.11926595
2010-09-20 13:00:00+00:00,0.46035776
2010-09-20 14:00:00+00:00,0.61790967
2010-09-20 15:00:00+00:00,0.6391175
2010-09-20 16:00:00+00:00,0.61275953
2010-09-20 17:00:00+00:00,0.5932858
2010-09-20 18:00:00+00:00,0.58709294
2010-09-20 19:00:00+00:00,0.60147804
2010-09-20 20:00:00+00:00,0.6089757
2010-09-20 21:00:00+00:00,0.5781603
2010-09-20 22:00:00+00:00,0.41922247
2010-09-20 23:00:00+00:00,0.114893496
2010-09-21 00:00:00+00:00,0.0
2010-09-21 01:00:00+00:00,0.0
2010-09-21 02:00:00+00:00,0.0
2010-09-21 03:00:00+00:00,0.0
2010-09-21 04:00:00+00:00,0.0
2010-09-21 05:00:00+00:00,0.0
2010-09-21 06:00:00+00:00,0.0
2010-09-21 07:00:00+00:00,0.0
2010-09-21 08:00:00+00:00,0.0
2010-09-21 09:00:00+00:00,0.0
2010-09-21 10:00:00+00:00,0.0
2010-09-21 11:00:00+00:00,0.0
2010-09-21 12:00:00+00:00,0.07248713
2010-09-21 13:00:00+00:00,0.36507824
2010-09-21 14:00:00+00:00,0.54702884
2010-09-21 15:00:00+00:00,0.59685075
2010-09-21 16:00:00+00:00,0.5937306
2010-09-21 17:00:00+00:00,0.5793469
2010-09-21 18:00:00+00:00,0.5839956000000001
2010-09-21 19:00:00+00:00,0.4981573
2010-09-21 20:00:00+00:00,0.56283003
2010-09-21 21:00:00+00:00,0.43778077
2010-09-21 22:00:00+00:00,0.37994805
2010-09-21 23:00:00+00:00,0.1047578
2010-09-22 00:00:00+00:00,0.0
2010-09-22 01:00:00+00:00,0.0
2010-09-22 02:00:00+00:00,0.0
2010-09-22 03:00:00+00:00,0.0
2010-09-22 04:00:00+00:00,0.0
2010-09-22 05:00:00+00:00,0.0
2010-09-22 06:00:00+00:00,0.0
2010-09-22 07:00:00+00:00,0.0
2010-09-22 08:00:00+00:00,0.0
2010-09-22 09:00:00+00:00,0.0
2010-09-22 10:00:00+00:00,0.0
2010-09-22 11:00:00+00:00,0.0
2010-09-22 12:00:00+00:00,0.103118524
2010-09-22 13:00:00+00:00,0.42660394
2010-09-22 14:00:00+00:00,0.5886857
2010-09-22 15:00:00+00:00,0.6095448
2010-09-22 16:00:00+00:00,0.5940451
2010-09-22 17:00:00+00:00,0.57611626
2010-09-22 18:00:00+00:00,0.5243538000000001
2010-09-22 19:00:00+00:00,0.57392865
2010-09-22 20:00:00+00:00,0.56891334
2010-09-22 21:00:00+00:00,0.5192246
2010-09-22 22:00:00+00:00,0.35855106
2010-09-22 23:00:00+00:00,0.080601856
2010-09-23 00:00:00+00:00,0.0
2010-09-23 01:00:00+00:00,0.0
2010-09-23 02:00:00+00:00,0.0
2010-09-23 03:00:00+00:00,0.0
2010-09-23 04:00:00+00:00,0.0
2010-09-23 05:00:00+00:00,0.0
2010-09-23 06:00:00+00:00,0.0
2010-09-23 07:00:00+00:00,0.0
2010-09-23 08:00:00+00:00,0.0
2010-09-23 09:00:00+00:00,0.0
2010-09-23 10:00:00+00:00,0.0
2010-09-23 11:00:00+00:00,0.0
2010-09-23 12:00:00+00:00,0.10320248
2010-09-23 13:00:00+00:00,0.44307172
2010-09-23 14:00:00+00:00,0.61522007
2010-09-23 15:00:00+00:00,0.64383906
2010-09-23 16:00:00+00:00,0.6175391
2010-09-23 17:00:00+00:00,0.5982916
2010-09-23 18:00:00+00:00,0.5850293000000001
2010-09-23 19:00:00+00:00,0.59222305
2010-09-23 20:00:00+00:00,0.5718582
2010-09-23 21:00:00+00:00,0.1259587
2010-09-23 22:00:00+00:00,0.10498751
2010-09-23 23:00:00+00:00,0.01094349
2010-09-24 00:00:00+00:00,0.0
2010-09-24 01:00:00+00:00,0.0
2010-09-24 02:00:00+00:00,0.0
2010-09-24 03:00:00+00:00,0.0
2010-09-24 04:00:00+00:00,0.0
2010-09-24 05:00:00+00:00,0.0
2010-09-24 06:00:00+00:00,0.0
2010-09-24 07:00:00+00:00,0.0
2010-09-24 08:00:00+00:00,0.0
2010-09-24 09:00:00+00:00,0.0
2010-09-24 10:00:00+00:00,0.0
2010-09-24 11:00:00+00:00,0.0
2010-09-24 12:00:00+00:00,0.12339143
2010-09-24 13:00:00+00:00,0.49221098
2010-09-24 14:00:00+00:00,0.6597337
2010-09-24 15:00:00+00:00,0.6683273000000001
2010-09-24 16:00:00+00:00,0.64373726
2010-09-24 17:00:00+00:00,0.6226588000000001
2010-09-24 18:00:00+00:00,0.62009436
2010-09-24 19:00:00+00:00,0.63735414
2010-09-24 20:00:00+00:00,0.6538969
2010-09-24 21:00:00+00:00,0.36635044
2010-09-24 22:00:00+00:00,0.2816761
2010-09-24 23:00:00+00:00,0.018345761999999998
2010-09-25 00:00:00+00:00,0.0
2010-09-25 01:00:00+00:00,0.0
2010-09-25 02:00:00+00:00,0.0
2010-09-25 03:00:00+00:00,0.0
2010-09-25 04:00:00+00:00,0.0
2010-09-25 05:00:00+00:00,0.0
2010-09-25 06:00:00+00:00,0.0
2010-09-25 07:00:00+00:00,0.0
2010-09-25 08:00:00+00:00,0.0
2010-09-25 09:00:00+00:00,0.0
2010-09-25 10:00:00+00:00,0.0
2010-09-25 11:00:00+00:00,0.0
2010-09-25 12:00:00+00:00,0.10640509
2010-09-25 13:00:00+00:00,0.45209885
2010-09-25 14:00:00+00:00,0.38670418
2010-09-25 15:00:00+00:00,0.3729097
2010-09-25 16:00:00+00:00,0.37929776
2010-09-25 17:00:00+00:00,0.39312053
2010-09-25 18:00:00+00:00,0.36652198
2010-09-25 19:00:00+00:00,0.5309636
2010-09-25 20:00:00+00:00,0.3902222
2010-09-25 21:00:00+00:00,0.48627892
2010-09-25 22:00:00+00:00,0.4409107
2010-09-25 23:00:00+00:00,0.09823057
2010-09-26 00:00:00+00:00,0.0
2010-09-26 01:00:00+00:00,0.0
2010-09-26 02:00:00+00:00,0.0
2010-09-26 03:00:00+00:00,0.0
2010-09-26 04:00:00+00:00,0.0
2010-09-26 05:00:00+00:00,0.0
2010-09-26 06:00:00+00:00,0.0
2010-09-26 07:00:00+00:00,0.0
2010-09-26 08:00:00+00:00,0.0
2010-09-26 09:00:00+00:00,0.0
2010-09-26 10:00:00+00:00,0.0
2010-09-26 11:00:00+00:00,0.0
2010-09-26 12:00:00+00:00,0.0049121007
2010-09-26 13:00:00+00:00,0.032297656
2010-09-26 14:00:00+00:00,0.041220263
2010-09-26 15:00:00+00:00,0.03948547
2010-09-26 16:00:00+00:00,0.11209456
2010-09-26 17:00:00+00:00,0.12440578
2010-09-26 18:00:00+00:00,0.15107857
2010-09-26 19:00:00+00:00,0.152889
2010-09-26 20:00:00+00:00,0.15550481
2010-09-26 21:00:00+00:00,0.14161694
2010-09-26 22:00:00+00:00,0.10443299
2010-09-26 23:00:00+00:00,0.050690003
2010-09-27 00:00:00+00:00,0.0
2010-09-27 01:00:00+00:00,0.0
2010-09-27 02:00:00+00:00,0.0
2010-09-27 03:00:00+00:00,0.0
2010-09-27 04:00:00+00:00,0.0
2010-09-27 05:00:00+00:00,0.0
2010-09-27 06:00:00+00:00,0.0
2010-09-27 07:00:00+00:00,0.0
2010-09-27 08:00:00+00:00,0.0
2010-09-27 09:00:00+00:00,0.0
2010-09-27 10:00:00+00:00,0.0
2010-09-27 11:00:00+00:00,0.0
2010-09-27 12:00:00+00:00,0.08102143
2010-09-27 13:00:00+00:00,0.41363913
2010-09-27 14:00:00+00:00,0.6260650999999999
2010-09-27 15:00:00+00:00,0.5339373000000001
2010-09-27 16:00:00+00:00,0.19469509
2010-09-27 17:00:00+00:00,0.21034507
2010-09-27 18:00:00+00:00,0.30691177
2010-09-27 19:00:00+00:00,0.27953590000000006
2010-09-27 20:00:00+00:00,0.19652624
2010-09-27 21:00:00+00:00,0.5605429
2010-09-27 22:00:00+00:00,0.40847266
2010-09-27 23:00:00+00:00,0.085646674
2010-09-28 00:00:00+00:00,0.0
2010-09-28 01:00:00+00:00,0.0
2010-09-28 02:00:00+00:00,0.0
2010-09-28 03:00:00+00:00,0.0
2010-09-28 04:00:00+00:00,0.0
2010-09-28 05:00:00+00:00,0.0
2010-09-28 06:00:00+00:00,0.0
2010-09-28 07:00:00+00:00,0.0
2010-09-28 08:00:00+00:00,0.0
2010-09-28 09:00:00+00:00,0.0
2010-09-28 10:00:00+00:00,0.0
2010-09-28 11:00:00+00:00,0.0
2010-09-28 12:00:00+00:00,0.091096215
2010-09-28 13:00:00+00:00,0.45633975
2010-09-28 14:00:00+00:00,0.63740116
2010-09-28 15:00:00+00:00,0.6568601
2010-09-28 16:00:00+00:00,0.6278479
2010-09-28 17:00:00+00:00,0.6062095999999999
2010-09-28 18:00:00+00:00,0.6029456999999999
2010-09-28 19:00:00+00:00,0.61840725
2010-09-28 20:00:00+00:00,0.63920397
2010-09-28 21:00:00+00:00,0.6130984
2010-09-28 22:00:00+00:00,0.4218774
2010-09-28 23:00:00+00:00,0.07101381
2010-09-29 00:00:00+00:00,0.0
2010-09-29 01:00:00+00:00,0.0
2010-09-29 02:00:00+00:00,0.0
2010-09-29 03:00:00+00:00,0.0
2010-09-29 04:00:00+00:00,0.0
2010-09-29 05:00:00+00:00,0.0
2010-09-29 06:00:00+00:00,0.0
2010-09-29 07:00:00+00:00,0.0
2010-09-29 08:00:00+00:00,0.0
2010-09-29 09:00:00+00:00,0.0
2010-09-29 10:00:00+00:00,0.0
2010-09-29 11:00:00+00:00,0.0
2010-09-29 12:00:00+00:00,0.08559642
2010-09-29 13:00:00+00:00,0.4603701
2010-09-29 14:00:00+00:00,0.64323175
2010-09-29 15:00:00+00:00,0.66287524
2010-09-29 16:00:00+00:00,0.6338125
2010-09-29 17:00:00+00:00,0.61168325
2010-09-29 18:00:00+00:00,0.6098698
2010-09-29 19:00:00+00:00,0.62555397
2010-09-29 20:00:00+00:00,0.64379495
2010-09-29 21:00:00+00:00,0.3491312
2010-09-29 22:00:00+00:00,0.2652751
2010-09-29 23:00:00+00:00,0.046771225
2010-09-30 00:00:00+00:00,0.0
2010-09-30 01:00:00+00:00,0.0
2010-09-30 02:00:00+00:00,0.0
2010-09-30 03:00:00+00:00,0.0
2010-09-30 04:00:00+00:00,0.0
2010-09-30 05:00:00+00:00,0.0
2010-09-30 06:00:00+00:00,0.0
2010-09-30 07:00:00+00:00,0.0
2010-09-30 08:00:00+00:00,0.0
2010-09-30 09:00:00+00:00,0.0
2010-09-30 10:00:00+00:00,0.0
2010-09-30 11:00:00+00:00,0.0
2010-09-30 12:00:00+00:00,0.08005754
2010-09-30 13:00:00+00:00,0.46417418
2010-09-30 14:00:00+00:00,0.66540766
2010-09-30 15:00:00+00:00,0.67617774
2010-09-30 16:00:00+00:00,0.65301716
2010-09-30 17:00:00+00:00,0.63157415
2010-09-30 18:00:00+00:00,0.6309111999999999
2010-09-30 19:00:00+00:00,0.6513598
2010-09-30 20:00:00+00:00,0.6736074000000001
2010-09-30 21:00:00+00:00,0.6570669
2010-09-30 22:00:00+00:00,0.44131425
2010-09-30 23:00:00+00:00,0.047889147
2010-10-01 00:00:00+00:00,0.0
2010-10-01 01:00:00+00:00,0.0
2010-10-01 02:00:00+00:00,0.0
2010-10-01 03:00:00+00:00,0.0
2010-10-01 04:00:00+00:00,0.0
2010-10-01 05:00:00+00:00,0.0
2010-10-01 06:00:00+00:00,0.0
2010-10-01 07:00:00+00:00,0.0
2010-10-01 08:00:00+00:00,0.0
2010-10-01 09:00:00+00:00,0.0
2010-10-01 10:00:00+00:00,0.0
2010-10-01 11:00:00+00:00,0.0
2010-10-01 12:00:00+00:00,0.07369175
2010-10-01 13:00:00+00:00,0.46513164
2010-10-01 14:00:00+00:00,0.65916884
2010-10-01 15:00:00+00:00,0.65847707
2010-10-01 16:00:00+00:00,0.6309204
2010-10-01 17:00:00+00:00,0.6091646
2010-10-01 18:00:00+00:00,0.60572964
2010-10-01 19:00:00+00:00,0.43669686
2010-10-01 20:00:00+00:00,0.17240396
2010-10-01 21:00:00+00:00,0.049483083
2010-10-01 22:00:00+00:00,0.01651287
2010-10-01 23:00:00+00:00,0.0
2010-10-02 00:00:00+00:00,0.0
2010-10-02 01:00:00+00:00,0.0
2010-10-02 02:00:00+00:00,0.0
2010-10-02 03:00:00+00:00,0.0
2010-10-02 04:00:00+00:00,0.0
2010-10-02 05:00:00+00:00,0.0
2010-10-02 06:00:00+00:00,0.0
2010-10-02 07:00:00+00:00,0.0
2010-10-02 08:00:00+00:00,0.0
2010-10-02 09:00:00+00:00,0.0
2010-10-02 10:00:00+00:00,0.0
2010-10-02 11:00:00+00:00,0.0
2010-10-02 12:00:00+00:00,0.0310323
2010-10-02 13:00:00+00:00,0.078940734
2010-10-02 14:00:00+00:00,0.09365412599999999
2010-10-02 15:00:00+00:00,0.09831211
2010-10-02 16:00:00+00:00,0.2638702
2010-10-02 17:00:00+00:00,0.12670682
2010-10-02 18:00:00+00:00,0.15880889
2010-10-02 19:00:00+00:00,0.11744562
2010-10-02 20:00:00+00:00,0.13554569
2010-10-02 21:00:00+00:00,0.06487283
2010-10-02 22:00:00+00:00,0.036565772999999996
2010-10-02 23:00:00+00:00,0.0
2010-10-03 00:00:00+00:00,0.0
2010-10-03 01:00:00+00:00,0.0
2010-10-03 02:00:00+00:00,0.0
2010-10-03 03:00:00+00:00,0.0
2010-10-03 04:00:00+00:00,0.0
2010-10-03 05:00:00+00:00,0.0
2010-10-03 06:00:00+00:00,0.0
2010-10-03 07:00:00+00:00,0.0
2010-10-03 08:00:00+00:00,0.0
2010-10-03 09:00:00+00:00,0.0
2010-10-03 10:00:00+00:00,0.0
2010-10-03 11:00:00+00:00,0.0
2010-10-03 12:00:00+00:00,0.026249002999999996
2010-10-03 13:00:00+00:00,0.3168729
2010-10-03 14:00:00+00:00,0.5868535
2010-10-03 15:00:00+00:00,0.58884776
2010-10-03 16:00:00+00:00,0.46637377
2010-10-03 17:00:00+00:00,0.3246518
2010-10-03 18:00:00+00:00,0.2907475
2010-10-03 19:00:00+00:00,0.2080147
2010-10-03 20:00:00+00:00,0.0977979
2010-10-03 21:00:00+00:00,0.04427626
2010-10-03 22:00:00+00:00,0.17538185
2010-10-03 23:00:00+00:00,0.0
2010-10-04 00:00:00+00:00,0.0
2010-10-04 01:00:00+00:00,0.0
2010-10-04 02:00:00+00:00,0.0
2010-10-04 03:00:00+00:00,0.0
2010-10-04 04:00:00+00:00,0.0
2010-10-04 05:00:00+00:00,0.0
2010-10-04 06:00:00+00:00,0.0
2010-10-04 07:00:00+00:00,0.0
2010-10-04 08:00:00+00:00,0.0
2010-10-04 09:00:00+00:00,0.0
2010-10-04 10:00:00+00:00,0.0
2010-10-04 11:00:00+00:00,0.0
2010-10-04 12:00:00+00:00,0.023800572000000002
2010-10-04 13:00:00+00:00,0.11904582400000001
2010-10-04 14:00:00+00:00,0.32471484
2010-10-04 15:00:00+00:00,0.6752223
2010-10-04 16:00:00+00:00,0.62764585
2010-10-04 17:00:00+00:00,0.6197097
2010-10-04 18:00:00+00:00,0.61785936
2010-10-04 19:00:00+00:00,0.6082575
2010-10-04 20:00:00+00:00,0.62222236
2010-10-04 21:00:00+00:00,0.62622434
2010-10-04 22:00:00+00:00,0.38935083
2010-10-04 23:00:00+00:00,0.0
2010-10-05 00:00:00+00:00,0.0
2010-10-05 01:00:00+00:00,0.0
2010-10-05 02:00:00+00:00,0.0
2010-10-05 03:00:00+00:00,0.0
2010-10-05 04:00:00+00:00,0.0
2010-10-05 05:00:00+00:00,0.0
2010-10-05 06:00:00+00:00,0.0
2010-10-05 07:00:00+00:00,0.0
2010-10-05 08:00:00+00:00,0.0
2010-10-05 09:00:00+00:00,0.0
2010-10-05 10:00:00+00:00,0.0
2010-10-05 11:00:00+00:00,0.0
2010-10-05 12:00:00+00:00,0.029401683999999997
2010-10-05 13:00:00+00:00,0.43765429999999994
2010-10-05 14:00:00+00:00,0.64813644
2010-10-05 15:00:00+00:00,0.65868115
2010-10-05 16:00:00+00:00,0.6285128000000001
2010-10-05 17:00:00+00:00,0.60139847
2010-10-05 18:00:00+00:00,0.59620917
2010-10-05 19:00:00+00:00,0.6141147
2010-10-05 20:00:00+00:00,0.6386175000000001
2010-10-05 21:00:00+00:00,0.60375124
2010-10-05 22:00:00+00:00,0.36625746
2010-10-05 23:00:00+00:00,0.0
2010-10-06 00:00:00+00:00,0.0
2010-10-06 01:00:00+00:00,0.0
2010-10-06 02:00:00+00:00,0.0
2010-10-06 03:00:00+00:00,0.0
2010-10-06 04:00:00+00:00,0.0
2010-10-06 05:00:00+00:00,0.0
2010-10-06 06:00:00+00:00,0.0
2010-10-06 07:00:00+00:00,0.0
2010-10-06 08:00:00+00:00,0.0
2010-10-06 09:00:00+00:00,0.0
2010-10-06 10:00:00+00:00,0.0
2010-10-06 11:00:00+00:00,0.0
2010-10-06 12:00:00+00:00,0.013765706
2010-10-06 13:00:00+00:00,0.39998558
2010-10-06 14:00:00+00:00,0.61419827
2010-10-06 15:00:00+00:00,0.633455
2010-10-06 16:00:00+00:00,0.60884696
2010-10-06 17:00:00+00:00,0.58638704
2010-10-06 18:00:00+00:00,0.58589405
2010-10-06 19:00:00+00:00,0.6088021
2010-10-06 20:00:00+00:00,0.63188845
2010-10-06 21:00:00+00:00,0.6123023
2010-10-06 22:00:00+00:00,0.36904147
2010-10-06 23:00:00+00:00,0.0
2010-10-07 00:00:00+00:00,0.0
2010-10-07 01:00:00+00:00,0.0
2010-10-07 02:00:00+00:00,0.0
2010-10-07 03:00:00+00:00,0.0
2010-10-07 04:00:00+00:00,0.0
2010-10-07 05:00:00+00:00,0.0
2010-10-07 06:00:00+00:00,0.0
2010-10-07 07:00:00+00:00,0.0
2010-10-07 08:00:00+00:00,0.0
2010-10-07 09:00:00+00:00,0.0
2010-10-07 10:00:00+00:00,0.0
2010-10-07 11:00:00+00:00,0.0
2010-10-07 12:00:00+00:00,0.0025988787
2010-10-07 13:00:00+00:00,0.43491533
2010-10-07 14:00:00+00:00,0.63676065
2010-10-07 15:00:00+00:00,0.62894106
2010-10-07 16:00:00+00:00,0.6013337
2010-10-07 17:00:00+00:00,0.58096457
2010-10-07 18:00:00+00:00,0.5822863
2010-10-07 19:00:00+00:00,0.6037351
2010-10-07 20:00:00+00:00,0.6249526
2010-10-07 21:00:00+00:00,0.6005518
2010-10-07 22:00:00+00:00,0.35483783
2010-10-07 23:00:00+00:00,0.0
2010-10-08 00:00:00+00:00,0.0
2010-10-08 01:00:00+00:00,0.0
2010-10-08 02:00:00+00:00,0.0
2010-10-08 03:00:00+00:00,0.0
2010-10-08 04:00:00+00:00,0.0
2010-10-08 05:00:00+00:00,0.0
2010-10-08 06:00:00+00:00,0.0
2010-10-08 07:00:00+00:00,0.0
2010-10-08 08:00:00+00:00,0.0
2010-10-08 09:00:00+00:00,0.0
2010-10-08 10:00:00+00:00,0.0
2010-10-08 11:00:00+00:00,0.0
2010-10-08 12:00:00+00:00,0.0
2010-10-08 13:00:00+00:00,0.40468228
2010-10-08 14:00:00+00:00,0.6160925
2010-10-08 15:00:00+00:00,0.6180956
2010-10-08 16:00:00+00:00,0.58672786
2010-10-08 17:00:00+00:00,0.5633515
2010-10-08 18:00:00+00:00,0.56430525
2010-10-08 19:00:00+00:00,0.58432746
2010-10-08 20:00:00+00:00,0.6025615
2010-10-08 21:00:00+00:00,0.57460487
2010-10-08 22:00:00+00:00,0.33461505
2010-10-08 23:00:00+00:00,0.0
2010-10-09 00:00:00+00:00,0.0
2010-10-09 01:00:00+00:00,0.0
2010-10-09 02:00:00+00:00,0.0
2010-10-09 03:00:00+00:00,0.0
2010-10-09 04:00:00+00:00,0.0
2010-10-09 05:00:00+00:00,0.0
2010-10-09 06:00:00+00:00,0.0
2010-10-09 07:00:00+00:00,0.0
2010-10-09 08:00:00+00:00,0.0
2010-10-09 09:00:00+00:00,0.0
2010-10-09 10:00:00+00:00,0.0
2010-10-09 11:00:00+00:00,0.0
2010-10-09 12:00:00+00:00,0.0
2010-10-09 13:00:00+00:00,0.38887146
2010-10-09 14:00:00+00:00,0.60047376
2010-10-09 15:00:00+00:00,0.6176212
2010-10-09 16:00:00+00:00,0.58402497
2010-10-09 17:00:00+00:00,0.56050456
2010-10-09 18:00:00+00:00,0.5578145999999999
2010-10-09 19:00:00+00:00,0.5787119000000001
2010-10-09 20:00:00+00:00,0.594136
2010-10-09 21:00:00+00:00,0.5508505
2010-10-09 22:00:00+00:00,0.30359662
2010-10-09 23:00:00+00:00,0.0
2010-10-10 00:00:00+00:00,0.0
2010-10-10 01:00:00+00:00,0.0
2010-10-10 02:00:00+00:00,0.0
2010-10-10 03:00:00+00:00,0.0
2010-10-10 04:00:00+00:00,0.0
2010-10-10 05:00:00+00:00,0.0
2010-10-10 06:00:00+00:00,0.0
2010-10-10 07:00:00+00:00,0.0
2010-10-10 08:00:00+00:00,0.0
2010-10-10 09:00:00+00:00,0.0
2010-10-10 10:00:00+00:00,0.0
2010-10-10 11:00:00+00:00,0.0
2010-10-10 12:00:00+00:00,0.0
2010-10-10 13:00:00+00:00,0.30873448
2010-10-10 14:00:00+00:00,0.57955825
2010-10-10 15:00:00+00:00,0.59118223
2010-10-10 16:00:00+00:00,0.54624563
2010-10-10 17:00:00+00:00,0.45732713
2010-10-10 18:00:00+00:00,0.45123106
2010-10-10 19:00:00+00:00,0.43759528
2010-10-10 20:00:00+00:00,0.42073852
2010-10-10 21:00:00+00:00,0.43822113
2010-10-10 22:00:00+00:00,0.19976108
2010-10-10 23:00:00+00:00,0.0
2010-10-11 00:00:00+00:00,0.0
2010-10-11 01:00:00+00:00,0.0
2010-10-11 02:00:00+00:00,0.0
2010-10-11 03:00:00+00:00,0.0
2010-10-11 04:00:00+00:00,0.0
2010-10-11 05:00:00+00:00,0.0
2010-10-11 06:00:00+00:00,0.0
2010-10-11 07:00:00+00:00,0.0
2010-10-11 08:00:00+00:00,0.0
2010-10-11 09:00:00+00:00,0.0
2010-10-11 10:00:00+00:00,0.0
2010-10-11 11:00:00+00:00,0.0
2010-10-11 12:00:00+00:00,0.0
2010-10-11 13:00:00+00:00,0.21252929
2010-10-11 14:00:00+00:00,0.42304787
2010-10-11 15:00:00+00:00,0.4717134
2010-10-11 16:00:00+00:00,0.44821796
2010-10-11 17:00:00+00:00,0.38280207
2010-10-11 18:00:00+00:00,0.36627406
2010-10-11 19:00:00+00:00,0.37383294
2010-10-11 20:00:00+00:00,0.30207062
2010-10-11 21:00:00+00:00,0.12168299
2010-10-11 22:00:00+00:00,0.061638985
2010-10-11 23:00:00+00:00,0.0
2010-10-12 00:00:00+00:00,0.0
2010-10-12 01:00:00+00:00,0.0
2010-10-12 02:00:00+00:00,0.0
2010-10-12 03:00:00+00:00,0.0
2010-10-12 04:00:00+00:00,0.0
2010-10-12 05:00:00+00:00,0.0
2010-10-12 06:00:00+00:00,0.0
2010-10-12 07:00:00+00:00,0.0
2010-10-12 08:00:00+00:00,0.0
2010-10-12 09:00:00+00:00,0.0
2010-10-12 10:00:00+00:00,0.0
2010-10-12 11:00:00+00:00,0.0
2010-10-12 12:00:00+00:00,0.0
2010-10-12 13:00:00+00:00,0.085836016
2010-10-12 14:00:00+00:00,0.21358177
2010-10-12 15:00:00+00:00,0.33478677
2010-10-12 16:00:00+00:00,0.33608299999999997
2010-10-12 17:00:00+00:00,0.34211937
2010-10-12 18:00:00+00:00,0.34099179999999996
2010-10-12 19:00:00+00:00,0.21280761
2010-10-12 20:00:00+00:00,0.33368945
2010-10-12 21:00:00+00:00,0.12039466
2010-10-12 22:00:00+00:00,0.013986805
2010-10-12 23:00:00+00:00,0.0
2010-10-13 00:00:00+00:00,0.0
2010-10-13 01:00:00+00:00,0.0
2010-10-13 02:00:00+00:00,0.0
2010-10-13 03:00:00+00:00,0.0
2010-10-13 04:00:00+00:00,0.0
2010-10-13 05:00:00+00:00,0.0
2010-10-13 06:00:00+00:00,0.0
2010-10-13 07:00:00+00:00,0.0
2010-10-13 08:00:00+00:00,0.0
2010-10-13 09:00:00+00:00,0.0
2010-10-13 10:00:00+00:00,0.0
2010-10-13 11:00:00+00:00,0.0
2010-10-13 12:00:00+00:00,0.0
2010-10-13 13:00:00+00:00,0.39420876
2010-10-13 14:00:00+00:00,0.6448292
2010-10-13 15:00:00+00:00,0.6589126999999999
2010-10-13 16:00:00+00:00,0.6239259
2010-10-13 17:00:00+00:00,0.59566957
2010-10-13 18:00:00+00:00,0.5946494999999999
2010-10-13 19:00:00+00:00,0.6185549
2010-10-13 20:00:00+00:00,0.6391517
2010-10-13 21:00:00+00:00,0.60795003
2010-10-13 22:00:00+00:00,0.31052914
2010-10-13 23:00:00+00:00,0.0
2010-10-14 00:00:00+00:00,0.0
2010-10-14 01:00:00+00:00,0.0
2010-10-14 02:00:00+00:00,0.0
2010-10-14 03:00:00+00:00,0.0
2010-10-14 04:00:00+00:00,0.0
2010-10-14 05:00:00+00:00,0.0
2010-10-14 06:00:00+00:00,0.0
2010-10-14 07:00:00+00:00,0.0
2010-10-14 08:00:00+00:00,0.0
2010-10-14 09:00:00+00:00,0.0
2010-10-14 10:00:00+00:00,0.0
2010-10-14 11:00:00+00:00,0.0
2010-10-14 12:00:00+00:00,0.0
2010-10-14 13:00:00+00:00,0.38142887
2010-10-14 14:00:00+00:00,0.6323297
2010-10-14 15:00:00+00:00,0.6520729000000001
2010-10-14 16:00:00+00:00,0.614236
2010-10-14 17:00:00+00:00,0.5866409
2010-10-14 18:00:00+00:00,0.5895463000000001
2010-10-14 19:00:00+00:00,0.61249083
2010-10-14 20:00:00+00:00,0.6377892
2010-10-14 21:00:00+00:00,0.59182316
2010-10-14 22:00:00+00:00,0.29380053
2010-10-14 23:00:00+00:00,0.0
2010-10-15 00:00:00+00:00,0.0
2010-10-15 01:00:00+00:00,0.0
2010-10-15 02:00:00+00:00,0.0
2010-10-15 03:00:00+00:00,0.0
2010-10-15 04:00:00+00:00,0.0
2010-10-15 05:00:00+00:00,0.0
2010-10-15 06:00:00+00:00,0.0
2010-10-15 07:00:00+00:00,0.0
2010-10-15 08:00:00+00:00,0.0
2010-10-15 09:00:00+00:00,0.0
2010-10-15 10:00:00+00:00,0.0
2010-10-15 11:00:00+00:00,0.0
2010-10-15 12:00:00+00:00,0.0
2010-10-15 13:00:00+00:00,0.37403926
2010-10-15 14:00:00+00:00,0.6119228
2010-10-15 15:00:00+00:00,0.6305858
2010-10-15 16:00:00+00:00,0.5997361999999999
2010-10-15 17:00:00+00:00,0.5739169
2010-10-15 18:00:00+00:00,0.5761104
2010-10-15 19:00:00+00:00,0.60124636
2010-10-15 20:00:00+00:00,0.62373024
2010-10-15 21:00:00+00:00,0.5911954
2010-10-15 22:00:00+00:00,0.29012859999999996
2010-10-15 23:00:00+00:00,0.0
2010-10-16 00:00:00+00:00,0.0
2010-10-16 01:00:00+00:00,0.0
2010-10-16 02:00:00+00:00,0.0
2010-10-16 03:00:00+00:00,0.0
2010-10-16 04:00:00+00:00,0.0
2010-10-16 05:00:00+00:00,0.0
2010-10-16 06:00:00+00:00,0.0
2010-10-16 07:00:00+00:00,0.0
2010-10-16 08:00:00+00:00,0.0
2010-10-16 09:00:00+00:00,0.0
2010-10-16 10:00:00+00:00,0.0
2010-10-16 11:00:00+00:00,0.0
2010-10-16 12:00:00+00:00,0.0
2010-10-16 13:00:00+00:00,0.3306152
2010-10-16 14:00:00+00:00,0.57083833
2010-10-16 15:00:00+00:00,0.5930316999999999
2010-10-16 16:00:00+00:00,0.5678871
2010-10-16 17:00:00+00:00,0.54196745
2010-10-16 18:00:00+00:00,0.5489975
2010-10-16 19:00:00+00:00,0.5717249
2010-10-16 20:00:00+00:00,0.58735305
2010-10-16 21:00:00+00:00,0.53848904
2010-10-16 22:00:00+00:00,0.24712978
2010-10-16 23:00:00+00:00,0.0
2010-10-17 00:00:00+00:00,0.0
2010-10-17 01:00:00+00:00,0.0
2010-10-17 02:00:00+00:00,0.0
2010-10-17 03:00:00+00:00,0.0
2010-10-17 04:00:00+00:00,0.0
2010-10-17 05:00:00+00:00,0.0
2010-10-17 06:00:00+00:00,0.0
2010-10-17 07:00:00+00:00,0.0
2010-10-17 08:00:00+00:00,0.0
2010-10-17 09:00:00+00:00,0.0
2010-10-17 10:00:00+00:00,0.0
2010-10-17 11:00:00+00:00,0.0
2010-10-17 12:00:00+00:00,0.0
2010-10-17 13:00:00+00:00,0.12701213
2010-10-17 14:00:00+00:00,0.44959888
2010-10-17 15:00:00+00:00,0.44774857
2010-10-17 16:00:00+00:00,0.48203729999999995
2010-10-17 17:00:00+00:00,0.4536675
2010-10-17 18:00:00+00:00,0.5299408
2010-10-17 19:00:00+00:00,0.5227721
2010-10-17 20:00:00+00:00,0.26809275
2010-10-17 21:00:00+00:00,0.20318791
2010-10-17 22:00:00+00:00,0.10585905
2010-10-17 23:00:00+00:00,0.0
2010-10-18 00:00:00+00:00,0.0
2010-10-18 01:00:00+00:00,0.0
2010-10-18 02:00:00+00:00,0.0
2010-10-18 03:00:00+00:00,0.0
2010-10-18 04:00:00+00:00,0.0
2010-10-18 05:00:00+00:00,0.0
2010-10-18 06:00:00+00:00,0.0
2010-10-18 07:00:00+00:00,0.0
2010-10-18 08:00:00+00:00,0.0
2010-10-18 09:00:00+00:00,0.0
2010-10-18 10:00:00+00:00,0.0
2010-10-18 11:00:00+00:00,0.0
2010-10-18 12:00:00+00:00,0.0
2010-10-18 13:00:00+00:00,0.11553593
2010-10-18 14:00:00+00:00,0.43497527
2010-10-18 15:00:00+00:00,0.45121999999999995
2010-10-18 16:00:00+00:00,0.4763585999999999
2010-10-18 17:00:00+00:00,0.41688144
2010-10-18 18:00:00+00:00,0.4385308
2010-10-18 19:00:00+00:00,0.45862028
2010-10-18 20:00:00+00:00,0.49103585
2010-10-18 21:00:00+00:00,0.4231289000000001
2010-10-18 22:00:00+00:00,0.14502417
2010-10-18 23:00:00+00:00,0.0
2010-10-19 00:00:00+00:00,0.0
2010-10-19 01:00:00+00:00,0.0
2010-10-19 02:00:00+00:00,0.0
2010-10-19 03:00:00+00:00,0.0
2010-10-19 04:00:00+00:00,0.0
2010-10-19 05:00:00+00:00,0.0
2010-10-19 06:00:00+00:00,0.0
2010-10-19 07:00:00+00:00,0.0
2010-10-19 08:00:00+00:00,0.0
2010-10-19 09:00:00+00:00,0.0
2010-10-19 10:00:00+00:00,0.0
2010-10-19 11:00:00+00:00,0.0
2010-10-19 12:00:00+00:00,0.0
2010-10-19 13:00:00+00:00,0.3251443
2010-10-19 14:00:00+00:00,0.5825376
2010-10-19 15:00:00+00:00,0.61011475
2010-10-19 16:00:00+00:00,0.5838309
2010-10-19 17:00:00+00:00,0.558074
2010-10-19 18:00:00+00:00,0.5629559000000001
2010-10-19 19:00:00+00:00,0.5886474
2010-10-19 20:00:00+00:00,0.60180664
2010-10-19 21:00:00+00:00,0.5437329000000001
2010-10-19 22:00:00+00:00,0.22710778
2010-10-19 23:00:00+00:00,0.0
2010-10-20 00:00:00+00:00,0.0
2010-10-20 01:00:00+00:00,0.0
2010-10-20 02:00:00+00:00,0.0
2010-10-20 03:00:00+00:00,0.0
2010-10-20 04:00:00+00:00,0.0
2010-10-20 05:00:00+00:00,0.0
2010-10-20 06:00:00+00:00,0.0
2010-10-20 07:00:00+00:00,0.0
2010-10-20 08:00:00+00:00,0.0
2010-10-20 09:00:00+00:00,0.0
2010-10-20 10:00:00+00:00,0.0
2010-10-20 11:00:00+00:00,0.0
2010-10-20 12:00:00+00:00,0.0
2010-10-20 13:00:00+00:00,0.33540824
2010-10-20 14:00:00+00:00,0.6033774000000001
2010-10-20 15:00:00+00:00,0.6276953000000001
2010-10-20 16:00:00+00:00,0.5946035
2010-10-20 17:00:00+00:00,0.5649281999999999
2010-10-20 18:00:00+00:00,0.5651175
2010-10-20 19:00:00+00:00,0.5931403000000001
2010-10-20 20:00:00+00:00,0.6210441999999999
2010-10-20 21:00:00+00:00,0.5798365
2010-10-20 22:00:00+00:00,0.2533433
2010-10-20 23:00:00+00:00,0.0
2010-10-21 00:00:00+00:00,0.0
2010-10-21 01:00:00+00:00,0.0
2010-10-21 02:00:00+00:00,0.0
2010-10-21 03:00:00+00:00,0.0
2010-10-21 04:00:00+00:00,0.0
2010-10-21 05:00:00+00:00,0.0
2010-10-21 06:00:00+00:00,0.0
2010-10-21 07:00:00+00:00,0.0
2010-10-21 08:00:00+00:00,0.0
2010-10-21 09:00:00+00:00,0.0
2010-10-21 10:00:00+00:00,0.0
2010-10-21 11:00:00+00:00,0.0
2010-10-21 12:00:00+00:00,0.0
2010-10-21 13:00:00+00:00,0.3340994
2010-10-21 14:00:00+00:00,0.6067679
2010-10-21 15:00:00+00:00,0.6121308000000001
2010-10-21 16:00:00+00:00,0.5728288
2010-10-21 17:00:00+00:00,0.5404834
2010-10-21 18:00:00+00:00,0.5394936
2010-10-21 19:00:00+00:00,0.56493014
2010-10-21 20:00:00+00:00,0.58721834
2010-10-21 21:00:00+00:00,0.54690266
2010-10-21 22:00:00+00:00,0.23391414
2010-10-21 23:00:00+00:00,0.0
2010-10-22 00:00:00+00:00,0.0
2010-10-22 01:00:00+00:00,0.0
2010-10-22 02:00:00+00:00,0.0
2010-10-22 03:00:00+00:00,0.0
2010-10-22 04:00:00+00:00,0.0
2010-10-22 05:00:00+00:00,0.0
2010-10-22 06:00:00+00:00,0.0
2010-10-22 07:00:00+00:00,0.0
2010-10-22 08:00:00+00:00,0.0
2010-10-22 09:00:00+00:00,0.0
2010-10-22 10:00:00+00:00,0.0
2010-10-22 11:00:00+00:00,0.0
2010-10-22 12:00:00+00:00,0.0
2010-10-22 13:00:00+00:00,0.29008135
2010-10-22 14:00:00+00:00,0.5531604
2010-10-22 15:00:00+00:00,0.57776225
2010-10-22 16:00:00+00:00,0.43875054
2010-10-22 17:00:00+00:00,0.37757897
2010-10-22 18:00:00+00:00,0.2989185
2010-10-22 19:00:00+00:00,0.5237145000000001
2010-10-22 20:00:00+00:00,0.43973002
2010-10-22 21:00:00+00:00,0.22299217
2010-10-22 22:00:00+00:00,0.059203684000000006
2010-10-22 23:00:00+00:00,0.0
2010-10-23 00:00:00+00:00,0.0
2010-10-23 01:00:00+00:00,0.0
2010-10-23 02:00:00+00:00,0.0
2010-10-23 03:00:00+00:00,0.0
2010-10-23 04:00:00+00:00,0.0
2010-10-23 05:00:00+00:00,0.0
2010-10-23 06:00:00+00:00,0.0
2010-10-23 07:00:00+00:00,0.0
2010-10-23 08:00:00+00:00,0.0
2010-10-23 09:00:00+00:00,0.0
2010-10-23 10:00:00+00:00,0.0
2010-10-23 11:00:00+00:00,0.0
2010-10-23 12:00:00+00:00,0.0
2010-10-23 13:00:00+00:00,0.16519721
2010-10-23 14:00:00+00:00,0.40445855
2010-10-23 15:00:00+00:00,0.43342894
2010-10-23 16:00:00+00:00,0.5254385
2010-10-23 17:00:00+00:00,0.3428658
2010-10-23 18:00:00+00:00,0.43801475
2010-10-23 19:00:00+00:00,0.53940177
2010-10-23 20:00:00+00:00,0.45789090000000005
2010-10-23 21:00:00+00:00,0.31202525
2010-10-23 22:00:00+00:00,0.09979551
2010-10-23 23:00:00+00:00,0.0
2010-10-24 00:00:00+00:00,0.0
2010-10-24 01:00:00+00:00,0.0
2010-10-24 02:00:00+00:00,0.0
2010-10-24 03:00:00+00:00,0.0
2010-10-24 04:00:00+00:00,0.0
2010-10-24 05:00:00+00:00,0.0
2010-10-24 06:00:00+00:00,0.0
2010-10-24 07:00:00+00:00,0.0
2010-10-24 08:00:00+00:00,0.0
2010-10-24 09:00:00+00:00,0.0
2010-10-24 10:00:00+00:00,0.0
2010-10-24 11:00:00+00:00,0.0
2010-10-24 12:00:00+00:00,0.0
2010-10-24 13:00:00+00:00,0.04114506
2010-10-24 14:00:00+00:00,0.10709996
2010-10-24 15:00:00+00:00,0.013924286999999999
2010-10-24 16:00:00+00:00,0.08257065
2010-10-24 17:00:00+00:00,0.15695149
2010-10-24 18:00:00+00:00,0.23195839999999998
2010-10-24 19:00:00+00:00,0.37991396
2010-10-24 20:00:00+00:00,0.20998000000000003
2010-10-24 21:00:00+00:00,0.10826192
2010-10-24 22:00:00+00:00,0.12554125
2010-10-24 23:00:00+00:00,0.0
2010-10-25 00:00:00+00:00,0.0
2010-10-25 01:00:00+00:00,0.0
2010-10-25 02:00:00+00:00,0.0
2010-10-25 03:00:00+00:00,0.0
2010-10-25 04:00:00+00:00,0.0
2010-10-25 05:00:00+00:00,0.0
2010-10-25 06:00:00+00:00,0.0
2010-10-25 07:00:00+00:00,0.0
2010-10-25 08:00:00+00:00,0.0
2010-10-25 09:00:00+00:00,0.0
2010-10-25 10:00:00+00:00,0.0
2010-10-25 11:00:00+00:00,0.0
2010-10-25 12:00:00+00:00,0.0
2010-10-25 13:00:00+00:00,0.020019105
2010-10-25 14:00:00+00:00,0.1635672
2010-10-25 15:00:00+00:00,0.061520502000000005
2010-10-25 16:00:00+00:00,0.14537637
2010-10-25 17:00:00+00:00,0.07786625
2010-10-25 18:00:00+00:00,0.041957735999999995
2010-10-25 19:00:00+00:00,0.04342552
2010-10-25 20:00:00+00:00,0.044909212999999996
2010-10-25 21:00:00+00:00,0.13049556
2010-10-25 22:00:00+00:00,0.013707951000000001
2010-10-25 23:00:00+00:00,0.0
2010-10-26 00:00:00+00:00,0.0
2010-10-26 01:00:00+00:00,0.0
2010-10-26 02:00:00+00:00,0.0
2010-10-26 03:00:00+00:00,0.0
2010-10-26 04:00:00+00:00,0.0
2010-10-26 05:00:00+00:00,0.0
2010-10-26 06:00:00+00:00,0.0
2010-10-26 07:00:00+00:00,0.0
2010-10-26 08:00:00+00:00,0.0
2010-10-26 09:00:00+00:00,0.0
2010-10-26 10:00:00+00:00,0.0
2010-10-26 11:00:00+00:00,0.0
2010-10-26 12:00:00+00:00,0.0
2010-10-26 13:00:00+00:00,0.30090687
2010-10-26 14:00:00+00:00,0.5952585
2010-10-26 15:00:00+00:00,0.60809016
2010-10-26 16:00:00+00:00,0.5698407
2010-10-26 17:00:00+00:00,0.53722143
2010-10-26 18:00:00+00:00,0.53827965
2010-10-26 19:00:00+00:00,0.565875
2010-10-26 20:00:00+00:00,0.58965623
2010-10-26 21:00:00+00:00,0.5350965999999999
2010-10-26 22:00:00+00:00,0.19368052
2010-10-26 23:00:00+00:00,0.0
2010-10-27 00:00:00+00:00,0.0
2010-10-27 01:00:00+00:00,0.0
2010-10-27 02:00:00+00:00,0.0
2010-10-27 03:00:00+00:00,0.0
2010-10-27 04:00:00+00:00,0.0
2010-10-27 05:00:00+00:00,0.0
2010-10-27 06:00:00+00:00,0.0
2010-10-27 07:00:00+00:00,0.0
2010-10-27 08:00:00+00:00,0.0
2010-10-27 09:00:00+00:00,0.0
2010-10-27 10:00:00+00:00,0.0
2010-10-27 11:00:00+00:00,0.0
2010-10-27 12:00:00+00:00,0.0
2010-10-27 13:00:00+00:00,0.30124497
2010-10-27 14:00:00+00:00,0.59527427
2010-10-27 15:00:00+00:00,0.6138467
2010-10-27 16:00:00+00:00,0.57583845
2010-10-27 17:00:00+00:00,0.5429691999999999
2010-10-27 18:00:00+00:00,0.54520625
2010-10-27 19:00:00+00:00,0.5771267
2010-10-27 20:00:00+00:00,0.6030746
2010-10-27 21:00:00+00:00,0.54786354
2010-10-27 22:00:00+00:00,0.19673412
2010-10-27 23:00:00+00:00,0.0
2010-10-28 00:00:00+00:00,0.0
2010-10-28 01:00:00+00:00,0.0
2010-10-28 02:00:00+00:00,0.0
2010-10-28 03:00:00+00:00,0.0
2010-10-28 04:00:00+00:00,0.0
2010-10-28 05:00:00+00:00,0.0
2010-10-28 06:00:00+00:00,0.0
2010-10-28 07:00:00+00:00,0.0
2010-10-28 08:00:00+00:00,0.0
2010-10-28 09:00:00+00:00,0.0
2010-10-28 10:00:00+00:00,0.0
2010-10-28 11:00:00+00:00,0.0
2010-10-28 12:00:00+00:00,0.0
2010-10-28 13:00:00+00:00,0.29711166
2010-10-28 14:00:00+00:00,0.5980770000000001
2010-10-28 15:00:00+00:00,0.6171317
2010-10-28 16:00:00+00:00,0.57842743
2010-10-28 17:00:00+00:00,0.54504687
2010-10-28 18:00:00+00:00,0.5484205
2010-10-28 19:00:00+00:00,0.5764347
2010-10-28 20:00:00+00:00,0.6004
2010-10-28 21:00:00+00:00,0.54032576
2010-10-28 22:00:00+00:00,0.19359857
2010-10-28 23:00:00+00:00,0.0
2010-10-29 00:00:00+00:00,0.0
2010-10-29 01:00:00+00:00,0.0
2010-10-29 02:00:00+00:00,0.0
2010-10-29 03:00:00+00:00,0.0
2010-10-29 04:00:00+00:00,0.0
2010-10-29 05:00:00+00:00,0.0
2010-10-29 06:00:00+00:00,0.0
2010-10-29 07:00:00+00:00,0.0
2010-10-29 08:00:00+00:00,0.0
2010-10-29 09:00:00+00:00,0.0
2010-10-29 10:00:00+00:00,0.0
2010-10-29 11:00:00+00:00,0.0
2010-10-29 12:00:00+00:00,0.0
2010-10-29 13:00:00+00:00,0.29391834
2010-10-29 14:00:00+00:00,0.46462682
2010-10-29 15:00:00+00:00,0.4516801
2010-10-29 16:00:00+00:00,0.4354800999999999
2010-10-29 17:00:00+00:00,0.5536925
2010-10-29 18:00:00+00:00,0.5548727
2010-10-29 19:00:00+00:00,0.5872472
2010-10-29 20:00:00+00:00,0.6123894
2010-10-29 21:00:00+00:00,0.48077545
2010-10-29 22:00:00+00:00,0.09163748
2010-10-29 23:00:00+00:00,0.0
2010-10-30 00:00:00+00:00,0.0
2010-10-30 01:00:00+00:00,0.0
2010-10-30 02:00:00+00:00,0.0
2010-10-30 03:00:00+00:00,0.0
2010-10-30 04:00:00+00:00,0.0
2010-10-30 05:00:00+00:00,0.0
2010-10-30 06:00:00+00:00,0.0
2010-10-30 07:00:00+00:00,0.0
2010-10-30 08:00:00+00:00,0.0
2010-10-30 09:00:00+00:00,0.0
2010-10-30 10:00:00+00:00,0.0
2010-10-30 11:00:00+00:00,0.0
2010-10-30 12:00:00+00:00,0.0
2010-10-30 13:00:00+00:00,0.25837794
2010-10-30 14:00:00+00:00,0.55123144
2010-10-30 15:00:00+00:00,0.5825362
2010-10-30 16:00:00+00:00,0.54980093
2010-10-30 17:00:00+00:00,0.5171462
2010-10-30 18:00:00+00:00,0.5213786
2010-10-30 19:00:00+00:00,0.5555589
2010-10-30 20:00:00+00:00,0.57639784
2010-10-30 21:00:00+00:00,0.50813895
2010-10-30 22:00:00+00:00,0.17172979
2010-10-30 23:00:00+00:00,0.0
2010-10-31 00:00:00+00:00,0.0
2010-10-31 01:00:00+00:00,0.0
2010-10-31 02:00:00+00:00,0.0
2010-10-31 03:00:00+00:00,0.0
2010-10-31 04:00:00+00:00,0.0
2010-10-31 05:00:00+00:00,0.0
2010-10-31 06:00:00+00:00,0.0
2010-10-31 07:00:00+00:00,0.0
2010-10-31 08:00:00+00:00,0.0
2010-10-31 09:00:00+00:00,0.0
2010-10-31 10:00:00+00:00,0.0
2010-10-31 11:00:00+00:00,0.0
2010-10-31 12:00:00+00:00,0.0
2010-10-31 13:00:00+00:00,0.2535575
2010-10-31 14:00:00+00:00,0.44995546
2010-10-31 15:00:00+00:00,0.5910354999999999
2010-10-31 16:00:00+00:00,0.42013532
2010-10-31 17:00:00+00:00,0.43532014
2010-10-31 18:00:00+00:00,0.45160717
2010-10-31 19:00:00+00:00,0.39921868
2010-10-31 20:00:00+00:00,0.36708575
2010-10-31 21:00:00+00:00,0.50758445
2010-10-31 22:00:00+00:00,0.16437374
2010-10-31 23:00:00+00:00,0.0
2010-11-01 00:00:00+00:00,0.0
2010-11-01 01:00:00+00:00,0.0
2010-11-01 02:00:00+00:00,0.0
2010-11-01 03:00:00+00:00,0.0
2010-11-01 04:00:00+00:00,0.0
2010-11-01 05:00:00+00:00,0.0
2010-11-01 06:00:00+00:00,0.0
2010-11-01 07:00:00+00:00,0.0
2010-11-01 08:00:00+00:00,0.0
2010-11-01 09:00:00+00:00,0.0
2010-11-01 10:00:00+00:00,0.0
2010-11-01 11:00:00+00:00,0.0
2010-11-01 12:00:00+00:00,0.0
2010-11-01 13:00:00+00:00,0.038127508
2010-11-01 14:00:00+00:00,0.34675094
2010-11-01 15:00:00+00:00,0.57893974
2010-11-01 16:00:00+00:00,0.5429416
2010-11-01 17:00:00+00:00,0.48861605
2010-11-01 18:00:00+00:00,0.4388061
2010-11-01 19:00:00+00:00,0.4063053
2010-11-01 20:00:00+00:00,0.32310063
2010-11-01 21:00:00+00:00,0.20459934
2010-11-01 22:00:00+00:00,0.100427344
2010-11-01 23:00:00+00:00,0.0
2010-11-02 00:00:00+00:00,0.0
2010-11-02 01:00:00+00:00,0.0
2010-11-02 02:00:00+00:00,0.0
2010-11-02 03:00:00+00:00,0.0
2010-11-02 04:00:00+00:00,0.0
2010-11-02 05:00:00+00:00,0.0
2010-11-02 06:00:00+00:00,0.0
2010-11-02 07:00:00+00:00,0.0
2010-11-02 08:00:00+00:00,0.0
2010-11-02 09:00:00+00:00,0.0
2010-11-02 10:00:00+00:00,0.0
2010-11-02 11:00:00+00:00,0.0
2010-11-02 12:00:00+00:00,0.0
2010-11-02 13:00:00+00:00,0.012056652
2010-11-02 14:00:00+00:00,0.027880337
2010-11-02 15:00:00+00:00,0.047927093
2010-11-02 16:00:00+00:00,0.085114256
2010-11-02 17:00:00+00:00,0.08283521
2010-11-02 18:00:00+00:00,0.09866548
2010-11-02 19:00:00+00:00,0.06326834
2010-11-02 20:00:00+00:00,0.09566058
2010-11-02 21:00:00+00:00,0.10158664
2010-11-02 22:00:00+00:00,0.011234718000000001
2010-11-02 23:00:00+00:00,0.0
2010-11-03 00:00:00+00:00,0.0
2010-11-03 01:00:00+00:00,0.0
2010-11-03 02:00:00+00:00,0.0
2010-11-03 03:00:00+00:00,0.0
2010-11-03 04:00:00+00:00,0.0
2010-11-03 05:00:00+00:00,0.0
2010-11-03 06:00:00+00:00,0.0
2010-11-03 07:00:00+00:00,0.0
2010-11-03 08:00:00+00:00,0.0
2010-11-03 09:00:00+00:00,0.0
2010-11-03 10:00:00+00:00,0.0
2010-11-03 11:00:00+00:00,0.0
2010-11-03 12:00:00+00:00,0.0
2010-11-03 13:00:00+00:00,0.23240094
2010-11-03 14:00:00+00:00,0.5473281999999999
2010-11-03 15:00:00+00:00,0.5755467
2010-11-03 16:00:00+00:00,0.5302718000000001
2010-11-03 17:00:00+00:00,0.51453954
2010-11-03 18:00:00+00:00,0.43631577
2010-11-03 19:00:00+00:00,0.2736475
2010-11-03 20:00:00+00:00,0.47762775
2010-11-03 21:00:00+00:00,0.16366924
2010-11-03 22:00:00+00:00,0.008550473000000001
2010-11-03 23:00:00+00:00,0.0
2010-11-04 00:00:00+00:00,0.0
2010-11-04 01:00:00+00:00,0.0
2010-11-04 02:00:00+00:00,0.0
2010-11-04 03:00:00+00:00,0.0
2010-11-04 04:00:00+00:00,0.0
2010-11-04 05:00:00+00:00,0.0
2010-11-04 06:00:00+00:00,0.0
2010-11-04 07:00:00+00:00,0.0
2010-11-04 08:00:00+00:00,0.0
2010-11-04 09:00:00+00:00,0.0
2010-11-04 10:00:00+00:00,0.0
2010-11-04 11:00:00+00:00,0.0
2010-11-04 12:00:00+00:00,0.0
2010-11-04 13:00:00+00:00,0.20462881
2010-11-04 14:00:00+00:00,0.5322226999999999
2010-11-04 15:00:00+00:00,0.56562084
2010-11-04 16:00:00+00:00,0.22447659
2010-11-04 17:00:00+00:00,0.23665605
2010-11-04 18:00:00+00:00,0.27014488
2010-11-04 19:00:00+00:00,0.13841616
2010-11-04 20:00:00+00:00,0.06282386
2010-11-04 21:00:00+00:00,0.03204215
2010-11-04 22:00:00+00:00,0.0046026395
2010-11-04 23:00:00+00:00,0.0
2010-11-05 00:00:00+00:00,0.0
2010-11-05 01:00:00+00:00,0.0
2010-11-05 02:00:00+00:00,0.0
2010-11-05 03:00:00+00:00,0.0
2010-11-05 04:00:00+00:00,0.0
2010-11-05 05:00:00+00:00,0.0
2010-11-05 06:00:00+00:00,0.0
2010-11-05 07:00:00+00:00,0.0
2010-11-05 08:00:00+00:00,0.0
2010-11-05 09:00:00+00:00,0.0
2010-11-05 10:00:00+00:00,0.0
2010-11-05 11:00:00+00:00,0.0
2010-11-05 12:00:00+00:00,0.0
2010-11-05 13:00:00+00:00,0.20394333
2010-11-05 14:00:00+00:00,0.5447938
2010-11-05 15:00:00+00:00,0.6035680999999999
2010-11-05 16:00:00+00:00,0.5659089
2010-11-05 17:00:00+00:00,0.5316462
2010-11-05 18:00:00+00:00,0.5370391999999999
2010-11-05 19:00:00+00:00,0.5363708
2010-11-05 20:00:00+00:00,0.54020905
2010-11-05 21:00:00+00:00,0.5111037
2010-11-05 22:00:00+00:00,0.14349206
2010-11-05 23:00:00+00:00,0.0
2010-11-06 00:00:00+00:00,0.0
2010-11-06 01:00:00+00:00,0.0
2010-11-06 02:00:00+00:00,0.0
2010-11-06 03:00:00+00:00,0.0
2010-11-06 04:00:00+00:00,0.0
2010-11-06 05:00:00+00:00,0.0
2010-11-06 06:00:00+00:00,0.0
2010-11-06 07:00:00+00:00,0.0
2010-11-06 08:00:00+00:00,0.0
2010-11-06 09:00:00+00:00,0.0
2010-11-06 10:00:00+00:00,0.0
2010-11-06 11:00:00+00:00,0.0
2010-11-06 12:00:00+00:00,0.0
2010-11-06 13:00:00+00:00,0.22823429999999997
2010-11-06 14:00:00+00:00,0.567868
2010-11-06 15:00:00+00:00,0.5876588
2010-11-06 16:00:00+00:00,0.54883385
2010-11-06 17:00:00+00:00,0.5129785
2010-11-06 18:00:00+00:00,0.51745313
2010-11-06 19:00:00+00:00,0.5520866
2010-11-06 20:00:00+00:00,0.57698023
2010-11-06 21:00:00+00:00,0.47761000000000003
2010-11-06 22:00:00+00:00,0.12984762
2010-11-06 23:00:00+00:00,0.0
2010-11-07 00:00:00+00:00,0.0
2010-11-07 01:00:00+00:00,0.0
2010-11-07 02:00:00+00:00,0.0
2010-11-07 03:00:00+00:00,0.0
2010-11-07 04:00:00+00:00,0.0
2010-11-07 05:00:00+00:00,0.0
2010-11-07 06:00:00+00:00,0.0
2010-11-07 07:00:00+00:00,0.0
2010-11-07 08:00:00+00:00,0.0
2010-11-07 09:00:00+00:00,0.0
2010-11-07 10:00:00+00:00,0.0
2010-11-07 11:00:00+00:00,0.0
2010-11-07 12:00:00+00:00,0.0
2010-11-07 13:00:00+00:00,0.21451779999999998
2010-11-07 14:00:00+00:00,0.54495025
2010-11-07 15:00:00+00:00,0.57735467
2010-11-07 16:00:00+00:00,0.5382653000000001
2010-11-07 17:00:00+00:00,0.49953684
2010-11-07 18:00:00+00:00,0.5021346
2010-11-07 19:00:00+00:00,0.5400461
2010-11-07 20:00:00+00:00,0.5640052
2010-11-07 21:00:00+00:00,0.46859887
2010-11-07 22:00:00+00:00,0.12700498
2010-11-07 23:00:00+00:00,0.0
2010-11-08 00:00:00+00:00,0.0
2010-11-08 01:00:00+00:00,0.0
2010-11-08 02:00:00+00:00,0.0
2010-11-08 03:00:00+00:00,0.0
2010-11-08 04:00:00+00:00,0.0
2010-11-08 05:00:00+00:00,0.0
2010-11-08 06:00:00+00:00,0.0
2010-11-08 07:00:00+00:00,0.0
2010-11-08 08:00:00+00:00,0.0
2010-11-08 09:00:00+00:00,0.0
2010-11-08 10:00:00+00:00,0.0
2010-11-08 11:00:00+00:00,0.0
2010-11-08 12:00:00+00:00,0.0
2010-11-08 13:00:00+00:00,0.20148626
2010-11-08 14:00:00+00:00,0.5265369000000001
2010-11-08 15:00:00+00:00,0.55627507
2010-11-08 16:00:00+00:00,0.5141434
2010-11-08 17:00:00+00:00,0.47881708
2010-11-08 18:00:00+00:00,0.48719984
2010-11-08 19:00:00+00:00,0.52199256
2010-11-08 20:00:00+00:00,0.54565513
2010-11-08 21:00:00+00:00,0.43202072
2010-11-08 22:00:00+00:00,0.11439319
2010-11-08 23:00:00+00:00,0.0
2010-11-09 00:00:00+00:00,0.0
2010-11-09 01:00:00+00:00,0.0
2010-11-09 02:00:00+00:00,0.0
2010-11-09 03:00:00+00:00,0.0
2010-11-09 04:00:00+00:00,0.0
2010-11-09 05:00:00+00:00,0.0
2010-11-09 06:00:00+00:00,0.0
2010-11-09 07:00:00+00:00,0.0
2010-11-09 08:00:00+00:00,0.0
2010-11-09 09:00:00+00:00,0.0
2010-11-09 10:00:00+00:00,0.0
2010-11-09 11:00:00+00:00,0.0
2010-11-09 12:00:00+00:00,0.0
2010-11-09 13:00:00+00:00,0.19224925
2010-11-09 14:00:00+00:00,0.5130429
2010-11-09 15:00:00+00:00,0.49703923
2010-11-09 16:00:00+00:00,0.42063954
2010-11-09 17:00:00+00:00,0.40006065
2010-11-09 18:00:00+00:00,0.36496332
2010-11-09 19:00:00+00:00,0.44033507
2010-11-09 20:00:00+00:00,0.39692059999999996
2010-11-09 21:00:00+00:00,0.35434434
2010-11-09 22:00:00+00:00,0.09069039
2010-11-09 23:00:00+00:00,0.0
2010-11-10 00:00:00+00:00,0.0
2010-11-10 01:00:00+00:00,0.0
2010-11-10 02:00:00+00:00,0.0
2010-11-10 03:00:00+00:00,0.0
2010-11-10 04:00:00+00:00,0.0
2010-11-10 05:00:00+00:00,0.0
2010-11-10 06:00:00+00:00,0.0
2010-11-10 07:00:00+00:00,0.0
2010-11-10 08:00:00+00:00,0.0
2010-11-10 09:00:00+00:00,0.0
2010-11-10 10:00:00+00:00,0.0
2010-11-10 11:00:00+00:00,0.0
2010-11-10 12:00:00+00:00,0.0
2010-11-10 13:00:00+00:00,0.19383733
2010-11-10 14:00:00+00:00,0.5286904
2010-11-10 15:00:00+00:00,0.5590409000000001
2010-11-10 16:00:00+00:00,0.51601666
2010-11-10 17:00:00+00:00,0.47894877
2010-11-10 18:00:00+00:00,0.48011053
2010-11-10 19:00:00+00:00,0.5164481
2010-11-10 20:00:00+00:00,0.5368383000000001
2010-11-10 21:00:00+00:00,0.42232233
2010-11-10 22:00:00+00:00,0.10056110000000001
2010-11-10 23:00:00+00:00,0.0
2010-11-11 00:00:00+00:00,0.0
2010-11-11 01:00:00+00:00,0.0
2010-11-11 02:00:00+00:00,0.0
2010-11-11 03:00:00+00:00,0.0
2010-11-11 04:00:00+00:00,0.0
2010-11-11 05:00:00+00:00,0.0
2010-11-11 06:00:00+00:00,0.0
2010-11-11 07:00:00+00:00,0.0
2010-11-11 08:00:00+00:00,0.0
2010-11-11 09:00:00+00:00,0.0
2010-11-11 10:00:00+00:00,0.0
2010-11-11 11:00:00+00:00,0.0
2010-11-11 12:00:00+00:00,0.0
2010-11-11 13:00:00+00:00,0.17411824
2010-11-11 14:00:00+00:00,0.5298323
2010-11-11 15:00:00+00:00,0.5542935
2010-11-11 16:00:00+00:00,0.5150399999999999
2010-11-11 17:00:00+00:00,0.47493149999999995
2010-11-11 18:00:00+00:00,0.47621652
2010-11-11 19:00:00+00:00,0.5119791
2010-11-11 20:00:00+00:00,0.5344494000000001
2010-11-11 21:00:00+00:00,0.42329964
2010-11-11 22:00:00+00:00,0.092229664
2010-11-11 23:00:00+00:00,0.0
2010-11-12 00:00:00+00:00,0.0
2010-11-12 01:00:00+00:00,0.0
2010-11-12 02:00:00+00:00,0.0
2010-11-12 03:00:00+00:00,0.0
2010-11-12 04:00:00+00:00,0.0
2010-11-12 05:00:00+00:00,0.0
2010-11-12 06:00:00+00:00,0.0
2010-11-12 07:00:00+00:00,0.0
2010-11-12 08:00:00+00:00,0.0
2010-11-12 09:00:00+00:00,0.0
2010-11-12 10:00:00+00:00,0.0
2010-11-12 11:00:00+00:00,0.0
2010-11-12 12:00:00+00:00,0.0
2010-11-12 13:00:00+00:00,0.059705213
2010-11-12 14:00:00+00:00,0.3876284
2010-11-12 15:00:00+00:00,0.41120902
2010-11-12 16:00:00+00:00,0.43871838
2010-11-12 17:00:00+00:00,0.39903918
2010-11-12 18:00:00+00:00,0.41665202
2010-11-12 19:00:00+00:00,0.4784553
2010-11-12 20:00:00+00:00,0.24702242
2010-11-12 21:00:00+00:00,0.39051676
2010-11-12 22:00:00+00:00,0.07745061
2010-11-12 23:00:00+00:00,0.0
2010-11-13 00:00:00+00:00,0.0
2010-11-13 01:00:00+00:00,0.0
2010-11-13 02:00:00+00:00,0.0
2010-11-13 03:00:00+00:00,0.0
2010-11-13 04:00:00+00:00,0.0
2010-11-13 05:00:00+00:00,0.0
2010-11-13 06:00:00+00:00,0.0
2010-11-13 07:00:00+00:00,0.0
2010-11-13 08:00:00+00:00,0.0
2010-11-13 09:00:00+00:00,0.0
2010-11-13 10:00:00+00:00,0.0
2010-11-13 11:00:00+00:00,0.0
2010-11-13 12:00:00+00:00,0.0
2010-11-13 13:00:00+00:00,0.028103662999999997
2010-11-13 14:00:00+00:00,0.11544367
2010-11-13 15:00:00+00:00,0.46217129999999995
2010-11-13 16:00:00+00:00,0.521687
2010-11-13 17:00:00+00:00,0.4875793
2010-11-13 18:00:00+00:00,0.49452713
2010-11-13 19:00:00+00:00,0.5346666
2010-11-13 20:00:00+00:00,0.5568895
2010-11-13 21:00:00+00:00,0.42823914
2010-11-13 22:00:00+00:00,0.08313276
2010-11-13 23:00:00+00:00,0.0
2010-11-14 00:00:00+00:00,0.0
2010-11-14 01:00:00+00:00,0.0
2010-11-14 02:00:00+00:00,0.0
2010-11-14 03:00:00+00:00,0.0
2010-11-14 04:00:00+00:00,0.0
2010-11-14 05:00:00+00:00,0.0
2010-11-14 06:00:00+00:00,0.0
2010-11-14 07:00:00+00:00,0.0
2010-11-14 08:00:00+00:00,0.0
2010-11-14 09:00:00+00:00,0.0
2010-11-14 10:00:00+00:00,0.0
2010-11-14 11:00:00+00:00,0.0
2010-11-14 12:00:00+00:00,0.0
2010-11-14 13:00:00+00:00,0.058290772000000005
2010-11-14 14:00:00+00:00,0.10108097
2010-11-14 15:00:00+00:00,0.19390953
2010-11-14 16:00:00+00:00,0.20092204
2010-11-14 17:00:00+00:00,0.18852231
2010-11-14 18:00:00+00:00,0.22915289
2010-11-14 19:00:00+00:00,0.138902
2010-11-14 20:00:00+00:00,0.12517215
2010-11-14 21:00:00+00:00,0.11044345
2010-11-14 22:00:00+00:00,0.01064963
2010-11-14 23:00:00+00:00,0.0
2010-11-15 00:00:00+00:00,0.0
2010-11-15 01:00:00+00:00,0.0
2010-11-15 02:00:00+00:00,0.0
2010-11-15 03:00:00+00:00,0.0
2010-11-15 04:00:00+00:00,0.0
2010-11-15 05:00:00+00:00,0.0
2010-11-15 06:00:00+00:00,0.0
2010-11-15 07:00:00+00:00,0.0
2010-11-15 08:00:00+00:00,0.0
2010-11-15 09:00:00+00:00,0.0
2010-11-15 10:00:00+00:00,0.0
2010-11-15 11:00:00+00:00,0.0
2010-11-15 12:00:00+00:00,0.0
2010-11-15 13:00:00+00:00,0.0035901628000000003
2010-11-15 14:00:00+00:00,0.02072257
2010-11-15 15:00:00+00:00,0.013098941000000001
2010-11-15 16:00:00+00:00,0.06419304
2010-11-15 17:00:00+00:00,0.044793215
2010-11-15 18:00:00+00:00,0.026136512
2010-11-15 19:00:00+00:00,0.036683983999999996
2010-11-15 20:00:00+00:00,0.14369386
2010-11-15 21:00:00+00:00,0.05705366
2010-11-15 22:00:00+00:00,0.0019108689000000001
2010-11-15 23:00:00+00:00,0.0
2010-11-16 00:00:00+00:00,0.0
2010-11-16 01:00:00+00:00,0.0
2010-11-16 02:00:00+00:00,0.0
2010-11-16 03:00:00+00:00,0.0
2010-11-16 04:00:00+00:00,0.0
2010-11-16 05:00:00+00:00,0.0
2010-11-16 06:00:00+00:00,0.0
2010-11-16 07:00:00+00:00,0.0
2010-11-16 08:00:00+00:00,0.0
2010-11-16 09:00:00+00:00,0.0
2010-11-16 10:00:00+00:00,0.0
2010-11-16 11:00:00+00:00,0.0
2010-11-16 12:00:00+00:00,0.0
2010-11-16 13:00:00+00:00,0.034176238
2010-11-16 14:00:00+00:00,0.12425172
2010-11-16 15:00:00+00:00,0.15876964
2010-11-16 16:00:00+00:00,0.36575782
2010-11-16 17:00:00+00:00,0.3629375
2010-11-16 18:00:00+00:00,0.34628367
2010-11-16 19:00:00+00:00,0.51684654
2010-11-16 20:00:00+00:00,0.43277790000000005
2010-11-16 21:00:00+00:00,0.37802163
2010-11-16 22:00:00+00:00,0.05576794
2010-11-16 23:00:00+00:00,0.0
2010-11-17 00:00:00+00:00,0.0
2010-11-17 01:00:00+00:00,0.0
2010-11-17 02:00:00+00:00,0.0
2010-11-17 03:00:00+00:00,0.0
2010-11-17 04:00:00+00:00,0.0
2010-11-17 05:00:00+00:00,0.0
2010-11-17 06:00:00+00:00,0.0
2010-11-17 07:00:00+00:00,0.0
2010-11-17 08:00:00+00:00,0.0
2010-11-17 09:00:00+00:00,0.0
2010-11-17 10:00:00+00:00,0.0
2010-11-17 11:00:00+00:00,0.0
2010-11-17 12:00:00+00:00,0.0
2010-11-17 13:00:00+00:00,0.017685786000000002
2010-11-17 14:00:00+00:00,0.039240547
2010-11-17 15:00:00+00:00,0.08420989
2010-11-17 16:00:00+00:00,0.039602008
2010-11-17 17:00:00+00:00,0.09128407
2010-11-17 18:00:00+00:00,0.091295205
2010-11-17 19:00:00+00:00,0.07806812
2010-11-17 20:00:00+00:00,0.06620447
2010-11-17 21:00:00+00:00,0.034695596
2010-11-17 22:00:00+00:00,0.0020679154
2010-11-17 23:00:00+00:00,0.0
2010-11-18 00:00:00+00:00,0.0
2010-11-18 01:00:00+00:00,0.0
2010-11-18 02:00:00+00:00,0.0
2010-11-18 03:00:00+00:00,0.0
2010-11-18 04:00:00+00:00,0.0
2010-11-18 05:00:00+00:00,0.0
2010-11-18 06:00:00+00:00,0.0
2010-11-18 07:00:00+00:00,0.0
2010-11-18 08:00:00+00:00,0.0
2010-11-18 09:00:00+00:00,0.0
2010-11-18 10:00:00+00:00,0.0
2010-11-18 11:00:00+00:00,0.0
2010-11-18 12:00:00+00:00,0.0
2010-11-18 13:00:00+00:00,0.010118357
2010-11-18 14:00:00+00:00,0.06674442
2010-11-18 15:00:00+00:00,0.16332583
2010-11-18 16:00:00+00:00,0.07497812
2010-11-18 17:00:00+00:00,0.20946537
2010-11-18 18:00:00+00:00,0.43165335
2010-11-18 19:00:00+00:00,0.4800073
2010-11-18 20:00:00+00:00,0.3775745
2010-11-18 21:00:00+00:00,0.16714194
2010-11-18 22:00:00+00:00,0.014203436000000002
2010-11-18 23:00:00+00:00,0.0
2010-11-19 00:00:00+00:00,0.0
2010-11-19 01:00:00+00:00,0.0
2010-11-19 02:00:00+00:00,0.0
2010-11-19 03:00:00+00:00,0.0
2010-11-19 04:00:00+00:00,0.0
2010-11-19 05:00:00+00:00,0.0
2010-11-19 06:00:00+00:00,0.0
2010-11-19 07:00:00+00:00,0.0
2010-11-19 08:00:00+00:00,0.0
2010-11-19 09:00:00+00:00,0.0
2010-11-19 10:00:00+00:00,0.0
2010-11-19 11:00:00+00:00,0.0
2010-11-19 12:00:00+00:00,0.0
2010-11-19 13:00:00+00:00,0.02847271
2010-11-19 14:00:00+00:00,0.122347325
2010-11-19 15:00:00+00:00,0.20857272
2010-11-19 16:00:00+00:00,0.49669668
2010-11-19 17:00:00+00:00,0.45859483
2010-11-19 18:00:00+00:00,0.45855612
2010-11-19 19:00:00+00:00,0.49568513
2010-11-19 20:00:00+00:00,0.38405209999999995
2010-11-19 21:00:00+00:00,0.37199953
2010-11-19 22:00:00+00:00,0.035839643
2010-11-19 23:00:00+00:00,0.0
2010-11-20 00:00:00+00:00,0.0
2010-11-20 01:00:00+00:00,0.0
2010-11-20 02:00:00+00:00,0.0
2010-11-20 03:00:00+00:00,0.0
2010-11-20 04:00:00+00:00,0.0
2010-11-20 05:00:00+00:00,0.0
2010-11-20 06:00:00+00:00,0.0
2010-11-20 07:00:00+00:00,0.0
2010-11-20 08:00:00+00:00,0.0
2010-11-20 09:00:00+00:00,0.0
2010-11-20 10:00:00+00:00,0.0
2010-11-20 11:00:00+00:00,0.0
2010-11-20 12:00:00+00:00,0.0
2010-11-20 13:00:00+00:00,0.09285066
2010-11-20 14:00:00+00:00,0.31174457
2010-11-20 15:00:00+00:00,0.43587762
2010-11-20 16:00:00+00:00,0.45887926
2010-11-20 17:00:00+00:00,0.42386547
2010-11-20 18:00:00+00:00,0.44292846
2010-11-20 19:00:00+00:00,0.47952790000000006
2010-11-20 20:00:00+00:00,0.4975813
2010-11-20 21:00:00+00:00,0.35949337
2010-11-20 22:00:00+00:00,0.028612087999999997
2010-11-20 23:00:00+00:00,0.0
2010-11-21 00:00:00+00:00,0.0
2010-11-21 01:00:00+00:00,0.0
2010-11-21 02:00:00+00:00,0.0
2010-11-21 03:00:00+00:00,0.0
2010-11-21 04:00:00+00:00,0.0
2010-11-21 05:00:00+00:00,0.0
2010-11-21 06:00:00+00:00,0.0
2010-11-21 07:00:00+00:00,0.0
2010-11-21 08:00:00+00:00,0.0
2010-11-21 09:00:00+00:00,0.0
2010-11-21 10:00:00+00:00,0.0
2010-11-21 11:00:00+00:00,0.0
2010-11-21 12:00:00+00:00,0.0
2010-11-21 13:00:00+00:00,0.0652188
2010-11-21 14:00:00+00:00,0.27574444
2010-11-21 15:00:00+00:00,0.33089325
2010-11-21 16:00:00+00:00,0.46046907
2010-11-21 17:00:00+00:00,0.3331312
2010-11-21 18:00:00+00:00,0.29674226
2010-11-21 19:00:00+00:00,0.33810159999999995
2010-11-21 20:00:00+00:00,0.3652275
2010-11-21 21:00:00+00:00,0.35093188
2010-11-21 22:00:00+00:00,0.023171413999999998
2010-11-21 23:00:00+00:00,0.0
2010-11-22 00:00:00+00:00,0.0
2010-11-22 01:00:00+00:00,0.0
2010-11-22 02:00:00+00:00,0.0
2010-11-22 03:00:00+00:00,0.0
2010-11-22 04:00:00+00:00,0.0
2010-11-22 05:00:00+00:00,0.0
2010-11-22 06:00:00+00:00,0.0
2010-11-22 07:00:00+00:00,0.0
2010-11-22 08:00:00+00:00,0.0
2010-11-22 09:00:00+00:00,0.0
2010-11-22 10:00:00+00:00,0.0
2010-11-22 11:00:00+00:00,0.0
2010-11-22 12:00:00+00:00,0.0
2010-11-22 13:00:00+00:00,0.0060070083
2010-11-22 14:00:00+00:00,0.045537400000000006
2010-11-22 15:00:00+00:00,0.116915286
2010-11-22 16:00:00+00:00,0.36541113
2010-11-22 17:00:00+00:00,0.1490526
2010-11-22 18:00:00+00:00,0.4663353
2010-11-22 19:00:00+00:00,0.50754184
2010-11-22 20:00:00+00:00,0.5365572
2010-11-22 21:00:00+00:00,0.39442572
2010-11-22 22:00:00+00:00,0.019801628
2010-11-22 23:00:00+00:00,0.0
2010-11-23 00:00:00+00:00,0.0
2010-11-23 01:00:00+00:00,0.0
2010-11-23 02:00:00+00:00,0.0
2010-11-23 03:00:00+00:00,0.0
2010-11-23 04:00:00+00:00,0.0
2010-11-23 05:00:00+00:00,0.0
2010-11-23 06:00:00+00:00,0.0
2010-11-23 07:00:00+00:00,0.0
2010-11-23 08:00:00+00:00,0.0
2010-11-23 09:00:00+00:00,0.0
2010-11-23 10:00:00+00:00,0.0
2010-11-23 11:00:00+00:00,0.0
2010-11-23 12:00:00+00:00,0.0
2010-11-23 13:00:00+00:00,0.00136828
2010-11-23 14:00:00+00:00,0.04030041
2010-11-23 15:00:00+00:00,0.043040097
2010-11-23 16:00:00+00:00,0.024451788999999998
2010-11-23 17:00:00+00:00,0.07752715
2010-11-23 18:00:00+00:00,0.03549108
2010-11-23 19:00:00+00:00,0.011045763
2010-11-23 20:00:00+00:00,0.020372393
2010-11-23 21:00:00+00:00,0.0008411836999999999
2010-11-23 22:00:00+00:00,0.006098426999999999
2010-11-23 23:00:00+00:00,0.0
2010-11-24 00:00:00+00:00,0.0
2010-11-24 01:00:00+00:00,0.0
2010-11-24 02:00:00+00:00,0.0
2010-11-24 03:00:00+00:00,0.0
2010-11-24 04:00:00+00:00,0.0
2010-11-24 05:00:00+00:00,0.0
2010-11-24 06:00:00+00:00,0.0
2010-11-24 07:00:00+00:00,0.0
2010-11-24 08:00:00+00:00,0.0
2010-11-24 09:00:00+00:00,0.0
2010-11-24 10:00:00+00:00,0.0
2010-11-24 11:00:00+00:00,0.0
2010-11-24 12:00:00+00:00,0.0
2010-11-24 13:00:00+00:00,0.00033534205
2010-11-24 14:00:00+00:00,0.010388628
2010-11-24 15:00:00+00:00,0.09184772
2010-11-24 16:00:00+00:00,0.037892785
2010-11-24 17:00:00+00:00,0.062158807999999996
2010-11-24 18:00:00+00:00,0.028508222000000003
2010-11-24 19:00:00+00:00,0.023363791000000002
2010-11-24 20:00:00+00:00,0.014267842
2010-11-24 21:00:00+00:00,0.018878291999999998
2010-11-24 22:00:00+00:00,0.0
2010-11-24 23:00:00+00:00,0.0
2010-11-25 00:00:00+00:00,0.0
2010-11-25 01:00:00+00:00,0.0
2010-11-25 02:00:00+00:00,0.0
2010-11-25 03:00:00+00:00,0.0
2010-11-25 04:00:00+00:00,0.0
2010-11-25 05:00:00+00:00,0.0
2010-11-25 06:00:00+00:00,0.0
2010-11-25 07:00:00+00:00,0.0
2010-11-25 08:00:00+00:00,0.0
2010-11-25 09:00:00+00:00,0.0
2010-11-25 10:00:00+00:00,0.0
2010-11-25 11:00:00+00:00,0.0
2010-11-25 12:00:00+00:00,0.0
2010-11-25 13:00:00+00:00,0.093080446
2010-11-25 14:00:00+00:00,0.47817656
2010-11-25 15:00:00+00:00,0.5850970999999999
2010-11-25 16:00:00+00:00,0.5446813
2010-11-25 17:00:00+00:00,0.49861469999999997
2010-11-25 18:00:00+00:00,0.38398916
2010-11-25 19:00:00+00:00,0.51955813
2010-11-25 20:00:00+00:00,0.5753124
2010-11-25 21:00:00+00:00,0.41305143
2010-11-25 22:00:00+00:00,0.0016285136999999999
2010-11-25 23:00:00+00:00,0.0
2010-11-26 00:00:00+00:00,0.0
2010-11-26 01:00:00+00:00,0.0
2010-11-26 02:00:00+00:00,0.0
2010-11-26 03:00:00+00:00,0.0
2010-11-26 04:00:00+00:00,0.0
2010-11-26 05:00:00+00:00,0.0
2010-11-26 06:00:00+00:00,0.0
2010-11-26 07:00:00+00:00,0.0
2010-11-26 08:00:00+00:00,0.0
2010-11-26 09:00:00+00:00,0.0
2010-11-26 10:00:00+00:00,0.0
2010-11-26 11:00:00+00:00,0.0
2010-11-26 12:00:00+00:00,0.0
2010-11-26 13:00:00+00:00,0.031761684
2010-11-26 14:00:00+00:00,0.19356497
2010-11-26 15:00:00+00:00,0.5448841
2010-11-26 16:00:00+00:00,0.5003746
2010-11-26 17:00:00+00:00,0.16923846
2010-11-26 18:00:00+00:00,0.11862561
2010-11-26 19:00:00+00:00,0.09880033
2010-11-26 20:00:00+00:00,0.1278741
2010-11-26 21:00:00+00:00,0.28543743
2010-11-26 22:00:00+00:00,0.0
2010-11-26 23:00:00+00:00,0.0
2010-11-27 00:00:00+00:00,0.0
2010-11-27 01:00:00+00:00,0.0
2010-11-27 02:00:00+00:00,0.0
2010-11-27 03:00:00+00:00,0.0
2010-11-27 04:00:00+00:00,0.0
2010-11-27 05:00:00+00:00,0.0
2010-11-27 06:00:00+00:00,0.0
2010-11-27 07:00:00+00:00,0.0
2010-11-27 08:00:00+00:00,0.0
2010-11-27 09:00:00+00:00,0.0
2010-11-27 10:00:00+00:00,0.0
2010-11-27 11:00:00+00:00,0.0
2010-11-27 12:00:00+00:00,0.0
2010-11-27 13:00:00+00:00,0.064063884
2010-11-27 14:00:00+00:00,0.42283422
2010-11-27 15:00:00+00:00,0.5310259
2010-11-27 16:00:00+00:00,0.5022994000000001
2010-11-27 17:00:00+00:00,0.4599092000000001
2010-11-27 18:00:00+00:00,0.46622348
2010-11-27 19:00:00+00:00,0.510231
2010-11-27 20:00:00+00:00,0.54126793
2010-11-27 21:00:00+00:00,0.38730398
2010-11-27 22:00:00+00:00,0.0
2010-11-27 23:00:00+00:00,0.0
2010-11-28 00:00:00+00:00,0.0
2010-11-28 01:00:00+00:00,0.0
2010-11-28 02:00:00+00:00,0.0
2010-11-28 03:00:00+00:00,0.0
2010-11-28 04:00:00+00:00,0.0
2010-11-28 05:00:00+00:00,0.0
2010-11-28 06:00:00+00:00,0.0
2010-11-28 07:00:00+00:00,0.0
2010-11-28 08:00:00+00:00,0.0
2010-11-28 09:00:00+00:00,0.0
2010-11-28 10:00:00+00:00,0.0
2010-11-28 11:00:00+00:00,0.0
2010-11-28 12:00:00+00:00,0.0
2010-11-28 13:00:00+00:00,0.05302377
2010-11-28 14:00:00+00:00,0.35222134
2010-11-28 15:00:00+00:00,0.47447518
2010-11-28 16:00:00+00:00,0.48037878
2010-11-28 17:00:00+00:00,0.40623802
2010-11-28 18:00:00+00:00,0.42345889999999997
2010-11-28 19:00:00+00:00,0.20229422
2010-11-28 20:00:00+00:00,0.44854584
2010-11-28 21:00:00+00:00,0.053861365
2010-11-28 22:00:00+00:00,0.0
2010-11-28 23:00:00+00:00,0.0
2010-11-29 00:00:00+00:00,0.0
2010-11-29 01:00:00+00:00,0.0
2010-11-29 02:00:00+00:00,0.0
2010-11-29 03:00:00+00:00,0.0
2010-11-29 04:00:00+00:00,0.0
2010-11-29 05:00:00+00:00,0.0
2010-11-29 06:00:00+00:00,0.0
2010-11-29 07:00:00+00:00,0.0
2010-11-29 08:00:00+00:00,0.0
2010-11-29 09:00:00+00:00,0.0
2010-11-29 10:00:00+00:00,0.0
2010-11-29 11:00:00+00:00,0.0
2010-11-29 12:00:00+00:00,0.0
2010-11-29 13:00:00+00:00,0.0
2010-11-29 14:00:00+00:00,0.0044663884
2010-11-29 15:00:00+00:00,0.040068496
2010-11-29 16:00:00+00:00,0.019729204
2010-11-29 17:00:00+00:00,0.009980931
2010-11-29 18:00:00+00:00,0.07791942
2010-11-29 19:00:00+00:00,0.12167665
2010-11-29 20:00:00+00:00,0.014154933
2010-11-29 21:00:00+00:00,0.054552305
2010-11-29 22:00:00+00:00,0.0
2010-11-29 23:00:00+00:00,0.0
2010-11-30 00:00:00+00:00,0.0
2010-11-30 01:00:00+00:00,0.0
2010-11-30 02:00:00+00:00,0.0
2010-11-30 03:00:00+00:00,0.0
2010-11-30 04:00:00+00:00,0.0
2010-11-30 05:00:00+00:00,0.0
2010-11-30 06:00:00+00:00,0.0
2010-11-30 07:00:00+00:00,0.0
2010-11-30 08:00:00+00:00,0.0
2010-11-30 09:00:00+00:00,0.0
2010-11-30 10:00:00+00:00,0.0
2010-11-30 11:00:00+00:00,0.0
2010-11-30 12:00:00+00:00,0.0
2010-11-30 13:00:00+00:00,0.00018164168
2010-11-30 14:00:00+00:00,0.03170505
2010-11-30 15:00:00+00:00,0.19398001
2010-11-30 16:00:00+00:00,0.16573529999999997
2010-11-30 17:00:00+00:00,0.09726257599999999
2010-11-30 18:00:00+00:00,0.10152988
2010-11-30 19:00:00+00:00,0.08071297
2010-11-30 20:00:00+00:00,0.06360962
2010-11-30 21:00:00+00:00,0.025866356
2010-11-30 22:00:00+00:00,0.0
2010-11-30 23:00:00+00:00,0.0
2010-12-01 00:00:00+00:00,0.0
2010-12-01 01:00:00+00:00,0.0
2010-12-01 02:00:00+00:00,0.0
2010-12-01 03:00:00+00:00,0.0
2010-12-01 04:00:00+00:00,0.0
2010-12-01 05:00:00+00:00,0.0
2010-12-01 06:00:00+00:00,0.0
2010-12-01 07:00:00+00:00,0.0
2010-12-01 08:00:00+00:00,0.0
2010-12-01 09:00:00+00:00,0.0
2010-12-01 10:00:00+00:00,0.0
2010-12-01 11:00:00+00:00,0.0
2010-12-01 12:00:00+00:00,0.0
2010-12-01 13:00:00+00:00,0.010415299
2010-12-01 14:00:00+00:00,0.22535777
2010-12-01 15:00:00+00:00,0.17907158
2010-12-01 16:00:00+00:00,0.28989646
2010-12-01 17:00:00+00:00,0.13825408
2010-12-01 18:00:00+00:00,0.24022605
2010-12-01 19:00:00+00:00,0.17912808
2010-12-01 20:00:00+00:00,0.07626925
2010-12-01 21:00:00+00:00,0.012595987
2010-12-01 22:00:00+00:00,0.0
2010-12-01 23:00:00+00:00,0.0
2010-12-02 00:00:00+00:00,0.0
2010-12-02 01:00:00+00:00,0.0
2010-12-02 02:00:00+00:00,0.0
2010-12-02 03:00:00+00:00,0.0
2010-12-02 04:00:00+00:00,0.0
2010-12-02 05:00:00+00:00,0.0
2010-12-02 06:00:00+00:00,0.0
2010-12-02 07:00:00+00:00,0.0
2010-12-02 08:00:00+00:00,0.0
2010-12-02 09:00:00+00:00,0.0
2010-12-02 10:00:00+00:00,0.0
2010-12-02 11:00:00+00:00,0.0
2010-12-02 12:00:00+00:00,0.0
2010-12-02 13:00:00+00:00,0.005280071
2010-12-02 14:00:00+00:00,0.33438759999999995
2010-12-02 15:00:00+00:00,0.30540356
2010-12-02 16:00:00+00:00,0.29401642
2010-12-02 17:00:00+00:00,0.3307741
2010-12-02 18:00:00+00:00,0.2586257
2010-12-02 19:00:00+00:00,0.32563627
2010-12-02 20:00:00+00:00,0.2494782
2010-12-02 21:00:00+00:00,0.29956582
2010-12-02 22:00:00+00:00,0.0
2010-12-02 23:00:00+00:00,0.0
2010-12-03 00:00:00+00:00,0.0
2010-12-03 01:00:00+00:00,0.0
2010-12-03 02:00:00+00:00,0.0
2010-12-03 03:00:00+00:00,0.0
2010-12-03 04:00:00+00:00,0.0
2010-12-03 05:00:00+00:00,0.0
2010-12-03 06:00:00+00:00,0.0
2010-12-03 07:00:00+00:00,0.0
2010-12-03 08:00:00+00:00,0.0
2010-12-03 09:00:00+00:00,0.0
2010-12-03 10:00:00+00:00,0.0
2010-12-03 11:00:00+00:00,0.0
2010-12-03 12:00:00+00:00,0.0
2010-12-03 13:00:00+00:00,0.0
2010-12-03 14:00:00+00:00,0.015733453
2010-12-03 15:00:00+00:00,0.01628485
2010-12-03 16:00:00+00:00,0.034865174
2010-12-03 17:00:00+00:00,0.059191108
2010-12-03 18:00:00+00:00,0.040532757
2010-12-03 19:00:00+00:00,0.040044352000000005
2010-12-03 20:00:00+00:00,0.018785445
2010-12-03 21:00:00+00:00,0.06645430599999999
2010-12-03 22:00:00+00:00,0.0
2010-12-03 23:00:00+00:00,0.0
2010-12-04 00:00:00+00:00,0.0
2010-12-04 01:00:00+00:00,0.0
2010-12-04 02:00:00+00:00,0.0
2010-12-04 03:00:00+00:00,0.0
2010-12-04 04:00:00+00:00,0.0
2010-12-04 05:00:00+00:00,0.0
2010-12-04 06:00:00+00:00,0.0
2010-12-04 07:00:00+00:00,0.0
2010-12-04 08:00:00+00:00,0.0
2010-12-04 09:00:00+00:00,0.0
2010-12-04 10:00:00+00:00,0.0
2010-12-04 11:00:00+00:00,0.0
2010-12-04 12:00:00+00:00,0.0
2010-12-04 13:00:00+00:00,0.0
2010-12-04 14:00:00+00:00,0.041622736
2010-12-04 15:00:00+00:00,0.050475962
2010-12-04 16:00:00+00:00,0.10933346
2010-12-04 17:00:00+00:00,0.16309576
2010-12-04 18:00:00+00:00,0.18416359
2010-12-04 19:00:00+00:00,0.17604084
2010-12-04 20:00:00+00:00,0.052691903
2010-12-04 21:00:00+00:00,0.034837607
2010-12-04 22:00:00+00:00,0.0
2010-12-04 23:00:00+00:00,0.0
2010-12-05 00:00:00+00:00,0.0
2010-12-05 01:00:00+00:00,0.0
2010-12-05 02:00:00+00:00,0.0
2010-12-05 03:00:00+00:00,0.0
2010-12-05 04:00:00+00:00,0.0
2010-12-05 05:00:00+00:00,0.0
2010-12-05 06:00:00+00:00,0.0
2010-12-05 07:00:00+00:00,0.0
2010-12-05 08:00:00+00:00,0.0
2010-12-05 09:00:00+00:00,0.0
2010-12-05 10:00:00+00:00,0.0
2010-12-05 11:00:00+00:00,0.0
2010-12-05 12:00:00+00:00,0.0
2010-12-05 13:00:00+00:00,0.0
2010-12-05 14:00:00+00:00,0.12997359
2010-12-05 15:00:00+00:00,0.19049098
2010-12-05 16:00:00+00:00,0.17472745
2010-12-05 17:00:00+00:00,0.23054013
2010-12-05 18:00:00+00:00,0.23511496
2010-12-05 19:00:00+00:00,0.21561027
2010-12-05 20:00:00+00:00,0.15053065
2010-12-05 21:00:00+00:00,0.062025387
2010-12-05 22:00:00+00:00,0.0
2010-12-05 23:00:00+00:00,0.0
2010-12-06 00:00:00+00:00,0.0
2010-12-06 01:00:00+00:00,0.0
2010-12-06 02:00:00+00:00,0.0
2010-12-06 03:00:00+00:00,0.0
2010-12-06 04:00:00+00:00,0.0
2010-12-06 05:00:00+00:00,0.0
2010-12-06 06:00:00+00:00,0.0
2010-12-06 07:00:00+00:00,0.0
2010-12-06 08:00:00+00:00,0.0
2010-12-06 09:00:00+00:00,0.0
2010-12-06 10:00:00+00:00,0.0
2010-12-06 11:00:00+00:00,0.0
2010-12-06 12:00:00+00:00,0.0
2010-12-06 13:00:00+00:00,0.0
2010-12-06 14:00:00+00:00,0.14877988
2010-12-06 15:00:00+00:00,0.38741404
2010-12-06 16:00:00+00:00,0.5060617999999999
2010-12-06 17:00:00+00:00,0.47353706
2010-12-06 18:00:00+00:00,0.47218287
2010-12-06 19:00:00+00:00,0.5071187
2010-12-06 20:00:00+00:00,0.5240961
2010-12-06 21:00:00+00:00,0.35869974
2010-12-06 22:00:00+00:00,0.0
2010-12-06 23:00:00+00:00,0.0
2010-12-07 00:00:00+00:00,0.0
2010-12-07 01:00:00+00:00,0.0
2010-12-07 02:00:00+00:00,0.0
2010-12-07 03:00:00+00:00,0.0
2010-12-07 04:00:00+00:00,0.0
2010-12-07 05:00:00+00:00,0.0
2010-12-07 06:00:00+00:00,0.0
2010-12-07 07:00:00+00:00,0.0
2010-12-07 08:00:00+00:00,0.0
2010-12-07 09:00:00+00:00,0.0
2010-12-07 10:00:00+00:00,0.0
2010-12-07 11:00:00+00:00,0.0
2010-12-07 12:00:00+00:00,0.0
2010-12-07 13:00:00+00:00,0.0
2010-12-07 14:00:00+00:00,0.17620559
2010-12-07 15:00:00+00:00,0.5324808000000001
2010-12-07 16:00:00+00:00,0.5052549
2010-12-07 17:00:00+00:00,0.43708345
2010-12-07 18:00:00+00:00,0.43378812
2010-12-07 19:00:00+00:00,0.49764624
2010-12-07 20:00:00+00:00,0.23884965
2010-12-07 21:00:00+00:00,0.1409104
2010-12-07 22:00:00+00:00,0.0
2010-12-07 23:00:00+00:00,0.0
2010-12-08 00:00:00+00:00,0.0
2010-12-08 01:00:00+00:00,0.0
2010-12-08 02:00:00+00:00,0.0
2010-12-08 03:00:00+00:00,0.0
2010-12-08 04:00:00+00:00,0.0
2010-12-08 05:00:00+00:00,0.0
2010-12-08 06:00:00+00:00,0.0
2010-12-08 07:00:00+00:00,0.0
2010-12-08 08:00:00+00:00,0.0
2010-12-08 09:00:00+00:00,0.0
2010-12-08 10:00:00+00:00,0.0
2010-12-08 11:00:00+00:00,0.0
2010-12-08 12:00:00+00:00,0.0
2010-12-08 13:00:00+00:00,0.0
2010-12-08 14:00:00+00:00,0.1808233
2010-12-08 15:00:00+00:00,0.5443932
2010-12-08 16:00:00+00:00,0.5109077999999999
2010-12-08 17:00:00+00:00,0.32636535
2010-12-08 18:00:00+00:00,0.34443825
2010-12-08 19:00:00+00:00,0.3686871
2010-12-08 20:00:00+00:00,0.19663796
2010-12-08 21:00:00+00:00,0.04764636
2010-12-08 22:00:00+00:00,0.0
2010-12-08 23:00:00+00:00,0.0
2010-12-09 00:00:00+00:00,0.0
2010-12-09 01:00:00+00:00,0.0
2010-12-09 02:00:00+00:00,0.0
2010-12-09 03:00:00+00:00,0.0
2010-12-09 04:00:00+00:00,0.0
2010-12-09 05:00:00+00:00,0.0
2010-12-09 06:00:00+00:00,0.0
2010-12-09 07:00:00+00:00,0.0
2010-12-09 08:00:00+00:00,0.0
2010-12-09 09:00:00+00:00,0.0
2010-12-09 10:00:00+00:00,0.0
2010-12-09 11:00:00+00:00,0.0
2010-12-09 12:00:00+00:00,0.0
2010-12-09 13:00:00+00:00,0.0
2010-12-09 14:00:00+00:00,0.09958260000000001
2010-12-09 15:00:00+00:00,0.34475496
2010-12-09 16:00:00+00:00,0.4626661
2010-12-09 17:00:00+00:00,0.43807423
2010-12-09 18:00:00+00:00,0.43803442
2010-12-09 19:00:00+00:00,0.47297728
2010-12-09 20:00:00+00:00,0.48746908
2010-12-09 21:00:00+00:00,0.1881197
2010-12-09 22:00:00+00:00,0.0
2010-12-09 23:00:00+00:00,0.0
2010-12-10 00:00:00+00:00,0.0
2010-12-10 01:00:00+00:00,0.0
2010-12-10 02:00:00+00:00,0.0
2010-12-10 03:00:00+00:00,0.0
2010-12-10 04:00:00+00:00,0.0
2010-12-10 05:00:00+00:00,0.0
2010-12-10 06:00:00+00:00,0.0
2010-12-10 07:00:00+00:00,0.0
2010-12-10 08:00:00+00:00,0.0
2010-12-10 09:00:00+00:00,0.0
2010-12-10 10:00:00+00:00,0.0
2010-12-10 11:00:00+00:00,0.0
2010-12-10 12:00:00+00:00,0.0
2010-12-10 13:00:00+00:00,0.0
2010-12-10 14:00:00+00:00,0.009256338000000001
2010-12-10 15:00:00+00:00,0.13358541
2010-12-10 16:00:00+00:00,0.31815875
2010-12-10 17:00:00+00:00,0.23218495
2010-12-10 18:00:00+00:00,0.21287423
2010-12-10 19:00:00+00:00,0.093890555
2010-12-10 20:00:00+00:00,0.066515945
2010-12-10 21:00:00+00:00,0.026213985
2010-12-10 22:00:00+00:00,0.0
2010-12-10 23:00:00+00:00,0.0
2010-12-11 00:00:00+00:00,0.0
2010-12-11 01:00:00+00:00,0.0
2010-12-11 02:00:00+00:00,0.0
2010-12-11 03:00:00+00:00,0.0
2010-12-11 04:00:00+00:00,0.0
2010-12-11 05:00:00+00:00,0.0
2010-12-11 06:00:00+00:00,0.0
2010-12-11 07:00:00+00:00,0.0
2010-12-11 08:00:00+00:00,0.0
2010-12-11 09:00:00+00:00,0.0
2010-12-11 10:00:00+00:00,0.0
2010-12-11 11:00:00+00:00,0.0
2010-12-11 12:00:00+00:00,0.0
2010-12-11 13:00:00+00:00,0.0
2010-12-11 14:00:00+00:00,0.026170257000000002
2010-12-11 15:00:00+00:00,0.060921468
2010-12-11 16:00:00+00:00,0.10080245
2010-12-11 17:00:00+00:00,0.17825265
2010-12-11 18:00:00+00:00,0.15984288
2010-12-11 19:00:00+00:00,0.07162275
2010-12-11 20:00:00+00:00,0.10701754
2010-12-11 21:00:00+00:00,0.04969007
2010-12-11 22:00:00+00:00,0.0
2010-12-11 23:00:00+00:00,0.0
2010-12-12 00:00:00+00:00,0.0
2010-12-12 01:00:00+00:00,0.0
2010-12-12 02:00:00+00:00,0.0
2010-12-12 03:00:00+00:00,0.0
2010-12-12 04:00:00+00:00,0.0
2010-12-12 05:00:00+00:00,0.0
2010-12-12 06:00:00+00:00,0.0
2010-12-12 07:00:00+00:00,0.0
2010-12-12 08:00:00+00:00,0.0
2010-12-12 09:00:00+00:00,0.0
2010-12-12 10:00:00+00:00,0.0
2010-12-12 11:00:00+00:00,0.0
2010-12-12 12:00:00+00:00,0.0
2010-12-12 13:00:00+00:00,0.0
2010-12-12 14:00:00+00:00,0.065743096
2010-12-12 15:00:00+00:00,0.14347504
2010-12-12 16:00:00+00:00,0.16575046
2010-12-12 17:00:00+00:00,0.2206054
2010-12-12 18:00:00+00:00,0.40802032
2010-12-12 19:00:00+00:00,0.21716966
2010-12-12 20:00:00+00:00,0.09112509
2010-12-12 21:00:00+00:00,0.08609800000000001
2010-12-12 22:00:00+00:00,0.0
2010-12-12 23:00:00+00:00,0.0
2010-12-13 00:00:00+00:00,0.0
2010-12-13 01:00:00+00:00,0.0
2010-12-13 02:00:00+00:00,0.0
2010-12-13 03:00:00+00:00,0.0
2010-12-13 04:00:00+00:00,0.0
2010-12-13 05:00:00+00:00,0.0
2010-12-13 06:00:00+00:00,0.0
2010-12-13 07:00:00+00:00,0.0
2010-12-13 08:00:00+00:00,0.0
2010-12-13 09:00:00+00:00,0.0
2010-12-13 10:00:00+00:00,0.0
2010-12-13 11:00:00+00:00,0.0
2010-12-13 12:00:00+00:00,0.0
2010-12-13 13:00:00+00:00,0.0
2010-12-13 14:00:00+00:00,0.14235322
2010-12-13 15:00:00+00:00,0.24478723
2010-12-13 16:00:00+00:00,0.28364024
2010-12-13 17:00:00+00:00,0.30728459999999996
2010-12-13 18:00:00+00:00,0.38062105
2010-12-13 19:00:00+00:00,0.50388473
2010-12-13 20:00:00+00:00,0.37892884
2010-12-13 21:00:00+00:00,0.24166025
2010-12-13 22:00:00+00:00,0.0
2010-12-13 23:00:00+00:00,0.0
2010-12-14 00:00:00+00:00,0.0
2010-12-14 01:00:00+00:00,0.0
2010-12-14 02:00:00+00:00,0.0
2010-12-14 03:00:00+00:00,0.0
2010-12-14 04:00:00+00:00,0.0
2010-12-14 05:00:00+00:00,0.0
2010-12-14 06:00:00+00:00,0.0
2010-12-14 07:00:00+00:00,0.0
2010-12-14 08:00:00+00:00,0.0
2010-12-14 09:00:00+00:00,0.0
2010-12-14 10:00:00+00:00,0.0
2010-12-14 11:00:00+00:00,0.0
2010-12-14 12:00:00+00:00,0.0
2010-12-14 13:00:00+00:00,0.0
2010-12-14 14:00:00+00:00,0.12751314
2010-12-14 15:00:00+00:00,0.2626486
2010-12-14 16:00:00+00:00,0.29092840000000003
2010-12-14 17:00:00+00:00,0.27063027
2010-12-14 18:00:00+00:00,0.24838854
2010-12-14 19:00:00+00:00,0.26430240000000005
2010-12-14 20:00:00+00:00,0.28163713
2010-12-14 21:00:00+00:00,0.12310304
2010-12-14 22:00:00+00:00,0.0
2010-12-14 23:00:00+00:00,0.0
2010-12-15 00:00:00+00:00,0.0
2010-12-15 01:00:00+00:00,0.0
2010-12-15 02:00:00+00:00,0.0
2010-12-15 03:00:00+00:00,0.0
2010-12-15 04:00:00+00:00,0.0
2010-12-15 05:00:00+00:00,0.0
2010-12-15 06:00:00+00:00,0.0
2010-12-15 07:00:00+00:00,0.0
2010-12-15 08:00:00+00:00,0.0
2010-12-15 09:00:00+00:00,0.0
2010-12-15 10:00:00+00:00,0.0
2010-12-15 11:00:00+00:00,0.0
2010-12-15 12:00:00+00:00,0.0
2010-12-15 13:00:00+00:00,0.0
2010-12-15 14:00:00+00:00,0.010539058
2010-12-15 15:00:00+00:00,0.05488898
2010-12-15 16:00:00+00:00,0.031933684
2010-12-15 17:00:00+00:00,0.10072495
2010-12-15 18:00:00+00:00,0.12703429
2010-12-15 19:00:00+00:00,0.21182677
2010-12-15 20:00:00+00:00,0.35382393
2010-12-15 21:00:00+00:00,0.24524364
2010-12-15 22:00:00+00:00,0.0
2010-12-15 23:00:00+00:00,0.0
2010-12-16 00:00:00+00:00,0.0
2010-12-16 01:00:00+00:00,0.0
2010-12-16 02:00:00+00:00,0.0
2010-12-16 03:00:00+00:00,0.0
2010-12-16 04:00:00+00:00,0.0
2010-12-16 05:00:00+00:00,0.0
2010-12-16 06:00:00+00:00,0.0
2010-12-16 07:00:00+00:00,0.0
2010-12-16 08:00:00+00:00,0.0
2010-12-16 09:00:00+00:00,0.0
2010-12-16 10:00:00+00:00,0.0
2010-12-16 11:00:00+00:00,0.0
2010-12-16 12:00:00+00:00,0.0
2010-12-16 13:00:00+00:00,0.0
2010-12-16 14:00:00+00:00,0.014622757
2010-12-16 15:00:00+00:00,0.056443453
2010-12-16 16:00:00+00:00,0.16335076
2010-12-16 17:00:00+00:00,0.13331436
2010-12-16 18:00:00+00:00,0.15177020000000002
2010-12-16 19:00:00+00:00,0.11072398
2010-12-16 20:00:00+00:00,0.056455765
2010-12-16 21:00:00+00:00,0.044991694000000006
2010-12-16 22:00:00+00:00,0.0
2010-12-16 23:00:00+00:00,0.0
2010-12-17 00:00:00+00:00,0.0
2010-12-17 01:00:00+00:00,0.0
2010-12-17 02:00:00+00:00,0.0
2010-12-17 03:00:00+00:00,0.0
2010-12-17 04:00:00+00:00,0.0
2010-12-17 05:00:00+00:00,0.0
2010-12-17 06:00:00+00:00,0.0
2010-12-17 07:00:00+00:00,0.0
2010-12-17 08:00:00+00:00,0.0
2010-12-17 09:00:00+00:00,0.0
2010-12-17 10:00:00+00:00,0.0
2010-12-17 11:00:00+00:00,0.0
2010-12-17 12:00:00+00:00,0.0
2010-12-17 13:00:00+00:00,0.0
2010-12-17 14:00:00+00:00,0.04584971
2010-12-17 15:00:00+00:00,0.16206703
2010-12-17 16:00:00+00:00,0.1916721
2010-12-17 17:00:00+00:00,0.20826142
2010-12-17 18:00:00+00:00,0.17572798
2010-12-17 19:00:00+00:00,0.16287673
2010-12-17 20:00:00+00:00,0.102973476
2010-12-17 21:00:00+00:00,0.035561222999999996
2010-12-17 22:00:00+00:00,0.0
2010-12-17 23:00:00+00:00,0.0
2010-12-18 00:00:00+00:00,0.0
2010-12-18 01:00:00+00:00,0.0
2010-12-18 02:00:00+00:00,0.0
2010-12-18 03:00:00+00:00,0.0
2010-12-18 04:00:00+00:00,0.0
2010-12-18 05:00:00+00:00,0.0
2010-12-18 06:00:00+00:00,0.0
2010-12-18 07:00:00+00:00,0.0
2010-12-18 08:00:00+00:00,0.0
2010-12-18 09:00:00+00:00,0.0
2010-12-18 10:00:00+00:00,0.0
2010-12-18 11:00:00+00:00,0.0
2010-12-18 12:00:00+00:00,0.0
2010-12-18 13:00:00+00:00,0.0
2010-12-18 14:00:00+00:00,0.29546684
2010-12-18 15:00:00+00:00,0.50646675
2010-12-18 16:00:00+00:00,0.36843342
2010-12-18 17:00:00+00:00,0.45267162
2010-12-18 18:00:00+00:00,0.34172377
2010-12-18 19:00:00+00:00,0.31873903
2010-12-18 20:00:00+00:00,0.44502193
2010-12-18 21:00:00+00:00,0.06233828
2010-12-18 22:00:00+00:00,4.674819000000001e-05
2010-12-18 23:00:00+00:00,0.0
2010-12-19 00:00:00+00:00,0.0
2010-12-19 01:00:00+00:00,0.0
2010-12-19 02:00:00+00:00,0.0
2010-12-19 03:00:00+00:00,0.0
2010-12-19 04:00:00+00:00,0.0
2010-12-19 05:00:00+00:00,0.0
2010-12-19 06:00:00+00:00,0.0
2010-12-19 07:00:00+00:00,0.0
2010-12-19 08:00:00+00:00,0.0
2010-12-19 09:00:00+00:00,0.0
2010-12-19 10:00:00+00:00,0.0
2010-12-19 11:00:00+00:00,0.0
2010-12-19 12:00:00+00:00,0.0
2010-12-19 13:00:00+00:00,0.0
2010-12-19 14:00:00+00:00,0.20464185
2010-12-19 15:00:00+00:00,0.22995646
2010-12-19 16:00:00+00:00,0.46636474
2010-12-19 17:00:00+00:00,0.42770764
2010-12-19 18:00:00+00:00,0.41981703
2010-12-19 19:00:00+00:00,0.22766164
2010-12-19 20:00:00+00:00,0.21174335
2010-12-19 21:00:00+00:00,0.09056117400000001
2010-12-19 22:00:00+00:00,0.0
2010-12-19 23:00:00+00:00,0.0
2010-12-20 00:00:00+00:00,0.0
2010-12-20 01:00:00+00:00,0.0
2010-12-20 02:00:00+00:00,0.0
2010-12-20 03:00:00+00:00,0.0
2010-12-20 04:00:00+00:00,0.0
2010-12-20 05:00:00+00:00,0.0
2010-12-20 06:00:00+00:00,0.0
2010-12-20 07:00:00+00:00,0.0
2010-12-20 08:00:00+00:00,0.0
2010-12-20 09:00:00+00:00,0.0
2010-12-20 10:00:00+00:00,0.0
2010-12-20 11:00:00+00:00,0.0
2010-12-20 12:00:00+00:00,0.0
2010-12-20 13:00:00+00:00,0.0
2010-12-20 14:00:00+00:00,0.02920072
2010-12-20 15:00:00+00:00,0.03773564
2010-12-20 16:00:00+00:00,0.15169014
2010-12-20 17:00:00+00:00,0.11673065
2010-12-20 18:00:00+00:00,0.20166703
2010-12-20 19:00:00+00:00,0.09934976
2010-12-20 20:00:00+00:00,0.031142509
2010-12-20 21:00:00+00:00,0.075157486
2010-12-20 22:00:00+00:00,0.0021146620000000002
2010-12-20 23:00:00+00:00,0.0
2010-12-21 00:00:00+00:00,0.0
2010-12-21 01:00:00+00:00,0.0
2010-12-21 02:00:00+00:00,0.0
2010-12-21 03:00:00+00:00,0.0
2010-12-21 04:00:00+00:00,0.0
2010-12-21 05:00:00+00:00,0.0
2010-12-21 06:00:00+00:00,0.0
2010-12-21 07:00:00+00:00,0.0
2010-12-21 08:00:00+00:00,0.0
2010-12-21 09:00:00+00:00,0.0
2010-12-21 10:00:00+00:00,0.0
2010-12-21 11:00:00+00:00,0.0
2010-12-21 12:00:00+00:00,0.0
2010-12-21 13:00:00+00:00,0.0
2010-12-21 14:00:00+00:00,0.24325153
2010-12-21 15:00:00+00:00,0.021461743999999998
2010-12-21 16:00:00+00:00,0.04437041
2010-12-21 17:00:00+00:00,0.10967134
2010-12-21 18:00:00+00:00,0.088248014
2010-12-21 19:00:00+00:00,0.09227139999999999
2010-12-21 20:00:00+00:00,0.13521634
2010-12-21 21:00:00+00:00,0.024233743999999998
2010-12-21 22:00:00+00:00,1.7581894999999998e-05
2010-12-21 23:00:00+00:00,0.0
2010-12-22 00:00:00+00:00,0.0
2010-12-22 01:00:00+00:00,0.0
2010-12-22 02:00:00+00:00,0.0
2010-12-22 03:00:00+00:00,0.0
2010-12-22 04:00:00+00:00,0.0
2010-12-22 05:00:00+00:00,0.0
2010-12-22 06:00:00+00:00,0.0
2010-12-22 07:00:00+00:00,0.0
2010-12-22 08:00:00+00:00,0.0
2010-12-22 09:00:00+00:00,0.0
2010-12-22 10:00:00+00:00,0.0
2010-12-22 11:00:00+00:00,0.0
2010-12-22 12:00:00+00:00,0.0
2010-12-22 13:00:00+00:00,0.0
2010-12-22 14:00:00+00:00,0.013720187
2010-12-22 15:00:00+00:00,0.043896608
2010-12-22 16:00:00+00:00,0.06873007
2010-12-22 17:00:00+00:00,0.15488999
2010-12-22 18:00:00+00:00,0.227648
2010-12-22 19:00:00+00:00,0.17538589
2010-12-22 20:00:00+00:00,0.1233979
2010-12-22 21:00:00+00:00,0.34824923
2010-12-22 22:00:00+00:00,0.026785739
2010-12-22 23:00:00+00:00,0.0
2010-12-23 00:00:00+00:00,0.0
2010-12-23 01:00:00+00:00,0.0
2010-12-23 02:00:00+00:00,0.0
2010-12-23 03:00:00+00:00,0.0
2010-12-23 04:00:00+00:00,0.0
2010-12-23 05:00:00+00:00,0.0
2010-12-23 06:00:00+00:00,0.0
2010-12-23 07:00:00+00:00,0.0
2010-12-23 08:00:00+00:00,0.0
2010-12-23 09:00:00+00:00,0.0
2010-12-23 10:00:00+00:00,0.0
2010-12-23 11:00:00+00:00,0.0
2010-12-23 12:00:00+00:00,0.0
2010-12-23 13:00:00+00:00,0.0
2010-12-23 14:00:00+00:00,0.02977411
2010-12-23 15:00:00+00:00,0.12556446
2010-12-23 16:00:00+00:00,0.19478232
2010-12-23 17:00:00+00:00,0.14599262
2010-12-23 18:00:00+00:00,0.22421694
2010-12-23 19:00:00+00:00,0.28474414
2010-12-23 20:00:00+00:00,0.16637513
2010-12-23 21:00:00+00:00,0.082045875
2010-12-23 22:00:00+00:00,0.0007917748299999999
2010-12-23 23:00:00+00:00,0.0
2010-12-24 00:00:00+00:00,0.0
2010-12-24 01:00:00+00:00,0.0
2010-12-24 02:00:00+00:00,0.0
2010-12-24 03:00:00+00:00,0.0
2010-12-24 04:00:00+00:00,0.0
2010-12-24 05:00:00+00:00,0.0
2010-12-24 06:00:00+00:00,0.0
2010-12-24 07:00:00+00:00,0.0
2010-12-24 08:00:00+00:00,0.0
2010-12-24 09:00:00+00:00,0.0
2010-12-24 10:00:00+00:00,0.0
2010-12-24 11:00:00+00:00,0.0
2010-12-24 12:00:00+00:00,0.0
2010-12-24 13:00:00+00:00,0.0
2010-12-24 14:00:00+00:00,0.026568517000000003
2010-12-24 15:00:00+00:00,0.15341035
2010-12-24 16:00:00+00:00,0.17633310000000002
2010-12-24 17:00:00+00:00,0.19219029999999998
2010-12-24 18:00:00+00:00,0.22231793
2010-12-24 19:00:00+00:00,0.08690134
2010-12-24 20:00:00+00:00,0.11219276
2010-12-24 21:00:00+00:00,0.09147718
2010-12-24 22:00:00+00:00,0.001255632
2010-12-24 23:00:00+00:00,0.0
2010-12-25 00:00:00+00:00,0.0
2010-12-25 01:00:00+00:00,0.0
2010-12-25 02:00:00+00:00,0.0
2010-12-25 03:00:00+00:00,0.0
2010-12-25 04:00:00+00:00,0.0
2010-12-25 05:00:00+00:00,0.0
2010-12-25 06:00:00+00:00,0.0
2010-12-25 07:00:00+00:00,0.0
2010-12-25 08:00:00+00:00,0.0
2010-12-25 09:00:00+00:00,0.0
2010-12-25 10:00:00+00:00,0.0
2010-12-25 11:00:00+00:00,0.0
2010-12-25 12:00:00+00:00,0.0
2010-12-25 13:00:00+00:00,0.0
2010-12-25 14:00:00+00:00,0.020948395
2010-12-25 15:00:00+00:00,0.094577834
2010-12-25 16:00:00+00:00,0.09574751599999999
2010-12-25 17:00:00+00:00,0.1301856
2010-12-25 18:00:00+00:00,0.17273208
2010-12-25 19:00:00+00:00,0.12690298
2010-12-25 20:00:00+00:00,0.078109175
2010-12-25 21:00:00+00:00,0.025862811
2010-12-25 22:00:00+00:00,0.0
2010-12-25 23:00:00+00:00,0.0
2010-12-26 00:00:00+00:00,0.0
2010-12-26 01:00:00+00:00,0.0
2010-12-26 02:00:00+00:00,0.0
2010-12-26 03:00:00+00:00,0.0
2010-12-26 04:00:00+00:00,0.0
2010-12-26 05:00:00+00:00,0.0
2010-12-26 06:00:00+00:00,0.0
2010-12-26 07:00:00+00:00,0.0
2010-12-26 08:00:00+00:00,0.0
2010-12-26 09:00:00+00:00,0.0
2010-12-26 10:00:00+00:00,0.0
2010-12-26 11:00:00+00:00,0.0
2010-12-26 12:00:00+00:00,0.0
2010-12-26 13:00:00+00:00,0.0
2010-12-26 14:00:00+00:00,0.15794335
2010-12-26 15:00:00+00:00,0.13734385
2010-12-26 16:00:00+00:00,0.492533
2010-12-26 17:00:00+00:00,0.22898433
2010-12-26 18:00:00+00:00,0.23195471
2010-12-26 19:00:00+00:00,0.14598161
2010-12-26 20:00:00+00:00,0.08641613
2010-12-26 21:00:00+00:00,0.04557722
2010-12-26 22:00:00+00:00,0.0012035641
2010-12-26 23:00:00+00:00,0.0
2010-12-27 00:00:00+00:00,0.0
2010-12-27 01:00:00+00:00,0.0
2010-12-27 02:00:00+00:00,0.0
2010-12-27 03:00:00+00:00,0.0
2010-12-27 04:00:00+00:00,0.0
2010-12-27 05:00:00+00:00,0.0
2010-12-27 06:00:00+00:00,0.0
2010-12-27 07:00:00+00:00,0.0
2010-12-27 08:00:00+00:00,0.0
2010-12-27 09:00:00+00:00,0.0
2010-12-27 10:00:00+00:00,0.0
2010-12-27 11:00:00+00:00,0.0
2010-12-27 12:00:00+00:00,0.0
2010-12-27 13:00:00+00:00,0.0
2010-12-27 14:00:00+00:00,0.29657215
2010-12-27 15:00:00+00:00,0.522345
2010-12-27 16:00:00+00:00,0.5074712
2010-12-27 17:00:00+00:00,0.45966783
2010-12-27 18:00:00+00:00,0.3268752
2010-12-27 19:00:00+00:00,0.48124079999999997
2010-12-27 20:00:00+00:00,0.5053348
2010-12-27 21:00:00+00:00,0.3869886
2010-12-27 22:00:00+00:00,0.056847587000000005
2010-12-27 23:00:00+00:00,0.0
2010-12-28 00:00:00+00:00,0.0
2010-12-28 01:00:00+00:00,0.0
2010-12-28 02:00:00+00:00,0.0
2010-12-28 03:00:00+00:00,0.0
2010-12-28 04:00:00+00:00,0.0
2010-12-28 05:00:00+00:00,0.0
2010-12-28 06:00:00+00:00,0.0
2010-12-28 07:00:00+00:00,0.0
2010-12-28 08:00:00+00:00,0.0
2010-12-28 09:00:00+00:00,0.0
2010-12-28 10:00:00+00:00,0.0
2010-12-28 11:00:00+00:00,0.0
2010-12-28 12:00:00+00:00,0.0
2010-12-28 13:00:00+00:00,0.0
2010-12-28 14:00:00+00:00,0.26859474
2010-12-28 15:00:00+00:00,0.06733025
2010-12-28 16:00:00+00:00,0.08496954
2010-12-28 17:00:00+00:00,0.14439538
2010-12-28 18:00:00+00:00,0.15992779
2010-12-28 19:00:00+00:00,0.05432034
2010-12-28 20:00:00+00:00,0.08117118
2010-12-28 21:00:00+00:00,0.07701812
2010-12-28 22:00:00+00:00,0.0030973488
2010-12-28 23:00:00+00:00,0.0
2010-12-29 00:00:00+00:00,0.0
2010-12-29 01:00:00+00:00,0.0
2010-12-29 02:00:00+00:00,0.0
2010-12-29 03:00:00+00:00,0.0
2010-12-29 04:00:00+00:00,0.0
2010-12-29 05:00:00+00:00,0.0
2010-12-29 06:00:00+00:00,0.0
2010-12-29 07:00:00+00:00,0.0
2010-12-29 08:00:00+00:00,0.0
2010-12-29 09:00:00+00:00,0.0
2010-12-29 10:00:00+00:00,0.0
2010-12-29 11:00:00+00:00,0.0
2010-12-29 12:00:00+00:00,0.0
2010-12-29 13:00:00+00:00,0.0
2010-12-29 14:00:00+00:00,0.0034599584
2010-12-29 15:00:00+00:00,0.017955987
2010-12-29 16:00:00+00:00,0.17407289
2010-12-29 17:00:00+00:00,0.42841953
2010-12-29 18:00:00+00:00,0.41406563
2010-12-29 19:00:00+00:00,0.25235823
2010-12-29 20:00:00+00:00,0.19892244
2010-12-29 21:00:00+00:00,0.06475124
2010-12-29 22:00:00+00:00,0.06532053
2010-12-29 23:00:00+00:00,0.0
2010-12-30 00:00:00+00:00,0.0
2010-12-30 01:00:00+00:00,0.0
2010-12-30 02:00:00+00:00,0.0
2010-12-30 03:00:00+00:00,0.0
2010-12-30 04:00:00+00:00,0.0
2010-12-30 05:00:00+00:00,0.0
2010-12-30 06:00:00+00:00,0.0
2010-12-30 07:00:00+00:00,0.0
2010-12-30 08:00:00+00:00,0.0
2010-12-30 09:00:00+00:00,0.0
2010-12-30 10:00:00+00:00,0.0
2010-12-30 11:00:00+00:00,0.0
2010-12-30 12:00:00+00:00,0.0
2010-12-30 13:00:00+00:00,0.0
2010-12-30 14:00:00+00:00,0.16147831
2010-12-30 15:00:00+00:00,0.19829237
2010-12-30 16:00:00+00:00,0.34468920000000003
2010-12-30 17:00:00+00:00,0.39166158
2010-12-30 18:00:00+00:00,0.37629387
2010-12-30 19:00:00+00:00,0.39559084
2010-12-30 20:00:00+00:00,0.40120238
2010-12-30 21:00:00+00:00,0.29005820000000004
2010-12-30 22:00:00+00:00,0.057915863
2010-12-30 23:00:00+00:00,0.0
2010-12-31 00:00:00+00:00,0.0
2010-12-31 01:00:00+00:00,0.0
2010-12-31 02:00:00+00:00,0.0
2010-12-31 03:00:00+00:00,0.0
2010-12-31 04:00:00+00:00,0.0
2010-12-31 05:00:00+00:00,0.0
2010-12-31 06:00:00+00:00,0.0
2010-12-31 07:00:00+00:00,0.0
2010-12-31 08:00:00+00:00,0.0
2010-12-31 09:00:00+00:00,0.0
2010-12-31 10:00:00+00:00,0.0
2010-12-31 11:00:00+00:00,0.0
2010-12-31 12:00:00+00:00,0.0
2010-12-31 13:00:00+00:00,0.0
2010-12-31 14:00:00+00:00,0.058368645999999996
2010-12-31 15:00:00+00:00,0.05067137
2010-12-31 16:00:00+00:00,0.035832234
2010-12-31 17:00:00+00:00,0.022906164
2010-12-31 18:00:00+00:00,0.060150772000000005
2010-12-31 19:00:00+00:00,0.0944454
2010-12-31 20:00:00+00:00,0.13441664
2010-12-31 21:00:00+00:00,0.22934298
2010-12-31 22:00:00+00:00,0.04367299
2010-12-31 23:00:00+00:00,0.0
2011-01-01 00:00:00+00:00,0.0
2011-01-01 01:00:00+00:00,0.0
2011-01-01 02:00:00+00:00,0.0
2011-01-01 03:00:00+00:00,0.0
2011-01-01 04:00:00+00:00,0.0
2011-01-01 05:00:00+00:00,0.0
2011-01-01 06:00:00+00:00,0.0
2011-01-01 07:00:00+00:00,0.0
2011-01-01 08:00:00+00:00,0.0
2011-01-01 09:00:00+00:00,0.0
2011-01-01 10:00:00+00:00,0.0
2011-01-01 11:00:00+00:00,0.0
2011-01-01 12:00:00+00:00,0.0
2011-01-01 13:00:00+00:00,0.0
2011-01-01 14:00:00+00:00,0.32055572
2011-01-01 15:00:00+00:00,0.5548881999999999
2011-01-01 16:00:00+00:00,0.52898943
2011-01-01 17:00:00+00:00,0.47306509999999996
2011-01-01 18:00:00+00:00,0.45805126
2011-01-01 19:00:00+00:00,0.5013674
2011-01-01 20:00:00+00:00,0.54668075
2011-01-01 21:00:00+00:00,0.45967084
2011-01-01 22:00:00+00:00,0.102331765
2011-01-01 23:00:00+00:00,0.0
2011-01-02 00:00:00+00:00,0.0
2011-01-02 01:00:00+00:00,0.0
2011-01-02 02:00:00+00:00,0.0
2011-01-02 03:00:00+00:00,0.0
2011-01-02 04:00:00+00:00,0.0
2011-01-02 05:00:00+00:00,0.0
2011-01-02 06:00:00+00:00,0.0
2011-01-02 07:00:00+00:00,0.0
2011-01-02 08:00:00+00:00,0.0
2011-01-02 09:00:00+00:00,0.0
2011-01-02 10:00:00+00:00,0.0
2011-01-02 11:00:00+00:00,0.0
2011-01-02 12:00:00+00:00,0.0
2011-01-02 13:00:00+00:00,0.0
2011-01-02 14:00:00+00:00,0.311787
2011-01-02 15:00:00+00:00,0.5416829000000001
2011-01-02 16:00:00+00:00,0.51806974
2011-01-02 17:00:00+00:00,0.46302626
2011-01-02 18:00:00+00:00,0.4478902
2011-01-02 19:00:00+00:00,0.48850020000000005
2011-01-02 20:00:00+00:00,0.5318826999999999
2011-01-02 21:00:00+00:00,0.4529747
2011-01-02 22:00:00+00:00,0.10874719
2011-01-02 23:00:00+00:00,0.0
2011-01-03 00:00:00+00:00,0.0
2011-01-03 01:00:00+00:00,0.0
2011-01-03 02:00:00+00:00,0.0
2011-01-03 03:00:00+00:00,0.0
2011-01-03 04:00:00+00:00,0.0
2011-01-03 05:00:00+00:00,0.0
2011-01-03 06:00:00+00:00,0.0
2011-01-03 07:00:00+00:00,0.0
2011-01-03 08:00:00+00:00,0.0
2011-01-03 09:00:00+00:00,0.0
2011-01-03 10:00:00+00:00,0.0
2011-01-03 11:00:00+00:00,0.0
2011-01-03 12:00:00+00:00,0.0
2011-01-03 13:00:00+00:00,0.0
2011-01-03 14:00:00+00:00,0.28418398
2011-01-03 15:00:00+00:00,0.5182094
2011-01-03 16:00:00+00:00,0.5068458
2011-01-03 17:00:00+00:00,0.4562365
2011-01-03 18:00:00+00:00,0.44402298
2011-01-03 19:00:00+00:00,0.48657477
2011-01-03 20:00:00+00:00,0.53504443
2011-01-03 21:00:00+00:00,0.45530117
2011-01-03 22:00:00+00:00,0.11290157599999999
2011-01-03 23:00:00+00:00,0.0
2011-01-04 00:00:00+00:00,0.0
2011-01-04 01:00:00+00:00,0.0
2011-01-04 02:00:00+00:00,0.0
2011-01-04 03:00:00+00:00,0.0
2011-01-04 04:00:00+00:00,0.0
2011-01-04 05:00:00+00:00,0.0
2011-01-04 06:00:00+00:00,0.0
2011-01-04 07:00:00+00:00,0.0
2011-01-04 08:00:00+00:00,0.0
2011-01-04 09:00:00+00:00,0.0
2011-01-04 10:00:00+00:00,0.0
2011-01-04 11:00:00+00:00,0.0
2011-01-04 12:00:00+00:00,0.0
2011-01-04 13:00:00+00:00,0.0
2011-01-04 14:00:00+00:00,0.29387712
2011-01-04 15:00:00+00:00,0.33583587
2011-01-04 16:00:00+00:00,0.37872872
2011-01-04 17:00:00+00:00,0.31083518
2011-01-04 18:00:00+00:00,0.2302817
2011-01-04 19:00:00+00:00,0.3418636
2011-01-04 20:00:00+00:00,0.27020836
2011-01-04 21:00:00+00:00,0.3868124
2011-01-04 22:00:00+00:00,0.09472456
2011-01-04 23:00:00+00:00,0.0
2011-01-05 00:00:00+00:00,0.0
2011-01-05 01:00:00+00:00,0.0
2011-01-05 02:00:00+00:00,0.0
2011-01-05 03:00:00+00:00,0.0
2011-01-05 04:00:00+00:00,0.0
2011-01-05 05:00:00+00:00,0.0
2011-01-05 06:00:00+00:00,0.0
2011-01-05 07:00:00+00:00,0.0
2011-01-05 08:00:00+00:00,0.0
2011-01-05 09:00:00+00:00,0.0
2011-01-05 10:00:00+00:00,0.0
2011-01-05 11:00:00+00:00,0.0
2011-01-05 12:00:00+00:00,0.0
2011-01-05 13:00:00+00:00,0.0
2011-01-05 14:00:00+00:00,0.28908649999999997
2011-01-05 15:00:00+00:00,0.51718867
2011-01-05 16:00:00+00:00,0.50634736
2011-01-05 17:00:00+00:00,0.16485071
2011-01-05 18:00:00+00:00,0.11747496
2011-01-05 19:00:00+00:00,0.34385893
2011-01-05 20:00:00+00:00,0.12288961
2011-01-05 21:00:00+00:00,0.11652976
2011-01-05 22:00:00+00:00,0.018164763
2011-01-05 23:00:00+00:00,0.0
2011-01-06 00:00:00+00:00,0.0
2011-01-06 01:00:00+00:00,0.0
2011-01-06 02:00:00+00:00,0.0
2011-01-06 03:00:00+00:00,0.0
2011-01-06 04:00:00+00:00,0.0
2011-01-06 05:00:00+00:00,0.0
2011-01-06 06:00:00+00:00,0.0
2011-01-06 07:00:00+00:00,0.0
2011-01-06 08:00:00+00:00,0.0
2011-01-06 09:00:00+00:00,0.0
2011-01-06 10:00:00+00:00,0.0
2011-01-06 11:00:00+00:00,0.0
2011-01-06 12:00:00+00:00,0.0
2011-01-06 13:00:00+00:00,0.0
2011-01-06 14:00:00+00:00,0.010513972
2011-01-06 15:00:00+00:00,0.10686695
2011-01-06 16:00:00+00:00,0.12365722
2011-01-06 17:00:00+00:00,0.09743485
2011-01-06 18:00:00+00:00,0.08342896
2011-01-06 19:00:00+00:00,0.20978604
2011-01-06 20:00:00+00:00,0.16629246
2011-01-06 21:00:00+00:00,0.15492015
2011-01-06 22:00:00+00:00,0.0301295
2011-01-06 23:00:00+00:00,0.0
2011-01-07 00:00:00+00:00,0.0
2011-01-07 01:00:00+00:00,0.0
2011-01-07 02:00:00+00:00,0.0
2011-01-07 03:00:00+00:00,0.0
2011-01-07 04:00:00+00:00,0.0
2011-01-07 05:00:00+00:00,0.0
2011-01-07 06:00:00+00:00,0.0
2011-01-07 07:00:00+00:00,0.0
2011-01-07 08:00:00+00:00,0.0
2011-01-07 09:00:00+00:00,0.0
2011-01-07 10:00:00+00:00,0.0
2011-01-07 11:00:00+00:00,0.0
2011-01-07 12:00:00+00:00,0.0
2011-01-07 13:00:00+00:00,0.0
2011-01-07 14:00:00+00:00,0.28625244
2011-01-07 15:00:00+00:00,0.18095472
2011-01-07 16:00:00+00:00,0.11370960599999999
2011-01-07 17:00:00+00:00,0.2632322
2011-01-07 18:00:00+00:00,0.45261198
2011-01-07 19:00:00+00:00,0.5368151999999999
2011-01-07 20:00:00+00:00,0.5789805
2011-01-07 21:00:00+00:00,0.51116484
2011-01-07 22:00:00+00:00,0.14893724
2011-01-07 23:00:00+00:00,0.0
2011-01-08 00:00:00+00:00,0.0
2011-01-08 01:00:00+00:00,0.0
2011-01-08 02:00:00+00:00,0.0
2011-01-08 03:00:00+00:00,0.0
2011-01-08 04:00:00+00:00,0.0
2011-01-08 05:00:00+00:00,0.0
2011-01-08 06:00:00+00:00,0.0
2011-01-08 07:00:00+00:00,0.0
2011-01-08 08:00:00+00:00,0.0
2011-01-08 09:00:00+00:00,0.0
2011-01-08 10:00:00+00:00,0.0
2011-01-08 11:00:00+00:00,0.0
2011-01-08 12:00:00+00:00,0.0
2011-01-08 13:00:00+00:00,0.0
2011-01-08 14:00:00+00:00,0.10987918
2011-01-08 15:00:00+00:00,0.3813078
2011-01-08 16:00:00+00:00,0.53815186
2011-01-08 17:00:00+00:00,0.49395308
2011-01-08 18:00:00+00:00,0.47476450000000003
2011-01-08 19:00:00+00:00,0.5082148
2011-01-08 20:00:00+00:00,0.28569138
2011-01-08 21:00:00+00:00,0.34587398
2011-01-08 22:00:00+00:00,0.10354714
2011-01-08 23:00:00+00:00,0.0
2011-01-09 00:00:00+00:00,0.0
2011-01-09 01:00:00+00:00,0.0
2011-01-09 02:00:00+00:00,0.0
2011-01-09 03:00:00+00:00,0.0
2011-01-09 04:00:00+00:00,0.0
2011-01-09 05:00:00+00:00,0.0
2011-01-09 06:00:00+00:00,0.0
2011-01-09 07:00:00+00:00,0.0
2011-01-09 08:00:00+00:00,0.0
2011-01-09 09:00:00+00:00,0.0
2011-01-09 10:00:00+00:00,0.0
2011-01-09 11:00:00+00:00,0.0
2011-01-09 12:00:00+00:00,0.0
2011-01-09 13:00:00+00:00,0.0
2011-01-09 14:00:00+00:00,0.035916418
2011-01-09 15:00:00+00:00,0.15916115
2011-01-09 16:00:00+00:00,0.19208486
2011-01-09 17:00:00+00:00,0.17914547
2011-01-09 18:00:00+00:00,0.2021393
2011-01-09 19:00:00+00:00,0.22617670000000004
2011-01-09 20:00:00+00:00,0.2001605
2011-01-09 21:00:00+00:00,0.11938868
2011-01-09 22:00:00+00:00,0.0045460666999999995
2011-01-09 23:00:00+00:00,0.0
2011-01-10 00:00:00+00:00,0.0
2011-01-10 01:00:00+00:00,0.0
2011-01-10 02:00:00+00:00,0.0
2011-01-10 03:00:00+00:00,0.0
2011-01-10 04:00:00+00:00,0.0
2011-01-10 05:00:00+00:00,0.0
2011-01-10 06:00:00+00:00,0.0
2011-01-10 07:00:00+00:00,0.0
2011-01-10 08:00:00+00:00,0.0
2011-01-10 09:00:00+00:00,0.0
2011-01-10 10:00:00+00:00,0.0
2011-01-10 11:00:00+00:00,0.0
2011-01-10 12:00:00+00:00,0.0
2011-01-10 13:00:00+00:00,0.0
2011-01-10 14:00:00+00:00,0.0023839353
2011-01-10 15:00:00+00:00,0.041429304
2011-01-10 16:00:00+00:00,0.05989540000000001
2011-01-10 17:00:00+00:00,0.077616386
2011-01-10 18:00:00+00:00,0.108906575
2011-01-10 19:00:00+00:00,0.07595315
2011-01-10 20:00:00+00:00,0.06487511
2011-01-10 21:00:00+00:00,0.02927385
2011-01-10 22:00:00+00:00,0.024151997999999997
2011-01-10 23:00:00+00:00,0.0
2011-01-11 00:00:00+00:00,0.0
2011-01-11 01:00:00+00:00,0.0
2011-01-11 02:00:00+00:00,0.0
2011-01-11 03:00:00+00:00,0.0
2011-01-11 04:00:00+00:00,0.0
2011-01-11 05:00:00+00:00,0.0
2011-01-11 06:00:00+00:00,0.0
2011-01-11 07:00:00+00:00,0.0
2011-01-11 08:00:00+00:00,0.0
2011-01-11 09:00:00+00:00,0.0
2011-01-11 10:00:00+00:00,0.0
2011-01-11 11:00:00+00:00,0.0
2011-01-11 12:00:00+00:00,0.0
2011-01-11 13:00:00+00:00,0.0
2011-01-11 14:00:00+00:00,0.023114573
2011-01-11 15:00:00+00:00,0.089563735
2011-01-11 16:00:00+00:00,0.13033898
2011-01-11 17:00:00+00:00,0.15791936
2011-01-11 18:00:00+00:00,0.15739544
2011-01-11 19:00:00+00:00,0.10824033599999999
2011-01-11 20:00:00+00:00,0.10521065
2011-01-11 21:00:00+00:00,0.06488486
2011-01-11 22:00:00+00:00,0.057031382
2011-01-11 23:00:00+00:00,0.0
2011-01-12 00:00:00+00:00,0.0
2011-01-12 01:00:00+00:00,0.0
2011-01-12 02:00:00+00:00,0.0
2011-01-12 03:00:00+00:00,0.0
2011-01-12 04:00:00+00:00,0.0
2011-01-12 05:00:00+00:00,0.0
2011-01-12 06:00:00+00:00,0.0
2011-01-12 07:00:00+00:00,0.0
2011-01-12 08:00:00+00:00,0.0
2011-01-12 09:00:00+00:00,0.0
2011-01-12 10:00:00+00:00,0.0
2011-01-12 11:00:00+00:00,0.0
2011-01-12 12:00:00+00:00,0.0
2011-01-12 13:00:00+00:00,0.0
2011-01-12 14:00:00+00:00,0.064661525
2011-01-12 15:00:00+00:00,0.14497253
2011-01-12 16:00:00+00:00,0.32948679999999997
2011-01-12 17:00:00+00:00,0.24004881
2011-01-12 18:00:00+00:00,0.26577583
2011-01-12 19:00:00+00:00,0.20764443
2011-01-12 20:00:00+00:00,0.20927072
2011-01-12 21:00:00+00:00,0.03837639
2011-01-12 22:00:00+00:00,0.015215264
2011-01-12 23:00:00+00:00,0.0
2011-01-13 00:00:00+00:00,0.0
2011-01-13 01:00:00+00:00,0.0
2011-01-13 02:00:00+00:00,0.0
2011-01-13 03:00:00+00:00,0.0
2011-01-13 04:00:00+00:00,0.0
2011-01-13 05:00:00+00:00,0.0
2011-01-13 06:00:00+00:00,0.0
2011-01-13 07:00:00+00:00,0.0
2011-01-13 08:00:00+00:00,0.0
2011-01-13 09:00:00+00:00,0.0
2011-01-13 10:00:00+00:00,0.0
2011-01-13 11:00:00+00:00,0.0
2011-01-13 12:00:00+00:00,0.0
2011-01-13 13:00:00+00:00,0.0
2011-01-13 14:00:00+00:00,0.26582795
2011-01-13 15:00:00+00:00,0.40089276
2011-01-13 16:00:00+00:00,0.33388644
2011-01-13 17:00:00+00:00,0.49778602
2011-01-13 18:00:00+00:00,0.35504174
2011-01-13 19:00:00+00:00,0.37436929999999996
2011-01-13 20:00:00+00:00,0.3602249
2011-01-13 21:00:00+00:00,0.28843725
2011-01-13 22:00:00+00:00,0.11713903
2011-01-13 23:00:00+00:00,0.0
2011-01-14 00:00:00+00:00,0.0
2011-01-14 01:00:00+00:00,0.0
2011-01-14 02:00:00+00:00,0.0
2011-01-14 03:00:00+00:00,0.0
2011-01-14 04:00:00+00:00,0.0
2011-01-14 05:00:00+00:00,0.0
2011-01-14 06:00:00+00:00,0.0
2011-01-14 07:00:00+00:00,0.0
2011-01-14 08:00:00+00:00,0.0
2011-01-14 09:00:00+00:00,0.0
2011-01-14 10:00:00+00:00,0.0
2011-01-14 11:00:00+00:00,0.0
2011-01-14 12:00:00+00:00,0.0
2011-01-14 13:00:00+00:00,0.0
2011-01-14 14:00:00+00:00,0.03084645
2011-01-14 15:00:00+00:00,0.2521634
2011-01-14 16:00:00+00:00,0.31383148
2011-01-14 17:00:00+00:00,0.38913998
2011-01-14 18:00:00+00:00,0.34809875
2011-01-14 19:00:00+00:00,0.38535863
2011-01-14 20:00:00+00:00,0.43790248
2011-01-14 21:00:00+00:00,0.4650338
2011-01-14 22:00:00+00:00,0.15233877
2011-01-14 23:00:00+00:00,0.0
2011-01-15 00:00:00+00:00,0.0
2011-01-15 01:00:00+00:00,0.0
2011-01-15 02:00:00+00:00,0.0
2011-01-15 03:00:00+00:00,0.0
2011-01-15 04:00:00+00:00,0.0
2011-01-15 05:00:00+00:00,0.0
2011-01-15 06:00:00+00:00,0.0
2011-01-15 07:00:00+00:00,0.0
2011-01-15 08:00:00+00:00,0.0
2011-01-15 09:00:00+00:00,0.0
2011-01-15 10:00:00+00:00,0.0
2011-01-15 11:00:00+00:00,0.0
2011-01-15 12:00:00+00:00,0.0
2011-01-15 13:00:00+00:00,0.0
2011-01-15 14:00:00+00:00,0.2730605
2011-01-15 15:00:00+00:00,0.05579021
2011-01-15 16:00:00+00:00,0.116701156
2011-01-15 17:00:00+00:00,0.16159391
2011-01-15 18:00:00+00:00,0.19357042
2011-01-15 19:00:00+00:00,0.17741454
2011-01-15 20:00:00+00:00,0.11628026
2011-01-15 21:00:00+00:00,0.05803134
2011-01-15 22:00:00+00:00,0.016461292
2011-01-15 23:00:00+00:00,0.0
2011-01-16 00:00:00+00:00,0.0
2011-01-16 01:00:00+00:00,0.0
2011-01-16 02:00:00+00:00,0.0
2011-01-16 03:00:00+00:00,0.0
2011-01-16 04:00:00+00:00,0.0
2011-01-16 05:00:00+00:00,0.0
2011-01-16 06:00:00+00:00,0.0
2011-01-16 07:00:00+00:00,0.0
2011-01-16 08:00:00+00:00,0.0
2011-01-16 09:00:00+00:00,0.0
2011-01-16 10:00:00+00:00,0.0
2011-01-16 11:00:00+00:00,0.0
2011-01-16 12:00:00+00:00,0.0
2011-01-16 13:00:00+00:00,0.0
2011-01-16 14:00:00+00:00,0.019395908
2011-01-16 15:00:00+00:00,0.112168096
2011-01-16 16:00:00+00:00,0.13572054
2011-01-16 17:00:00+00:00,0.18064082
2011-01-16 18:00:00+00:00,0.118377574
2011-01-16 19:00:00+00:00,0.17669407
2011-01-16 20:00:00+00:00,0.16859339
2011-01-16 21:00:00+00:00,0.096960604
2011-01-16 22:00:00+00:00,0.01383655
2011-01-16 23:00:00+00:00,0.0
2011-01-17 00:00:00+00:00,0.0
2011-01-17 01:00:00+00:00,0.0
2011-01-17 02:00:00+00:00,0.0
2011-01-17 03:00:00+00:00,0.0
2011-01-17 04:00:00+00:00,0.0
2011-01-17 05:00:00+00:00,0.0
2011-01-17 06:00:00+00:00,0.0
2011-01-17 07:00:00+00:00,0.0
2011-01-17 08:00:00+00:00,0.0
2011-01-17 09:00:00+00:00,0.0
2011-01-17 10:00:00+00:00,0.0
2011-01-17 11:00:00+00:00,0.0
2011-01-17 12:00:00+00:00,0.0
2011-01-17 13:00:00+00:00,0.0
2011-01-17 14:00:00+00:00,0.0034231509
2011-01-17 15:00:00+00:00,0.005286941999999999
2011-01-17 16:00:00+00:00,0.028830717999999998
2011-01-17 17:00:00+00:00,0.058266085
2011-01-17 18:00:00+00:00,0.0632026
2011-01-17 19:00:00+00:00,0.13186345
2011-01-17 20:00:00+00:00,0.026965657
2011-01-17 21:00:00+00:00,0.008935355
2011-01-17 22:00:00+00:00,0.00868726
2011-01-17 23:00:00+00:00,0.0
2011-01-18 00:00:00+00:00,0.0
2011-01-18 01:00:00+00:00,0.0
2011-01-18 02:00:00+00:00,0.0
2011-01-18 03:00:00+00:00,0.0
2011-01-18 04:00:00+00:00,0.0
2011-01-18 05:00:00+00:00,0.0
2011-01-18 06:00:00+00:00,0.0
2011-01-18 07:00:00+00:00,0.0
2011-01-18 08:00:00+00:00,0.0
2011-01-18 09:00:00+00:00,0.0
2011-01-18 10:00:00+00:00,0.0
2011-01-18 11:00:00+00:00,0.0
2011-01-18 12:00:00+00:00,0.0
2011-01-18 13:00:00+00:00,0.0
2011-01-18 14:00:00+00:00,0.005028212
2011-01-18 15:00:00+00:00,0.03675445
2011-01-18 16:00:00+00:00,0.026769994
2011-01-18 17:00:00+00:00,0.06451466
2011-01-18 18:00:00+00:00,0.0629459
2011-01-18 19:00:00+00:00,0.04910126
2011-01-18 20:00:00+00:00,0.026343107
2011-01-18 21:00:00+00:00,0.014607878000000001
2011-01-18 22:00:00+00:00,0.113178805
2011-01-18 23:00:00+00:00,0.0
2011-01-19 00:00:00+00:00,0.0
2011-01-19 01:00:00+00:00,0.0
2011-01-19 02:00:00+00:00,0.0
2011-01-19 03:00:00+00:00,0.0
2011-01-19 04:00:00+00:00,0.0
2011-01-19 05:00:00+00:00,0.0
2011-01-19 06:00:00+00:00,0.0
2011-01-19 07:00:00+00:00,0.0
2011-01-19 08:00:00+00:00,0.0
2011-01-19 09:00:00+00:00,0.0
2011-01-19 10:00:00+00:00,0.0
2011-01-19 11:00:00+00:00,0.0
2011-01-19 12:00:00+00:00,0.0
2011-01-19 13:00:00+00:00,0.0
2011-01-19 14:00:00+00:00,0.05840642
2011-01-19 15:00:00+00:00,0.042897686
2011-01-19 16:00:00+00:00,0.121162884
2011-01-19 17:00:00+00:00,0.17492743
2011-01-19 18:00:00+00:00,0.110455625
2011-01-19 19:00:00+00:00,0.121220715
2011-01-19 20:00:00+00:00,0.084757015
2011-01-19 21:00:00+00:00,0.102021664
2011-01-19 22:00:00+00:00,0.004529265
2011-01-19 23:00:00+00:00,0.0
2011-01-20 00:00:00+00:00,0.0
2011-01-20 01:00:00+00:00,0.0
2011-01-20 02:00:00+00:00,0.0
2011-01-20 03:00:00+00:00,0.0
2011-01-20 04:00:00+00:00,0.0
2011-01-20 05:00:00+00:00,0.0
2011-01-20 06:00:00+00:00,0.0
2011-01-20 07:00:00+00:00,0.0
2011-01-20 08:00:00+00:00,0.0
2011-01-20 09:00:00+00:00,0.0
2011-01-20 10:00:00+00:00,0.0
2011-01-20 11:00:00+00:00,0.0
2011-01-20 12:00:00+00:00,0.0
2011-01-20 13:00:00+00:00,0.0
2011-01-20 14:00:00+00:00,0.3686632
2011-01-20 15:00:00+00:00,0.6188397
2011-01-20 16:00:00+00:00,0.14060217
2011-01-20 17:00:00+00:00,0.41507566
2011-01-20 18:00:00+00:00,0.30759585
2011-01-20 19:00:00+00:00,0.33603364
2011-01-20 20:00:00+00:00,0.21020906
2011-01-20 21:00:00+00:00,0.35562915
2011-01-20 22:00:00+00:00,0.2380328
2011-01-20 23:00:00+00:00,0.0
2011-01-21 00:00:00+00:00,0.0
2011-01-21 01:00:00+00:00,0.0
2011-01-21 02:00:00+00:00,0.0
2011-01-21 03:00:00+00:00,0.0
2011-01-21 04:00:00+00:00,0.0
2011-01-21 05:00:00+00:00,0.0
2011-01-21 06:00:00+00:00,0.0
2011-01-21 07:00:00+00:00,0.0
2011-01-21 08:00:00+00:00,0.0
2011-01-21 09:00:00+00:00,0.0
2011-01-21 10:00:00+00:00,0.0
2011-01-21 11:00:00+00:00,0.0
2011-01-21 12:00:00+00:00,0.0
2011-01-21 13:00:00+00:00,0.0
2011-01-21 14:00:00+00:00,0.34049278
2011-01-21 15:00:00+00:00,0.58142924
2011-01-21 16:00:00+00:00,0.578465
2011-01-21 17:00:00+00:00,0.53561956
2011-01-21 18:00:00+00:00,0.5166476
2011-01-21 19:00:00+00:00,0.23783295
2011-01-21 20:00:00+00:00,0.5954249
2011-01-21 21:00:00+00:00,0.5658624
2011-01-21 22:00:00+00:00,0.23292992
2011-01-21 23:00:00+00:00,0.0
2011-01-22 00:00:00+00:00,0.0
2011-01-22 01:00:00+00:00,0.0
2011-01-22 02:00:00+00:00,0.0
2011-01-22 03:00:00+00:00,0.0
2011-01-22 04:00:00+00:00,0.0
2011-01-22 05:00:00+00:00,0.0
2011-01-22 06:00:00+00:00,0.0
2011-01-22 07:00:00+00:00,0.0
2011-01-22 08:00:00+00:00,0.0
2011-01-22 09:00:00+00:00,0.0
2011-01-22 10:00:00+00:00,0.0
2011-01-22 11:00:00+00:00,0.0
2011-01-22 12:00:00+00:00,0.0
2011-01-22 13:00:00+00:00,0.0
2011-01-22 14:00:00+00:00,0.02917844
2011-01-22 15:00:00+00:00,0.121358365
2011-01-22 16:00:00+00:00,0.16659911
2011-01-22 17:00:00+00:00,0.23348336
2011-01-22 18:00:00+00:00,0.22816187
2011-01-22 19:00:00+00:00,0.29915038
2011-01-22 20:00:00+00:00,0.2998134
2011-01-22 21:00:00+00:00,0.14724479999999998
2011-01-22 22:00:00+00:00,0.22432113
2011-01-22 23:00:00+00:00,0.0
2011-01-23 00:00:00+00:00,0.0
2011-01-23 01:00:00+00:00,0.0
2011-01-23 02:00:00+00:00,0.0
2011-01-23 03:00:00+00:00,0.0
2011-01-23 04:00:00+00:00,0.0
2011-01-23 05:00:00+00:00,0.0
2011-01-23 06:00:00+00:00,0.0
2011-01-23 07:00:00+00:00,0.0
2011-01-23 08:00:00+00:00,0.0
2011-01-23 09:00:00+00:00,0.0
2011-01-23 10:00:00+00:00,0.0
2011-01-23 11:00:00+00:00,0.0
2011-01-23 12:00:00+00:00,0.0
2011-01-23 13:00:00+00:00,0.0
2011-01-23 14:00:00+00:00,0.018944653
2011-01-23 15:00:00+00:00,0.11107769
2011-01-23 16:00:00+00:00,0.16709143
2011-01-23 17:00:00+00:00,0.18964282
2011-01-23 18:00:00+00:00,0.17193632
2011-01-23 19:00:00+00:00,0.09114798
2011-01-23 20:00:00+00:00,0.045135915
2011-01-23 21:00:00+00:00,0.026509303999999997
2011-01-23 22:00:00+00:00,0.10121279
2011-01-23 23:00:00+00:00,0.0
2011-01-24 00:00:00+00:00,0.0
2011-01-24 01:00:00+00:00,0.0
2011-01-24 02:00:00+00:00,0.0
2011-01-24 03:00:00+00:00,0.0
2011-01-24 04:00:00+00:00,0.0
2011-01-24 05:00:00+00:00,0.0
2011-01-24 06:00:00+00:00,0.0
2011-01-24 07:00:00+00:00,0.0
2011-01-24 08:00:00+00:00,0.0
2011-01-24 09:00:00+00:00,0.0
2011-01-24 10:00:00+00:00,0.0
2011-01-24 11:00:00+00:00,0.0
2011-01-24 12:00:00+00:00,0.0
2011-01-24 13:00:00+00:00,0.0
2011-01-24 14:00:00+00:00,0.1538067
2011-01-24 15:00:00+00:00,0.17627
2011-01-24 16:00:00+00:00,0.15092787
2011-01-24 17:00:00+00:00,0.14099460000000003
2011-01-24 18:00:00+00:00,0.15850548
2011-01-24 19:00:00+00:00,0.17306848
2011-01-24 20:00:00+00:00,0.096583985
2011-01-24 21:00:00+00:00,0.028897665
2011-01-24 22:00:00+00:00,0.0036747362
2011-01-24 23:00:00+00:00,0.0
2011-01-25 00:00:00+00:00,0.0
2011-01-25 01:00:00+00:00,0.0
2011-01-25 02:00:00+00:00,0.0
2011-01-25 03:00:00+00:00,0.0
2011-01-25 04:00:00+00:00,0.0
2011-01-25 05:00:00+00:00,0.0
2011-01-25 06:00:00+00:00,0.0
2011-01-25 07:00:00+00:00,0.0
2011-01-25 08:00:00+00:00,0.0
2011-01-25 09:00:00+00:00,0.0
2011-01-25 10:00:00+00:00,0.0
2011-01-25 11:00:00+00:00,0.0
2011-01-25 12:00:00+00:00,0.0
2011-01-25 13:00:00+00:00,0.0
2011-01-25 14:00:00+00:00,0.018499445
2011-01-25 15:00:00+00:00,0.06898624
2011-01-25 16:00:00+00:00,0.05747981
2011-01-25 17:00:00+00:00,0.14520048
2011-01-25 18:00:00+00:00,0.1772606
2011-01-25 19:00:00+00:00,0.12091795
2011-01-25 20:00:00+00:00,0.077842265
2011-01-25 21:00:00+00:00,0.038712684
2011-01-25 22:00:00+00:00,0.22981471
2011-01-25 23:00:00+00:00,0.0
2011-01-26 00:00:00+00:00,0.0
2011-01-26 01:00:00+00:00,0.0
2011-01-26 02:00:00+00:00,0.0
2011-01-26 03:00:00+00:00,0.0
2011-01-26 04:00:00+00:00,0.0
2011-01-26 05:00:00+00:00,0.0
2011-01-26 06:00:00+00:00,0.0
2011-01-26 07:00:00+00:00,0.0
2011-01-26 08:00:00+00:00,0.0
2011-01-26 09:00:00+00:00,0.0
2011-01-26 10:00:00+00:00,0.0
2011-01-26 11:00:00+00:00,0.0
2011-01-26 12:00:00+00:00,0.0
2011-01-26 13:00:00+00:00,0.0
2011-01-26 14:00:00+00:00,0.22285685
2011-01-26 15:00:00+00:00,0.0825515
2011-01-26 16:00:00+00:00,0.110826276
2011-01-26 17:00:00+00:00,0.14241615
2011-01-26 18:00:00+00:00,0.24423216
2011-01-26 19:00:00+00:00,0.16278072
2011-01-26 20:00:00+00:00,0.09871195
2011-01-26 21:00:00+00:00,0.14700282
2011-01-26 22:00:00+00:00,0.09215906
2011-01-26 23:00:00+00:00,0.0
2011-01-27 00:00:00+00:00,0.0
2011-01-27 01:00:00+00:00,0.0
2011-01-27 02:00:00+00:00,0.0
2011-01-27 03:00:00+00:00,0.0
2011-01-27 04:00:00+00:00,0.0
2011-01-27 05:00:00+00:00,0.0
2011-01-27 06:00:00+00:00,0.0
2011-01-27 07:00:00+00:00,0.0
2011-01-27 08:00:00+00:00,0.0
2011-01-27 09:00:00+00:00,0.0
2011-01-27 10:00:00+00:00,0.0
2011-01-27 11:00:00+00:00,0.0
2011-01-27 12:00:00+00:00,0.0
2011-01-27 13:00:00+00:00,0.0
2011-01-27 14:00:00+00:00,0.35198364
2011-01-27 15:00:00+00:00,0.5689695
2011-01-27 16:00:00+00:00,0.19961429
2011-01-27 17:00:00+00:00,0.23383997
2011-01-27 18:00:00+00:00,0.25406912
2011-01-27 19:00:00+00:00,0.39769924
2011-01-27 20:00:00+00:00,0.5953899
2011-01-27 21:00:00+00:00,0.5670076999999999
2011-01-27 22:00:00+00:00,0.2702317
2011-01-27 23:00:00+00:00,0.0
2011-01-28 00:00:00+00:00,0.0
2011-01-28 01:00:00+00:00,0.0
2011-01-28 02:00:00+00:00,0.0
2011-01-28 03:00:00+00:00,0.0
2011-01-28 04:00:00+00:00,0.0
2011-01-28 05:00:00+00:00,0.0
2011-01-28 06:00:00+00:00,0.0
2011-01-28 07:00:00+00:00,0.0
2011-01-28 08:00:00+00:00,0.0
2011-01-28 09:00:00+00:00,0.0
2011-01-28 10:00:00+00:00,0.0
2011-01-28 11:00:00+00:00,0.0
2011-01-28 12:00:00+00:00,0.0
2011-01-28 13:00:00+00:00,0.0
2011-01-28 14:00:00+00:00,0.35899559999999997
2011-01-28 15:00:00+00:00,0.5643099
2011-01-28 16:00:00+00:00,0.5664853
2011-01-28 17:00:00+00:00,0.52744436
2011-01-28 18:00:00+00:00,0.5083902
2011-01-28 19:00:00+00:00,0.5356489000000001
2011-01-28 20:00:00+00:00,0.5722639
2011-01-28 21:00:00+00:00,0.5398270000000001
2011-01-28 22:00:00+00:00,0.26338884
2011-01-28 23:00:00+00:00,0.0
2011-01-29 00:00:00+00:00,0.0
2011-01-29 01:00:00+00:00,0.0
2011-01-29 02:00:00+00:00,0.0
2011-01-29 03:00:00+00:00,0.0
2011-01-29 04:00:00+00:00,0.0
2011-01-29 05:00:00+00:00,0.0
2011-01-29 06:00:00+00:00,0.0
2011-01-29 07:00:00+00:00,0.0
2011-01-29 08:00:00+00:00,0.0
2011-01-29 09:00:00+00:00,0.0
2011-01-29 10:00:00+00:00,0.0
2011-01-29 11:00:00+00:00,0.0
2011-01-29 12:00:00+00:00,0.0
2011-01-29 13:00:00+00:00,0.0
2011-01-29 14:00:00+00:00,0.31054035
2011-01-29 15:00:00+00:00,0.52054024
2011-01-29 16:00:00+00:00,0.5338458
2011-01-29 17:00:00+00:00,0.5010069
2011-01-29 18:00:00+00:00,0.476257
2011-01-29 19:00:00+00:00,0.49647707
2011-01-29 20:00:00+00:00,0.51430076
2011-01-29 21:00:00+00:00,0.43321803
2011-01-29 22:00:00+00:00,0.19604823
2011-01-29 23:00:00+00:00,0.0
2011-01-30 00:00:00+00:00,0.0
2011-01-30 01:00:00+00:00,0.0
2011-01-30 02:00:00+00:00,0.0
2011-01-30 03:00:00+00:00,0.0
2011-01-30 04:00:00+00:00,0.0
2011-01-30 05:00:00+00:00,0.0
2011-01-30 06:00:00+00:00,0.0
2011-01-30 07:00:00+00:00,0.0
2011-01-30 08:00:00+00:00,0.0
2011-01-30 09:00:00+00:00,0.0
2011-01-30 10:00:00+00:00,0.0
2011-01-30 11:00:00+00:00,0.0
2011-01-30 12:00:00+00:00,0.0
2011-01-30 13:00:00+00:00,0.0
2011-01-30 14:00:00+00:00,0.0034140541999999998
2011-01-30 15:00:00+00:00,0.036729738
2011-01-30 16:00:00+00:00,0.06266106
2011-01-30 17:00:00+00:00,0.090017445
2011-01-30 18:00:00+00:00,0.14125739999999998
2011-01-30 19:00:00+00:00,0.06896425
2011-01-30 20:00:00+00:00,0.041299722999999997
2011-01-30 21:00:00+00:00,0.03058383
2011-01-30 22:00:00+00:00,0.0026146395
2011-01-30 23:00:00+00:00,0.0
2011-01-31 00:00:00+00:00,0.0
2011-01-31 01:00:00+00:00,0.0
2011-01-31 02:00:00+00:00,0.0
2011-01-31 03:00:00+00:00,0.0
2011-01-31 04:00:00+00:00,0.0
2011-01-31 05:00:00+00:00,0.0
2011-01-31 06:00:00+00:00,0.0
2011-01-31 07:00:00+00:00,0.0
2011-01-31 08:00:00+00:00,0.0
2011-01-31 09:00:00+00:00,0.0
2011-01-31 10:00:00+00:00,0.0
2011-01-31 11:00:00+00:00,0.0
2011-01-31 12:00:00+00:00,0.0
2011-01-31 13:00:00+00:00,0.0
2011-01-31 14:00:00+00:00,0.00039583008
2011-01-31 15:00:00+00:00,0.005430374
2011-01-31 16:00:00+00:00,0.070369974
2011-01-31 17:00:00+00:00,0.1364624
2011-01-31 18:00:00+00:00,0.10485947
2011-01-31 19:00:00+00:00,0.07591821
2011-01-31 20:00:00+00:00,0.041858774
2011-01-31 21:00:00+00:00,0.021467311
2011-01-31 22:00:00+00:00,0.00560478
2011-01-31 23:00:00+00:00,0.0
2011-02-01 00:00:00+00:00,0.0
2011-02-01 01:00:00+00:00,0.0
2011-02-01 02:00:00+00:00,0.0
2011-02-01 03:00:00+00:00,0.0
2011-02-01 04:00:00+00:00,0.0
2011-02-01 05:00:00+00:00,0.0
2011-02-01 06:00:00+00:00,0.0
2011-02-01 07:00:00+00:00,0.0
2011-02-01 08:00:00+00:00,0.0
2011-02-01 09:00:00+00:00,0.0
2011-02-01 10:00:00+00:00,0.0
2011-02-01 11:00:00+00:00,0.0
2011-02-01 12:00:00+00:00,0.0
2011-02-01 13:00:00+00:00,0.0
2011-02-01 14:00:00+00:00,0.04029284
2011-02-01 15:00:00+00:00,0.121296555
2011-02-01 16:00:00+00:00,0.1488599
2011-02-01 17:00:00+00:00,0.19680382
2011-02-01 18:00:00+00:00,0.28578359999999997
2011-02-01 19:00:00+00:00,0.28580078
2011-02-01 20:00:00+00:00,0.28187633
2011-02-01 21:00:00+00:00,0.07399279
2011-02-01 22:00:00+00:00,0.030049235
2011-02-01 23:00:00+00:00,0.0
2011-02-02 00:00:00+00:00,0.0
2011-02-02 01:00:00+00:00,0.0
2011-02-02 02:00:00+00:00,0.0
2011-02-02 03:00:00+00:00,0.0
2011-02-02 04:00:00+00:00,0.0
2011-02-02 05:00:00+00:00,0.0
2011-02-02 06:00:00+00:00,0.0
2011-02-02 07:00:00+00:00,0.0
2011-02-02 08:00:00+00:00,0.0
2011-02-02 09:00:00+00:00,0.0
2011-02-02 10:00:00+00:00,0.0
2011-02-02 11:00:00+00:00,0.0
2011-02-02 12:00:00+00:00,0.0
2011-02-02 13:00:00+00:00,0.0
2011-02-02 14:00:00+00:00,0.42102690000000004
2011-02-02 15:00:00+00:00,0.29613087
2011-02-02 16:00:00+00:00,0.19900595
2011-02-02 17:00:00+00:00,0.21325684
2011-02-02 18:00:00+00:00,0.3867111
2011-02-02 19:00:00+00:00,0.41422507
2011-02-02 20:00:00+00:00,0.26610383
2011-02-02 21:00:00+00:00,0.2432302
2011-02-02 22:00:00+00:00,0.071881905
2011-02-02 23:00:00+00:00,0.0
2011-02-03 00:00:00+00:00,0.0
2011-02-03 01:00:00+00:00,0.0
2011-02-03 02:00:00+00:00,0.0
2011-02-03 03:00:00+00:00,0.0
2011-02-03 04:00:00+00:00,0.0
2011-02-03 05:00:00+00:00,0.0
2011-02-03 06:00:00+00:00,0.0
2011-02-03 07:00:00+00:00,0.0
2011-02-03 08:00:00+00:00,0.0
2011-02-03 09:00:00+00:00,0.0
2011-02-03 10:00:00+00:00,0.0
2011-02-03 11:00:00+00:00,0.0
2011-02-03 12:00:00+00:00,0.0
2011-02-03 13:00:00+00:00,0.0
2011-02-03 14:00:00+00:00,0.33612305
2011-02-03 15:00:00+00:00,0.42894757
2011-02-03 16:00:00+00:00,0.2592157
2011-02-03 17:00:00+00:00,0.3470368
2011-02-03 18:00:00+00:00,0.42046595
2011-02-03 19:00:00+00:00,0.27446052
2011-02-03 20:00:00+00:00,0.4609942
2011-02-03 21:00:00+00:00,0.55124736
2011-02-03 22:00:00+00:00,0.096110746
2011-02-03 23:00:00+00:00,0.0
2011-02-04 00:00:00+00:00,0.0
2011-02-04 01:00:00+00:00,0.0
2011-02-04 02:00:00+00:00,0.0
2011-02-04 03:00:00+00:00,0.0
2011-02-04 04:00:00+00:00,0.0
2011-02-04 05:00:00+00:00,0.0
2011-02-04 06:00:00+00:00,0.0
2011-02-04 07:00:00+00:00,0.0
2011-02-04 08:00:00+00:00,0.0
2011-02-04 09:00:00+00:00,0.0
2011-02-04 10:00:00+00:00,0.0
2011-02-04 11:00:00+00:00,0.0
2011-02-04 12:00:00+00:00,0.0
2011-02-04 13:00:00+00:00,1.5983542e-06
2011-02-04 14:00:00+00:00,0.26927418
2011-02-04 15:00:00+00:00,0.029614555
2011-02-04 16:00:00+00:00,0.062064457999999996
2011-02-04 17:00:00+00:00,0.10356248
2011-02-04 18:00:00+00:00,0.050344698
2011-02-04 19:00:00+00:00,0.1600498
2011-02-04 20:00:00+00:00,0.08512493
2011-02-04 21:00:00+00:00,0.013280736999999999
2011-02-04 22:00:00+00:00,0.008679837
2011-02-04 23:00:00+00:00,0.0
2011-02-05 00:00:00+00:00,0.0
2011-02-05 01:00:00+00:00,0.0
2011-02-05 02:00:00+00:00,0.0
2011-02-05 03:00:00+00:00,0.0
2011-02-05 04:00:00+00:00,0.0
2011-02-05 05:00:00+00:00,0.0
2011-02-05 06:00:00+00:00,0.0
2011-02-05 07:00:00+00:00,0.0
2011-02-05 08:00:00+00:00,0.0
2011-02-05 09:00:00+00:00,0.0
2011-02-05 10:00:00+00:00,0.0
2011-02-05 11:00:00+00:00,0.0
2011-02-05 12:00:00+00:00,0.0
2011-02-05 13:00:00+00:00,0.0
2011-02-05 14:00:00+00:00,0.08494178
2011-02-05 15:00:00+00:00,0.16979147
2011-02-05 16:00:00+00:00,0.41875336
2011-02-05 17:00:00+00:00,0.39029837
2011-02-05 18:00:00+00:00,0.36052322
2011-02-05 19:00:00+00:00,0.5258845999999999
2011-02-05 20:00:00+00:00,0.5281755
2011-02-05 21:00:00+00:00,0.31219196
2011-02-05 22:00:00+00:00,0.16992128
2011-02-05 23:00:00+00:00,0.0
2011-02-06 00:00:00+00:00,0.0
2011-02-06 01:00:00+00:00,0.0
2011-02-06 02:00:00+00:00,0.0
2011-02-06 03:00:00+00:00,0.0
2011-02-06 04:00:00+00:00,0.0
2011-02-06 05:00:00+00:00,0.0
2011-02-06 06:00:00+00:00,0.0
2011-02-06 07:00:00+00:00,0.0
2011-02-06 08:00:00+00:00,0.0
2011-02-06 09:00:00+00:00,0.0
2011-02-06 10:00:00+00:00,0.0
2011-02-06 11:00:00+00:00,0.0
2011-02-06 12:00:00+00:00,0.0
2011-02-06 13:00:00+00:00,0.0
2011-02-06 14:00:00+00:00,0.023192307000000002
2011-02-06 15:00:00+00:00,0.067043744
2011-02-06 16:00:00+00:00,0.09913366
2011-02-06 17:00:00+00:00,0.055335935
2011-02-06 18:00:00+00:00,0.12077249
2011-02-06 19:00:00+00:00,0.07130238400000001
2011-02-06 20:00:00+00:00,0.16310418
2011-02-06 21:00:00+00:00,0.058563835999999994
2011-02-06 22:00:00+00:00,0.10330696
2011-02-06 23:00:00+00:00,0.0
2011-02-07 00:00:00+00:00,0.0
2011-02-07 01:00:00+00:00,0.0
2011-02-07 02:00:00+00:00,0.0
2011-02-07 03:00:00+00:00,0.0
2011-02-07 04:00:00+00:00,0.0
2011-02-07 05:00:00+00:00,0.0
2011-02-07 06:00:00+00:00,0.0
2011-02-07 07:00:00+00:00,0.0
2011-02-07 08:00:00+00:00,0.0
2011-02-07 09:00:00+00:00,0.0
2011-02-07 10:00:00+00:00,0.0
2011-02-07 11:00:00+00:00,0.0
2011-02-07 12:00:00+00:00,0.0
2011-02-07 13:00:00+00:00,0.0030665563
2011-02-07 14:00:00+00:00,0.092695616
2011-02-07 15:00:00+00:00,0.16143358
2011-02-07 16:00:00+00:00,0.17558844
2011-02-07 17:00:00+00:00,0.16244517
2011-02-07 18:00:00+00:00,0.30307746
2011-02-07 19:00:00+00:00,0.46916208
2011-02-07 20:00:00+00:00,0.66523224
2011-02-07 21:00:00+00:00,0.65130734
2011-02-07 22:00:00+00:00,0.3921898
2011-02-07 23:00:00+00:00,0.0
2011-02-08 00:00:00+00:00,0.0
2011-02-08 01:00:00+00:00,0.0
2011-02-08 02:00:00+00:00,0.0
2011-02-08 03:00:00+00:00,0.0
2011-02-08 04:00:00+00:00,0.0
2011-02-08 05:00:00+00:00,0.0
2011-02-08 06:00:00+00:00,0.0
2011-02-08 07:00:00+00:00,0.0
2011-02-08 08:00:00+00:00,0.0
2011-02-08 09:00:00+00:00,0.0
2011-02-08 10:00:00+00:00,0.0
2011-02-08 11:00:00+00:00,0.0
2011-02-08 12:00:00+00:00,0.0
2011-02-08 13:00:00+00:00,0.00023794930000000002
2011-02-08 14:00:00+00:00,0.026630515
2011-02-08 15:00:00+00:00,0.09173119
2011-02-08 16:00:00+00:00,0.098365285
2011-02-08 17:00:00+00:00,0.2278946
2011-02-08 18:00:00+00:00,0.25296810000000003
2011-02-08 19:00:00+00:00,0.1879159
2011-02-08 20:00:00+00:00,0.11990197
2011-02-08 21:00:00+00:00,0.09052229
2011-02-08 22:00:00+00:00,0.04063853
2011-02-08 23:00:00+00:00,0.0
2011-02-09 00:00:00+00:00,0.0
2011-02-09 01:00:00+00:00,0.0
2011-02-09 02:00:00+00:00,0.0
2011-02-09 03:00:00+00:00,0.0
2011-02-09 04:00:00+00:00,0.0
2011-02-09 05:00:00+00:00,0.0
2011-02-09 06:00:00+00:00,0.0
2011-02-09 07:00:00+00:00,0.0
2011-02-09 08:00:00+00:00,0.0
2011-02-09 09:00:00+00:00,0.0
2011-02-09 10:00:00+00:00,0.0
2011-02-09 11:00:00+00:00,0.0
2011-02-09 12:00:00+00:00,0.0
2011-02-09 13:00:00+00:00,0.076278284
2011-02-09 14:00:00+00:00,0.510329
2011-02-09 15:00:00+00:00,0.6740024
2011-02-09 16:00:00+00:00,0.66777533
2011-02-09 17:00:00+00:00,0.6273198
2011-02-09 18:00:00+00:00,0.6038955
2011-02-09 19:00:00+00:00,0.630891
2011-02-09 20:00:00+00:00,0.6661195
2011-02-09 21:00:00+00:00,0.65355057
2011-02-09 22:00:00+00:00,0.39870715
2011-02-09 23:00:00+00:00,0.0
2011-02-10 00:00:00+00:00,0.0
2011-02-10 01:00:00+00:00,0.0
2011-02-10 02:00:00+00:00,0.0
2011-02-10 03:00:00+00:00,0.0
2011-02-10 04:00:00+00:00,0.0
2011-02-10 05:00:00+00:00,0.0
2011-02-10 06:00:00+00:00,0.0
2011-02-10 07:00:00+00:00,0.0
2011-02-10 08:00:00+00:00,0.0
2011-02-10 09:00:00+00:00,0.0
2011-02-10 10:00:00+00:00,0.0
2011-02-10 11:00:00+00:00,0.0
2011-02-10 12:00:00+00:00,0.0
2011-02-10 13:00:00+00:00,0.0922419
2011-02-10 14:00:00+00:00,0.5278964
2011-02-10 15:00:00+00:00,0.69630635
2011-02-10 16:00:00+00:00,0.67944837
2011-02-10 17:00:00+00:00,0.63355887
2011-02-10 18:00:00+00:00,0.46613583
2011-02-10 19:00:00+00:00,0.6378037
2011-02-10 20:00:00+00:00,0.6734551
2011-02-10 21:00:00+00:00,0.65669644
2011-02-10 22:00:00+00:00,0.4055738
2011-02-10 23:00:00+00:00,0.0
2011-02-11 00:00:00+00:00,0.0
2011-02-11 01:00:00+00:00,0.0
2011-02-11 02:00:00+00:00,0.0
2011-02-11 03:00:00+00:00,0.0
2011-02-11 04:00:00+00:00,0.0
2011-02-11 05:00:00+00:00,0.0
2011-02-11 06:00:00+00:00,0.0
2011-02-11 07:00:00+00:00,0.0
2011-02-11 08:00:00+00:00,0.0
2011-02-11 09:00:00+00:00,0.0
2011-02-11 10:00:00+00:00,0.0
2011-02-11 11:00:00+00:00,0.0
2011-02-11 12:00:00+00:00,0.0
2011-02-11 13:00:00+00:00,0.0884214
2011-02-11 14:00:00+00:00,0.492203
2011-02-11 15:00:00+00:00,0.6605206
2011-02-11 16:00:00+00:00,0.651856
2011-02-11 17:00:00+00:00,0.6121371
2011-02-11 18:00:00+00:00,0.5890637
2011-02-11 19:00:00+00:00,0.6103199
2011-02-11 20:00:00+00:00,0.5736581000000001
2011-02-11 21:00:00+00:00,0.49409345
2011-02-11 22:00:00+00:00,0.29681844
2011-02-11 23:00:00+00:00,0.0
2011-02-12 00:00:00+00:00,0.0
2011-02-12 01:00:00+00:00,0.0
2011-02-12 02:00:00+00:00,0.0
2011-02-12 03:00:00+00:00,0.0
2011-02-12 04:00:00+00:00,0.0
2011-02-12 05:00:00+00:00,0.0
2011-02-12 06:00:00+00:00,0.0
2011-02-12 07:00:00+00:00,0.0
2011-02-12 08:00:00+00:00,0.0
2011-02-12 09:00:00+00:00,0.0
2011-02-12 10:00:00+00:00,0.0
2011-02-12 11:00:00+00:00,0.0
2011-02-12 12:00:00+00:00,0.0
2011-02-12 13:00:00+00:00,0.1002846
2011-02-12 14:00:00+00:00,0.2187985
2011-02-12 15:00:00+00:00,0.40601942
2011-02-12 16:00:00+00:00,0.40815419999999997
2011-02-12 17:00:00+00:00,0.40969864
2011-02-12 18:00:00+00:00,0.45713640000000005
2011-02-12 19:00:00+00:00,0.55207497
2011-02-12 20:00:00+00:00,0.5814951999999999
2011-02-12 21:00:00+00:00,0.58072686
2011-02-12 22:00:00+00:00,0.36584854
2011-02-12 23:00:00+00:00,0.0
2011-02-13 00:00:00+00:00,0.0
2011-02-13 01:00:00+00:00,0.0
2011-02-13 02:00:00+00:00,0.0
2011-02-13 03:00:00+00:00,0.0
2011-02-13 04:00:00+00:00,0.0
2011-02-13 05:00:00+00:00,0.0
2011-02-13 06:00:00+00:00,0.0
2011-02-13 07:00:00+00:00,0.0
2011-02-13 08:00:00+00:00,0.0
2011-02-13 09:00:00+00:00,0.0
2011-02-13 10:00:00+00:00,0.0
2011-02-13 11:00:00+00:00,0.0
2011-02-13 12:00:00+00:00,0.0
2011-02-13 13:00:00+00:00,0.11089021
2011-02-13 14:00:00+00:00,0.49359238
2011-02-13 15:00:00+00:00,0.6458478
2011-02-13 16:00:00+00:00,0.5258626999999999
2011-02-13 17:00:00+00:00,0.573096
2011-02-13 18:00:00+00:00,0.5526225
2011-02-13 19:00:00+00:00,0.38156316
2011-02-13 20:00:00+00:00,0.26653162
2011-02-13 21:00:00+00:00,0.41046724
2011-02-13 22:00:00+00:00,0.36907217
2011-02-13 23:00:00+00:00,0.0
2011-02-14 00:00:00+00:00,0.0
2011-02-14 01:00:00+00:00,0.0
2011-02-14 02:00:00+00:00,0.0
2011-02-14 03:00:00+00:00,0.0
2011-02-14 04:00:00+00:00,0.0
2011-02-14 05:00:00+00:00,0.0
2011-02-14 06:00:00+00:00,0.0
2011-02-14 07:00:00+00:00,0.0
2011-02-14 08:00:00+00:00,0.0
2011-02-14 09:00:00+00:00,0.0
2011-02-14 10:00:00+00:00,0.0
2011-02-14 11:00:00+00:00,0.0
2011-02-14 12:00:00+00:00,0.0
2011-02-14 13:00:00+00:00,0.056965925
2011-02-14 14:00:00+00:00,0.22545059
2011-02-14 15:00:00+00:00,0.45736155
2011-02-14 16:00:00+00:00,0.520718
2011-02-14 17:00:00+00:00,0.47629738
2011-02-14 18:00:00+00:00,0.46797228
2011-02-14 19:00:00+00:00,0.40833706
2011-02-14 20:00:00+00:00,0.4628596
2011-02-14 21:00:00+00:00,0.5213326
2011-02-14 22:00:00+00:00,0.12303977
2011-02-14 23:00:00+00:00,0.0
2011-02-15 00:00:00+00:00,0.0
2011-02-15 01:00:00+00:00,0.0
2011-02-15 02:00:00+00:00,0.0
2011-02-15 03:00:00+00:00,0.0
2011-02-15 04:00:00+00:00,0.0
2011-02-15 05:00:00+00:00,0.0
2011-02-15 06:00:00+00:00,0.0
2011-02-15 07:00:00+00:00,0.0
2011-02-15 08:00:00+00:00,0.0
2011-02-15 09:00:00+00:00,0.0
2011-02-15 10:00:00+00:00,0.0
2011-02-15 11:00:00+00:00,0.0
2011-02-15 12:00:00+00:00,0.0
2011-02-15 13:00:00+00:00,0.047759775
2011-02-15 14:00:00+00:00,0.08152847
2011-02-15 15:00:00+00:00,0.11638193599999999
2011-02-15 16:00:00+00:00,0.39991662
2011-02-15 17:00:00+00:00,0.5514255
2011-02-15 18:00:00+00:00,0.53205836
2011-02-15 19:00:00+00:00,0.5317135000000001
2011-02-15 20:00:00+00:00,0.5766343
2011-02-15 21:00:00+00:00,0.553445
2011-02-15 22:00:00+00:00,0.35399002
2011-02-15 23:00:00+00:00,0.0
2011-02-16 00:00:00+00:00,0.0
2011-02-16 01:00:00+00:00,0.0
2011-02-16 02:00:00+00:00,0.0
2011-02-16 03:00:00+00:00,0.0
2011-02-16 04:00:00+00:00,0.0
2011-02-16 05:00:00+00:00,0.0
2011-02-16 06:00:00+00:00,0.0
2011-02-16 07:00:00+00:00,0.0
2011-02-16 08:00:00+00:00,0.0
2011-02-16 09:00:00+00:00,0.0
2011-02-16 10:00:00+00:00,0.0
2011-02-16 11:00:00+00:00,0.0
2011-02-16 12:00:00+00:00,0.0
2011-02-16 13:00:00+00:00,0.08942306
2011-02-16 14:00:00+00:00,0.18412076
2011-02-16 15:00:00+00:00,0.22261027
2011-02-16 16:00:00+00:00,0.30797282
2011-02-16 17:00:00+00:00,0.34356570000000003
2011-02-16 18:00:00+00:00,0.3486225
2011-02-16 19:00:00+00:00,0.5399281
2011-02-16 20:00:00+00:00,0.5767621999999999
2011-02-16 21:00:00+00:00,0.52905506
2011-02-16 22:00:00+00:00,0.33004868
2011-02-16 23:00:00+00:00,0.0014206951
2011-02-17 00:00:00+00:00,0.0
2011-02-17 01:00:00+00:00,0.0
2011-02-17 02:00:00+00:00,0.0
2011-02-17 03:00:00+00:00,0.0
2011-02-17 04:00:00+00:00,0.0
2011-02-17 05:00:00+00:00,0.0
2011-02-17 06:00:00+00:00,0.0
2011-02-17 07:00:00+00:00,0.0
2011-02-17 08:00:00+00:00,0.0
2011-02-17 09:00:00+00:00,0.0
2011-02-17 10:00:00+00:00,0.0
2011-02-17 11:00:00+00:00,0.0
2011-02-17 12:00:00+00:00,0.0
2011-02-17 13:00:00+00:00,0.038422402
2011-02-17 14:00:00+00:00,0.066918105
2011-02-17 15:00:00+00:00,0.13179979
2011-02-17 16:00:00+00:00,0.22544369
2011-02-17 17:00:00+00:00,0.22415839999999998
2011-02-17 18:00:00+00:00,0.15981878
2011-02-17 19:00:00+00:00,0.13206714
2011-02-17 20:00:00+00:00,0.6199713000000001
2011-02-17 21:00:00+00:00,0.61851954
2011-02-17 22:00:00+00:00,0.43366750000000004
2011-02-17 23:00:00+00:00,0.021235217999999997
2011-02-18 00:00:00+00:00,0.0
2011-02-18 01:00:00+00:00,0.0
2011-02-18 02:00:00+00:00,0.0
2011-02-18 03:00:00+00:00,0.0
2011-02-18 04:00:00+00:00,0.0
2011-02-18 05:00:00+00:00,0.0
2011-02-18 06:00:00+00:00,0.0
2011-02-18 07:00:00+00:00,0.0
2011-02-18 08:00:00+00:00,0.0
2011-02-18 09:00:00+00:00,0.0
2011-02-18 10:00:00+00:00,0.0
2011-02-18 11:00:00+00:00,0.0
2011-02-18 12:00:00+00:00,0.0
2011-02-18 13:00:00+00:00,0.16374448
2011-02-18 14:00:00+00:00,0.5452938
2011-02-18 15:00:00+00:00,0.5451919
2011-02-18 16:00:00+00:00,0.63517135
2011-02-18 17:00:00+00:00,0.5977088
2011-02-18 18:00:00+00:00,0.5789778
2011-02-18 19:00:00+00:00,0.41356668
2011-02-18 20:00:00+00:00,0.62437797
2011-02-18 21:00:00+00:00,0.6212465
2011-02-18 22:00:00+00:00,0.43639556
2011-02-18 23:00:00+00:00,0.037334926000000004
2011-02-19 00:00:00+00:00,0.0
2011-02-19 01:00:00+00:00,0.0
2011-02-19 02:00:00+00:00,0.0
2011-02-19 03:00:00+00:00,0.0
2011-02-19 04:00:00+00:00,0.0
2011-02-19 05:00:00+00:00,0.0
2011-02-19 06:00:00+00:00,0.0
2011-02-19 07:00:00+00:00,0.0
2011-02-19 08:00:00+00:00,0.0
2011-02-19 09:00:00+00:00,0.0
2011-02-19 10:00:00+00:00,0.0
2011-02-19 11:00:00+00:00,0.0
2011-02-19 12:00:00+00:00,0.0
2011-02-19 13:00:00+00:00,0.050050642
2011-02-19 14:00:00+00:00,0.015121428000000001
2011-02-19 15:00:00+00:00,0.15353963
2011-02-19 16:00:00+00:00,0.19322531
2011-02-19 17:00:00+00:00,0.052512705
2011-02-19 18:00:00+00:00,0.09038793
2011-02-19 19:00:00+00:00,0.3619265
2011-02-19 20:00:00+00:00,0.47063738
2011-02-19 21:00:00+00:00,0.34656534
2011-02-19 22:00:00+00:00,0.26718128
2011-02-19 23:00:00+00:00,0.016409751
2011-02-20 00:00:00+00:00,0.0
2011-02-20 01:00:00+00:00,0.0
2011-02-20 02:00:00+00:00,0.0
2011-02-20 03:00:00+00:00,0.0
2011-02-20 04:00:00+00:00,0.0
2011-02-20 05:00:00+00:00,0.0
2011-02-20 06:00:00+00:00,0.0
2011-02-20 07:00:00+00:00,0.0
2011-02-20 08:00:00+00:00,0.0
2011-02-20 09:00:00+00:00,0.0
2011-02-20 10:00:00+00:00,0.0
2011-02-20 11:00:00+00:00,0.0
2011-02-20 12:00:00+00:00,0.0
2011-02-20 13:00:00+00:00,0.07703213
2011-02-20 14:00:00+00:00,0.09059468
2011-02-20 15:00:00+00:00,0.14341201
2011-02-20 16:00:00+00:00,0.063955575
2011-02-20 17:00:00+00:00,0.12439298
2011-02-20 18:00:00+00:00,0.107880995
2011-02-20 19:00:00+00:00,0.099036686
2011-02-20 20:00:00+00:00,0.095247135
2011-02-20 21:00:00+00:00,0.10297375
2011-02-20 22:00:00+00:00,0.016839233999999998
2011-02-20 23:00:00+00:00,5.2745683e-05
2011-02-21 00:00:00+00:00,0.0
2011-02-21 01:00:00+00:00,0.0
2011-02-21 02:00:00+00:00,0.0
2011-02-21 03:00:00+00:00,0.0
2011-02-21 04:00:00+00:00,0.0
2011-02-21 05:00:00+00:00,0.0
2011-02-21 06:00:00+00:00,0.0
2011-02-21 07:00:00+00:00,0.0
2011-02-21 08:00:00+00:00,0.0
2011-02-21 09:00:00+00:00,0.0
2011-02-21 10:00:00+00:00,0.0
2011-02-21 11:00:00+00:00,0.0
2011-02-21 12:00:00+00:00,0.0
2011-02-21 13:00:00+00:00,0.026885565
2011-02-21 14:00:00+00:00,0.016453402
2011-02-21 15:00:00+00:00,0.052460805
2011-02-21 16:00:00+00:00,0.056654368
2011-02-21 17:00:00+00:00,0.13095844
2011-02-21 18:00:00+00:00,0.18310092
2011-02-21 19:00:00+00:00,0.22403543
2011-02-21 20:00:00+00:00,0.10538982599999999
2011-02-21 21:00:00+00:00,0.07119892
2011-02-21 22:00:00+00:00,0.050384726
2011-02-21 23:00:00+00:00,0.0013507367000000002
2011-02-22 00:00:00+00:00,0.0
2011-02-22 01:00:00+00:00,0.0
2011-02-22 02:00:00+00:00,0.0
2011-02-22 03:00:00+00:00,0.0
2011-02-22 04:00:00+00:00,0.0
2011-02-22 05:00:00+00:00,0.0
2011-02-22 06:00:00+00:00,0.0
2011-02-22 07:00:00+00:00,0.0
2011-02-22 08:00:00+00:00,0.0
2011-02-22 09:00:00+00:00,0.0
2011-02-22 10:00:00+00:00,0.0
2011-02-22 11:00:00+00:00,0.0
2011-02-22 12:00:00+00:00,0.0
2011-02-22 13:00:00+00:00,0.0528375
2011-02-22 14:00:00+00:00,0.45275968
2011-02-22 15:00:00+00:00,0.62763876
2011-02-22 16:00:00+00:00,0.30763295
2011-02-22 17:00:00+00:00,0.52458507
2011-02-22 18:00:00+00:00,0.5803356
2011-02-22 19:00:00+00:00,0.57995164
2011-02-22 20:00:00+00:00,0.61857796
2011-02-22 21:00:00+00:00,0.512238
2011-02-22 22:00:00+00:00,0.31768459999999993
2011-02-22 23:00:00+00:00,0.07340001
2011-02-23 00:00:00+00:00,0.0
2011-02-23 01:00:00+00:00,0.0
2011-02-23 02:00:00+00:00,0.0
2011-02-23 03:00:00+00:00,0.0
2011-02-23 04:00:00+00:00,0.0
2011-02-23 05:00:00+00:00,0.0
2011-02-23 06:00:00+00:00,0.0
2011-02-23 07:00:00+00:00,0.0
2011-02-23 08:00:00+00:00,0.0
2011-02-23 09:00:00+00:00,0.0
2011-02-23 10:00:00+00:00,0.0
2011-02-23 11:00:00+00:00,0.0
2011-02-23 12:00:00+00:00,0.0
2011-02-23 13:00:00+00:00,0.00029163368
2011-02-23 14:00:00+00:00,0.02179807
2011-02-23 15:00:00+00:00,0.05346441
2011-02-23 16:00:00+00:00,0.055791235999999994
2011-02-23 17:00:00+00:00,0.093767636
2011-02-23 18:00:00+00:00,0.103156514
2011-02-23 19:00:00+00:00,0.0732707
2011-02-23 20:00:00+00:00,0.038104672
2011-02-23 21:00:00+00:00,0.023809393999999998
2011-02-23 22:00:00+00:00,0.027660672999999997
2011-02-23 23:00:00+00:00,0.00036538774
2011-02-24 00:00:00+00:00,0.0
2011-02-24 01:00:00+00:00,0.0
2011-02-24 02:00:00+00:00,0.0
2011-02-24 03:00:00+00:00,0.0
2011-02-24 04:00:00+00:00,0.0
2011-02-24 05:00:00+00:00,0.0
2011-02-24 06:00:00+00:00,0.0
2011-02-24 07:00:00+00:00,0.0
2011-02-24 08:00:00+00:00,0.0
2011-02-24 09:00:00+00:00,0.0
2011-02-24 10:00:00+00:00,0.0
2011-02-24 11:00:00+00:00,0.0
2011-02-24 12:00:00+00:00,0.0
2011-02-24 13:00:00+00:00,0.000180614
2011-02-24 14:00:00+00:00,0.016948901000000002
2011-02-24 15:00:00+00:00,0.031888757000000004
2011-02-24 16:00:00+00:00,0.16904761
2011-02-24 17:00:00+00:00,0.18645534
2011-02-24 18:00:00+00:00,0.16026963
2011-02-24 19:00:00+00:00,0.12842636
2011-02-24 20:00:00+00:00,0.101309255
2011-02-24 21:00:00+00:00,0.058355662999999995
2011-02-24 22:00:00+00:00,0.021437732999999997
2011-02-24 23:00:00+00:00,9.966468500000001e-05
2011-02-25 00:00:00+00:00,0.0
2011-02-25 01:00:00+00:00,0.0
2011-02-25 02:00:00+00:00,0.0
2011-02-25 03:00:00+00:00,0.0
2011-02-25 04:00:00+00:00,0.0
2011-02-25 05:00:00+00:00,0.0
2011-02-25 06:00:00+00:00,0.0
2011-02-25 07:00:00+00:00,0.0
2011-02-25 08:00:00+00:00,0.0
2011-02-25 09:00:00+00:00,0.0
2011-02-25 10:00:00+00:00,0.0
2011-02-25 11:00:00+00:00,0.0
2011-02-25 12:00:00+00:00,0.0
2011-02-25 13:00:00+00:00,0.026425509
2011-02-25 14:00:00+00:00,0.19935663
2011-02-25 15:00:00+00:00,0.24793768
2011-02-25 16:00:00+00:00,0.12663122
2011-02-25 17:00:00+00:00,0.14285789999999998
2011-02-25 18:00:00+00:00,0.24374610000000002
2011-02-25 19:00:00+00:00,0.32268459999999993
2011-02-25 20:00:00+00:00,0.23164397
2011-02-25 21:00:00+00:00,0.29770187
2011-02-25 22:00:00+00:00,0.25643542
2011-02-25 23:00:00+00:00,0.039373583999999996
2011-02-26 00:00:00+00:00,0.0
2011-02-26 01:00:00+00:00,0.0
2011-02-26 02:00:00+00:00,0.0
2011-02-26 03:00:00+00:00,0.0
2011-02-26 04:00:00+00:00,0.0
2011-02-26 05:00:00+00:00,0.0
2011-02-26 06:00:00+00:00,0.0
2011-02-26 07:00:00+00:00,0.0
2011-02-26 08:00:00+00:00,0.0
2011-02-26 09:00:00+00:00,0.0
2011-02-26 10:00:00+00:00,0.0
2011-02-26 11:00:00+00:00,0.0
2011-02-26 12:00:00+00:00,0.0
2011-02-26 13:00:00+00:00,0.06825772
2011-02-26 14:00:00+00:00,0.3251114
2011-02-26 15:00:00+00:00,0.061830357
2011-02-26 16:00:00+00:00,0.10381166
2011-02-26 17:00:00+00:00,0.20912741
2011-02-26 18:00:00+00:00,0.16464348
2011-02-26 19:00:00+00:00,0.06358715
2011-02-26 20:00:00+00:00,0.08045738
2011-02-26 21:00:00+00:00,0.28788295
2011-02-26 22:00:00+00:00,0.15251487
2011-02-26 23:00:00+00:00,0.021009117
2011-02-27 00:00:00+00:00,0.0
2011-02-27 01:00:00+00:00,0.0
2011-02-27 02:00:00+00:00,0.0
2011-02-27 03:00:00+00:00,0.0
2011-02-27 04:00:00+00:00,0.0
2011-02-27 05:00:00+00:00,0.0
2011-02-27 06:00:00+00:00,0.0
2011-02-27 07:00:00+00:00,0.0
2011-02-27 08:00:00+00:00,0.0
2011-02-27 09:00:00+00:00,0.0
2011-02-27 10:00:00+00:00,0.0
2011-02-27 11:00:00+00:00,0.0
2011-02-27 12:00:00+00:00,0.0
2011-02-27 13:00:00+00:00,0.0009814122
2011-02-27 14:00:00+00:00,0.008988149
2011-02-27 15:00:00+00:00,0.01545877
2011-02-27 16:00:00+00:00,0.05564657
2011-02-27 17:00:00+00:00,0.050469648
2011-02-27 18:00:00+00:00,0.05957087
2011-02-27 19:00:00+00:00,0.13223192
2011-02-27 20:00:00+00:00,0.06494345
2011-02-27 21:00:00+00:00,0.045993306
2011-02-27 22:00:00+00:00,0.0050537344
2011-02-27 23:00:00+00:00,0.08422746
2011-02-28 00:00:00+00:00,0.0
2011-02-28 01:00:00+00:00,0.0
2011-02-28 02:00:00+00:00,0.0
2011-02-28 03:00:00+00:00,0.0
2011-02-28 04:00:00+00:00,0.0
2011-02-28 05:00:00+00:00,0.0
2011-02-28 06:00:00+00:00,0.0
2011-02-28 07:00:00+00:00,0.0
2011-02-28 08:00:00+00:00,0.0
2011-02-28 09:00:00+00:00,0.0
2011-02-28 10:00:00+00:00,0.0
2011-02-28 11:00:00+00:00,0.0
2011-02-28 12:00:00+00:00,0.0
2011-02-28 13:00:00+00:00,0.25385576
2011-02-28 14:00:00+00:00,0.6513224
2011-02-28 15:00:00+00:00,0.7094381999999999
2011-02-28 16:00:00+00:00,0.681657
2011-02-28 17:00:00+00:00,0.6420334
2011-02-28 18:00:00+00:00,0.621689
2011-02-28 19:00:00+00:00,0.6351256
2011-02-28 20:00:00+00:00,0.6585293999999999
2011-02-28 21:00:00+00:00,0.6463547
2011-02-28 22:00:00+00:00,0.49158270000000004
2011-02-28 23:00:00+00:00,0.121539384
2011-03-01 00:00:00+00:00,0.0
2011-03-01 01:00:00+00:00,0.0
2011-03-01 02:00:00+00:00,0.0
2011-03-01 03:00:00+00:00,0.0
2011-03-01 04:00:00+00:00,0.0
2011-03-01 05:00:00+00:00,0.0
2011-03-01 06:00:00+00:00,0.0
2011-03-01 07:00:00+00:00,0.0
2011-03-01 08:00:00+00:00,0.0
2011-03-01 09:00:00+00:00,0.0
2011-03-01 10:00:00+00:00,0.0
2011-03-01 11:00:00+00:00,0.0
2011-03-01 12:00:00+00:00,0.0
2011-03-01 13:00:00+00:00,0.23732668
2011-03-01 14:00:00+00:00,0.61192745
2011-03-01 15:00:00+00:00,0.67447263
2011-03-01 16:00:00+00:00,0.6551793
2011-03-01 17:00:00+00:00,0.6203998000000001
2011-03-01 18:00:00+00:00,0.6124331000000001
2011-03-01 19:00:00+00:00,0.6295729999999999
2011-03-01 20:00:00+00:00,0.65851563
2011-03-01 21:00:00+00:00,0.6508674
2011-03-01 22:00:00+00:00,0.50069803
2011-03-01 23:00:00+00:00,0.13170084
2011-03-02 00:00:00+00:00,0.0
2011-03-02 01:00:00+00:00,0.0
2011-03-02 02:00:00+00:00,0.0
2011-03-02 03:00:00+00:00,0.0
2011-03-02 04:00:00+00:00,0.0
2011-03-02 05:00:00+00:00,0.0
2011-03-02 06:00:00+00:00,0.0
2011-03-02 07:00:00+00:00,0.0
2011-03-02 08:00:00+00:00,0.0
2011-03-02 09:00:00+00:00,0.0
2011-03-02 10:00:00+00:00,0.0
2011-03-02 11:00:00+00:00,0.0
2011-03-02 12:00:00+00:00,0.0
2011-03-02 13:00:00+00:00,0.25787489999999996
2011-03-02 14:00:00+00:00,0.64558154
2011-03-02 15:00:00+00:00,0.53918475
2011-03-02 16:00:00+00:00,0.5829114000000001
2011-03-02 17:00:00+00:00,0.54337114
2011-03-02 18:00:00+00:00,0.52258825
2011-03-02 19:00:00+00:00,0.5263495
2011-03-02 20:00:00+00:00,0.43791825
2011-03-02 21:00:00+00:00,0.45024726
2011-03-02 22:00:00+00:00,0.17495155
2011-03-02 23:00:00+00:00,0.012285642
2011-03-03 00:00:00+00:00,0.0
2011-03-03 01:00:00+00:00,0.0
2011-03-03 02:00:00+00:00,0.0
2011-03-03 03:00:00+00:00,0.0
2011-03-03 04:00:00+00:00,0.0
2011-03-03 05:00:00+00:00,0.0
2011-03-03 06:00:00+00:00,0.0
2011-03-03 07:00:00+00:00,0.0
2011-03-03 08:00:00+00:00,0.0
2011-03-03 09:00:00+00:00,0.0
2011-03-03 10:00:00+00:00,0.0
2011-03-03 11:00:00+00:00,0.0
2011-03-03 12:00:00+00:00,0.0
2011-03-03 13:00:00+00:00,0.031281326
2011-03-03 14:00:00+00:00,0.10176775
2011-03-03 15:00:00+00:00,0.4678516
2011-03-03 16:00:00+00:00,0.45332497
2011-03-03 17:00:00+00:00,0.47604558
2011-03-03 18:00:00+00:00,0.43272594
2011-03-03 19:00:00+00:00,0.45848469999999997
2011-03-03 20:00:00+00:00,0.24190654
2011-03-03 21:00:00+00:00,0.36344499999999996
2011-03-03 22:00:00+00:00,0.076177
2011-03-03 23:00:00+00:00,0.056214564
2011-03-04 00:00:00+00:00,0.0
2011-03-04 01:00:00+00:00,0.0
2011-03-04 02:00:00+00:00,0.0
2011-03-04 03:00:00+00:00,0.0
2011-03-04 04:00:00+00:00,0.0
2011-03-04 05:00:00+00:00,0.0
2011-03-04 06:00:00+00:00,0.0
2011-03-04 07:00:00+00:00,0.0
2011-03-04 08:00:00+00:00,0.0
2011-03-04 09:00:00+00:00,0.0
2011-03-04 10:00:00+00:00,0.0
2011-03-04 11:00:00+00:00,0.0
2011-03-04 12:00:00+00:00,0.0
2011-03-04 13:00:00+00:00,0.0023072445999999997
2011-03-04 14:00:00+00:00,0.009389413000000001
2011-03-04 15:00:00+00:00,0.02744977
2011-03-04 16:00:00+00:00,0.033025872000000005
2011-03-04 17:00:00+00:00,0.067642115
2011-03-04 18:00:00+00:00,0.13174944
2011-03-04 19:00:00+00:00,0.13212684
2011-03-04 20:00:00+00:00,0.07900487
2011-03-04 21:00:00+00:00,0.07918575
2011-03-04 22:00:00+00:00,0.026998235
2011-03-04 23:00:00+00:00,0.007793924
2011-03-05 00:00:00+00:00,0.0
2011-03-05 01:00:00+00:00,0.0
2011-03-05 02:00:00+00:00,0.0
2011-03-05 03:00:00+00:00,0.0
2011-03-05 04:00:00+00:00,0.0
2011-03-05 05:00:00+00:00,0.0
2011-03-05 06:00:00+00:00,0.0
2011-03-05 07:00:00+00:00,0.0
2011-03-05 08:00:00+00:00,0.0
2011-03-05 09:00:00+00:00,0.0
2011-03-05 10:00:00+00:00,0.0
2011-03-05 11:00:00+00:00,0.0
2011-03-05 12:00:00+00:00,0.0
2011-03-05 13:00:00+00:00,0.012322224
2011-03-05 14:00:00+00:00,0.051487543
2011-03-05 15:00:00+00:00,0.16028479
2011-03-05 16:00:00+00:00,0.12679273
2011-03-05 17:00:00+00:00,0.11647196
2011-03-05 18:00:00+00:00,0.12751946
2011-03-05 19:00:00+00:00,0.14601311
2011-03-05 20:00:00+00:00,0.17895457
2011-03-05 21:00:00+00:00,0.09550853
2011-03-05 22:00:00+00:00,0.17359836
2011-03-05 23:00:00+00:00,0.022594213
2011-03-06 00:00:00+00:00,0.0
2011-03-06 01:00:00+00:00,0.0
2011-03-06 02:00:00+00:00,0.0
2011-03-06 03:00:00+00:00,0.0
2011-03-06 04:00:00+00:00,0.0
2011-03-06 05:00:00+00:00,0.0
2011-03-06 06:00:00+00:00,0.0
2011-03-06 07:00:00+00:00,0.0
2011-03-06 08:00:00+00:00,0.0
2011-03-06 09:00:00+00:00,0.0
2011-03-06 10:00:00+00:00,0.0
2011-03-06 11:00:00+00:00,0.0
2011-03-06 12:00:00+00:00,0.0
2011-03-06 13:00:00+00:00,0.023392845
2011-03-06 14:00:00+00:00,0.09133594
2011-03-06 15:00:00+00:00,0.32233334
2011-03-06 16:00:00+00:00,0.5013466
2011-03-06 17:00:00+00:00,0.53862756
2011-03-06 18:00:00+00:00,0.55111337
2011-03-06 19:00:00+00:00,0.39612317
2011-03-06 20:00:00+00:00,0.42857742
2011-03-06 21:00:00+00:00,0.49424586
2011-03-06 22:00:00+00:00,0.39405072
2011-03-06 23:00:00+00:00,0.11106445
2011-03-07 00:00:00+00:00,0.0
2011-03-07 01:00:00+00:00,0.0
2011-03-07 02:00:00+00:00,0.0
2011-03-07 03:00:00+00:00,0.0
2011-03-07 04:00:00+00:00,0.0
2011-03-07 05:00:00+00:00,0.0
2011-03-07 06:00:00+00:00,0.0
2011-03-07 07:00:00+00:00,0.0
2011-03-07 08:00:00+00:00,0.0
2011-03-07 09:00:00+00:00,0.0
2011-03-07 10:00:00+00:00,0.0
2011-03-07 11:00:00+00:00,0.0
2011-03-07 12:00:00+00:00,0.0
2011-03-07 13:00:00+00:00,0.030569742
2011-03-07 14:00:00+00:00,0.4125420999999999
2011-03-07 15:00:00+00:00,0.41338125
2011-03-07 16:00:00+00:00,0.30377966
2011-03-07 17:00:00+00:00,0.39305404
2011-03-07 18:00:00+00:00,0.45513000000000003
2011-03-07 19:00:00+00:00,0.47596586
2011-03-07 20:00:00+00:00,0.3493607
2011-03-07 21:00:00+00:00,0.2489143
2011-03-07 22:00:00+00:00,0.22158897
2011-03-07 23:00:00+00:00,0.018387992
2011-03-08 00:00:00+00:00,0.0
2011-03-08 01:00:00+00:00,0.0
2011-03-08 02:00:00+00:00,0.0
2011-03-08 03:00:00+00:00,0.0
2011-03-08 04:00:00+00:00,0.0
2011-03-08 05:00:00+00:00,0.0
2011-03-08 06:00:00+00:00,0.0
2011-03-08 07:00:00+00:00,0.0
2011-03-08 08:00:00+00:00,0.0
2011-03-08 09:00:00+00:00,0.0
2011-03-08 10:00:00+00:00,0.0
2011-03-08 11:00:00+00:00,0.0
2011-03-08 12:00:00+00:00,0.0
2011-03-08 13:00:00+00:00,0.005803422
2011-03-08 14:00:00+00:00,0.02262315
2011-03-08 15:00:00+00:00,0.038803607000000004
2011-03-08 16:00:00+00:00,0.05854183
2011-03-08 17:00:00+00:00,0.27675423
2011-03-08 18:00:00+00:00,0.29369694
2011-03-08 19:00:00+00:00,0.13238688
2011-03-08 20:00:00+00:00,0.09910657
2011-03-08 21:00:00+00:00,0.03609523
2011-03-08 22:00:00+00:00,0.065918304
2011-03-08 23:00:00+00:00,0.03423693
2011-03-09 00:00:00+00:00,0.0
2011-03-09 01:00:00+00:00,0.0
2011-03-09 02:00:00+00:00,0.0
2011-03-09 03:00:00+00:00,0.0
2011-03-09 04:00:00+00:00,0.0
2011-03-09 05:00:00+00:00,0.0
2011-03-09 06:00:00+00:00,0.0
2011-03-09 07:00:00+00:00,0.0
2011-03-09 08:00:00+00:00,0.0
2011-03-09 09:00:00+00:00,0.0
2011-03-09 10:00:00+00:00,0.0
2011-03-09 11:00:00+00:00,0.0
2011-03-09 12:00:00+00:00,0.0
2011-03-09 13:00:00+00:00,0.019156624
2011-03-09 14:00:00+00:00,0.028518257999999998
2011-03-09 15:00:00+00:00,0.09359138
2011-03-09 16:00:00+00:00,0.062062862999999996
2011-03-09 17:00:00+00:00,0.06905235
2011-03-09 18:00:00+00:00,0.078883395
2011-03-09 19:00:00+00:00,0.15524335
2011-03-09 20:00:00+00:00,0.20586142
2011-03-09 21:00:00+00:00,0.08041260000000001
2011-03-09 22:00:00+00:00,0.06067681
2011-03-09 23:00:00+00:00,0.041264694
2011-03-10 00:00:00+00:00,0.0
2011-03-10 01:00:00+00:00,0.0
2011-03-10 02:00:00+00:00,0.0
2011-03-10 03:00:00+00:00,0.0
2011-03-10 04:00:00+00:00,0.0
2011-03-10 05:00:00+00:00,0.0
2011-03-10 06:00:00+00:00,0.0
2011-03-10 07:00:00+00:00,0.0
2011-03-10 08:00:00+00:00,0.0
2011-03-10 09:00:00+00:00,0.0
2011-03-10 10:00:00+00:00,0.0
2011-03-10 11:00:00+00:00,0.0
2011-03-10 12:00:00+00:00,0.0
2011-03-10 13:00:00+00:00,0.31813020000000003
2011-03-10 14:00:00+00:00,0.66238874
2011-03-10 15:00:00+00:00,0.7221177
2011-03-10 16:00:00+00:00,0.71067977
2011-03-10 17:00:00+00:00,0.68405086
2011-03-10 18:00:00+00:00,0.6751798999999999
2011-03-10 19:00:00+00:00,0.69057065
2011-03-10 20:00:00+00:00,0.71660334
2011-03-10 21:00:00+00:00,0.7039634
2011-03-10 22:00:00+00:00,0.57629305
2011-03-10 23:00:00+00:00,0.18527624
2011-03-11 00:00:00+00:00,0.0
2011-03-11 01:00:00+00:00,0.0
2011-03-11 02:00:00+00:00,0.0
2011-03-11 03:00:00+00:00,0.0
2011-03-11 04:00:00+00:00,0.0
2011-03-11 05:00:00+00:00,0.0
2011-03-11 06:00:00+00:00,0.0
2011-03-11 07:00:00+00:00,0.0
2011-03-11 08:00:00+00:00,0.0
2011-03-11 09:00:00+00:00,0.0
2011-03-11 10:00:00+00:00,0.0
2011-03-11 11:00:00+00:00,0.0
2011-03-11 12:00:00+00:00,0.0
2011-03-11 13:00:00+00:00,0.17961770000000002
2011-03-11 14:00:00+00:00,0.59883183
2011-03-11 15:00:00+00:00,0.69417226
2011-03-11 16:00:00+00:00,0.6815186
2011-03-11 17:00:00+00:00,0.6536312
2011-03-11 18:00:00+00:00,0.6455008000000001
2011-03-11 19:00:00+00:00,0.6532735
2011-03-11 20:00:00+00:00,0.6814264
2011-03-11 21:00:00+00:00,0.65447843
2011-03-11 22:00:00+00:00,0.43704402
2011-03-11 23:00:00+00:00,0.16048092
2011-03-12 00:00:00+00:00,0.0
2011-03-12 01:00:00+00:00,0.0
2011-03-12 02:00:00+00:00,0.0
2011-03-12 03:00:00+00:00,0.0
2011-03-12 04:00:00+00:00,0.0
2011-03-12 05:00:00+00:00,0.0
2011-03-12 06:00:00+00:00,0.0
2011-03-12 07:00:00+00:00,0.0
2011-03-12 08:00:00+00:00,0.0
2011-03-12 09:00:00+00:00,0.0
2011-03-12 10:00:00+00:00,0.0
2011-03-12 11:00:00+00:00,0.0
2011-03-12 12:00:00+00:00,0.0
2011-03-12 13:00:00+00:00,0.30779716
2011-03-12 14:00:00+00:00,0.6179201999999999
2011-03-12 15:00:00+00:00,0.69400054
2011-03-12 16:00:00+00:00,0.6842383000000001
2011-03-12 17:00:00+00:00,0.65956163
2011-03-12 18:00:00+00:00,0.64886874
2011-03-12 19:00:00+00:00,0.61832565
2011-03-12 20:00:00+00:00,0.50106823
2011-03-12 21:00:00+00:00,0.577647
2011-03-12 22:00:00+00:00,0.5227588
2011-03-12 23:00:00+00:00,0.14939421
2011-03-13 00:00:00+00:00,0.0
2011-03-13 01:00:00+00:00,0.0
2011-03-13 02:00:00+00:00,0.0
2011-03-13 03:00:00+00:00,0.0
2011-03-13 04:00:00+00:00,0.0
2011-03-13 05:00:00+00:00,0.0
2011-03-13 06:00:00+00:00,0.0
2011-03-13 07:00:00+00:00,0.0
2011-03-13 08:00:00+00:00,0.0
2011-03-13 09:00:00+00:00,0.0
2011-03-13 10:00:00+00:00,0.0
2011-03-13 11:00:00+00:00,0.0
2011-03-13 12:00:00+00:00,0.0
2011-03-13 13:00:00+00:00,0.013661729
2011-03-13 14:00:00+00:00,0.093356915
2011-03-13 15:00:00+00:00,0.13319132
2011-03-13 16:00:00+00:00,0.12154743
2011-03-13 17:00:00+00:00,0.18612596
2011-03-13 18:00:00+00:00,0.09189015
2011-03-13 19:00:00+00:00,0.2463071
2011-03-13 20:00:00+00:00,0.14535718
2011-03-13 21:00:00+00:00,0.11452348
2011-03-13 22:00:00+00:00,0.08615191
2011-03-13 23:00:00+00:00,0.06506721
2011-03-14 00:00:00+00:00,0.0
2011-03-14 01:00:00+00:00,0.0
2011-03-14 02:00:00+00:00,0.0
2011-03-14 03:00:00+00:00,0.0
2011-03-14 04:00:00+00:00,0.0
2011-03-14 05:00:00+00:00,0.0
2011-03-14 06:00:00+00:00,0.0
2011-03-14 07:00:00+00:00,0.0
2011-03-14 08:00:00+00:00,0.0
2011-03-14 09:00:00+00:00,0.0
2011-03-14 10:00:00+00:00,0.0
2011-03-14 11:00:00+00:00,0.0
2011-03-14 12:00:00+00:00,0.0
2011-03-14 13:00:00+00:00,0.026784655
2011-03-14 14:00:00+00:00,0.34101240000000005
2011-03-14 15:00:00+00:00,0.15728515
2011-03-14 16:00:00+00:00,0.048202365999999996
2011-03-14 17:00:00+00:00,0.15721838
2011-03-14 18:00:00+00:00,0.07814866
2011-03-14 19:00:00+00:00,0.33316943
2011-03-14 20:00:00+00:00,0.27606243
2011-03-14 21:00:00+00:00,0.049345235999999994
2011-03-14 22:00:00+00:00,0.036054313
2011-03-14 23:00:00+00:00,0.035734884
2011-03-15 00:00:00+00:00,0.0
2011-03-15 01:00:00+00:00,0.0
2011-03-15 02:00:00+00:00,0.0
2011-03-15 03:00:00+00:00,0.0
2011-03-15 04:00:00+00:00,0.0
2011-03-15 05:00:00+00:00,0.0
2011-03-15 06:00:00+00:00,0.0
2011-03-15 07:00:00+00:00,0.0
2011-03-15 08:00:00+00:00,0.0
2011-03-15 09:00:00+00:00,0.0
2011-03-15 10:00:00+00:00,0.0
2011-03-15 11:00:00+00:00,0.0
2011-03-15 12:00:00+00:00,0.0
2011-03-15 13:00:00+00:00,0.20996661
2011-03-15 14:00:00+00:00,0.17942789
2011-03-15 15:00:00+00:00,0.11015353
2011-03-15 16:00:00+00:00,0.20497315
2011-03-15 17:00:00+00:00,0.3071261
2011-03-15 18:00:00+00:00,0.37225428
2011-03-15 19:00:00+00:00,0.62521374
2011-03-15 20:00:00+00:00,0.6725502
2011-03-15 21:00:00+00:00,0.65539235
2011-03-15 22:00:00+00:00,0.54208386
2011-03-15 23:00:00+00:00,0.18959376
2011-03-16 00:00:00+00:00,0.0
2011-03-16 01:00:00+00:00,0.0
2011-03-16 02:00:00+00:00,0.0
2011-03-16 03:00:00+00:00,0.0
2011-03-16 04:00:00+00:00,0.0
2011-03-16 05:00:00+00:00,0.0
2011-03-16 06:00:00+00:00,0.0
2011-03-16 07:00:00+00:00,0.0
2011-03-16 08:00:00+00:00,0.0
2011-03-16 09:00:00+00:00,0.0
2011-03-16 10:00:00+00:00,0.0
2011-03-16 11:00:00+00:00,0.0
2011-03-16 12:00:00+00:00,0.0
2011-03-16 13:00:00+00:00,0.34971243
2011-03-16 14:00:00+00:00,0.6215768
2011-03-16 15:00:00+00:00,0.6668751
2011-03-16 16:00:00+00:00,0.6518887
2011-03-16 17:00:00+00:00,0.63342947
2011-03-16 18:00:00+00:00,0.6301296999999999
2011-03-16 19:00:00+00:00,0.6453896
2011-03-16 20:00:00+00:00,0.6621623000000001
2011-03-16 21:00:00+00:00,0.55861783
2011-03-16 22:00:00+00:00,0.5488958
2011-03-16 23:00:00+00:00,0.15627244
2011-03-17 00:00:00+00:00,0.0
2011-03-17 01:00:00+00:00,0.0
2011-03-17 02:00:00+00:00,0.0
2011-03-17 03:00:00+00:00,0.0
2011-03-17 04:00:00+00:00,0.0
2011-03-17 05:00:00+00:00,0.0
2011-03-17 06:00:00+00:00,0.0
2011-03-17 07:00:00+00:00,0.0
2011-03-17 08:00:00+00:00,0.0
2011-03-17 09:00:00+00:00,0.0
2011-03-17 10:00:00+00:00,0.0
2011-03-17 11:00:00+00:00,0.0
2011-03-17 12:00:00+00:00,0.0
2011-03-17 13:00:00+00:00,0.08335076
2011-03-17 14:00:00+00:00,0.44250444
2011-03-17 15:00:00+00:00,0.45131442
2011-03-17 16:00:00+00:00,0.6115761
2011-03-17 17:00:00+00:00,0.60274076
2011-03-17 18:00:00+00:00,0.59142286
2011-03-17 19:00:00+00:00,0.6004804
2011-03-17 20:00:00+00:00,0.30250007
2011-03-17 21:00:00+00:00,0.07286751
2011-03-17 22:00:00+00:00,0.09256339999999999
2011-03-17 23:00:00+00:00,0.024906728
2011-03-18 00:00:00+00:00,0.0
2011-03-18 01:00:00+00:00,0.0
2011-03-18 02:00:00+00:00,0.0
2011-03-18 03:00:00+00:00,0.0
2011-03-18 04:00:00+00:00,0.0
2011-03-18 05:00:00+00:00,0.0
2011-03-18 06:00:00+00:00,0.0
2011-03-18 07:00:00+00:00,0.0
2011-03-18 08:00:00+00:00,0.0
2011-03-18 09:00:00+00:00,0.0
2011-03-18 10:00:00+00:00,0.0
2011-03-18 11:00:00+00:00,0.0
2011-03-18 12:00:00+00:00,0.0
2011-03-18 13:00:00+00:00,0.105855264
2011-03-18 14:00:00+00:00,0.68560964
2011-03-18 15:00:00+00:00,0.7193196
2011-03-18 16:00:00+00:00,0.7048986
2011-03-18 17:00:00+00:00,0.6674123000000001
2011-03-18 18:00:00+00:00,0.6620832
2011-03-18 19:00:00+00:00,0.63498425
2011-03-18 20:00:00+00:00,0.6516927
2011-03-18 21:00:00+00:00,0.6775985999999999
2011-03-18 22:00:00+00:00,0.5064201
2011-03-18 23:00:00+00:00,0.17379029
2011-03-19 00:00:00+00:00,0.0
2011-03-19 01:00:00+00:00,0.0
2011-03-19 02:00:00+00:00,0.0
2011-03-19 03:00:00+00:00,0.0
2011-03-19 04:00:00+00:00,0.0
2011-03-19 05:00:00+00:00,0.0
2011-03-19 06:00:00+00:00,0.0
2011-03-19 07:00:00+00:00,0.0
2011-03-19 08:00:00+00:00,0.0
2011-03-19 09:00:00+00:00,0.0
2011-03-19 10:00:00+00:00,0.0
2011-03-19 11:00:00+00:00,0.0
2011-03-19 12:00:00+00:00,0.0
2011-03-19 13:00:00+00:00,0.27548945
2011-03-19 14:00:00+00:00,0.30811542
2011-03-19 15:00:00+00:00,0.25534216
2011-03-19 16:00:00+00:00,0.60120773
2011-03-19 17:00:00+00:00,0.43428645
2011-03-19 18:00:00+00:00,0.59569484
2011-03-19 19:00:00+00:00,0.6009994000000001
2011-03-19 20:00:00+00:00,0.6039144000000001
2011-03-19 21:00:00+00:00,0.5694185
2011-03-19 22:00:00+00:00,0.3174397
2011-03-19 23:00:00+00:00,0.07914014
2011-03-20 00:00:00+00:00,0.0
2011-03-20 01:00:00+00:00,0.0
2011-03-20 02:00:00+00:00,0.0
2011-03-20 03:00:00+00:00,0.0
2011-03-20 04:00:00+00:00,0.0
2011-03-20 05:00:00+00:00,0.0
2011-03-20 06:00:00+00:00,0.0
2011-03-20 07:00:00+00:00,0.0
2011-03-20 08:00:00+00:00,0.0
2011-03-20 09:00:00+00:00,0.0
2011-03-20 10:00:00+00:00,0.0
2011-03-20 11:00:00+00:00,0.0
2011-03-20 12:00:00+00:00,0.0
2011-03-20 13:00:00+00:00,0.21848346
2011-03-20 14:00:00+00:00,0.3805978
2011-03-20 15:00:00+00:00,0.45296670000000006
2011-03-20 16:00:00+00:00,0.5043187
2011-03-20 17:00:00+00:00,0.5129132000000001
2011-03-20 18:00:00+00:00,0.5140542
2011-03-20 19:00:00+00:00,0.4740987
2011-03-20 20:00:00+00:00,0.5310758000000001
2011-03-20 21:00:00+00:00,0.522224
2011-03-20 22:00:00+00:00,0.37688565
2011-03-20 23:00:00+00:00,0.12100997599999999
2011-03-21 00:00:00+00:00,0.0
2011-03-21 01:00:00+00:00,0.0
2011-03-21 02:00:00+00:00,0.0
2011-03-21 03:00:00+00:00,0.0
2011-03-21 04:00:00+00:00,0.0
2011-03-21 05:00:00+00:00,0.0
2011-03-21 06:00:00+00:00,0.0
2011-03-21 07:00:00+00:00,0.0
2011-03-21 08:00:00+00:00,0.0
2011-03-21 09:00:00+00:00,0.0
2011-03-21 10:00:00+00:00,0.0
2011-03-21 11:00:00+00:00,0.0
2011-03-21 12:00:00+00:00,0.0
2011-03-21 13:00:00+00:00,0.01912898
2011-03-21 14:00:00+00:00,0.12863211
2011-03-21 15:00:00+00:00,0.33327547
2011-03-21 16:00:00+00:00,0.468129
2011-03-21 17:00:00+00:00,0.48100045
2011-03-21 18:00:00+00:00,0.54519933
2011-03-21 19:00:00+00:00,0.44815484
2011-03-21 20:00:00+00:00,0.5217361
2011-03-21 21:00:00+00:00,0.2835322
2011-03-21 22:00:00+00:00,0.17025374
2011-03-21 23:00:00+00:00,0.033736344
2011-03-22 00:00:00+00:00,0.0
2011-03-22 01:00:00+00:00,0.0
2011-03-22 02:00:00+00:00,0.0
2011-03-22 03:00:00+00:00,0.0
2011-03-22 04:00:00+00:00,0.0
2011-03-22 05:00:00+00:00,0.0
2011-03-22 06:00:00+00:00,0.0
2011-03-22 07:00:00+00:00,0.0
2011-03-22 08:00:00+00:00,0.0
2011-03-22 09:00:00+00:00,0.0
2011-03-22 10:00:00+00:00,0.0
2011-03-22 11:00:00+00:00,0.0
2011-03-22 12:00:00+00:00,0.009504818
2011-03-22 13:00:00+00:00,0.0023053947
2011-03-22 14:00:00+00:00,0.5560725000000001
2011-03-22 15:00:00+00:00,0.5915199000000001
2011-03-22 16:00:00+00:00,0.5956709
2011-03-22 17:00:00+00:00,0.5082044
2011-03-22 18:00:00+00:00,0.5965834
2011-03-22 19:00:00+00:00,0.2201139
2011-03-22 20:00:00+00:00,0.043394867000000004
2011-03-22 21:00:00+00:00,0.015600331
2011-03-22 22:00:00+00:00,0.17611570000000001
2011-03-22 23:00:00+00:00,0.14157106
2011-03-23 00:00:00+00:00,0.0
2011-03-23 01:00:00+00:00,0.0
2011-03-23 02:00:00+00:00,0.0
2011-03-23 03:00:00+00:00,0.0
2011-03-23 04:00:00+00:00,0.0
2011-03-23 05:00:00+00:00,0.0
2011-03-23 06:00:00+00:00,0.0
2011-03-23 07:00:00+00:00,0.0
2011-03-23 08:00:00+00:00,0.0
2011-03-23 09:00:00+00:00,0.0
2011-03-23 10:00:00+00:00,0.0
2011-03-23 11:00:00+00:00,0.0
2011-03-23 12:00:00+00:00,0.020827029
2011-03-23 13:00:00+00:00,0.19298391
2011-03-23 14:00:00+00:00,0.047482315
2011-03-23 15:00:00+00:00,0.037555482
2011-03-23 16:00:00+00:00,0.07831104
2011-03-23 17:00:00+00:00,0.11737879
2011-03-23 18:00:00+00:00,0.13695075
2011-03-23 19:00:00+00:00,0.08579596
2011-03-23 20:00:00+00:00,0.14584364
2011-03-23 21:00:00+00:00,0.053656373
2011-03-23 22:00:00+00:00,0.024815299
2011-03-23 23:00:00+00:00,0.006204925500000001
2011-03-24 00:00:00+00:00,0.0
2011-03-24 01:00:00+00:00,0.0
2011-03-24 02:00:00+00:00,0.0
2011-03-24 03:00:00+00:00,0.0
2011-03-24 04:00:00+00:00,0.0
2011-03-24 05:00:00+00:00,0.0
2011-03-24 06:00:00+00:00,0.0
2011-03-24 07:00:00+00:00,0.0
2011-03-24 08:00:00+00:00,0.0
2011-03-24 09:00:00+00:00,0.0
2011-03-24 10:00:00+00:00,0.0
2011-03-24 11:00:00+00:00,0.0
2011-03-24 12:00:00+00:00,0.006350885600000001
2011-03-24 13:00:00+00:00,0.015331542
2011-03-24 14:00:00+00:00,0.03829256
2011-03-24 15:00:00+00:00,0.16028687
2011-03-24 16:00:00+00:00,0.10339153599999999
2011-03-24 17:00:00+00:00,0.096768856
2011-03-24 18:00:00+00:00,0.14472127
2011-03-24 19:00:00+00:00,0.09164839999999999
2011-03-24 20:00:00+00:00,0.07588074
2011-03-24 21:00:00+00:00,0.06263559
2011-03-24 22:00:00+00:00,0.038814645
2011-03-24 23:00:00+00:00,0.006075728000000001
2011-03-25 00:00:00+00:00,0.0
2011-03-25 01:00:00+00:00,0.0
2011-03-25 02:00:00+00:00,0.0
2011-03-25 03:00:00+00:00,0.0
2011-03-25 04:00:00+00:00,0.0
2011-03-25 05:00:00+00:00,0.0
2011-03-25 06:00:00+00:00,0.0
2011-03-25 07:00:00+00:00,0.0
2011-03-25 08:00:00+00:00,0.0
2011-03-25 09:00:00+00:00,0.0
2011-03-25 10:00:00+00:00,0.0
2011-03-25 11:00:00+00:00,0.0
2011-03-25 12:00:00+00:00,0.011575215500000001
2011-03-25 13:00:00+00:00,0.18405639
2011-03-25 14:00:00+00:00,0.17155465
2011-03-25 15:00:00+00:00,0.35346228
2011-03-25 16:00:00+00:00,0.24084091
2011-03-25 17:00:00+00:00,0.33094959999999995
2011-03-25 18:00:00+00:00,0.31399778
2011-03-25 19:00:00+00:00,0.22443347
2011-03-25 20:00:00+00:00,0.10292660000000001
2011-03-25 21:00:00+00:00,0.04977114
2011-03-25 22:00:00+00:00,0.009192118
2011-03-25 23:00:00+00:00,0.016474351
2011-03-26 00:00:00+00:00,0.0
2011-03-26 01:00:00+00:00,0.0
2011-03-26 02:00:00+00:00,0.0
2011-03-26 03:00:00+00:00,0.0
2011-03-26 04:00:00+00:00,0.0
2011-03-26 05:00:00+00:00,0.0
2011-03-26 06:00:00+00:00,0.0
2011-03-26 07:00:00+00:00,0.0
2011-03-26 08:00:00+00:00,0.0
2011-03-26 09:00:00+00:00,0.0
2011-03-26 10:00:00+00:00,0.0
2011-03-26 11:00:00+00:00,0.0
2011-03-26 12:00:00+00:00,0.090233594
2011-03-26 13:00:00+00:00,0.44646037
2011-03-26 14:00:00+00:00,0.290222
2011-03-26 15:00:00+00:00,0.42776686
2011-03-26 16:00:00+00:00,0.4745108
2011-03-26 17:00:00+00:00,0.51067007
2011-03-26 18:00:00+00:00,0.53317255
2011-03-26 19:00:00+00:00,0.54871637
2011-03-26 20:00:00+00:00,0.62765247
2011-03-26 21:00:00+00:00,0.70902884
2011-03-26 22:00:00+00:00,0.60307235
2011-03-26 23:00:00+00:00,0.24014962
2011-03-27 00:00:00+00:00,0.0
2011-03-27 01:00:00+00:00,0.0
2011-03-27 02:00:00+00:00,0.0
2011-03-27 03:00:00+00:00,0.0
2011-03-27 04:00:00+00:00,0.0
2011-03-27 05:00:00+00:00,0.0
2011-03-27 06:00:00+00:00,0.0
2011-03-27 07:00:00+00:00,0.0
2011-03-27 08:00:00+00:00,0.0
2011-03-27 09:00:00+00:00,0.0
2011-03-27 10:00:00+00:00,0.0
2011-03-27 11:00:00+00:00,0.0
2011-03-27 12:00:00+00:00,0.09658681
2011-03-27 13:00:00+00:00,0.47514552
2011-03-27 14:00:00+00:00,0.7124344
2011-03-27 15:00:00+00:00,0.7602419
2011-03-27 16:00:00+00:00,0.74614555
2011-03-27 17:00:00+00:00,0.72221565
2011-03-27 18:00:00+00:00,0.71422005
2011-03-27 19:00:00+00:00,0.7245501
2011-03-27 20:00:00+00:00,0.7437551
2011-03-27 21:00:00+00:00,0.72665906
2011-03-27 22:00:00+00:00,0.63210905
2011-03-27 23:00:00+00:00,0.26667926
2011-03-28 00:00:00+00:00,0.0
2011-03-28 01:00:00+00:00,0.0
2011-03-28 02:00:00+00:00,0.0
2011-03-28 03:00:00+00:00,0.0
2011-03-28 04:00:00+00:00,0.0
2011-03-28 05:00:00+00:00,0.0
2011-03-28 06:00:00+00:00,0.0
2011-03-28 07:00:00+00:00,0.0
2011-03-28 08:00:00+00:00,0.0
2011-03-28 09:00:00+00:00,0.0
2011-03-28 10:00:00+00:00,0.0
2011-03-28 11:00:00+00:00,0.0
2011-03-28 12:00:00+00:00,0.0063800304
2011-03-28 13:00:00+00:00,0.07394830000000001
2011-03-28 14:00:00+00:00,0.10042053
2011-03-28 15:00:00+00:00,0.24024893
2011-03-28 16:00:00+00:00,0.2397145
2011-03-28 17:00:00+00:00,0.48281038
2011-03-28 18:00:00+00:00,0.5092300999999999
2011-03-28 19:00:00+00:00,0.4074142
2011-03-28 20:00:00+00:00,0.27073434
2011-03-28 21:00:00+00:00,0.1111376
2011-03-28 22:00:00+00:00,0.054672964000000004
2011-03-28 23:00:00+00:00,0.038987212
2011-03-29 00:00:00+00:00,0.0
2011-03-29 01:00:00+00:00,0.0
2011-03-29 02:00:00+00:00,0.0
2011-03-29 03:00:00+00:00,0.0
2011-03-29 04:00:00+00:00,0.0
2011-03-29 05:00:00+00:00,0.0
2011-03-29 06:00:00+00:00,0.0
2011-03-29 07:00:00+00:00,0.0
2011-03-29 08:00:00+00:00,0.0
2011-03-29 09:00:00+00:00,0.0
2011-03-29 10:00:00+00:00,0.0
2011-03-29 11:00:00+00:00,0.0
2011-03-29 12:00:00+00:00,0.00080258417
2011-03-29 13:00:00+00:00,0.0040369676
2011-03-29 14:00:00+00:00,0.060805984
2011-03-29 15:00:00+00:00,0.06930679
2011-03-29 16:00:00+00:00,0.073549256
2011-03-29 17:00:00+00:00,0.09282804
2011-03-29 18:00:00+00:00,0.17030144
2011-03-29 19:00:00+00:00,0.1232192
2011-03-29 20:00:00+00:00,0.12472105
2011-03-29 21:00:00+00:00,0.06014841
2011-03-29 22:00:00+00:00,0.023367032000000003
2011-03-29 23:00:00+00:00,0.046901632
2011-03-30 00:00:00+00:00,0.0
2011-03-30 01:00:00+00:00,0.0
2011-03-30 02:00:00+00:00,0.0
2011-03-30 03:00:00+00:00,0.0
2011-03-30 04:00:00+00:00,0.0
2011-03-30 05:00:00+00:00,0.0
2011-03-30 06:00:00+00:00,0.0
2011-03-30 07:00:00+00:00,0.0
2011-03-30 08:00:00+00:00,0.0
2011-03-30 09:00:00+00:00,0.0
2011-03-30 10:00:00+00:00,0.0
2011-03-30 11:00:00+00:00,0.0
2011-03-30 12:00:00+00:00,0.021309667999999997
2011-03-30 13:00:00+00:00,0.16641591
2011-03-30 14:00:00+00:00,0.10457696
2011-03-30 15:00:00+00:00,0.2564377
2011-03-30 16:00:00+00:00,0.3484958
2011-03-30 17:00:00+00:00,0.44220528
2011-03-30 18:00:00+00:00,0.4009656
2011-03-30 19:00:00+00:00,0.26189452
2011-03-30 20:00:00+00:00,0.12294879
2011-03-30 21:00:00+00:00,0.20689902
2011-03-30 22:00:00+00:00,0.44124794
2011-03-30 23:00:00+00:00,0.040048182
2011-03-31 00:00:00+00:00,0.0
2011-03-31 01:00:00+00:00,0.0
2011-03-31 02:00:00+00:00,0.0
2011-03-31 03:00:00+00:00,0.0
2011-03-31 04:00:00+00:00,0.0
2011-03-31 05:00:00+00:00,0.0
2011-03-31 06:00:00+00:00,0.0
2011-03-31 07:00:00+00:00,0.0
2011-03-31 08:00:00+00:00,0.0
2011-03-31 09:00:00+00:00,0.0
2011-03-31 10:00:00+00:00,0.0
2011-03-31 11:00:00+00:00,0.0
2011-03-31 12:00:00+00:00,0.04386436
2011-03-31 13:00:00+00:00,0.17849368
2011-03-31 14:00:00+00:00,0.15118620000000002
2011-03-31 15:00:00+00:00,0.49149144
2011-03-31 16:00:00+00:00,0.5056995
2011-03-31 17:00:00+00:00,0.33942953
2011-03-31 18:00:00+00:00,0.22794448
2011-03-31 19:00:00+00:00,0.22193262
2011-03-31 20:00:00+00:00,0.22867364
2011-03-31 21:00:00+00:00,0.14435664
2011-03-31 22:00:00+00:00,0.044115875
2011-03-31 23:00:00+00:00,0.21015267
2011-04-01 00:00:00+00:00,0.0
2011-04-01 01:00:00+00:00,0.0
2011-04-01 02:00:00+00:00,0.0
2011-04-01 03:00:00+00:00,0.0
2011-04-01 04:00:00+00:00,0.0
2011-04-01 05:00:00+00:00,0.0
2011-04-01 06:00:00+00:00,0.0
2011-04-01 07:00:00+00:00,0.0
2011-04-01 08:00:00+00:00,0.0
2011-04-01 09:00:00+00:00,0.0
2011-04-01 10:00:00+00:00,0.0
2011-04-01 11:00:00+00:00,0.0
2011-04-01 12:00:00+00:00,0.16282853
2011-04-01 13:00:00+00:00,0.5673663000000001
2011-04-01 14:00:00+00:00,0.75175524
2011-04-01 15:00:00+00:00,0.769
2011-04-01 16:00:00+00:00,0.7641838000000001
2011-04-01 17:00:00+00:00,0.49290103
2011-04-01 18:00:00+00:00,0.53301126
2011-04-01 19:00:00+00:00,0.54533815
2011-04-01 20:00:00+00:00,0.6060956999999999
2011-04-01 21:00:00+00:00,0.51862013
2011-04-01 22:00:00+00:00,0.65507066
2011-04-01 23:00:00+00:00,0.32710794
2011-04-02 00:00:00+00:00,0.0
2011-04-02 01:00:00+00:00,0.0
2011-04-02 02:00:00+00:00,0.0
2011-04-02 03:00:00+00:00,0.0
2011-04-02 04:00:00+00:00,0.0
2011-04-02 05:00:00+00:00,0.0
2011-04-02 06:00:00+00:00,0.0
2011-04-02 07:00:00+00:00,0.0
2011-04-02 08:00:00+00:00,0.0
2011-04-02 09:00:00+00:00,0.0
2011-04-02 10:00:00+00:00,0.0
2011-04-02 11:00:00+00:00,0.0
2011-04-02 12:00:00+00:00,0.14544305
2011-04-02 13:00:00+00:00,0.5204541
2011-04-02 14:00:00+00:00,0.69146174
2011-04-02 15:00:00+00:00,0.72527456
2011-04-02 16:00:00+00:00,0.7177110999999999
2011-04-02 17:00:00+00:00,0.6900841999999999
2011-04-02 18:00:00+00:00,0.679196
2011-04-02 19:00:00+00:00,0.6235816
2011-04-02 20:00:00+00:00,0.6249528
2011-04-02 21:00:00+00:00,0.6574582
2011-04-02 22:00:00+00:00,0.4729389
2011-04-02 23:00:00+00:00,0.22981706
2011-04-03 00:00:00+00:00,0.0
2011-04-03 01:00:00+00:00,0.0
2011-04-03 02:00:00+00:00,0.0
2011-04-03 03:00:00+00:00,0.0
2011-04-03 04:00:00+00:00,0.0
2011-04-03 05:00:00+00:00,0.0
2011-04-03 06:00:00+00:00,0.0
2011-04-03 07:00:00+00:00,0.0
2011-04-03 08:00:00+00:00,0.0
2011-04-03 09:00:00+00:00,0.0
2011-04-03 10:00:00+00:00,0.0
2011-04-03 11:00:00+00:00,0.0
2011-04-03 12:00:00+00:00,0.030277485
2011-04-03 13:00:00+00:00,0.18306327
2011-04-03 14:00:00+00:00,0.14305879999999999
2011-04-03 15:00:00+00:00,0.050837807
2011-04-03 16:00:00+00:00,0.11484321
2011-04-03 17:00:00+00:00,0.1425856
2011-04-03 18:00:00+00:00,0.0633889
2011-04-03 19:00:00+00:00,0.032970686
2011-04-03 20:00:00+00:00,0.05185345
2011-04-03 21:00:00+00:00,0.025631012
2011-04-03 22:00:00+00:00,0.014122898
2011-04-03 23:00:00+00:00,0.010074927
2011-04-04 00:00:00+00:00,0.0
2011-04-04 01:00:00+00:00,0.0
2011-04-04 02:00:00+00:00,0.0
2011-04-04 03:00:00+00:00,0.0
2011-04-04 04:00:00+00:00,0.0
2011-04-04 05:00:00+00:00,0.0
2011-04-04 06:00:00+00:00,0.0
2011-04-04 07:00:00+00:00,0.0
2011-04-04 08:00:00+00:00,0.0
2011-04-04 09:00:00+00:00,0.0
2011-04-04 10:00:00+00:00,0.0
2011-04-04 11:00:00+00:00,0.0
2011-04-04 12:00:00+00:00,0.1187742
2011-04-04 13:00:00+00:00,0.61300015
2011-04-04 14:00:00+00:00,0.70180106
2011-04-04 15:00:00+00:00,0.48932886
2011-04-04 16:00:00+00:00,0.4734214
2011-04-04 17:00:00+00:00,0.35951814
2011-04-04 18:00:00+00:00,0.6291174
2011-04-04 19:00:00+00:00,0.5525977
2011-04-04 20:00:00+00:00,0.5654015
2011-04-04 21:00:00+00:00,0.6151781999999999
2011-04-04 22:00:00+00:00,0.68396115
2011-04-04 23:00:00+00:00,0.34084436
2011-04-05 00:00:00+00:00,0.0
2011-04-05 01:00:00+00:00,0.0
2011-04-05 02:00:00+00:00,0.0
2011-04-05 03:00:00+00:00,0.0
2011-04-05 04:00:00+00:00,0.0
2011-04-05 05:00:00+00:00,0.0
2011-04-05 06:00:00+00:00,0.0
2011-04-05 07:00:00+00:00,0.0
2011-04-05 08:00:00+00:00,0.0
2011-04-05 09:00:00+00:00,0.0
2011-04-05 10:00:00+00:00,0.0
2011-04-05 11:00:00+00:00,0.0
2011-04-05 12:00:00+00:00,0.053500913
2011-04-05 13:00:00+00:00,0.2684864
2011-04-05 14:00:00+00:00,0.6846754
2011-04-05 15:00:00+00:00,0.7617363
2011-04-05 16:00:00+00:00,0.7467666999999999
2011-04-05 17:00:00+00:00,0.7288273000000001
2011-04-05 18:00:00+00:00,0.72312385
2011-04-05 19:00:00+00:00,0.7337001
2011-04-05 20:00:00+00:00,0.7445928
2011-04-05 21:00:00+00:00,0.7330979000000001
2011-04-05 22:00:00+00:00,0.64891005
2011-04-05 23:00:00+00:00,0.2886039
2011-04-06 00:00:00+00:00,0.0
2011-04-06 01:00:00+00:00,0.0
2011-04-06 02:00:00+00:00,0.0
2011-04-06 03:00:00+00:00,0.0
2011-04-06 04:00:00+00:00,0.0
2011-04-06 05:00:00+00:00,0.0
2011-04-06 06:00:00+00:00,0.0
2011-04-06 07:00:00+00:00,0.0
2011-04-06 08:00:00+00:00,0.0
2011-04-06 09:00:00+00:00,0.0
2011-04-06 10:00:00+00:00,0.0
2011-04-06 11:00:00+00:00,0.0
2011-04-06 12:00:00+00:00,0.18216062
2011-04-06 13:00:00+00:00,0.55516243
2011-04-06 14:00:00+00:00,0.6908352
2011-04-06 15:00:00+00:00,0.71459144
2011-04-06 16:00:00+00:00,0.62975454
2011-04-06 17:00:00+00:00,0.67059654
2011-04-06 18:00:00+00:00,0.5865119000000001
2011-04-06 19:00:00+00:00,0.6629041
2011-04-06 20:00:00+00:00,0.46312700000000007
2011-04-06 21:00:00+00:00,0.09505924
2011-04-06 22:00:00+00:00,0.17885508
2011-04-06 23:00:00+00:00,0.109900594
2011-04-07 00:00:00+00:00,0.0
2011-04-07 01:00:00+00:00,0.0
2011-04-07 02:00:00+00:00,0.0
2011-04-07 03:00:00+00:00,0.0
2011-04-07 04:00:00+00:00,0.0
2011-04-07 05:00:00+00:00,0.0
2011-04-07 06:00:00+00:00,0.0
2011-04-07 07:00:00+00:00,0.0
2011-04-07 08:00:00+00:00,0.0
2011-04-07 09:00:00+00:00,0.0
2011-04-07 10:00:00+00:00,0.0
2011-04-07 11:00:00+00:00,0.0
2011-04-07 12:00:00+00:00,0.11610912
2011-04-07 13:00:00+00:00,0.4402188
2011-04-07 14:00:00+00:00,0.5841341
2011-04-07 15:00:00+00:00,0.45491368
2011-04-07 16:00:00+00:00,0.5636904
2011-04-07 17:00:00+00:00,0.6611543000000001
2011-04-07 18:00:00+00:00,0.4651165
2011-04-07 19:00:00+00:00,0.43318743
2011-04-07 20:00:00+00:00,0.50679094
2011-04-07 21:00:00+00:00,0.2878673
2011-04-07 22:00:00+00:00,0.25961763
2011-04-07 23:00:00+00:00,0.22216138
2011-04-08 00:00:00+00:00,0.0
2011-04-08 01:00:00+00:00,0.0
2011-04-08 02:00:00+00:00,0.0
2011-04-08 03:00:00+00:00,0.0
2011-04-08 04:00:00+00:00,0.0
2011-04-08 05:00:00+00:00,0.0
2011-04-08 06:00:00+00:00,0.0
2011-04-08 07:00:00+00:00,0.0
2011-04-08 08:00:00+00:00,0.0
2011-04-08 09:00:00+00:00,0.0
2011-04-08 10:00:00+00:00,0.0
2011-04-08 11:00:00+00:00,0.0
2011-04-08 12:00:00+00:00,0.042007525
2011-04-08 13:00:00+00:00,0.21192482
2011-04-08 14:00:00+00:00,0.07612706
2011-04-08 15:00:00+00:00,0.018854891999999998
2011-04-08 16:00:00+00:00,0.030510642
2011-04-08 17:00:00+00:00,0.05999934
2011-04-08 18:00:00+00:00,0.4808969
2011-04-08 19:00:00+00:00,0.5608299
2011-04-08 20:00:00+00:00,0.52936745
2011-04-08 21:00:00+00:00,0.61292684
2011-04-08 22:00:00+00:00,0.5094026
2011-04-08 23:00:00+00:00,0.23388049
2011-04-09 00:00:00+00:00,0.0
2011-04-09 01:00:00+00:00,0.0
2011-04-09 02:00:00+00:00,0.0
2011-04-09 03:00:00+00:00,0.0
2011-04-09 04:00:00+00:00,0.0
2011-04-09 05:00:00+00:00,0.0
2011-04-09 06:00:00+00:00,0.0
2011-04-09 07:00:00+00:00,0.0
2011-04-09 08:00:00+00:00,0.0
2011-04-09 09:00:00+00:00,0.0
2011-04-09 10:00:00+00:00,0.0
2011-04-09 11:00:00+00:00,0.0
2011-04-09 12:00:00+00:00,0.035491582
2011-04-09 13:00:00+00:00,0.36090943
2011-04-09 14:00:00+00:00,0.6437733
2011-04-09 15:00:00+00:00,0.5834935
2011-04-09 16:00:00+00:00,0.47021055
2011-04-09 17:00:00+00:00,0.575387
2011-04-09 18:00:00+00:00,0.6609299
2011-04-09 19:00:00+00:00,0.65310276
2011-04-09 20:00:00+00:00,0.6658795
2011-04-09 21:00:00+00:00,0.6299975
2011-04-09 22:00:00+00:00,0.52336276
2011-04-09 23:00:00+00:00,0.22739993
2011-04-10 00:00:00+00:00,0.0
2011-04-10 01:00:00+00:00,0.0
2011-04-10 02:00:00+00:00,0.0
2011-04-10 03:00:00+00:00,0.0
2011-04-10 04:00:00+00:00,0.0
2011-04-10 05:00:00+00:00,0.0
2011-04-10 06:00:00+00:00,0.0
2011-04-10 07:00:00+00:00,0.0
2011-04-10 08:00:00+00:00,0.0
2011-04-10 09:00:00+00:00,0.0
2011-04-10 10:00:00+00:00,0.0
2011-04-10 11:00:00+00:00,0.0
2011-04-10 12:00:00+00:00,0.15841766
2011-04-10 13:00:00+00:00,0.43260825
2011-04-10 14:00:00+00:00,0.29562740000000004
2011-04-10 15:00:00+00:00,0.20891362
2011-04-10 16:00:00+00:00,0.04029625
2011-04-10 17:00:00+00:00,0.17890622
2011-04-10 18:00:00+00:00,0.10296958
2011-04-10 19:00:00+00:00,0.10257131
2011-04-10 20:00:00+00:00,0.082588606
2011-04-10 21:00:00+00:00,0.04752401
2011-04-10 22:00:00+00:00,0.19802126
2011-04-10 23:00:00+00:00,0.0304094
2011-04-11 00:00:00+00:00,0.0
2011-04-11 01:00:00+00:00,0.0
2011-04-11 02:00:00+00:00,0.0
2011-04-11 03:00:00+00:00,0.0
2011-04-11 04:00:00+00:00,0.0
2011-04-11 05:00:00+00:00,0.0
2011-04-11 06:00:00+00:00,0.0
2011-04-11 07:00:00+00:00,0.0
2011-04-11 08:00:00+00:00,0.0
2011-04-11 09:00:00+00:00,0.0
2011-04-11 10:00:00+00:00,0.0
2011-04-11 11:00:00+00:00,0.0
2011-04-11 12:00:00+00:00,0.0011433201
2011-04-11 13:00:00+00:00,0.014547373999999998
2011-04-11 14:00:00+00:00,0.032553904
2011-04-11 15:00:00+00:00,0.06846898
2011-04-11 16:00:00+00:00,0.21080302
2011-04-11 17:00:00+00:00,0.2511448
2011-04-11 18:00:00+00:00,0.35923776
2011-04-11 19:00:00+00:00,0.49950215
2011-04-11 20:00:00+00:00,0.50409424
2011-04-11 21:00:00+00:00,0.59527344
2011-04-11 22:00:00+00:00,0.37423784
2011-04-11 23:00:00+00:00,0.29941740000000006
2011-04-12 00:00:00+00:00,0.0
2011-04-12 01:00:00+00:00,0.0
2011-04-12 02:00:00+00:00,0.0
2011-04-12 03:00:00+00:00,0.0
2011-04-12 04:00:00+00:00,0.0
2011-04-12 05:00:00+00:00,0.0
2011-04-12 06:00:00+00:00,0.0
2011-04-12 07:00:00+00:00,0.0
2011-04-12 08:00:00+00:00,0.0
2011-04-12 09:00:00+00:00,0.0
2011-04-12 10:00:00+00:00,0.0
2011-04-12 11:00:00+00:00,0.0
2011-04-12 12:00:00+00:00,0.116389886
2011-04-12 13:00:00+00:00,0.62723523
2011-04-12 14:00:00+00:00,0.72316766
2011-04-12 15:00:00+00:00,0.738553
2011-04-12 16:00:00+00:00,0.7330649
2011-04-12 17:00:00+00:00,0.6093824999999999
2011-04-12 18:00:00+00:00,0.6373196999999999
2011-04-12 19:00:00+00:00,0.7242346
2011-04-12 20:00:00+00:00,0.73077565
2011-04-12 21:00:00+00:00,0.6129566
2011-04-12 22:00:00+00:00,0.6297654
2011-04-12 23:00:00+00:00,0.18618292
2011-04-13 00:00:00+00:00,0.0
2011-04-13 01:00:00+00:00,0.0
2011-04-13 02:00:00+00:00,0.0
2011-04-13 03:00:00+00:00,0.0
2011-04-13 04:00:00+00:00,0.0
2011-04-13 05:00:00+00:00,0.0
2011-04-13 06:00:00+00:00,0.0
2011-04-13 07:00:00+00:00,0.0
2011-04-13 08:00:00+00:00,0.0
2011-04-13 09:00:00+00:00,0.0
2011-04-13 10:00:00+00:00,0.0
2011-04-13 11:00:00+00:00,0.0
2011-04-13 12:00:00+00:00,0.23535977
2011-04-13 13:00:00+00:00,0.39264658
2011-04-13 14:00:00+00:00,0.59467006
2011-04-13 15:00:00+00:00,0.65862757
2011-04-13 16:00:00+00:00,0.7008781999999999
2011-04-13 17:00:00+00:00,0.708797
2011-04-13 18:00:00+00:00,0.70505404
2011-04-13 19:00:00+00:00,0.7119986999999999
2011-04-13 20:00:00+00:00,0.714076
2011-04-13 21:00:00+00:00,0.6323484
2011-04-13 22:00:00+00:00,0.59410286
2011-04-13 23:00:00+00:00,0.31252998
2011-04-14 00:00:00+00:00,0.0
2011-04-14 01:00:00+00:00,0.0
2011-04-14 02:00:00+00:00,0.0
2011-04-14 03:00:00+00:00,0.0
2011-04-14 04:00:00+00:00,0.0
2011-04-14 05:00:00+00:00,0.0
2011-04-14 06:00:00+00:00,0.0
2011-04-14 07:00:00+00:00,0.0
2011-04-14 08:00:00+00:00,0.0
2011-04-14 09:00:00+00:00,0.0
2011-04-14 10:00:00+00:00,0.0
2011-04-14 11:00:00+00:00,0.0
2011-04-14 12:00:00+00:00,0.17453168
2011-04-14 13:00:00+00:00,0.33370859999999997
2011-04-14 14:00:00+00:00,0.51659137
2011-04-14 15:00:00+00:00,0.31334203
2011-04-14 16:00:00+00:00,0.19881251
2011-04-14 17:00:00+00:00,0.1991606
2011-04-14 18:00:00+00:00,0.09265757
2011-04-14 19:00:00+00:00,0.10276985
2011-04-14 20:00:00+00:00,0.1684447
2011-04-14 21:00:00+00:00,0.11462417
2011-04-14 22:00:00+00:00,0.03845661
2011-04-14 23:00:00+00:00,0.015549416000000002
2011-04-15 00:00:00+00:00,0.0
2011-04-15 01:00:00+00:00,0.0
2011-04-15 02:00:00+00:00,0.0
2011-04-15 03:00:00+00:00,0.0
2011-04-15 04:00:00+00:00,0.0
2011-04-15 05:00:00+00:00,0.0
2011-04-15 06:00:00+00:00,0.0
2011-04-15 07:00:00+00:00,0.0
2011-04-15 08:00:00+00:00,0.0
2011-04-15 09:00:00+00:00,0.0
2011-04-15 10:00:00+00:00,0.0
2011-04-15 11:00:00+00:00,0.0
2011-04-15 12:00:00+00:00,0.0015184364
2011-04-15 13:00:00+00:00,0.055204917
2011-04-15 14:00:00+00:00,0.45610428
2011-04-15 15:00:00+00:00,0.06530227
2011-04-15 16:00:00+00:00,0.19332781
2011-04-15 17:00:00+00:00,0.46791902
2011-04-15 18:00:00+00:00,0.19833635
2011-04-15 19:00:00+00:00,0.1665399
2011-04-15 20:00:00+00:00,0.08623044
2011-04-15 21:00:00+00:00,0.05114986
2011-04-15 22:00:00+00:00,0.025528584
2011-04-15 23:00:00+00:00,0.0053217323
2011-04-16 00:00:00+00:00,0.0
2011-04-16 01:00:00+00:00,0.0
2011-04-16 02:00:00+00:00,0.0
2011-04-16 03:00:00+00:00,0.0
2011-04-16 04:00:00+00:00,0.0
2011-04-16 05:00:00+00:00,0.0
2011-04-16 06:00:00+00:00,0.0
2011-04-16 07:00:00+00:00,0.0
2011-04-16 08:00:00+00:00,0.0
2011-04-16 09:00:00+00:00,0.0
2011-04-16 10:00:00+00:00,0.0
2011-04-16 11:00:00+00:00,0.0
2011-04-16 12:00:00+00:00,0.23099001
2011-04-16 13:00:00+00:00,0.58187157
2011-04-16 14:00:00+00:00,0.7124849
2011-04-16 15:00:00+00:00,0.756613
2011-04-16 16:00:00+00:00,0.7476967
2011-04-16 17:00:00+00:00,0.7344930000000001
2011-04-16 18:00:00+00:00,0.73539287
2011-04-16 19:00:00+00:00,0.74026304
2011-04-16 20:00:00+00:00,0.7336859
2011-04-16 21:00:00+00:00,0.69765526
2011-04-16 22:00:00+00:00,0.5677975000000001
2011-04-16 23:00:00+00:00,0.25552547
2011-04-17 00:00:00+00:00,0.0
2011-04-17 01:00:00+00:00,0.0
2011-04-17 02:00:00+00:00,0.0
2011-04-17 03:00:00+00:00,0.0
2011-04-17 04:00:00+00:00,0.0
2011-04-17 05:00:00+00:00,0.0
2011-04-17 06:00:00+00:00,0.0
2011-04-17 07:00:00+00:00,0.0
2011-04-17 08:00:00+00:00,0.0
2011-04-17 09:00:00+00:00,0.0
2011-04-17 10:00:00+00:00,0.0
2011-04-17 11:00:00+00:00,0.0
2011-04-17 12:00:00+00:00,0.039969396000000004
2011-04-17 13:00:00+00:00,0.18572736
2011-04-17 14:00:00+00:00,0.6237319
2011-04-17 15:00:00+00:00,0.6349435
2011-04-17 16:00:00+00:00,0.6543483
2011-04-17 17:00:00+00:00,0.5904182
2011-04-17 18:00:00+00:00,0.6339583000000001
2011-04-17 19:00:00+00:00,0.65202665
2011-04-17 20:00:00+00:00,0.4842004
2011-04-17 21:00:00+00:00,0.56524926
2011-04-17 22:00:00+00:00,0.27267635
2011-04-17 23:00:00+00:00,0.0805232
2011-04-18 00:00:00+00:00,0.0
2011-04-18 01:00:00+00:00,0.0
2011-04-18 02:00:00+00:00,0.0
2011-04-18 03:00:00+00:00,0.0
2011-04-18 04:00:00+00:00,0.0
2011-04-18 05:00:00+00:00,0.0
2011-04-18 06:00:00+00:00,0.0
2011-04-18 07:00:00+00:00,0.0
2011-04-18 08:00:00+00:00,0.0
2011-04-18 09:00:00+00:00,0.0
2011-04-18 10:00:00+00:00,0.0
2011-04-18 11:00:00+00:00,0.0
2011-04-18 12:00:00+00:00,0.095554054
2011-04-18 13:00:00+00:00,0.11468331
2011-04-18 14:00:00+00:00,0.33186609999999994
2011-04-18 15:00:00+00:00,0.28205490000000005
2011-04-18 16:00:00+00:00,0.28805286
2011-04-18 17:00:00+00:00,0.24422784
2011-04-18 18:00:00+00:00,0.4299031
2011-04-18 19:00:00+00:00,0.5630666999999999
2011-04-18 20:00:00+00:00,0.3674529
2011-04-18 21:00:00+00:00,0.3030866
2011-04-18 22:00:00+00:00,0.11600513
2011-04-18 23:00:00+00:00,0.11875098
2011-04-19 00:00:00+00:00,0.0
2011-04-19 01:00:00+00:00,0.0
2011-04-19 02:00:00+00:00,0.0
2011-04-19 03:00:00+00:00,0.0
2011-04-19 04:00:00+00:00,0.0
2011-04-19 05:00:00+00:00,0.0
2011-04-19 06:00:00+00:00,0.0
2011-04-19 07:00:00+00:00,0.0
2011-04-19 08:00:00+00:00,0.0
2011-04-19 09:00:00+00:00,0.0
2011-04-19 10:00:00+00:00,0.0
2011-04-19 11:00:00+00:00,0.0
2011-04-19 12:00:00+00:00,0.0
2011-04-19 13:00:00+00:00,0.06174987
2011-04-19 14:00:00+00:00,0.063681945
2011-04-19 15:00:00+00:00,0.11088429400000001
2011-04-19 16:00:00+00:00,0.2037143
2011-04-19 17:00:00+00:00,0.1970345
2011-04-19 18:00:00+00:00,0.22081932
2011-04-19 19:00:00+00:00,0.31250235
2011-04-19 20:00:00+00:00,0.59567225
2011-04-19 21:00:00+00:00,0.68837035
2011-04-19 22:00:00+00:00,0.6236406
2011-04-19 23:00:00+00:00,0.06467128
2011-04-20 00:00:00+00:00,0.0
2011-04-20 01:00:00+00:00,0.0
2011-04-20 02:00:00+00:00,0.0
2011-04-20 03:00:00+00:00,0.0
2011-04-20 04:00:00+00:00,0.0
2011-04-20 05:00:00+00:00,0.0
2011-04-20 06:00:00+00:00,0.0
2011-04-20 07:00:00+00:00,0.0
2011-04-20 08:00:00+00:00,0.0
2011-04-20 09:00:00+00:00,0.0
2011-04-20 10:00:00+00:00,0.0
2011-04-20 11:00:00+00:00,0.0
2011-04-20 12:00:00+00:00,0.2871864
2011-04-20 13:00:00+00:00,0.65122914
2011-04-20 14:00:00+00:00,0.6319204
2011-04-20 15:00:00+00:00,0.66361296
2011-04-20 16:00:00+00:00,0.6362021
2011-04-20 17:00:00+00:00,0.6288482
2011-04-20 18:00:00+00:00,0.6571209
2011-04-20 19:00:00+00:00,0.7482036999999999
2011-04-20 20:00:00+00:00,0.75243014
2011-04-20 21:00:00+00:00,0.72542554
2011-04-20 22:00:00+00:00,0.6324813
2011-04-20 23:00:00+00:00,0.36269546
2011-04-21 00:00:00+00:00,0.012002444
2011-04-21 01:00:00+00:00,0.0
2011-04-21 02:00:00+00:00,0.0
2011-04-21 03:00:00+00:00,0.0
2011-04-21 04:00:00+00:00,0.0
2011-04-21 05:00:00+00:00,0.0
2011-04-21 06:00:00+00:00,0.0
2011-04-21 07:00:00+00:00,0.0
2011-04-21 08:00:00+00:00,0.0
2011-04-21 09:00:00+00:00,0.0
2011-04-21 10:00:00+00:00,0.0
2011-04-21 11:00:00+00:00,0.0
2011-04-21 12:00:00+00:00,0.0195172
2011-04-21 13:00:00+00:00,0.034711234
2011-04-21 14:00:00+00:00,0.15473035
2011-04-21 15:00:00+00:00,0.4053748
2011-04-21 16:00:00+00:00,0.45431456
2011-04-21 17:00:00+00:00,0.5073476
2011-04-21 18:00:00+00:00,0.080353335
2011-04-21 19:00:00+00:00,0.14912674
2011-04-21 20:00:00+00:00,0.38841957
2011-04-21 21:00:00+00:00,0.25470817
2011-04-21 22:00:00+00:00,0.05576226
2011-04-21 23:00:00+00:00,3.8458045e-05
2011-04-22 00:00:00+00:00,0.0
2011-04-22 01:00:00+00:00,0.0
2011-04-22 02:00:00+00:00,0.0
2011-04-22 03:00:00+00:00,0.0
2011-04-22 04:00:00+00:00,0.0
2011-04-22 05:00:00+00:00,0.0
2011-04-22 06:00:00+00:00,0.0
2011-04-22 07:00:00+00:00,0.0
2011-04-22 08:00:00+00:00,0.0
2011-04-22 09:00:00+00:00,0.0
2011-04-22 10:00:00+00:00,0.0
2011-04-22 11:00:00+00:00,0.0
2011-04-22 12:00:00+00:00,0.00016051683999999998
2011-04-22 13:00:00+00:00,0.01523357
2011-04-22 14:00:00+00:00,0.16877411
2011-04-22 15:00:00+00:00,0.21910770000000002
2011-04-22 16:00:00+00:00,0.31763320000000006
2011-04-22 17:00:00+00:00,0.21136682
2011-04-22 18:00:00+00:00,0.30894396
2011-04-22 19:00:00+00:00,0.23850231
2011-04-22 20:00:00+00:00,0.08961543400000001
2011-04-22 21:00:00+00:00,0.14548837
2011-04-22 22:00:00+00:00,0.36765529999999996
2011-04-22 23:00:00+00:00,0.08025792
2011-04-23 00:00:00+00:00,0.0
2011-04-23 01:00:00+00:00,0.0
2011-04-23 02:00:00+00:00,0.0
2011-04-23 03:00:00+00:00,0.0
2011-04-23 04:00:00+00:00,0.0
2011-04-23 05:00:00+00:00,0.0
2011-04-23 06:00:00+00:00,0.0
2011-04-23 07:00:00+00:00,0.0
2011-04-23 08:00:00+00:00,0.0
2011-04-23 09:00:00+00:00,0.0
2011-04-23 10:00:00+00:00,0.0
2011-04-23 11:00:00+00:00,0.0
2011-04-23 12:00:00+00:00,0.0074790180000000005
2011-04-23 13:00:00+00:00,0.010304519
2011-04-23 14:00:00+00:00,0.14278758
2011-04-23 15:00:00+00:00,0.3256837
2011-04-23 16:00:00+00:00,0.33373909999999996
2011-04-23 17:00:00+00:00,0.32877433
2011-04-23 18:00:00+00:00,0.47188273
2011-04-23 19:00:00+00:00,0.40443128
2011-04-23 20:00:00+00:00,0.36046237
2011-04-23 21:00:00+00:00,0.3665578
2011-04-23 22:00:00+00:00,0.06691146
2011-04-23 23:00:00+00:00,0.047771584000000006
2011-04-24 00:00:00+00:00,0.0
2011-04-24 01:00:00+00:00,0.0
2011-04-24 02:00:00+00:00,0.0
2011-04-24 03:00:00+00:00,0.0
2011-04-24 04:00:00+00:00,0.0
2011-04-24 05:00:00+00:00,0.0
2011-04-24 06:00:00+00:00,0.0
2011-04-24 07:00:00+00:00,0.0
2011-04-24 08:00:00+00:00,0.0
2011-04-24 09:00:00+00:00,0.0
2011-04-24 10:00:00+00:00,0.0
2011-04-24 11:00:00+00:00,0.0
2011-04-24 12:00:00+00:00,0.07812622
2011-04-24 13:00:00+00:00,0.20398968
2011-04-24 14:00:00+00:00,0.34297540000000004
2011-04-24 15:00:00+00:00,0.44913580000000003
2011-04-24 16:00:00+00:00,0.34757662
2011-04-24 17:00:00+00:00,0.59863347
2011-04-24 18:00:00+00:00,0.5349111
2011-04-24 19:00:00+00:00,0.4384491
2011-04-24 20:00:00+00:00,0.47047967
2011-04-24 21:00:00+00:00,0.28311554
2011-04-24 22:00:00+00:00,0.36932070000000006
2011-04-24 23:00:00+00:00,0.28227904
2011-04-25 00:00:00+00:00,0.025071314
2011-04-25 01:00:00+00:00,0.0
2011-04-25 02:00:00+00:00,0.0
2011-04-25 03:00:00+00:00,0.0
2011-04-25 04:00:00+00:00,0.0
2011-04-25 05:00:00+00:00,0.0
2011-04-25 06:00:00+00:00,0.0
2011-04-25 07:00:00+00:00,0.0
2011-04-25 08:00:00+00:00,0.0
2011-04-25 09:00:00+00:00,0.0
2011-04-25 10:00:00+00:00,0.0
2011-04-25 11:00:00+00:00,0.0
2011-04-25 12:00:00+00:00,0.032479834
2011-04-25 13:00:00+00:00,0.10629437
2011-04-25 14:00:00+00:00,0.050459918
2011-04-25 15:00:00+00:00,0.12027750000000001
2011-04-25 16:00:00+00:00,0.11015419
2011-04-25 17:00:00+00:00,0.23110609
2011-04-25 18:00:00+00:00,0.11745139
2011-04-25 19:00:00+00:00,0.4621398
2011-04-25 20:00:00+00:00,0.56121993
2011-04-25 21:00:00+00:00,0.50005835
2011-04-25 22:00:00+00:00,0.430779
2011-04-25 23:00:00+00:00,0.18670204
2011-04-26 00:00:00+00:00,0.034900232999999996
2011-04-26 01:00:00+00:00,0.0
2011-04-26 02:00:00+00:00,0.0
2011-04-26 03:00:00+00:00,0.0
2011-04-26 04:00:00+00:00,0.0
2011-04-26 05:00:00+00:00,0.0
2011-04-26 06:00:00+00:00,0.0
2011-04-26 07:00:00+00:00,0.0
2011-04-26 08:00:00+00:00,0.0
2011-04-26 09:00:00+00:00,0.0
2011-04-26 10:00:00+00:00,0.0
2011-04-26 11:00:00+00:00,0.0
2011-04-26 12:00:00+00:00,0.011223098999999999
2011-04-26 13:00:00+00:00,0.033861853
2011-04-26 14:00:00+00:00,0.10619291
2011-04-26 15:00:00+00:00,0.55109525
2011-04-26 16:00:00+00:00,0.6637523
2011-04-26 17:00:00+00:00,0.55989516
2011-04-26 18:00:00+00:00,0.08894355
2011-04-26 19:00:00+00:00,0.210079
2011-04-26 20:00:00+00:00,0.10407293
2011-04-26 21:00:00+00:00,0.10586665599999999
2011-04-26 22:00:00+00:00,0.0810612
2011-04-26 23:00:00+00:00,0.01366919
2011-04-27 00:00:00+00:00,0.0
2011-04-27 01:00:00+00:00,0.0
2011-04-27 02:00:00+00:00,0.0
2011-04-27 03:00:00+00:00,0.0
2011-04-27 04:00:00+00:00,0.0
2011-04-27 05:00:00+00:00,0.0
2011-04-27 06:00:00+00:00,0.0
2011-04-27 07:00:00+00:00,0.0
2011-04-27 08:00:00+00:00,0.0
2011-04-27 09:00:00+00:00,0.0
2011-04-27 10:00:00+00:00,0.0
2011-04-27 11:00:00+00:00,0.0
2011-04-27 12:00:00+00:00,0.34842116
2011-04-27 13:00:00+00:00,0.66641986
2011-04-27 14:00:00+00:00,0.7595154000000001
2011-04-27 15:00:00+00:00,0.769
2011-04-27 16:00:00+00:00,0.7688395
2011-04-27 17:00:00+00:00,0.7645588000000001
2011-04-27 18:00:00+00:00,0.6549603
2011-04-27 19:00:00+00:00,0.59346294
2011-04-27 20:00:00+00:00,0.54589164
2011-04-27 21:00:00+00:00,0.37894836
2011-04-27 22:00:00+00:00,0.6298996
2011-04-27 23:00:00+00:00,0.094126455
2011-04-28 00:00:00+00:00,0.02239825
2011-04-28 01:00:00+00:00,0.0
2011-04-28 02:00:00+00:00,0.0
2011-04-28 03:00:00+00:00,0.0
2011-04-28 04:00:00+00:00,0.0
2011-04-28 05:00:00+00:00,0.0
2011-04-28 06:00:00+00:00,0.0
2011-04-28 07:00:00+00:00,0.0
2011-04-28 08:00:00+00:00,0.0
2011-04-28 09:00:00+00:00,0.0
2011-04-28 10:00:00+00:00,0.0
2011-04-28 11:00:00+00:00,0.0
2011-04-28 12:00:00+00:00,0.36278096
2011-04-28 13:00:00+00:00,0.67456245
2011-04-28 14:00:00+00:00,0.5715571999999999
2011-04-28 15:00:00+00:00,0.769
2011-04-28 16:00:00+00:00,0.5121756
2011-04-28 17:00:00+00:00,0.5546764
2011-04-28 18:00:00+00:00,0.7340044
2011-04-28 19:00:00+00:00,0.75132674
2011-04-28 20:00:00+00:00,0.75951535
2011-04-28 21:00:00+00:00,0.6846601
2011-04-28 22:00:00+00:00,0.66820484
2011-04-28 23:00:00+00:00,0.41560438
2011-04-29 00:00:00+00:00,0.0710221
2011-04-29 01:00:00+00:00,0.0
2011-04-29 02:00:00+00:00,0.0
2011-04-29 03:00:00+00:00,0.0
2011-04-29 04:00:00+00:00,0.0
2011-04-29 05:00:00+00:00,0.0
2011-04-29 06:00:00+00:00,0.0
2011-04-29 07:00:00+00:00,0.0
2011-04-29 08:00:00+00:00,0.0
2011-04-29 09:00:00+00:00,0.0
2011-04-29 10:00:00+00:00,0.0
2011-04-29 11:00:00+00:00,0.0
2011-04-29 12:00:00+00:00,0.26384270000000004
2011-04-29 13:00:00+00:00,0.42206272
2011-04-29 14:00:00+00:00,0.6781569000000001
2011-04-29 15:00:00+00:00,0.7278914000000001
2011-04-29 16:00:00+00:00,0.7301004
2011-04-29 17:00:00+00:00,0.7176245
2011-04-29 18:00:00+00:00,0.7098026999999999
2011-04-29 19:00:00+00:00,0.70764375
2011-04-29 20:00:00+00:00,0.69244903
2011-04-29 21:00:00+00:00,0.65556645
2011-04-29 22:00:00+00:00,0.5545196
2011-04-29 23:00:00+00:00,0.32974187
2011-04-30 00:00:00+00:00,0.04491108
2011-04-30 01:00:00+00:00,0.0
2011-04-30 02:00:00+00:00,0.0
2011-04-30 03:00:00+00:00,0.0
2011-04-30 04:00:00+00:00,0.0
2011-04-30 05:00:00+00:00,0.0
2011-04-30 06:00:00+00:00,0.0
2011-04-30 07:00:00+00:00,0.0
2011-04-30 08:00:00+00:00,0.0
2011-04-30 09:00:00+00:00,0.0
2011-04-30 10:00:00+00:00,0.0
2011-04-30 11:00:00+00:00,0.0
2011-04-30 12:00:00+00:00,0.0112718595
2011-04-30 13:00:00+00:00,0.02614814
2011-04-30 14:00:00+00:00,0.10820283
2011-04-30 15:00:00+00:00,0.341727
2011-04-30 16:00:00+00:00,0.44633100000000003
2011-04-30 17:00:00+00:00,0.5311412
2011-04-30 18:00:00+00:00,0.58532864
2011-04-30 19:00:00+00:00,0.60243124
2011-04-30 20:00:00+00:00,0.37585630000000003
2011-04-30 21:00:00+00:00,0.34532988
2011-04-30 22:00:00+00:00,0.22547242
2011-04-30 23:00:00+00:00,0.10999754
2011-05-01 00:00:00+00:00,0.0050652316
2011-05-01 01:00:00+00:00,0.0
2011-05-01 02:00:00+00:00,0.0
2011-05-01 03:00:00+00:00,0.0
2011-05-01 04:00:00+00:00,0.0
2011-05-01 05:00:00+00:00,0.0
2011-05-01 06:00:00+00:00,0.0
2011-05-01 07:00:00+00:00,0.0
2011-05-01 08:00:00+00:00,0.0
2011-05-01 09:00:00+00:00,0.0
2011-05-01 10:00:00+00:00,0.0
2011-05-01 11:00:00+00:00,0.0
2011-05-01 12:00:00+00:00,0.009002119
2011-05-01 13:00:00+00:00,0.0656474
2011-05-01 14:00:00+00:00,0.2909384
2011-05-01 15:00:00+00:00,0.43870556
2011-05-01 16:00:00+00:00,0.43370593
2011-05-01 17:00:00+00:00,0.22935343
2011-05-01 18:00:00+00:00,0.20266275
2011-05-01 19:00:00+00:00,0.38739926
2011-05-01 20:00:00+00:00,0.2697211
2011-05-01 21:00:00+00:00,0.1835757
2011-05-01 22:00:00+00:00,0.05782887
2011-05-01 23:00:00+00:00,0.031598214
2011-05-02 00:00:00+00:00,0.0006763171000000001
2011-05-02 01:00:00+00:00,0.0
2011-05-02 02:00:00+00:00,0.0
2011-05-02 03:00:00+00:00,0.0
2011-05-02 04:00:00+00:00,0.0
2011-05-02 05:00:00+00:00,0.0
2011-05-02 06:00:00+00:00,0.0
2011-05-02 07:00:00+00:00,0.0
2011-05-02 08:00:00+00:00,0.0
2011-05-02 09:00:00+00:00,0.0
2011-05-02 10:00:00+00:00,0.0
2011-05-02 11:00:00+00:00,0.0
2011-05-02 12:00:00+00:00,0.021920277000000002
2011-05-02 13:00:00+00:00,0.048465047000000004
2011-05-02 14:00:00+00:00,0.029036617
2011-05-02 15:00:00+00:00,0.08083256
2011-05-02 16:00:00+00:00,0.19009875
2011-05-02 17:00:00+00:00,0.17453894
2011-05-02 18:00:00+00:00,0.14616053
2011-05-02 19:00:00+00:00,0.39776945
2011-05-02 20:00:00+00:00,0.20128386
2011-05-02 21:00:00+00:00,0.14373952
2011-05-02 22:00:00+00:00,0.45220935
2011-05-02 23:00:00+00:00,0.32913962
2011-05-03 00:00:00+00:00,0.07619348
2011-05-03 01:00:00+00:00,0.0
2011-05-03 02:00:00+00:00,0.0
2011-05-03 03:00:00+00:00,0.0
2011-05-03 04:00:00+00:00,0.0
2011-05-03 05:00:00+00:00,0.0
2011-05-03 06:00:00+00:00,0.0
2011-05-03 07:00:00+00:00,0.0
2011-05-03 08:00:00+00:00,0.0
2011-05-03 09:00:00+00:00,0.0
2011-05-03 10:00:00+00:00,0.0
2011-05-03 11:00:00+00:00,0.0007588090400000001
2011-05-03 12:00:00+00:00,0.29067800000000005
2011-05-03 13:00:00+00:00,0.33609706
2011-05-03 14:00:00+00:00,0.09706956
2011-05-03 15:00:00+00:00,0.12048299999999999
2011-05-03 16:00:00+00:00,0.18376218
2011-05-03 17:00:00+00:00,0.22170384
2011-05-03 18:00:00+00:00,0.30060917
2011-05-03 19:00:00+00:00,0.37348995
2011-05-03 20:00:00+00:00,0.5325264000000001
2011-05-03 21:00:00+00:00,0.46740600000000004
2011-05-03 22:00:00+00:00,0.61507607
2011-05-03 23:00:00+00:00,0.41656170000000003
2011-05-04 00:00:00+00:00,0.09360402
2011-05-04 01:00:00+00:00,0.0
2011-05-04 02:00:00+00:00,0.0
2011-05-04 03:00:00+00:00,0.0
2011-05-04 04:00:00+00:00,0.0
2011-05-04 05:00:00+00:00,0.0
2011-05-04 06:00:00+00:00,0.0
2011-05-04 07:00:00+00:00,0.0
2011-05-04 08:00:00+00:00,0.0
2011-05-04 09:00:00+00:00,0.0
2011-05-04 10:00:00+00:00,0.0
2011-05-04 11:00:00+00:00,0.0153395245
2011-05-04 12:00:00+00:00,0.389054
2011-05-04 13:00:00+00:00,0.6764727
2011-05-04 14:00:00+00:00,0.75945777
2011-05-04 15:00:00+00:00,0.769
2011-05-04 16:00:00+00:00,0.7680388000000001
2011-05-04 17:00:00+00:00,0.7552423
2011-05-04 18:00:00+00:00,0.7481191999999999
2011-05-04 19:00:00+00:00,0.7465269
2011-05-04 20:00:00+00:00,0.75014937
2011-05-04 21:00:00+00:00,0.72863597
2011-05-04 22:00:00+00:00,0.6532272
2011-05-04 23:00:00+00:00,0.41656902
2011-05-05 00:00:00+00:00,0.0964602
2011-05-05 01:00:00+00:00,0.0
2011-05-05 02:00:00+00:00,0.0
2011-05-05 03:00:00+00:00,0.0
2011-05-05 04:00:00+00:00,0.0
2011-05-05 05:00:00+00:00,0.0
2011-05-05 06:00:00+00:00,0.0
2011-05-05 07:00:00+00:00,0.0
2011-05-05 08:00:00+00:00,0.0
2011-05-05 09:00:00+00:00,0.0
2011-05-05 10:00:00+00:00,0.0
2011-05-05 11:00:00+00:00,0.0020137934
2011-05-05 12:00:00+00:00,0.25285688
2011-05-05 13:00:00+00:00,0.6250066999999999
2011-05-05 14:00:00+00:00,0.5206149999999999
2011-05-05 15:00:00+00:00,0.7226807
2011-05-05 16:00:00+00:00,0.39874858
2011-05-05 17:00:00+00:00,0.29089484
2011-05-05 18:00:00+00:00,0.12984367
2011-05-05 19:00:00+00:00,0.49158549999999995
2011-05-05 20:00:00+00:00,0.68051183
2011-05-05 21:00:00+00:00,0.6681708000000001
2011-05-05 22:00:00+00:00,0.6450691999999999
2011-05-05 23:00:00+00:00,0.42650193
2011-05-06 00:00:00+00:00,0.06320492
2011-05-06 01:00:00+00:00,0.0
2011-05-06 02:00:00+00:00,0.0
2011-05-06 03:00:00+00:00,0.0
2011-05-06 04:00:00+00:00,0.0
2011-05-06 05:00:00+00:00,0.0
2011-05-06 06:00:00+00:00,0.0
2011-05-06 07:00:00+00:00,0.0
2011-05-06 08:00:00+00:00,0.0
2011-05-06 09:00:00+00:00,0.0
2011-05-06 10:00:00+00:00,0.0
2011-05-06 11:00:00+00:00,0.016150368000000002
2011-05-06 12:00:00+00:00,0.3296907
2011-05-06 13:00:00+00:00,0.3611223
2011-05-06 14:00:00+00:00,0.25435713
2011-05-06 15:00:00+00:00,0.3411734
2011-05-06 16:00:00+00:00,0.31271476
2011-05-06 17:00:00+00:00,0.34006906
2011-05-06 18:00:00+00:00,0.17615877
2011-05-06 19:00:00+00:00,0.11357964
2011-05-06 20:00:00+00:00,0.073473364
2011-05-06 21:00:00+00:00,0.25198337
2011-05-06 22:00:00+00:00,0.47679687
2011-05-06 23:00:00+00:00,0.22247697
2011-05-07 00:00:00+00:00,0.006608358000000001
2011-05-07 01:00:00+00:00,0.0
2011-05-07 02:00:00+00:00,0.0
2011-05-07 03:00:00+00:00,0.0
2011-05-07 04:00:00+00:00,0.0
2011-05-07 05:00:00+00:00,0.0
2011-05-07 06:00:00+00:00,0.0
2011-05-07 07:00:00+00:00,0.0
2011-05-07 08:00:00+00:00,0.0
2011-05-07 09:00:00+00:00,0.0
2011-05-07 10:00:00+00:00,0.0
2011-05-07 11:00:00+00:00,0.018069677
2011-05-07 12:00:00+00:00,0.11750715
2011-05-07 13:00:00+00:00,0.3230823
2011-05-07 14:00:00+00:00,0.20198606
2011-05-07 15:00:00+00:00,0.41344490000000006
2011-05-07 16:00:00+00:00,0.51117486
2011-05-07 17:00:00+00:00,0.60895205
2011-05-07 18:00:00+00:00,0.6398368000000001
2011-05-07 19:00:00+00:00,0.6410291
2011-05-07 20:00:00+00:00,0.6829130999999999
2011-05-07 21:00:00+00:00,0.6619972
2011-05-07 22:00:00+00:00,0.56825054
2011-05-07 23:00:00+00:00,0.3659892
2011-05-08 00:00:00+00:00,0.080811165
2011-05-08 01:00:00+00:00,0.0
2011-05-08 02:00:00+00:00,0.0
2011-05-08 03:00:00+00:00,0.0
2011-05-08 04:00:00+00:00,0.0
2011-05-08 05:00:00+00:00,0.0
2011-05-08 06:00:00+00:00,0.0
2011-05-08 07:00:00+00:00,0.0
2011-05-08 08:00:00+00:00,0.0
2011-05-08 09:00:00+00:00,0.0
2011-05-08 10:00:00+00:00,0.0
2011-05-08 11:00:00+00:00,0.031802528
2011-05-08 12:00:00+00:00,0.3150495
2011-05-08 13:00:00+00:00,0.5509931
2011-05-08 14:00:00+00:00,0.64691585
2011-05-08 15:00:00+00:00,0.6905456999999999
2011-05-08 16:00:00+00:00,0.69981784
2011-05-08 17:00:00+00:00,0.69422334
2011-05-08 18:00:00+00:00,0.6925531999999999
2011-05-08 19:00:00+00:00,0.6880341
2011-05-08 20:00:00+00:00,0.5494763
2011-05-08 21:00:00+00:00,0.6404283000000001
2011-05-08 22:00:00+00:00,0.53943455
2011-05-08 23:00:00+00:00,0.30098018
2011-05-09 00:00:00+00:00,0.011575732
2011-05-09 01:00:00+00:00,0.0
2011-05-09 02:00:00+00:00,0.0
2011-05-09 03:00:00+00:00,0.0
2011-05-09 04:00:00+00:00,0.0
2011-05-09 05:00:00+00:00,0.0
2011-05-09 06:00:00+00:00,0.0
2011-05-09 07:00:00+00:00,0.0
2011-05-09 08:00:00+00:00,0.0
2011-05-09 09:00:00+00:00,0.0
2011-05-09 10:00:00+00:00,0.0
2011-05-09 11:00:00+00:00,0.03255263
2011-05-09 12:00:00+00:00,0.2707733
2011-05-09 13:00:00+00:00,0.551277
2011-05-09 14:00:00+00:00,0.6515615
2011-05-09 15:00:00+00:00,0.6643099
2011-05-09 16:00:00+00:00,0.6350269000000001
2011-05-09 17:00:00+00:00,0.5678347
2011-05-09 18:00:00+00:00,0.42269832
2011-05-09 19:00:00+00:00,0.58406955
2011-05-09 20:00:00+00:00,0.41510588
2011-05-09 21:00:00+00:00,0.15556763
2011-05-09 22:00:00+00:00,0.40048885
2011-05-09 23:00:00+00:00,0.12709990000000002
2011-05-10 00:00:00+00:00,0.032001358
2011-05-10 01:00:00+00:00,0.0
2011-05-10 02:00:00+00:00,0.0
2011-05-10 03:00:00+00:00,0.0
2011-05-10 04:00:00+00:00,0.0
2011-05-10 05:00:00+00:00,0.0
2011-05-10 06:00:00+00:00,0.0
2011-05-10 07:00:00+00:00,0.0
2011-05-10 08:00:00+00:00,0.0
2011-05-10 09:00:00+00:00,0.0
2011-05-10 10:00:00+00:00,0.0
2011-05-10 11:00:00+00:00,0.032701198
2011-05-10 12:00:00+00:00,0.28093278
2011-05-10 13:00:00+00:00,0.51307416
2011-05-10 14:00:00+00:00,0.59001654
2011-05-10 15:00:00+00:00,0.5855887
2011-05-10 16:00:00+00:00,0.5759834
2011-05-10 17:00:00+00:00,0.569233
2011-05-10 18:00:00+00:00,0.6239571
2011-05-10 19:00:00+00:00,0.66314214
2011-05-10 20:00:00+00:00,0.6356027
2011-05-10 21:00:00+00:00,0.5452402
2011-05-10 22:00:00+00:00,0.44991824
2011-05-10 23:00:00+00:00,0.30261457
2011-05-11 00:00:00+00:00,0.060963668
2011-05-11 01:00:00+00:00,0.0
2011-05-11 02:00:00+00:00,0.0
2011-05-11 03:00:00+00:00,0.0
2011-05-11 04:00:00+00:00,0.0
2011-05-11 05:00:00+00:00,0.0
2011-05-11 06:00:00+00:00,0.0
2011-05-11 07:00:00+00:00,0.0
2011-05-11 08:00:00+00:00,0.0
2011-05-11 09:00:00+00:00,0.0
2011-05-11 10:00:00+00:00,0.0
2011-05-11 11:00:00+00:00,0.014385868000000001
2011-05-11 12:00:00+00:00,0.22851995
2011-05-11 13:00:00+00:00,0.4188233
2011-05-11 14:00:00+00:00,0.5607156999999999
2011-05-11 15:00:00+00:00,0.69507277
2011-05-11 16:00:00+00:00,0.6513985
2011-05-11 17:00:00+00:00,0.6038151999999999
2011-05-11 18:00:00+00:00,0.5916885000000001
2011-05-11 19:00:00+00:00,0.605334
2011-05-11 20:00:00+00:00,0.58614075
2011-05-11 21:00:00+00:00,0.5561695
2011-05-11 22:00:00+00:00,0.5453041999999999
2011-05-11 23:00:00+00:00,0.288024
2011-05-12 00:00:00+00:00,0.055351947
2011-05-12 01:00:00+00:00,0.0
2011-05-12 02:00:00+00:00,0.0
2011-05-12 03:00:00+00:00,0.0
2011-05-12 04:00:00+00:00,0.0
2011-05-12 05:00:00+00:00,0.0
2011-05-12 06:00:00+00:00,0.0
2011-05-12 07:00:00+00:00,0.0
2011-05-12 08:00:00+00:00,0.0
2011-05-12 09:00:00+00:00,0.0
2011-05-12 10:00:00+00:00,0.0
2011-05-12 11:00:00+00:00,0.013061733999999998
2011-05-12 12:00:00+00:00,0.25233892
2011-05-12 13:00:00+00:00,0.42442745
2011-05-12 14:00:00+00:00,0.5563088
2011-05-12 15:00:00+00:00,0.47597128
2011-05-12 16:00:00+00:00,0.6205826
2011-05-12 17:00:00+00:00,0.2883663
2011-05-12 18:00:00+00:00,0.26826307
2011-05-12 19:00:00+00:00,0.44826588
2011-05-12 20:00:00+00:00,0.43783999999999995
2011-05-12 21:00:00+00:00,0.48517495
2011-05-12 22:00:00+00:00,0.480509
2011-05-12 23:00:00+00:00,0.21922252
2011-05-13 00:00:00+00:00,0.047827296
2011-05-13 01:00:00+00:00,0.0
2011-05-13 02:00:00+00:00,0.0
2011-05-13 03:00:00+00:00,0.0
2011-05-13 04:00:00+00:00,0.0
2011-05-13 05:00:00+00:00,0.0
2011-05-13 06:00:00+00:00,0.0
2011-05-13 07:00:00+00:00,0.0
2011-05-13 08:00:00+00:00,0.0
2011-05-13 09:00:00+00:00,0.0
2011-05-13 10:00:00+00:00,0.0
2011-05-13 11:00:00+00:00,0.0019144132
2011-05-13 12:00:00+00:00,0.13598782
2011-05-13 13:00:00+00:00,0.056691144000000006
2011-05-13 14:00:00+00:00,0.028433852000000003
2011-05-13 15:00:00+00:00,0.025128936
2011-05-13 16:00:00+00:00,0.14994931
2011-05-13 17:00:00+00:00,0.1443047
2011-05-13 18:00:00+00:00,0.5191198
2011-05-13 19:00:00+00:00,0.5917905999999999
2011-05-13 20:00:00+00:00,0.17811786
2011-05-13 21:00:00+00:00,0.59064925
2011-05-13 22:00:00+00:00,0.07615203
2011-05-13 23:00:00+00:00,0.35413128
2011-05-14 00:00:00+00:00,0.00788038
2011-05-14 01:00:00+00:00,0.0
2011-05-14 02:00:00+00:00,0.0
2011-05-14 03:00:00+00:00,0.0
2011-05-14 04:00:00+00:00,0.0
2011-05-14 05:00:00+00:00,0.0
2011-05-14 06:00:00+00:00,0.0
2011-05-14 07:00:00+00:00,0.0
2011-05-14 08:00:00+00:00,0.0
2011-05-14 09:00:00+00:00,0.0
2011-05-14 10:00:00+00:00,0.0
2011-05-14 11:00:00+00:00,0.0
2011-05-14 12:00:00+00:00,0.014314831
2011-05-14 13:00:00+00:00,0.020934746
2011-05-14 14:00:00+00:00,0.07205827
2011-05-14 15:00:00+00:00,0.07293633
2011-05-14 16:00:00+00:00,0.08853187
2011-05-14 17:00:00+00:00,0.10572931
2011-05-14 18:00:00+00:00,0.06617007
2011-05-14 19:00:00+00:00,0.17011681
2011-05-14 20:00:00+00:00,0.11642075
2011-05-14 21:00:00+00:00,0.07413211
2011-05-14 22:00:00+00:00,0.043820605
2011-05-14 23:00:00+00:00,0.03569203
2011-05-15 00:00:00+00:00,0.02662887
2011-05-15 01:00:00+00:00,0.0
2011-05-15 02:00:00+00:00,0.0
2011-05-15 03:00:00+00:00,0.0
2011-05-15 04:00:00+00:00,0.0
2011-05-15 05:00:00+00:00,0.0
2011-05-15 06:00:00+00:00,0.0
2011-05-15 07:00:00+00:00,0.0
2011-05-15 08:00:00+00:00,0.0
2011-05-15 09:00:00+00:00,0.0
2011-05-15 10:00:00+00:00,0.0
2011-05-15 11:00:00+00:00,0.0
2011-05-15 12:00:00+00:00,0.015572353999999998
2011-05-15 13:00:00+00:00,0.04636127
2011-05-15 14:00:00+00:00,0.1386056
2011-05-15 15:00:00+00:00,0.15802242
2011-05-15 16:00:00+00:00,0.1919651
2011-05-15 17:00:00+00:00,0.17955825
2011-05-15 18:00:00+00:00,0.134785
2011-05-15 19:00:00+00:00,0.13051233
2011-05-15 20:00:00+00:00,0.17657097
2011-05-15 21:00:00+00:00,0.16787083
2011-05-15 22:00:00+00:00,0.08580253
2011-05-15 23:00:00+00:00,0.07228319
2011-05-16 00:00:00+00:00,0.032178227000000004
2011-05-16 01:00:00+00:00,0.0
2011-05-16 02:00:00+00:00,0.0
2011-05-16 03:00:00+00:00,0.0
2011-05-16 04:00:00+00:00,0.0
2011-05-16 05:00:00+00:00,0.0
2011-05-16 06:00:00+00:00,0.0
2011-05-16 07:00:00+00:00,0.0
2011-05-16 08:00:00+00:00,0.0
2011-05-16 09:00:00+00:00,0.0
2011-05-16 10:00:00+00:00,0.0
2011-05-16 11:00:00+00:00,0.03934567
2011-05-16 12:00:00+00:00,0.27034086
2011-05-16 13:00:00+00:00,0.2848918
2011-05-16 14:00:00+00:00,0.21337150000000002
2011-05-16 15:00:00+00:00,0.15525489
2011-05-16 16:00:00+00:00,0.15188725
2011-05-16 17:00:00+00:00,0.0996842
2011-05-16 18:00:00+00:00,0.2751035
2011-05-16 19:00:00+00:00,0.13672861
2011-05-16 20:00:00+00:00,0.07471280000000001
2011-05-16 21:00:00+00:00,0.06668448
2011-05-16 22:00:00+00:00,0.05787938
2011-05-16 23:00:00+00:00,0.08135391
2011-05-17 00:00:00+00:00,0.015250314
2011-05-17 01:00:00+00:00,0.0
2011-05-17 02:00:00+00:00,0.0
2011-05-17 03:00:00+00:00,0.0
2011-05-17 04:00:00+00:00,0.0
2011-05-17 05:00:00+00:00,0.0
2011-05-17 06:00:00+00:00,0.0
2011-05-17 07:00:00+00:00,0.0
2011-05-17 08:00:00+00:00,0.0
2011-05-17 09:00:00+00:00,0.0
2011-05-17 10:00:00+00:00,0.0
2011-05-17 11:00:00+00:00,0.00036153781999999997
2011-05-17 12:00:00+00:00,0.019119287
2011-05-17 13:00:00+00:00,0.03667818
2011-05-17 14:00:00+00:00,0.16064286
2011-05-17 15:00:00+00:00,0.15280923
2011-05-17 16:00:00+00:00,0.19894122
2011-05-17 17:00:00+00:00,0.12019048
2011-05-17 18:00:00+00:00,0.1700014
2011-05-17 19:00:00+00:00,0.22437507
2011-05-17 20:00:00+00:00,0.13571467
2011-05-17 21:00:00+00:00,0.12835507
2011-05-17 22:00:00+00:00,0.13939434
2011-05-17 23:00:00+00:00,0.06289048
2011-05-18 00:00:00+00:00,0.009710544
2011-05-18 01:00:00+00:00,0.0
2011-05-18 02:00:00+00:00,0.0
2011-05-18 03:00:00+00:00,0.0
2011-05-18 04:00:00+00:00,0.0
2011-05-18 05:00:00+00:00,0.0
2011-05-18 06:00:00+00:00,0.0
2011-05-18 07:00:00+00:00,0.0
2011-05-18 08:00:00+00:00,0.0
2011-05-18 09:00:00+00:00,0.0
2011-05-18 10:00:00+00:00,0.0
2011-05-18 11:00:00+00:00,0.0030189740000000002
2011-05-18 12:00:00+00:00,0.010376005
2011-05-18 13:00:00+00:00,0.0630511
2011-05-18 14:00:00+00:00,0.18870775
2011-05-18 15:00:00+00:00,0.23801109
2011-05-18 16:00:00+00:00,0.32703876
2011-05-18 17:00:00+00:00,0.5645897
2011-05-18 18:00:00+00:00,0.2730985
2011-05-18 19:00:00+00:00,0.51131487
2011-05-18 20:00:00+00:00,0.50838184
2011-05-18 21:00:00+00:00,0.40422624
2011-05-18 22:00:00+00:00,0.27475038
2011-05-18 23:00:00+00:00,0.31882045
2011-05-19 00:00:00+00:00,0.09770886599999999
2011-05-19 01:00:00+00:00,0.0
2011-05-19 02:00:00+00:00,0.0
2011-05-19 03:00:00+00:00,0.0
2011-05-19 04:00:00+00:00,0.0
2011-05-19 05:00:00+00:00,0.0
2011-05-19 06:00:00+00:00,0.0
2011-05-19 07:00:00+00:00,0.0
2011-05-19 08:00:00+00:00,0.0
2011-05-19 09:00:00+00:00,0.0
2011-05-19 10:00:00+00:00,0.0
2011-05-19 11:00:00+00:00,0.033226900000000004
2011-05-19 12:00:00+00:00,0.31250268
2011-05-19 13:00:00+00:00,0.46856788
2011-05-19 14:00:00+00:00,0.67536116
2011-05-19 15:00:00+00:00,0.69097495
2011-05-19 16:00:00+00:00,0.6924326999999999
2011-05-19 17:00:00+00:00,0.68396384
2011-05-19 18:00:00+00:00,0.5785069
2011-05-19 19:00:00+00:00,0.5219572
2011-05-19 20:00:00+00:00,0.5324265
2011-05-19 21:00:00+00:00,0.5848343
2011-05-19 22:00:00+00:00,0.42390892
2011-05-19 23:00:00+00:00,0.25205532
2011-05-20 00:00:00+00:00,0.06562383
2011-05-20 01:00:00+00:00,0.0
2011-05-20 02:00:00+00:00,0.0
2011-05-20 03:00:00+00:00,0.0
2011-05-20 04:00:00+00:00,0.0
2011-05-20 05:00:00+00:00,0.0
2011-05-20 06:00:00+00:00,0.0
2011-05-20 07:00:00+00:00,0.0
2011-05-20 08:00:00+00:00,0.0
2011-05-20 09:00:00+00:00,0.0
2011-05-20 10:00:00+00:00,0.0
2011-05-20 11:00:00+00:00,0.023801807
2011-05-20 12:00:00+00:00,0.036872517
2011-05-20 13:00:00+00:00,0.4352693
2011-05-20 14:00:00+00:00,0.5972494
2011-05-20 15:00:00+00:00,0.6879301
2011-05-20 16:00:00+00:00,0.6948041
2011-05-20 17:00:00+00:00,0.6549779
2011-05-20 18:00:00+00:00,0.6695779000000001
2011-05-20 19:00:00+00:00,0.6135044
2011-05-20 20:00:00+00:00,0.6713686
2011-05-20 21:00:00+00:00,0.6384135999999999
2011-05-20 22:00:00+00:00,0.14755577
2011-05-20 23:00:00+00:00,0.1907303
2011-05-21 00:00:00+00:00,0.016099093000000002
2011-05-21 01:00:00+00:00,0.0
2011-05-21 02:00:00+00:00,0.0
2011-05-21 03:00:00+00:00,0.0
2011-05-21 04:00:00+00:00,0.0
2011-05-21 05:00:00+00:00,0.0
2011-05-21 06:00:00+00:00,0.0
2011-05-21 07:00:00+00:00,0.0
2011-05-21 08:00:00+00:00,0.0
2011-05-21 09:00:00+00:00,0.0
2011-05-21 10:00:00+00:00,0.0
2011-05-21 11:00:00+00:00,0.105542265
2011-05-21 12:00:00+00:00,0.40409058
2011-05-21 13:00:00+00:00,0.34149536
2011-05-21 14:00:00+00:00,0.11248699599999999
2011-05-21 15:00:00+00:00,0.71385884
2011-05-21 16:00:00+00:00,0.61024797
2011-05-21 17:00:00+00:00,0.65359336
2011-05-21 18:00:00+00:00,0.62352085
2011-05-21 19:00:00+00:00,0.66105276
2011-05-21 20:00:00+00:00,0.051764105
2011-05-21 21:00:00+00:00,0.11525614599999999
2011-05-21 22:00:00+00:00,0.41519120000000004
2011-05-21 23:00:00+00:00,0.22866371
2011-05-22 00:00:00+00:00,0.0011246456
2011-05-22 01:00:00+00:00,0.0
2011-05-22 02:00:00+00:00,0.0
2011-05-22 03:00:00+00:00,0.0
2011-05-22 04:00:00+00:00,0.0
2011-05-22 05:00:00+00:00,0.0
2011-05-22 06:00:00+00:00,0.0
2011-05-22 07:00:00+00:00,0.0
2011-05-22 08:00:00+00:00,0.0
2011-05-22 09:00:00+00:00,0.0
2011-05-22 10:00:00+00:00,0.0
2011-05-22 11:00:00+00:00,0.0025938798
2011-05-22 12:00:00+00:00,0.10962892
2011-05-22 13:00:00+00:00,0.17055084
2011-05-22 14:00:00+00:00,0.27331764
2011-05-22 15:00:00+00:00,0.70616627
2011-05-22 16:00:00+00:00,0.7187078
2011-05-22 17:00:00+00:00,0.6676486
2011-05-22 18:00:00+00:00,0.7212546
2011-05-22 19:00:00+00:00,0.72052956
2011-05-22 20:00:00+00:00,0.71431684
2011-05-22 21:00:00+00:00,0.6943512
2011-05-22 22:00:00+00:00,0.6103149
2011-05-22 23:00:00+00:00,0.08890761
2011-05-23 00:00:00+00:00,0.01403394
2011-05-23 01:00:00+00:00,0.0
2011-05-23 02:00:00+00:00,0.0
2011-05-23 03:00:00+00:00,0.0
2011-05-23 04:00:00+00:00,0.0
2011-05-23 05:00:00+00:00,0.0
2011-05-23 06:00:00+00:00,0.0
2011-05-23 07:00:00+00:00,0.0
2011-05-23 08:00:00+00:00,0.0
2011-05-23 09:00:00+00:00,0.0
2011-05-23 10:00:00+00:00,0.0
2011-05-23 11:00:00+00:00,0.0010297695
2011-05-23 12:00:00+00:00,0.0064940606000000005
2011-05-23 13:00:00+00:00,0.17876226
2011-05-23 14:00:00+00:00,0.13930407
2011-05-23 15:00:00+00:00,0.168735
2011-05-23 16:00:00+00:00,0.17366408
2011-05-23 17:00:00+00:00,0.34418446
2011-05-23 18:00:00+00:00,0.2968458
2011-05-23 19:00:00+00:00,0.30797213
2011-05-23 20:00:00+00:00,0.39619970000000004
2011-05-23 21:00:00+00:00,0.58023876
2011-05-23 22:00:00+00:00,0.6211914000000001
2011-05-23 23:00:00+00:00,0.45928878
2011-05-24 00:00:00+00:00,0.15013893
2011-05-24 01:00:00+00:00,0.0
2011-05-24 02:00:00+00:00,0.0
2011-05-24 03:00:00+00:00,0.0
2011-05-24 04:00:00+00:00,0.0
2011-05-24 05:00:00+00:00,0.0
2011-05-24 06:00:00+00:00,0.0
2011-05-24 07:00:00+00:00,0.0
2011-05-24 08:00:00+00:00,0.0
2011-05-24 09:00:00+00:00,0.0
2011-05-24 10:00:00+00:00,0.0
2011-05-24 11:00:00+00:00,0.07995652
2011-05-24 12:00:00+00:00,0.20488572
2011-05-24 13:00:00+00:00,0.3329379
2011-05-24 14:00:00+00:00,0.5487694000000001
2011-05-24 15:00:00+00:00,0.6861392
2011-05-24 16:00:00+00:00,0.5980122
2011-05-24 17:00:00+00:00,0.623927
2011-05-24 18:00:00+00:00,0.6463673000000001
2011-05-24 19:00:00+00:00,0.71542126
2011-05-24 20:00:00+00:00,0.46594694
2011-05-24 21:00:00+00:00,0.5787085999999999
2011-05-24 22:00:00+00:00,0.51556325
2011-05-24 23:00:00+00:00,0.4073272
2011-05-25 00:00:00+00:00,0.12616415
2011-05-25 01:00:00+00:00,0.0
2011-05-25 02:00:00+00:00,0.0
2011-05-25 03:00:00+00:00,0.0
2011-05-25 04:00:00+00:00,0.0
2011-05-25 05:00:00+00:00,0.0
2011-05-25 06:00:00+00:00,0.0
2011-05-25 07:00:00+00:00,0.0
2011-05-25 08:00:00+00:00,0.0
2011-05-25 09:00:00+00:00,0.0
2011-05-25 10:00:00+00:00,0.0
2011-05-25 11:00:00+00:00,0.04706455
2011-05-25 12:00:00+00:00,0.29308379999999995
2011-05-25 13:00:00+00:00,0.10647601
2011-05-25 14:00:00+00:00,0.16371517
2011-05-25 15:00:00+00:00,0.2593843
2011-05-25 16:00:00+00:00,0.33444038
2011-05-25 17:00:00+00:00,0.5912752
2011-05-25 18:00:00+00:00,0.5069932
2011-05-25 19:00:00+00:00,0.5151425999999999
2011-05-25 20:00:00+00:00,0.2021703
2011-05-25 21:00:00+00:00,0.053511973
2011-05-25 22:00:00+00:00,0.06432641
2011-05-25 23:00:00+00:00,0.10212466
2011-05-26 00:00:00+00:00,0.10533482
2011-05-26 01:00:00+00:00,0.0
2011-05-26 02:00:00+00:00,0.0
2011-05-26 03:00:00+00:00,0.0
2011-05-26 04:00:00+00:00,0.0
2011-05-26 05:00:00+00:00,0.0
2011-05-26 06:00:00+00:00,0.0
2011-05-26 07:00:00+00:00,0.0
2011-05-26 08:00:00+00:00,0.0
2011-05-26 09:00:00+00:00,0.0
2011-05-26 10:00:00+00:00,0.0
2011-05-26 11:00:00+00:00,0.10328575
2011-05-26 12:00:00+00:00,0.021977898
2011-05-26 13:00:00+00:00,0.047381923
2011-05-26 14:00:00+00:00,0.094419405
2011-05-26 15:00:00+00:00,0.13552065
2011-05-26 16:00:00+00:00,0.24190953
2011-05-26 17:00:00+00:00,0.27717197
2011-05-26 18:00:00+00:00,0.36639014
2011-05-26 19:00:00+00:00,0.39379025
2011-05-26 20:00:00+00:00,0.26645526
2011-05-26 21:00:00+00:00,0.17786862
2011-05-26 22:00:00+00:00,0.11804464
2011-05-26 23:00:00+00:00,0.046328022999999996
2011-05-27 00:00:00+00:00,0.16587792
2011-05-27 01:00:00+00:00,0.0
2011-05-27 02:00:00+00:00,0.0
2011-05-27 03:00:00+00:00,0.0
2011-05-27 04:00:00+00:00,0.0
2011-05-27 05:00:00+00:00,0.0
2011-05-27 06:00:00+00:00,0.0
2011-05-27 07:00:00+00:00,0.0
2011-05-27 08:00:00+00:00,0.0
2011-05-27 09:00:00+00:00,0.0
2011-05-27 10:00:00+00:00,0.0
2011-05-27 11:00:00+00:00,0.043306465999999995
2011-05-27 12:00:00+00:00,0.09406896
2011-05-27 13:00:00+00:00,0.62349474
2011-05-27 14:00:00+00:00,0.6987403
2011-05-27 15:00:00+00:00,0.7261613
2011-05-27 16:00:00+00:00,0.72247154
2011-05-27 17:00:00+00:00,0.6288881
2011-05-27 18:00:00+00:00,0.60725445
2011-05-27 19:00:00+00:00,0.48456928
2011-05-27 20:00:00+00:00,0.45698574
2011-05-27 21:00:00+00:00,0.45171785
2011-05-27 22:00:00+00:00,0.5200765
2011-05-27 23:00:00+00:00,0.22691385
2011-05-28 00:00:00+00:00,0.07004523
2011-05-28 01:00:00+00:00,0.0
2011-05-28 02:00:00+00:00,0.0
2011-05-28 03:00:00+00:00,0.0
2011-05-28 04:00:00+00:00,0.0
2011-05-28 05:00:00+00:00,0.0
2011-05-28 06:00:00+00:00,0.0
2011-05-28 07:00:00+00:00,0.0
2011-05-28 08:00:00+00:00,0.0
2011-05-28 09:00:00+00:00,0.0
2011-05-28 10:00:00+00:00,0.0
2011-05-28 11:00:00+00:00,0.111770645
2011-05-28 12:00:00+00:00,0.42678913
2011-05-28 13:00:00+00:00,0.63256985
2011-05-28 14:00:00+00:00,0.70492435
2011-05-28 15:00:00+00:00,0.7232386
2011-05-28 16:00:00+00:00,0.718989
2011-05-28 17:00:00+00:00,0.71166605
2011-05-28 18:00:00+00:00,0.7110785
2011-05-28 19:00:00+00:00,0.710746
2011-05-28 20:00:00+00:00,0.71147555
2011-05-28 21:00:00+00:00,0.57106984
2011-05-28 22:00:00+00:00,0.47080070000000007
2011-05-28 23:00:00+00:00,0.33815023
2011-05-29 00:00:00+00:00,0.12763652
2011-05-29 01:00:00+00:00,0.0
2011-05-29 02:00:00+00:00,0.0
2011-05-29 03:00:00+00:00,0.0
2011-05-29 04:00:00+00:00,0.0
2011-05-29 05:00:00+00:00,0.0
2011-05-29 06:00:00+00:00,0.0
2011-05-29 07:00:00+00:00,0.0
2011-05-29 08:00:00+00:00,0.0
2011-05-29 09:00:00+00:00,0.0
2011-05-29 10:00:00+00:00,0.0
2011-05-29 11:00:00+00:00,0.10912559
2011-05-29 12:00:00+00:00,0.40614864
2011-05-29 13:00:00+00:00,0.6045103000000001
2011-05-29 14:00:00+00:00,0.6794503000000001
2011-05-29 15:00:00+00:00,0.7012643
2011-05-29 16:00:00+00:00,0.7014064
2011-05-29 17:00:00+00:00,0.692346
2011-05-29 18:00:00+00:00,0.6838970999999999
2011-05-29 19:00:00+00:00,0.6830656999999999
2011-05-29 20:00:00+00:00,0.67830724
2011-05-29 21:00:00+00:00,0.64001626
2011-05-29 22:00:00+00:00,0.43333822
2011-05-29 23:00:00+00:00,0.42924795
2011-05-30 00:00:00+00:00,0.14779021
2011-05-30 01:00:00+00:00,0.0
2011-05-30 02:00:00+00:00,0.0
2011-05-30 03:00:00+00:00,0.0
2011-05-30 04:00:00+00:00,0.0
2011-05-30 05:00:00+00:00,0.0
2011-05-30 06:00:00+00:00,0.0
2011-05-30 07:00:00+00:00,0.0
2011-05-30 08:00:00+00:00,0.0
2011-05-30 09:00:00+00:00,0.0
2011-05-30 10:00:00+00:00,0.0
2011-05-30 11:00:00+00:00,0.08815018
2011-05-30 12:00:00+00:00,0.36765993
2011-05-30 13:00:00+00:00,0.5512881
2011-05-30 14:00:00+00:00,0.637278
2011-05-30 15:00:00+00:00,0.67122316
2011-05-30 16:00:00+00:00,0.6778331999999999
2011-05-30 17:00:00+00:00,0.67164576
2011-05-30 18:00:00+00:00,0.6593276
2011-05-30 19:00:00+00:00,0.60745955
2011-05-30 20:00:00+00:00,0.6530705
2011-05-30 21:00:00+00:00,0.6215644
2011-05-30 22:00:00+00:00,0.55154735
2011-05-30 23:00:00+00:00,0.41279426
2011-05-31 00:00:00+00:00,0.13449013
2011-05-31 01:00:00+00:00,0.0
2011-05-31 02:00:00+00:00,0.0
2011-05-31 03:00:00+00:00,0.0
2011-05-31 04:00:00+00:00,0.0
2011-05-31 05:00:00+00:00,0.0
2011-05-31 06:00:00+00:00,0.0
2011-05-31 07:00:00+00:00,0.0
2011-05-31 08:00:00+00:00,0.0
2011-05-31 09:00:00+00:00,0.0
2011-05-31 10:00:00+00:00,0.0
2011-05-31 11:00:00+00:00,0.09233725
2011-05-31 12:00:00+00:00,0.386371
2011-05-31 13:00:00+00:00,0.59361887
2011-05-31 14:00:00+00:00,0.6824898
2011-05-31 15:00:00+00:00,0.70776206
2011-05-31 16:00:00+00:00,0.7012438
2011-05-31 17:00:00+00:00,0.5666463
2011-05-31 18:00:00+00:00,0.6955103
2011-05-31 19:00:00+00:00,0.7136199000000001
2011-05-31 20:00:00+00:00,0.7191534
2011-05-31 21:00:00+00:00,0.71395004
2011-05-31 22:00:00+00:00,0.66347903
2011-05-31 23:00:00+00:00,0.5446255
2011-06-01 00:00:00+00:00,0.21035297
2011-06-01 01:00:00+00:00,0.0
2011-06-01 02:00:00+00:00,0.0
2011-06-01 03:00:00+00:00,0.0
2011-06-01 04:00:00+00:00,0.0
2011-06-01 05:00:00+00:00,0.0
2011-06-01 06:00:00+00:00,0.0
2011-06-01 07:00:00+00:00,0.0
2011-06-01 08:00:00+00:00,0.0
2011-06-01 09:00:00+00:00,0.0
2011-06-01 10:00:00+00:00,0.0
2011-06-01 11:00:00+00:00,0.0843124
2011-06-01 12:00:00+00:00,0.43260062
2011-06-01 13:00:00+00:00,0.5420914000000001
2011-06-01 14:00:00+00:00,0.5640874
2011-06-01 15:00:00+00:00,0.616215
2011-06-01 16:00:00+00:00,0.5607825
2011-06-01 17:00:00+00:00,0.59816307
2011-06-01 18:00:00+00:00,0.60683787
2011-06-01 19:00:00+00:00,0.6565424
2011-06-01 20:00:00+00:00,0.7136286999999999
2011-06-01 21:00:00+00:00,0.14626022
2011-06-01 22:00:00+00:00,0.23768511
2011-06-01 23:00:00+00:00,0.46109325
2011-06-02 00:00:00+00:00,0.14939754
2011-06-02 01:00:00+00:00,0.0
2011-06-02 02:00:00+00:00,0.0
2011-06-02 03:00:00+00:00,0.0
2011-06-02 04:00:00+00:00,0.0
2011-06-02 05:00:00+00:00,0.0
2011-06-02 06:00:00+00:00,0.0
2011-06-02 07:00:00+00:00,0.0
2011-06-02 08:00:00+00:00,0.0
2011-06-02 09:00:00+00:00,0.0
2011-06-02 10:00:00+00:00,0.0
2011-06-02 11:00:00+00:00,0.00087413564
2011-06-02 12:00:00+00:00,0.21268614
2011-06-02 13:00:00+00:00,0.4837305
2011-06-02 14:00:00+00:00,0.23038746
2011-06-02 15:00:00+00:00,0.71667665
2011-06-02 16:00:00+00:00,0.6896111
2011-06-02 17:00:00+00:00,0.68004256
2011-06-02 18:00:00+00:00,0.6441818
2011-06-02 19:00:00+00:00,0.6920795
2011-06-02 20:00:00+00:00,0.68107206
2011-06-02 21:00:00+00:00,0.64840215
2011-06-02 22:00:00+00:00,0.56456673
2011-06-02 23:00:00+00:00,0.34096366
2011-06-03 00:00:00+00:00,0.13145648
2011-06-03 01:00:00+00:00,0.0
2011-06-03 02:00:00+00:00,0.0
2011-06-03 03:00:00+00:00,0.0
2011-06-03 04:00:00+00:00,0.0
2011-06-03 05:00:00+00:00,0.0
2011-06-03 06:00:00+00:00,0.0
2011-06-03 07:00:00+00:00,0.0
2011-06-03 08:00:00+00:00,0.0
2011-06-03 09:00:00+00:00,0.0
2011-06-03 10:00:00+00:00,0.0
2011-06-03 11:00:00+00:00,0.052325614000000006
2011-06-03 12:00:00+00:00,0.2872672
2011-06-03 13:00:00+00:00,0.48128656
2011-06-03 14:00:00+00:00,0.59688085
2011-06-03 15:00:00+00:00,0.6570208000000001
2011-06-03 16:00:00+00:00,0.66860175
2011-06-03 17:00:00+00:00,0.66670907
2011-06-03 18:00:00+00:00,0.6599126000000001
2011-06-03 19:00:00+00:00,0.6588635
2011-06-03 20:00:00+00:00,0.6411201
2011-06-03 21:00:00+00:00,0.605542
2011-06-03 22:00:00+00:00,0.53292656
2011-06-03 23:00:00+00:00,0.37760466
2011-06-04 00:00:00+00:00,0.12824742
2011-06-04 01:00:00+00:00,0.0
2011-06-04 02:00:00+00:00,0.0
2011-06-04 03:00:00+00:00,0.0
2011-06-04 04:00:00+00:00,0.0
2011-06-04 05:00:00+00:00,0.0
2011-06-04 06:00:00+00:00,0.0
2011-06-04 07:00:00+00:00,0.0
2011-06-04 08:00:00+00:00,0.0
2011-06-04 09:00:00+00:00,0.0
2011-06-04 10:00:00+00:00,0.0
2011-06-04 11:00:00+00:00,0.08062592
2011-06-04 12:00:00+00:00,0.3289229
2011-06-04 13:00:00+00:00,0.53179675
2011-06-04 14:00:00+00:00,0.61178434
2011-06-04 15:00:00+00:00,0.5499109999999999
2011-06-04 16:00:00+00:00,0.56987345
2011-06-04 17:00:00+00:00,0.59861195
2011-06-04 18:00:00+00:00,0.46780407
2011-06-04 19:00:00+00:00,0.42640963
2011-06-04 20:00:00+00:00,0.3512545
2011-06-04 21:00:00+00:00,0.53685933
2011-06-04 22:00:00+00:00,0.06839046
2011-06-04 23:00:00+00:00,0.027876036
2011-06-05 00:00:00+00:00,0.014281809
2011-06-05 01:00:00+00:00,0.0
2011-06-05 02:00:00+00:00,0.0
2011-06-05 03:00:00+00:00,0.0
2011-06-05 04:00:00+00:00,0.0
2011-06-05 05:00:00+00:00,0.0
2011-06-05 06:00:00+00:00,0.0
2011-06-05 07:00:00+00:00,0.0
2011-06-05 08:00:00+00:00,0.0
2011-06-05 09:00:00+00:00,0.0
2011-06-05 10:00:00+00:00,0.0
2011-06-05 11:00:00+00:00,0.09809711
2011-06-05 12:00:00+00:00,0.38938615
2011-06-05 13:00:00+00:00,0.5745384
2011-06-05 14:00:00+00:00,0.653305
2011-06-05 15:00:00+00:00,0.6802507
2011-06-05 16:00:00+00:00,0.6834359999999999
2011-06-05 17:00:00+00:00,0.67572737
2011-06-05 18:00:00+00:00,0.6423004
2011-06-05 19:00:00+00:00,0.6160651
2011-06-05 20:00:00+00:00,0.58301896
2011-06-05 21:00:00+00:00,0.47869090000000003
2011-06-05 22:00:00+00:00,0.41000217
2011-06-05 23:00:00+00:00,0.29842427
2011-06-06 00:00:00+00:00,0.10314949999999999
2011-06-06 01:00:00+00:00,0.0
2011-06-06 02:00:00+00:00,0.0
2011-06-06 03:00:00+00:00,0.0
2011-06-06 04:00:00+00:00,0.0
2011-06-06 05:00:00+00:00,0.0
2011-06-06 06:00:00+00:00,0.0
2011-06-06 07:00:00+00:00,0.0
2011-06-06 08:00:00+00:00,0.0
2011-06-06 09:00:00+00:00,0.0
2011-06-06 10:00:00+00:00,0.0
2011-06-06 11:00:00+00:00,0.09128797
2011-06-06 12:00:00+00:00,0.37241676
2011-06-06 13:00:00+00:00,0.55944437
2011-06-06 14:00:00+00:00,0.6437035
2011-06-06 15:00:00+00:00,0.68114984
2011-06-06 16:00:00+00:00,0.67583835
2011-06-06 17:00:00+00:00,0.66756195
2011-06-06 18:00:00+00:00,0.6526352
2011-06-06 19:00:00+00:00,0.6142907
2011-06-06 20:00:00+00:00,0.6529371999999999
2011-06-06 21:00:00+00:00,0.6248114
2011-06-06 22:00:00+00:00,0.5486066999999999
2011-06-06 23:00:00+00:00,0.42141512
2011-06-07 00:00:00+00:00,0.14355531
2011-06-07 01:00:00+00:00,0.0
2011-06-07 02:00:00+00:00,0.0
2011-06-07 03:00:00+00:00,0.0
2011-06-07 04:00:00+00:00,0.0
2011-06-07 05:00:00+00:00,0.0
2011-06-07 06:00:00+00:00,0.0
2011-06-07 07:00:00+00:00,0.0
2011-06-07 08:00:00+00:00,0.0
2011-06-07 09:00:00+00:00,0.0
2011-06-07 10:00:00+00:00,0.0
2011-06-07 11:00:00+00:00,0.08605939
2011-06-07 12:00:00+00:00,0.34512255
2011-06-07 13:00:00+00:00,0.5346129
2011-06-07 14:00:00+00:00,0.6279395999999999
2011-06-07 15:00:00+00:00,0.66524297
2011-06-07 16:00:00+00:00,0.6053611999999999
2011-06-07 17:00:00+00:00,0.6038263
2011-06-07 18:00:00+00:00,0.60733265
2011-06-07 19:00:00+00:00,0.6030674
2011-06-07 20:00:00+00:00,0.5478185
2011-06-07 21:00:00+00:00,0.45969609999999994
2011-06-07 22:00:00+00:00,0.47003967
2011-06-07 23:00:00+00:00,0.3666066
2011-06-08 00:00:00+00:00,0.12321172
2011-06-08 01:00:00+00:00,0.0
2011-06-08 02:00:00+00:00,0.0
2011-06-08 03:00:00+00:00,0.0
2011-06-08 04:00:00+00:00,0.0
2011-06-08 05:00:00+00:00,0.0
2011-06-08 06:00:00+00:00,0.0
2011-06-08 07:00:00+00:00,0.0
2011-06-08 08:00:00+00:00,0.0
2011-06-08 09:00:00+00:00,0.0
2011-06-08 10:00:00+00:00,0.0
2011-06-08 11:00:00+00:00,0.082373574
2011-06-08 12:00:00+00:00,0.33618188
2011-06-08 13:00:00+00:00,0.53797567
2011-06-08 14:00:00+00:00,0.62919563
2011-06-08 15:00:00+00:00,0.61101747
2011-06-08 16:00:00+00:00,0.6640704000000001
2011-06-08 17:00:00+00:00,0.534791
2011-06-08 18:00:00+00:00,0.6405214
2011-06-08 19:00:00+00:00,0.5480508000000001
2011-06-08 20:00:00+00:00,0.63569295
2011-06-08 21:00:00+00:00,0.5488196
2011-06-08 22:00:00+00:00,0.49124375
2011-06-08 23:00:00+00:00,0.39325613
2011-06-09 00:00:00+00:00,0.12448074
2011-06-09 01:00:00+00:00,0.0
2011-06-09 02:00:00+00:00,0.0
2011-06-09 03:00:00+00:00,0.0
2011-06-09 04:00:00+00:00,0.0
2011-06-09 05:00:00+00:00,0.0
2011-06-09 06:00:00+00:00,0.0
2011-06-09 07:00:00+00:00,0.0
2011-06-09 08:00:00+00:00,0.0
2011-06-09 09:00:00+00:00,0.0
2011-06-09 10:00:00+00:00,0.0
2011-06-09 11:00:00+00:00,0.08334933
2011-06-09 12:00:00+00:00,0.33724228
2011-06-09 13:00:00+00:00,0.5337175000000001
2011-06-09 14:00:00+00:00,0.62471235
2011-06-09 15:00:00+00:00,0.66158605
2011-06-09 16:00:00+00:00,0.6708980999999999
2011-06-09 17:00:00+00:00,0.57886875
2011-06-09 18:00:00+00:00,0.60942817
2011-06-09 19:00:00+00:00,0.5843228
2011-06-09 20:00:00+00:00,0.58899355
2011-06-09 21:00:00+00:00,0.4453566
2011-06-09 22:00:00+00:00,0.29622608
2011-06-09 23:00:00+00:00,0.36237648
2011-06-10 00:00:00+00:00,0.11326289999999999
2011-06-10 01:00:00+00:00,0.0
2011-06-10 02:00:00+00:00,0.0
2011-06-10 03:00:00+00:00,0.0
2011-06-10 04:00:00+00:00,0.0
2011-06-10 05:00:00+00:00,0.0
2011-06-10 06:00:00+00:00,0.0
2011-06-10 07:00:00+00:00,0.0
2011-06-10 08:00:00+00:00,0.0
2011-06-10 09:00:00+00:00,0.0
2011-06-10 10:00:00+00:00,0.0
2011-06-10 11:00:00+00:00,0.0044347798
2011-06-10 12:00:00+00:00,0.035654824
2011-06-10 13:00:00+00:00,0.57393366
2011-06-10 14:00:00+00:00,0.44961986
2011-06-10 15:00:00+00:00,0.6937533
2011-06-10 16:00:00+00:00,0.6009850999999999
2011-06-10 17:00:00+00:00,0.66589797
2011-06-10 18:00:00+00:00,0.68334955
2011-06-10 19:00:00+00:00,0.69254094
2011-06-10 20:00:00+00:00,0.62307096
2011-06-10 21:00:00+00:00,0.5559107
2011-06-10 22:00:00+00:00,0.5753060999999999
2011-06-10 23:00:00+00:00,0.43853942
2011-06-11 00:00:00+00:00,0.1571732
2011-06-11 01:00:00+00:00,0.0
2011-06-11 02:00:00+00:00,0.0
2011-06-11 03:00:00+00:00,0.0
2011-06-11 04:00:00+00:00,0.0
2011-06-11 05:00:00+00:00,0.0
2011-06-11 06:00:00+00:00,0.0
2011-06-11 07:00:00+00:00,0.0
2011-06-11 08:00:00+00:00,0.0
2011-06-11 09:00:00+00:00,0.0
2011-06-11 10:00:00+00:00,0.0
2011-06-11 11:00:00+00:00,0.081727214
2011-06-11 12:00:00+00:00,0.34069136
2011-06-11 13:00:00+00:00,0.14085847
2011-06-11 14:00:00+00:00,0.10727692
2011-06-11 15:00:00+00:00,0.14165550000000002
2011-06-11 16:00:00+00:00,0.3177697
2011-06-11 17:00:00+00:00,0.5280265000000001
2011-06-11 18:00:00+00:00,0.44257542
2011-06-11 19:00:00+00:00,0.3893899
2011-06-11 20:00:00+00:00,0.5535803
2011-06-11 21:00:00+00:00,0.67938197
2011-06-11 22:00:00+00:00,0.46512803
2011-06-11 23:00:00+00:00,0.5302356
2011-06-12 00:00:00+00:00,0.21163797
2011-06-12 01:00:00+00:00,0.0
2011-06-12 02:00:00+00:00,0.0
2011-06-12 03:00:00+00:00,0.0
2011-06-12 04:00:00+00:00,0.0
2011-06-12 05:00:00+00:00,0.0
2011-06-12 06:00:00+00:00,0.0
2011-06-12 07:00:00+00:00,0.0
2011-06-12 08:00:00+00:00,0.0
2011-06-12 09:00:00+00:00,0.0
2011-06-12 10:00:00+00:00,0.0
2011-06-12 11:00:00+00:00,0.01423851
2011-06-12 12:00:00+00:00,0.06143925
2011-06-12 13:00:00+00:00,0.26201916
2011-06-12 14:00:00+00:00,0.46392462
2011-06-12 15:00:00+00:00,0.6008321999999999
2011-06-12 16:00:00+00:00,0.73772717
2011-06-12 17:00:00+00:00,0.73333794
2011-06-12 18:00:00+00:00,0.70771366
2011-06-12 19:00:00+00:00,0.7307263
2011-06-12 20:00:00+00:00,0.7311494000000001
2011-06-12 21:00:00+00:00,0.7025474
2011-06-12 22:00:00+00:00,0.64363354
2011-06-12 23:00:00+00:00,0.52084273
2011-06-13 00:00:00+00:00,0.21085395
2011-06-13 01:00:00+00:00,0.0
2011-06-13 02:00:00+00:00,0.0
2011-06-13 03:00:00+00:00,0.0
2011-06-13 04:00:00+00:00,0.0
2011-06-13 05:00:00+00:00,0.0
2011-06-13 06:00:00+00:00,0.0
2011-06-13 07:00:00+00:00,0.0
2011-06-13 08:00:00+00:00,0.0
2011-06-13 09:00:00+00:00,0.0
2011-06-13 10:00:00+00:00,0.0
2011-06-13 11:00:00+00:00,0.07603545
2011-06-13 12:00:00+00:00,0.21341826
2011-06-13 13:00:00+00:00,0.19381812
2011-06-13 14:00:00+00:00,0.63892335
2011-06-13 15:00:00+00:00,0.41596285
2011-06-13 16:00:00+00:00,0.30954640000000005
2011-06-13 17:00:00+00:00,0.31649432
2011-06-13 18:00:00+00:00,0.53883743
2011-06-13 19:00:00+00:00,0.555145
2011-06-13 20:00:00+00:00,0.57913506
2011-06-13 21:00:00+00:00,0.6099884
2011-06-13 22:00:00+00:00,0.5574276
2011-06-13 23:00:00+00:00,0.34308162
2011-06-14 00:00:00+00:00,0.153469
2011-06-14 01:00:00+00:00,0.0
2011-06-14 02:00:00+00:00,0.0
2011-06-14 03:00:00+00:00,0.0
2011-06-14 04:00:00+00:00,0.0
2011-06-14 05:00:00+00:00,0.0
2011-06-14 06:00:00+00:00,0.0
2011-06-14 07:00:00+00:00,0.0
2011-06-14 08:00:00+00:00,0.0
2011-06-14 09:00:00+00:00,0.0
2011-06-14 10:00:00+00:00,0.0
2011-06-14 11:00:00+00:00,0.026762156000000002
2011-06-14 12:00:00+00:00,0.01875631
2011-06-14 13:00:00+00:00,0.010647336
2011-06-14 14:00:00+00:00,0.021646226
2011-06-14 15:00:00+00:00,0.025109591
2011-06-14 16:00:00+00:00,0.046169552999999995
2011-06-14 17:00:00+00:00,0.13401338
2011-06-14 18:00:00+00:00,0.36830553
2011-06-14 19:00:00+00:00,0.46384314
2011-06-14 20:00:00+00:00,0.31556982
2011-06-14 21:00:00+00:00,0.29064843
2011-06-14 22:00:00+00:00,0.43178773
2011-06-14 23:00:00+00:00,0.21164462
2011-06-15 00:00:00+00:00,0.036709834
2011-06-15 01:00:00+00:00,0.0
2011-06-15 02:00:00+00:00,0.0
2011-06-15 03:00:00+00:00,0.0
2011-06-15 04:00:00+00:00,0.0
2011-06-15 05:00:00+00:00,0.0
2011-06-15 06:00:00+00:00,0.0
2011-06-15 07:00:00+00:00,0.0
2011-06-15 08:00:00+00:00,0.0
2011-06-15 09:00:00+00:00,0.0
2011-06-15 10:00:00+00:00,0.0
2011-06-15 11:00:00+00:00,0.14429276
2011-06-15 12:00:00+00:00,0.43067604
2011-06-15 13:00:00+00:00,0.66144234
2011-06-15 14:00:00+00:00,0.73217636
2011-06-15 15:00:00+00:00,0.6968013000000001
2011-06-15 16:00:00+00:00,0.7296779999999999
2011-06-15 17:00:00+00:00,0.7432571
2011-06-15 18:00:00+00:00,0.7360828
2011-06-15 19:00:00+00:00,0.73338705
2011-06-15 20:00:00+00:00,0.72257876
2011-06-15 21:00:00+00:00,0.42562374
2011-06-15 22:00:00+00:00,0.6127716
2011-06-15 23:00:00+00:00,0.5152078
2011-06-16 00:00:00+00:00,0.20599616
2011-06-16 01:00:00+00:00,0.0
2011-06-16 02:00:00+00:00,0.0
2011-06-16 03:00:00+00:00,0.0
2011-06-16 04:00:00+00:00,0.0
2011-06-16 05:00:00+00:00,0.0
2011-06-16 06:00:00+00:00,0.0
2011-06-16 07:00:00+00:00,0.0
2011-06-16 08:00:00+00:00,0.0
2011-06-16 09:00:00+00:00,0.0
2011-06-16 10:00:00+00:00,0.0
2011-06-16 11:00:00+00:00,0.0055169268
2011-06-16 12:00:00+00:00,0.28969935
2011-06-16 13:00:00+00:00,0.5730920999999999
2011-06-16 14:00:00+00:00,0.6603554
2011-06-16 15:00:00+00:00,0.6968257
2011-06-16 16:00:00+00:00,0.7067093000000001
2011-06-16 17:00:00+00:00,0.7017441
2011-06-16 18:00:00+00:00,0.7050865
2011-06-16 19:00:00+00:00,0.70014447
2011-06-16 20:00:00+00:00,0.6229456
2011-06-16 21:00:00+00:00,0.5021449
2011-06-16 22:00:00+00:00,0.37581709999999996
2011-06-16 23:00:00+00:00,0.17223789
2011-06-17 00:00:00+00:00,0.017921243
2011-06-17 01:00:00+00:00,0.0
2011-06-17 02:00:00+00:00,0.0
2011-06-17 03:00:00+00:00,0.0
2011-06-17 04:00:00+00:00,0.0
2011-06-17 05:00:00+00:00,0.0
2011-06-17 06:00:00+00:00,0.0
2011-06-17 07:00:00+00:00,0.0
2011-06-17 08:00:00+00:00,0.0
2011-06-17 09:00:00+00:00,0.0
2011-06-17 10:00:00+00:00,0.0
2011-06-17 11:00:00+00:00,0.002090696
2011-06-17 12:00:00+00:00,0.011700633
2011-06-17 13:00:00+00:00,0.0078365235
2011-06-17 14:00:00+00:00,0.07468695
2011-06-17 15:00:00+00:00,0.37585166
2011-06-17 16:00:00+00:00,0.44666743
2011-06-17 17:00:00+00:00,0.49375987
2011-06-17 18:00:00+00:00,0.44190222
2011-06-17 19:00:00+00:00,0.4548574000000001
2011-06-17 20:00:00+00:00,0.5039244
2011-06-17 21:00:00+00:00,0.57142216
2011-06-17 22:00:00+00:00,0.4896539000000001
2011-06-17 23:00:00+00:00,0.44455740000000005
2011-06-18 00:00:00+00:00,0.15823585
2011-06-18 01:00:00+00:00,0.0
2011-06-18 02:00:00+00:00,0.0
2011-06-18 03:00:00+00:00,0.0
2011-06-18 04:00:00+00:00,0.0
2011-06-18 05:00:00+00:00,0.0
2011-06-18 06:00:00+00:00,0.0
2011-06-18 07:00:00+00:00,0.0
2011-06-18 08:00:00+00:00,0.0
2011-06-18 09:00:00+00:00,0.0
2011-06-18 10:00:00+00:00,0.0
2011-06-18 11:00:00+00:00,0.0021182287
2011-06-18 12:00:00+00:00,0.01723309
2011-06-18 13:00:00+00:00,0.009463795
2011-06-18 14:00:00+00:00,0.023817299
2011-06-18 15:00:00+00:00,0.0983433
2011-06-18 16:00:00+00:00,0.25283378
2011-06-18 17:00:00+00:00,0.56191826
2011-06-18 18:00:00+00:00,0.6216058000000001
2011-06-18 19:00:00+00:00,0.3382143
2011-06-18 20:00:00+00:00,0.23928228
2011-06-18 21:00:00+00:00,0.6646669
2011-06-18 22:00:00+00:00,0.60680884
2011-06-18 23:00:00+00:00,0.46938333
2011-06-19 00:00:00+00:00,0.16619581
2011-06-19 01:00:00+00:00,0.0
2011-06-19 02:00:00+00:00,0.0
2011-06-19 03:00:00+00:00,0.0
2011-06-19 04:00:00+00:00,0.0
2011-06-19 05:00:00+00:00,0.0
2011-06-19 06:00:00+00:00,0.0
2011-06-19 07:00:00+00:00,0.0
2011-06-19 08:00:00+00:00,0.0
2011-06-19 09:00:00+00:00,0.0
2011-06-19 10:00:00+00:00,0.0
2011-06-19 11:00:00+00:00,0.018469224
2011-06-19 12:00:00+00:00,0.11960049
2011-06-19 13:00:00+00:00,0.3076556
2011-06-19 14:00:00+00:00,0.36425713
2011-06-19 15:00:00+00:00,0.37118286
2011-06-19 16:00:00+00:00,0.37247512
2011-06-19 17:00:00+00:00,0.4716619000000001
2011-06-19 18:00:00+00:00,0.47623065
2011-06-19 19:00:00+00:00,0.4482442
2011-06-19 20:00:00+00:00,0.5195159
2011-06-19 21:00:00+00:00,0.53645426
2011-06-19 22:00:00+00:00,0.36212298
2011-06-19 23:00:00+00:00,0.13016199
2011-06-20 00:00:00+00:00,0.03402351
2011-06-20 01:00:00+00:00,0.0
2011-06-20 02:00:00+00:00,0.0
2011-06-20 03:00:00+00:00,0.0
2011-06-20 04:00:00+00:00,0.0
2011-06-20 05:00:00+00:00,0.0
2011-06-20 06:00:00+00:00,0.0
2011-06-20 07:00:00+00:00,0.0
2011-06-20 08:00:00+00:00,0.0
2011-06-20 09:00:00+00:00,0.0
2011-06-20 10:00:00+00:00,0.0
2011-06-20 11:00:00+00:00,0.08974201
2011-06-20 12:00:00+00:00,0.36080807
2011-06-20 13:00:00+00:00,0.55120146
2011-06-20 14:00:00+00:00,0.6550991999999999
2011-06-20 15:00:00+00:00,0.69536483
2011-06-20 16:00:00+00:00,0.70192516
2011-06-20 17:00:00+00:00,0.69849175
2011-06-20 18:00:00+00:00,0.5813092
2011-06-20 19:00:00+00:00,0.46903396
2011-06-20 20:00:00+00:00,0.22951847
2011-06-20 21:00:00+00:00,0.07237428
2011-06-20 22:00:00+00:00,0.16098228
2011-06-20 23:00:00+00:00,0.08439542
2011-06-21 00:00:00+00:00,0.024684137000000002
2011-06-21 01:00:00+00:00,0.0
2011-06-21 02:00:00+00:00,0.0
2011-06-21 03:00:00+00:00,0.0
2011-06-21 04:00:00+00:00,0.0
2011-06-21 05:00:00+00:00,0.0
2011-06-21 06:00:00+00:00,0.0
2011-06-21 07:00:00+00:00,0.0
2011-06-21 08:00:00+00:00,0.0
2011-06-21 09:00:00+00:00,0.0
2011-06-21 10:00:00+00:00,0.0
2011-06-21 11:00:00+00:00,0.008806839
2011-06-21 12:00:00+00:00,0.05855025
2011-06-21 13:00:00+00:00,0.07446721
2011-06-21 14:00:00+00:00,0.07804147
2011-06-21 15:00:00+00:00,0.16305932
2011-06-21 16:00:00+00:00,0.3283634
2011-06-21 17:00:00+00:00,0.15856981
2011-06-21 18:00:00+00:00,0.11953785
2011-06-21 19:00:00+00:00,0.39202693
2011-06-21 20:00:00+00:00,0.42880870000000004
2011-06-21 21:00:00+00:00,0.38494313
2011-06-21 22:00:00+00:00,0.5665107
2011-06-21 23:00:00+00:00,0.11084016
2011-06-22 00:00:00+00:00,0.02730676
2011-06-22 01:00:00+00:00,0.0
2011-06-22 02:00:00+00:00,0.0
2011-06-22 03:00:00+00:00,0.0
2011-06-22 04:00:00+00:00,0.0
2011-06-22 05:00:00+00:00,0.0
2011-06-22 06:00:00+00:00,0.0
2011-06-22 07:00:00+00:00,0.0
2011-06-22 08:00:00+00:00,0.0
2011-06-22 09:00:00+00:00,0.0
2011-06-22 10:00:00+00:00,0.0
2011-06-22 11:00:00+00:00,0.14034449999999998
2011-06-22 12:00:00+00:00,0.47050872
2011-06-22 13:00:00+00:00,0.6552988000000001
2011-06-22 14:00:00+00:00,0.6456095000000001
2011-06-22 15:00:00+00:00,0.43180048
2011-06-22 16:00:00+00:00,0.3869195
2011-06-22 17:00:00+00:00,0.6969543
2011-06-22 18:00:00+00:00,0.5252511999999999
2011-06-22 19:00:00+00:00,0.6640414000000001
2011-06-22 20:00:00+00:00,0.6220398
2011-06-22 21:00:00+00:00,0.5570861999999999
2011-06-22 22:00:00+00:00,0.65894634
2011-06-22 23:00:00+00:00,0.55099505
2011-06-23 00:00:00+00:00,0.23671384
2011-06-23 01:00:00+00:00,0.0
2011-06-23 02:00:00+00:00,0.0
2011-06-23 03:00:00+00:00,0.0
2011-06-23 04:00:00+00:00,0.0
2011-06-23 05:00:00+00:00,0.0
2011-06-23 06:00:00+00:00,0.0
2011-06-23 07:00:00+00:00,0.0
2011-06-23 08:00:00+00:00,0.0
2011-06-23 09:00:00+00:00,0.0
2011-06-23 10:00:00+00:00,0.0
2011-06-23 11:00:00+00:00,0.016496868999999997
2011-06-23 12:00:00+00:00,0.07296765599999999
2011-06-23 13:00:00+00:00,0.2619815
2011-06-23 14:00:00+00:00,0.349599
2011-06-23 15:00:00+00:00,0.5212063
2011-06-23 16:00:00+00:00,0.5377835
2011-06-23 17:00:00+00:00,0.70872
2011-06-23 18:00:00+00:00,0.40772998
2011-06-23 19:00:00+00:00,0.5335525999999999
2011-06-23 20:00:00+00:00,0.6016365
2011-06-23 21:00:00+00:00,0.42680478
2011-06-23 22:00:00+00:00,0.5632587
2011-06-23 23:00:00+00:00,0.30902115
2011-06-24 00:00:00+00:00,0.15613756
2011-06-24 01:00:00+00:00,0.0
2011-06-24 02:00:00+00:00,0.0
2011-06-24 03:00:00+00:00,0.0
2011-06-24 04:00:00+00:00,0.0
2011-06-24 05:00:00+00:00,0.0
2011-06-24 06:00:00+00:00,0.0
2011-06-24 07:00:00+00:00,0.0
2011-06-24 08:00:00+00:00,0.0
2011-06-24 09:00:00+00:00,0.0
2011-06-24 10:00:00+00:00,0.0
2011-06-24 11:00:00+00:00,0.098361395
2011-06-24 12:00:00+00:00,0.3410741
2011-06-24 13:00:00+00:00,0.6293934
2011-06-24 14:00:00+00:00,0.70708823
2011-06-24 15:00:00+00:00,0.72457683
2011-06-24 16:00:00+00:00,0.6687083
2011-06-24 17:00:00+00:00,0.722704
2011-06-24 18:00:00+00:00,0.69618434
2011-06-24 19:00:00+00:00,0.71372145
2011-06-24 20:00:00+00:00,0.70479935
2011-06-24 21:00:00+00:00,0.6828868
2011-06-24 22:00:00+00:00,0.625426
2011-06-24 23:00:00+00:00,0.32613048
2011-06-25 00:00:00+00:00,0.1262836
2011-06-25 01:00:00+00:00,0.0
2011-06-25 02:00:00+00:00,0.0
2011-06-25 03:00:00+00:00,0.0
2011-06-25 04:00:00+00:00,0.0
2011-06-25 05:00:00+00:00,0.0
2011-06-25 06:00:00+00:00,0.0
2011-06-25 07:00:00+00:00,0.0
2011-06-25 08:00:00+00:00,0.0
2011-06-25 09:00:00+00:00,0.0
2011-06-25 10:00:00+00:00,0.0
2011-06-25 11:00:00+00:00,0.0029864009999999996
2011-06-25 12:00:00+00:00,0.022942292000000003
2011-06-25 13:00:00+00:00,0.04113521
2011-06-25 14:00:00+00:00,0.035101674
2011-06-25 15:00:00+00:00,0.11840317
2011-06-25 16:00:00+00:00,0.14440969
2011-06-25 17:00:00+00:00,0.286575
2011-06-25 18:00:00+00:00,0.40005597
2011-06-25 19:00:00+00:00,0.41360125
2011-06-25 20:00:00+00:00,0.47994095
2011-06-25 21:00:00+00:00,0.2979637
2011-06-25 22:00:00+00:00,0.31947374
2011-06-25 23:00:00+00:00,0.40422297
2011-06-26 00:00:00+00:00,0.16413125
2011-06-26 01:00:00+00:00,0.0
2011-06-26 02:00:00+00:00,0.0
2011-06-26 03:00:00+00:00,0.0
2011-06-26 04:00:00+00:00,0.0
2011-06-26 05:00:00+00:00,0.0
2011-06-26 06:00:00+00:00,0.0
2011-06-26 07:00:00+00:00,0.0
2011-06-26 08:00:00+00:00,0.0
2011-06-26 09:00:00+00:00,0.0
2011-06-26 10:00:00+00:00,0.0
2011-06-26 11:00:00+00:00,0.024208099
2011-06-26 12:00:00+00:00,0.1002144
2011-06-26 13:00:00+00:00,0.08808988
2011-06-26 14:00:00+00:00,0.27276087
2011-06-26 15:00:00+00:00,0.3007632
2011-06-26 16:00:00+00:00,0.42381966
2011-06-26 17:00:00+00:00,0.5707234
2011-06-26 18:00:00+00:00,0.5858939999999999
2011-06-26 19:00:00+00:00,0.32863322
2011-06-26 20:00:00+00:00,0.31653804
2011-06-26 21:00:00+00:00,0.5604197
2011-06-26 22:00:00+00:00,0.33668208
2011-06-26 23:00:00+00:00,0.23210521
2011-06-27 00:00:00+00:00,0.06309392
2011-06-27 01:00:00+00:00,0.0
2011-06-27 02:00:00+00:00,0.0
2011-06-27 03:00:00+00:00,0.0
2011-06-27 04:00:00+00:00,0.0
2011-06-27 05:00:00+00:00,0.0
2011-06-27 06:00:00+00:00,0.0
2011-06-27 07:00:00+00:00,0.0
2011-06-27 08:00:00+00:00,0.0
2011-06-27 09:00:00+00:00,0.0
2011-06-27 10:00:00+00:00,0.0
2011-06-27 11:00:00+00:00,0.006481813
2011-06-27 12:00:00+00:00,0.030958826000000002
2011-06-27 13:00:00+00:00,0.17040135
2011-06-27 14:00:00+00:00,0.34937832
2011-06-27 15:00:00+00:00,0.52871287
2011-06-27 16:00:00+00:00,0.48668113
2011-06-27 17:00:00+00:00,0.62870216
2011-06-27 18:00:00+00:00,0.51532596
2011-06-27 19:00:00+00:00,0.47497442
2011-06-27 20:00:00+00:00,0.62880933
2011-06-27 21:00:00+00:00,0.554213
2011-06-27 22:00:00+00:00,0.6152691
2011-06-27 23:00:00+00:00,0.57470465
2011-06-28 00:00:00+00:00,0.25887522
2011-06-28 01:00:00+00:00,0.0
2011-06-28 02:00:00+00:00,0.0
2011-06-28 03:00:00+00:00,0.0
2011-06-28 04:00:00+00:00,0.0
2011-06-28 05:00:00+00:00,0.0
2011-06-28 06:00:00+00:00,0.0
2011-06-28 07:00:00+00:00,0.0
2011-06-28 08:00:00+00:00,0.0
2011-06-28 09:00:00+00:00,0.0
2011-06-28 10:00:00+00:00,0.0
2011-06-28 11:00:00+00:00,0.14451815
2011-06-28 12:00:00+00:00,0.49046309999999993
2011-06-28 13:00:00+00:00,0.6896888000000001
2011-06-28 14:00:00+00:00,0.74743885
2011-06-28 15:00:00+00:00,0.7604938
2011-06-28 16:00:00+00:00,0.7551572
2011-06-28 17:00:00+00:00,0.7462850999999999
2011-06-28 18:00:00+00:00,0.7408453
2011-06-28 19:00:00+00:00,0.73927337
2011-06-28 20:00:00+00:00,0.7375073
2011-06-28 21:00:00+00:00,0.72692764
2011-06-28 22:00:00+00:00,0.681074
2011-06-28 23:00:00+00:00,0.57413936
2011-06-29 00:00:00+00:00,0.2623065
2011-06-29 01:00:00+00:00,0.0
2011-06-29 02:00:00+00:00,0.0
2011-06-29 03:00:00+00:00,0.0
2011-06-29 04:00:00+00:00,0.0
2011-06-29 05:00:00+00:00,0.0
2011-06-29 06:00:00+00:00,0.0
2011-06-29 07:00:00+00:00,0.0
2011-06-29 08:00:00+00:00,0.0
2011-06-29 09:00:00+00:00,0.0
2011-06-29 10:00:00+00:00,0.0
2011-06-29 11:00:00+00:00,0.13372509
2011-06-29 12:00:00+00:00,0.46522805
2011-06-29 13:00:00+00:00,0.64643776
2011-06-29 14:00:00+00:00,0.71570736
2011-06-29 15:00:00+00:00,0.7267644
2011-06-29 16:00:00+00:00,0.72641706
2011-06-29 17:00:00+00:00,0.7197524000000001
2011-06-29 18:00:00+00:00,0.7159044
2011-06-29 19:00:00+00:00,0.71513
2011-06-29 20:00:00+00:00,0.7115640000000001
2011-06-29 21:00:00+00:00,0.6963689000000001
2011-06-29 22:00:00+00:00,0.64083457
2011-06-29 23:00:00+00:00,0.5340166999999999
2011-06-30 00:00:00+00:00,0.23404549
2011-06-30 01:00:00+00:00,0.0
2011-06-30 02:00:00+00:00,0.0
2011-06-30 03:00:00+00:00,0.0
2011-06-30 04:00:00+00:00,0.0
2011-06-30 05:00:00+00:00,0.0
2011-06-30 06:00:00+00:00,0.0
2011-06-30 07:00:00+00:00,0.0
2011-06-30 08:00:00+00:00,0.0
2011-06-30 09:00:00+00:00,0.0
2011-06-30 10:00:00+00:00,0.0
2011-06-30 11:00:00+00:00,0.10599773
2011-06-30 12:00:00+00:00,0.40889698
2011-06-30 13:00:00+00:00,0.59954727
2011-06-30 14:00:00+00:00,0.6663789000000001
2011-06-30 15:00:00+00:00,0.6895671
2011-06-30 16:00:00+00:00,0.6161249
2011-06-30 17:00:00+00:00,0.5941414
2011-06-30 18:00:00+00:00,0.5774099
2011-06-30 19:00:00+00:00,0.5638989999999999
2011-06-30 20:00:00+00:00,0.5226668999999999
2011-06-30 21:00:00+00:00,0.5354391
2011-06-30 22:00:00+00:00,0.36626565
2011-06-30 23:00:00+00:00,0.24647637
2011-07-01 00:00:00+00:00,0.08936478
2011-07-01 01:00:00+00:00,0.0
2011-07-01 02:00:00+00:00,0.0
2011-07-01 03:00:00+00:00,0.0
2011-07-01 04:00:00+00:00,0.0
2011-07-01 05:00:00+00:00,0.0
2011-07-01 06:00:00+00:00,0.0
2011-07-01 07:00:00+00:00,0.0
2011-07-01 08:00:00+00:00,0.0
2011-07-01 09:00:00+00:00,0.0
2011-07-01 10:00:00+00:00,0.0
2011-07-01 11:00:00+00:00,0.03343472
2011-07-01 12:00:00+00:00,0.09998567
2011-07-01 13:00:00+00:00,0.09569577
2011-07-01 14:00:00+00:00,0.59139436
2011-07-01 15:00:00+00:00,0.5404810999999999
2011-07-01 16:00:00+00:00,0.191354
2011-07-01 17:00:00+00:00,0.56142896
2011-07-01 18:00:00+00:00,0.5742967
2011-07-01 19:00:00+00:00,0.54824984
2011-07-01 20:00:00+00:00,0.6148295
2011-07-01 21:00:00+00:00,0.5254373
2011-07-01 22:00:00+00:00,0.5195847
2011-07-01 23:00:00+00:00,0.39458033
2011-07-02 00:00:00+00:00,0.16038261
2011-07-02 01:00:00+00:00,0.0
2011-07-02 02:00:00+00:00,0.0
2011-07-02 03:00:00+00:00,0.0
2011-07-02 04:00:00+00:00,0.0
2011-07-02 05:00:00+00:00,0.0
2011-07-02 06:00:00+00:00,0.0
2011-07-02 07:00:00+00:00,0.0
2011-07-02 08:00:00+00:00,0.0
2011-07-02 09:00:00+00:00,0.0
2011-07-02 10:00:00+00:00,0.0
2011-07-02 11:00:00+00:00,0.072288275
2011-07-02 12:00:00+00:00,0.31459162
2011-07-02 13:00:00+00:00,0.38022209999999995
2011-07-02 14:00:00+00:00,0.54324985
2011-07-02 15:00:00+00:00,0.5880064
2011-07-02 16:00:00+00:00,0.6109674
2011-07-02 17:00:00+00:00,0.6185483
2011-07-02 18:00:00+00:00,0.5675784
2011-07-02 19:00:00+00:00,0.46909824
2011-07-02 20:00:00+00:00,0.54654473
2011-07-02 21:00:00+00:00,0.49564093
2011-07-02 22:00:00+00:00,0.50258344
2011-07-02 23:00:00+00:00,0.31873295
2011-07-03 00:00:00+00:00,0.10805206
2011-07-03 01:00:00+00:00,0.0
2011-07-03 02:00:00+00:00,0.0
2011-07-03 03:00:00+00:00,0.0
2011-07-03 04:00:00+00:00,0.0
2011-07-03 05:00:00+00:00,0.0
2011-07-03 06:00:00+00:00,0.0
2011-07-03 07:00:00+00:00,0.0
2011-07-03 08:00:00+00:00,0.0
2011-07-03 09:00:00+00:00,0.0
2011-07-03 10:00:00+00:00,0.0
2011-07-03 11:00:00+00:00,0.0056332806
2011-07-03 12:00:00+00:00,0.06276033
2011-07-03 13:00:00+00:00,0.091889076
2011-07-03 14:00:00+00:00,0.19508879
2011-07-03 15:00:00+00:00,0.3433909
2011-07-03 16:00:00+00:00,0.068796165
2011-07-03 17:00:00+00:00,0.49170962
2011-07-03 18:00:00+00:00,0.5075647
2011-07-03 19:00:00+00:00,0.51372045
2011-07-03 20:00:00+00:00,0.5216411
2011-07-03 21:00:00+00:00,0.55033714
2011-07-03 22:00:00+00:00,0.5247155
2011-07-03 23:00:00+00:00,0.38347232
2011-07-04 00:00:00+00:00,0.13132806
2011-07-04 01:00:00+00:00,0.0
2011-07-04 02:00:00+00:00,0.0
2011-07-04 03:00:00+00:00,0.0
2011-07-04 04:00:00+00:00,0.0
2011-07-04 05:00:00+00:00,0.0
2011-07-04 06:00:00+00:00,0.0
2011-07-04 07:00:00+00:00,0.0
2011-07-04 08:00:00+00:00,0.0
2011-07-04 09:00:00+00:00,0.0
2011-07-04 10:00:00+00:00,0.0
2011-07-04 11:00:00+00:00,0.06556360000000001
2011-07-04 12:00:00+00:00,0.29719347
2011-07-04 13:00:00+00:00,0.5020277
2011-07-04 14:00:00+00:00,0.59654695
2011-07-04 15:00:00+00:00,0.64104515
2011-07-04 16:00:00+00:00,0.5351809000000001
2011-07-04 17:00:00+00:00,0.5740575
2011-07-04 18:00:00+00:00,0.5903724
2011-07-04 19:00:00+00:00,0.6558883000000001
2011-07-04 20:00:00+00:00,0.6213149
2011-07-04 21:00:00+00:00,0.6066064999999999
2011-07-04 22:00:00+00:00,0.5507669
2011-07-04 23:00:00+00:00,0.34763459999999996
2011-07-05 00:00:00+00:00,0.16480741
2011-07-05 01:00:00+00:00,0.0
2011-07-05 02:00:00+00:00,0.0
2011-07-05 03:00:00+00:00,0.0
2011-07-05 04:00:00+00:00,0.0
2011-07-05 05:00:00+00:00,0.0
2011-07-05 06:00:00+00:00,0.0
2011-07-05 07:00:00+00:00,0.0
2011-07-05 08:00:00+00:00,0.0
2011-07-05 09:00:00+00:00,0.0
2011-07-05 10:00:00+00:00,0.0
2011-07-05 11:00:00+00:00,0.09125412
2011-07-05 12:00:00+00:00,0.36496496
2011-07-05 13:00:00+00:00,0.56515914
2011-07-05 14:00:00+00:00,0.642979
2011-07-05 15:00:00+00:00,0.58096325
2011-07-05 16:00:00+00:00,0.58272976
2011-07-05 17:00:00+00:00,0.6065688
2011-07-05 18:00:00+00:00,0.47603059999999997
2011-07-05 19:00:00+00:00,0.44000363
2011-07-05 20:00:00+00:00,0.40077165
2011-07-05 21:00:00+00:00,0.48294428
2011-07-05 22:00:00+00:00,0.5523041
2011-07-05 23:00:00+00:00,0.41574627
2011-07-06 00:00:00+00:00,0.15898483
2011-07-06 01:00:00+00:00,0.0
2011-07-06 02:00:00+00:00,0.0
2011-07-06 03:00:00+00:00,0.0
2011-07-06 04:00:00+00:00,0.0
2011-07-06 05:00:00+00:00,0.0
2011-07-06 06:00:00+00:00,0.0
2011-07-06 07:00:00+00:00,0.0
2011-07-06 08:00:00+00:00,0.0
2011-07-06 09:00:00+00:00,0.0
2011-07-06 10:00:00+00:00,0.0
2011-07-06 11:00:00+00:00,0.07088749
2011-07-06 12:00:00+00:00,0.3397018
2011-07-06 13:00:00+00:00,0.5390083000000001
2011-07-06 14:00:00+00:00,0.62876624
2011-07-06 15:00:00+00:00,0.6616858
2011-07-06 16:00:00+00:00,0.5802553
2011-07-06 17:00:00+00:00,0.60642904
2011-07-06 18:00:00+00:00,0.5970631
2011-07-06 19:00:00+00:00,0.58081186
2011-07-06 20:00:00+00:00,0.5170009
2011-07-06 21:00:00+00:00,0.47284309999999996
2011-07-06 22:00:00+00:00,0.5015016
2011-07-06 23:00:00+00:00,0.28007466
2011-07-07 00:00:00+00:00,0.13135906
2011-07-07 01:00:00+00:00,0.0
2011-07-07 02:00:00+00:00,0.0
2011-07-07 03:00:00+00:00,0.0
2011-07-07 04:00:00+00:00,0.0
2011-07-07 05:00:00+00:00,0.0
2011-07-07 06:00:00+00:00,0.0
2011-07-07 07:00:00+00:00,0.0
2011-07-07 08:00:00+00:00,0.0
2011-07-07 09:00:00+00:00,0.0
2011-07-07 10:00:00+00:00,0.0
2011-07-07 11:00:00+00:00,0.012899237
2011-07-07 12:00:00+00:00,0.048589833
2011-07-07 13:00:00+00:00,0.0418556
2011-07-07 14:00:00+00:00,0.041997335999999996
2011-07-07 15:00:00+00:00,0.09424756
2011-07-07 16:00:00+00:00,0.097798266
2011-07-07 17:00:00+00:00,0.10598018
2011-07-07 18:00:00+00:00,0.24318023
2011-07-07 19:00:00+00:00,0.34229356
2011-07-07 20:00:00+00:00,0.5887896
2011-07-07 21:00:00+00:00,0.53693235
2011-07-07 22:00:00+00:00,0.439896
2011-07-07 23:00:00+00:00,0.31442988
2011-07-08 00:00:00+00:00,0.10648669999999999
2011-07-08 01:00:00+00:00,0.0
2011-07-08 02:00:00+00:00,0.0
2011-07-08 03:00:00+00:00,0.0
2011-07-08 04:00:00+00:00,0.0
2011-07-08 05:00:00+00:00,0.0
2011-07-08 06:00:00+00:00,0.0
2011-07-08 07:00:00+00:00,0.0
2011-07-08 08:00:00+00:00,0.0
2011-07-08 09:00:00+00:00,0.0
2011-07-08 10:00:00+00:00,0.0
2011-07-08 11:00:00+00:00,0.094049014
2011-07-08 12:00:00+00:00,0.38014835
2011-07-08 13:00:00+00:00,0.6268666
2011-07-08 14:00:00+00:00,0.6893383000000001
2011-07-08 15:00:00+00:00,0.7285678000000001
2011-07-08 16:00:00+00:00,0.5982728
2011-07-08 17:00:00+00:00,0.6498494
2011-07-08 18:00:00+00:00,0.6790972
2011-07-08 19:00:00+00:00,0.54946184
2011-07-08 20:00:00+00:00,0.71080345
2011-07-08 21:00:00+00:00,0.6999506999999999
2011-07-08 22:00:00+00:00,0.652419
2011-07-08 23:00:00+00:00,0.53807247
2011-07-09 00:00:00+00:00,0.23012769
2011-07-09 01:00:00+00:00,0.0
2011-07-09 02:00:00+00:00,0.0
2011-07-09 03:00:00+00:00,0.0
2011-07-09 04:00:00+00:00,0.0
2011-07-09 05:00:00+00:00,0.0
2011-07-09 06:00:00+00:00,0.0
2011-07-09 07:00:00+00:00,0.0
2011-07-09 08:00:00+00:00,0.0
2011-07-09 09:00:00+00:00,0.0
2011-07-09 10:00:00+00:00,0.0
2011-07-09 11:00:00+00:00,0.09753972
2011-07-09 12:00:00+00:00,0.41058245
2011-07-09 13:00:00+00:00,0.6132201
2011-07-09 14:00:00+00:00,0.67842114
2011-07-09 15:00:00+00:00,0.69379705
2011-07-09 16:00:00+00:00,0.69249105
2011-07-09 17:00:00+00:00,0.68866944
2011-07-09 18:00:00+00:00,0.6872805999999999
2011-07-09 19:00:00+00:00,0.6691793
2011-07-09 20:00:00+00:00,0.6903123999999999
2011-07-09 21:00:00+00:00,0.6827727
2011-07-09 22:00:00+00:00,0.62882096
2011-07-09 23:00:00+00:00,0.52386653
2011-07-10 00:00:00+00:00,0.22326128
2011-07-10 01:00:00+00:00,0.0
2011-07-10 02:00:00+00:00,0.0
2011-07-10 03:00:00+00:00,0.0
2011-07-10 04:00:00+00:00,0.0
2011-07-10 05:00:00+00:00,0.0
2011-07-10 06:00:00+00:00,0.0
2011-07-10 07:00:00+00:00,0.0
2011-07-10 08:00:00+00:00,0.0
2011-07-10 09:00:00+00:00,0.0
2011-07-10 10:00:00+00:00,0.0
2011-07-10 11:00:00+00:00,0.057555642000000004
2011-07-10 12:00:00+00:00,0.30158967
2011-07-10 13:00:00+00:00,0.5287174
2011-07-10 14:00:00+00:00,0.6305467
2011-07-10 15:00:00+00:00,0.66960746
2011-07-10 16:00:00+00:00,0.67646116
2011-07-10 17:00:00+00:00,0.6777347
2011-07-10 18:00:00+00:00,0.6700839
2011-07-10 19:00:00+00:00,0.6740959
2011-07-10 20:00:00+00:00,0.67025703
2011-07-10 21:00:00+00:00,0.645324
2011-07-10 22:00:00+00:00,0.5789233
2011-07-10 23:00:00+00:00,0.44373745
2011-07-11 00:00:00+00:00,0.1636025
2011-07-11 01:00:00+00:00,0.0
2011-07-11 02:00:00+00:00,0.0
2011-07-11 03:00:00+00:00,0.0
2011-07-11 04:00:00+00:00,0.0
2011-07-11 05:00:00+00:00,0.0
2011-07-11 06:00:00+00:00,0.0
2011-07-11 07:00:00+00:00,0.0
2011-07-11 08:00:00+00:00,0.0
2011-07-11 09:00:00+00:00,0.0
2011-07-11 10:00:00+00:00,0.0
2011-07-11 11:00:00+00:00,0.06334921
2011-07-11 12:00:00+00:00,0.23536239999999997
2011-07-11 13:00:00+00:00,0.34540585
2011-07-11 14:00:00+00:00,0.5045516
2011-07-11 15:00:00+00:00,0.66398853
2011-07-11 16:00:00+00:00,0.47514759999999995
2011-07-11 17:00:00+00:00,0.6682214
2011-07-11 18:00:00+00:00,0.5759745
2011-07-11 19:00:00+00:00,0.41569784
2011-07-11 20:00:00+00:00,0.059333097
2011-07-11 21:00:00+00:00,0.03900631
2011-07-11 22:00:00+00:00,0.032558464
2011-07-11 23:00:00+00:00,0.05029973
2011-07-12 00:00:00+00:00,0.017012273999999997
2011-07-12 01:00:00+00:00,0.0
2011-07-12 02:00:00+00:00,0.0
2011-07-12 03:00:00+00:00,0.0
2011-07-12 04:00:00+00:00,0.0
2011-07-12 05:00:00+00:00,0.0
2011-07-12 06:00:00+00:00,0.0
2011-07-12 07:00:00+00:00,0.0
2011-07-12 08:00:00+00:00,0.0
2011-07-12 09:00:00+00:00,0.0
2011-07-12 10:00:00+00:00,0.0
2011-07-12 11:00:00+00:00,0.008883669
2011-07-12 12:00:00+00:00,0.14463179
2011-07-12 13:00:00+00:00,0.06272629
2011-07-12 14:00:00+00:00,0.6164582
2011-07-12 15:00:00+00:00,0.5049925000000001
2011-07-12 16:00:00+00:00,0.41270125
2011-07-12 17:00:00+00:00,0.6121714
2011-07-12 18:00:00+00:00,0.6574966999999999
2011-07-12 19:00:00+00:00,0.67603266
2011-07-12 20:00:00+00:00,0.6358949
2011-07-12 21:00:00+00:00,0.56189466
2011-07-12 22:00:00+00:00,0.33610013
2011-07-12 23:00:00+00:00,0.42691195
2011-07-13 00:00:00+00:00,0.14641089999999998
2011-07-13 01:00:00+00:00,0.0
2011-07-13 02:00:00+00:00,0.0
2011-07-13 03:00:00+00:00,0.0
2011-07-13 04:00:00+00:00,0.0
2011-07-13 05:00:00+00:00,0.0
2011-07-13 06:00:00+00:00,0.0
2011-07-13 07:00:00+00:00,0.0
2011-07-13 08:00:00+00:00,0.0
2011-07-13 09:00:00+00:00,0.0
2011-07-13 10:00:00+00:00,0.0
2011-07-13 11:00:00+00:00,0.07102964
2011-07-13 12:00:00+00:00,0.35687503
2011-07-13 13:00:00+00:00,0.5890325
2011-07-13 14:00:00+00:00,0.67541087
2011-07-13 15:00:00+00:00,0.7007582
2011-07-13 16:00:00+00:00,0.6891624
2011-07-13 17:00:00+00:00,0.57841533
2011-07-13 18:00:00+00:00,0.66410345
2011-07-13 19:00:00+00:00,0.6953729999999999
2011-07-13 20:00:00+00:00,0.6014853
2011-07-13 21:00:00+00:00,0.53342223
2011-07-13 22:00:00+00:00,0.517216
2011-07-13 23:00:00+00:00,0.44098327
2011-07-14 00:00:00+00:00,0.20766771
2011-07-14 01:00:00+00:00,0.0
2011-07-14 02:00:00+00:00,0.0
2011-07-14 03:00:00+00:00,0.0
2011-07-14 04:00:00+00:00,0.0
2011-07-14 05:00:00+00:00,0.0
2011-07-14 06:00:00+00:00,0.0
2011-07-14 07:00:00+00:00,0.0
2011-07-14 08:00:00+00:00,0.0
2011-07-14 09:00:00+00:00,0.0
2011-07-14 10:00:00+00:00,0.0
2011-07-14 11:00:00+00:00,0.053541745999999994
2011-07-14 12:00:00+00:00,0.29854566
2011-07-14 13:00:00+00:00,0.5076937
2011-07-14 14:00:00+00:00,0.5960203000000001
2011-07-14 15:00:00+00:00,0.67369324
2011-07-14 16:00:00+00:00,0.6878004
2011-07-14 17:00:00+00:00,0.68606
2011-07-14 18:00:00+00:00,0.6796361999999999
2011-07-14 19:00:00+00:00,0.68222296
2011-07-14 20:00:00+00:00,0.68407726
2011-07-14 21:00:00+00:00,0.64702475
2011-07-14 22:00:00+00:00,0.49983495
2011-07-14 23:00:00+00:00,0.34779537
2011-07-15 00:00:00+00:00,0.15508781
2011-07-15 01:00:00+00:00,0.0
2011-07-15 02:00:00+00:00,0.0
2011-07-15 03:00:00+00:00,0.0
2011-07-15 04:00:00+00:00,0.0
2011-07-15 05:00:00+00:00,0.0
2011-07-15 06:00:00+00:00,0.0
2011-07-15 07:00:00+00:00,0.0
2011-07-15 08:00:00+00:00,0.0
2011-07-15 09:00:00+00:00,0.0
2011-07-15 10:00:00+00:00,0.0
2011-07-15 11:00:00+00:00,0.03581454
2011-07-15 12:00:00+00:00,0.09375359
2011-07-15 13:00:00+00:00,0.12736286
2011-07-15 14:00:00+00:00,0.13325915
2011-07-15 15:00:00+00:00,0.18858433
2011-07-15 16:00:00+00:00,0.4012558
2011-07-15 17:00:00+00:00,0.38657528
2011-07-15 18:00:00+00:00,0.48615354
2011-07-15 19:00:00+00:00,0.6257335999999999
2011-07-15 20:00:00+00:00,0.59606904
2011-07-15 21:00:00+00:00,0.51718634
2011-07-15 22:00:00+00:00,0.5965455
2011-07-15 23:00:00+00:00,0.46334296
2011-07-16 00:00:00+00:00,0.18156257
2011-07-16 01:00:00+00:00,0.0
2011-07-16 02:00:00+00:00,0.0
2011-07-16 03:00:00+00:00,0.0
2011-07-16 04:00:00+00:00,0.0
2011-07-16 05:00:00+00:00,0.0
2011-07-16 06:00:00+00:00,0.0
2011-07-16 07:00:00+00:00,0.0
2011-07-16 08:00:00+00:00,0.0
2011-07-16 09:00:00+00:00,0.0
2011-07-16 10:00:00+00:00,0.0
2011-07-16 11:00:00+00:00,0.05065383
2011-07-16 12:00:00+00:00,0.29692182
2011-07-16 13:00:00+00:00,0.15793957
2011-07-16 14:00:00+00:00,0.31648782
2011-07-16 15:00:00+00:00,0.5107575
2011-07-16 16:00:00+00:00,0.22770938
2011-07-16 17:00:00+00:00,0.35100922
2011-07-16 18:00:00+00:00,0.29132766
2011-07-16 19:00:00+00:00,0.35467637
2011-07-16 20:00:00+00:00,0.5078827
2011-07-16 21:00:00+00:00,0.3449047
2011-07-16 22:00:00+00:00,0.28362477
2011-07-16 23:00:00+00:00,0.19014515
2011-07-17 00:00:00+00:00,0.048862435
2011-07-17 01:00:00+00:00,0.0
2011-07-17 02:00:00+00:00,0.0
2011-07-17 03:00:00+00:00,0.0
2011-07-17 04:00:00+00:00,0.0
2011-07-17 05:00:00+00:00,0.0
2011-07-17 06:00:00+00:00,0.0
2011-07-17 07:00:00+00:00,0.0
2011-07-17 08:00:00+00:00,0.0
2011-07-17 09:00:00+00:00,0.0
2011-07-17 10:00:00+00:00,0.0
2011-07-17 11:00:00+00:00,0.00911877
2011-07-17 12:00:00+00:00,0.20529953
2011-07-17 13:00:00+00:00,0.30805886
2011-07-17 14:00:00+00:00,0.30583733
2011-07-17 15:00:00+00:00,0.5110055
2011-07-17 16:00:00+00:00,0.62827265
2011-07-17 17:00:00+00:00,0.5434772
2011-07-17 18:00:00+00:00,0.48328534
2011-07-17 19:00:00+00:00,0.5813238000000001
2011-07-17 20:00:00+00:00,0.28048724
2011-07-17 21:00:00+00:00,0.60127336
2011-07-17 22:00:00+00:00,0.4517648
2011-07-17 23:00:00+00:00,0.37060344
2011-07-18 00:00:00+00:00,0.1251263
2011-07-18 01:00:00+00:00,0.0
2011-07-18 02:00:00+00:00,0.0
2011-07-18 03:00:00+00:00,0.0
2011-07-18 04:00:00+00:00,0.0
2011-07-18 05:00:00+00:00,0.0
2011-07-18 06:00:00+00:00,0.0
2011-07-18 07:00:00+00:00,0.0
2011-07-18 08:00:00+00:00,0.0
2011-07-18 09:00:00+00:00,0.0
2011-07-18 10:00:00+00:00,0.0
2011-07-18 11:00:00+00:00,0.025355212000000002
2011-07-18 12:00:00+00:00,0.29826045
2011-07-18 13:00:00+00:00,0.47273198
2011-07-18 14:00:00+00:00,0.5978351
2011-07-18 15:00:00+00:00,0.43081847
2011-07-18 16:00:00+00:00,0.41958272
2011-07-18 17:00:00+00:00,0.39695907
2011-07-18 18:00:00+00:00,0.46842515
2011-07-18 19:00:00+00:00,0.6090045999999999
2011-07-18 20:00:00+00:00,0.56355757
2011-07-18 21:00:00+00:00,0.12208582
2011-07-18 22:00:00+00:00,0.07089697
2011-07-18 23:00:00+00:00,0.21556273
2011-07-19 00:00:00+00:00,0.038596015
2011-07-19 01:00:00+00:00,0.0
2011-07-19 02:00:00+00:00,0.0
2011-07-19 03:00:00+00:00,0.0
2011-07-19 04:00:00+00:00,0.0
2011-07-19 05:00:00+00:00,0.0
2011-07-19 06:00:00+00:00,0.0
2011-07-19 07:00:00+00:00,0.0
2011-07-19 08:00:00+00:00,0.0
2011-07-19 09:00:00+00:00,0.0
2011-07-19 10:00:00+00:00,0.0
2011-07-19 11:00:00+00:00,0.02040169
2011-07-19 12:00:00+00:00,0.14562134
2011-07-19 13:00:00+00:00,0.38378075
2011-07-19 14:00:00+00:00,0.52131313
2011-07-19 15:00:00+00:00,0.64127153
2011-07-19 16:00:00+00:00,0.6663462
2011-07-19 17:00:00+00:00,0.65969104
2011-07-19 18:00:00+00:00,0.6465656
2011-07-19 19:00:00+00:00,0.6569254
2011-07-19 20:00:00+00:00,0.6582996999999999
2011-07-19 21:00:00+00:00,0.63899136
2011-07-19 22:00:00+00:00,0.5739267
2011-07-19 23:00:00+00:00,0.43691865
2011-07-20 00:00:00+00:00,0.14805095
2011-07-20 01:00:00+00:00,0.0
2011-07-20 02:00:00+00:00,0.0
2011-07-20 03:00:00+00:00,0.0
2011-07-20 04:00:00+00:00,0.0
2011-07-20 05:00:00+00:00,0.0
2011-07-20 06:00:00+00:00,0.0
2011-07-20 07:00:00+00:00,0.0
2011-07-20 08:00:00+00:00,0.0
2011-07-20 09:00:00+00:00,0.0
2011-07-20 10:00:00+00:00,0.0
2011-07-20 11:00:00+00:00,0.030542415
2011-07-20 12:00:00+00:00,0.27151552
2011-07-20 13:00:00+00:00,0.5041793999999999
2011-07-20 14:00:00+00:00,0.6099941999999999
2011-07-20 15:00:00+00:00,0.6409838999999999
2011-07-20 16:00:00+00:00,0.54147846
2011-07-20 17:00:00+00:00,0.6484011
2011-07-20 18:00:00+00:00,0.6060032
2011-07-20 19:00:00+00:00,0.6623025
2011-07-20 20:00:00+00:00,0.5885629
2011-07-20 21:00:00+00:00,0.5508773
2011-07-20 22:00:00+00:00,0.53829473
2011-07-20 23:00:00+00:00,0.22596318
2011-07-21 00:00:00+00:00,0.13301139
2011-07-21 01:00:00+00:00,0.0
2011-07-21 02:00:00+00:00,0.0
2011-07-21 03:00:00+00:00,0.0
2011-07-21 04:00:00+00:00,0.0
2011-07-21 05:00:00+00:00,0.0
2011-07-21 06:00:00+00:00,0.0
2011-07-21 07:00:00+00:00,0.0
2011-07-21 08:00:00+00:00,0.0
2011-07-21 09:00:00+00:00,0.0
2011-07-21 10:00:00+00:00,0.0
2011-07-21 11:00:00+00:00,0.0029577884999999996
2011-07-21 12:00:00+00:00,0.11389189999999999
2011-07-21 13:00:00+00:00,0.28313166
2011-07-21 14:00:00+00:00,0.61743987
2011-07-21 15:00:00+00:00,0.6423558000000001
2011-07-21 16:00:00+00:00,0.6564808000000001
2011-07-21 17:00:00+00:00,0.5085232
2011-07-21 18:00:00+00:00,0.43180302
2011-07-21 19:00:00+00:00,0.19788553
2011-07-21 20:00:00+00:00,0.34620973
2011-07-21 21:00:00+00:00,0.58929557
2011-07-21 22:00:00+00:00,0.47971833
2011-07-21 23:00:00+00:00,0.37166515
2011-07-22 00:00:00+00:00,0.12923664
2011-07-22 01:00:00+00:00,0.0
2011-07-22 02:00:00+00:00,0.0
2011-07-22 03:00:00+00:00,0.0
2011-07-22 04:00:00+00:00,0.0
2011-07-22 05:00:00+00:00,0.0
2011-07-22 06:00:00+00:00,0.0
2011-07-22 07:00:00+00:00,0.0
2011-07-22 08:00:00+00:00,0.0
2011-07-22 09:00:00+00:00,0.0
2011-07-22 10:00:00+00:00,0.0
2011-07-22 11:00:00+00:00,0.023687616
2011-07-22 12:00:00+00:00,0.27724972
2011-07-22 13:00:00+00:00,0.45496666
2011-07-22 14:00:00+00:00,0.5277998
2011-07-22 15:00:00+00:00,0.61898685
2011-07-22 16:00:00+00:00,0.67227054
2011-07-22 17:00:00+00:00,0.6204125
2011-07-22 18:00:00+00:00,0.56736803
2011-07-22 19:00:00+00:00,0.6734239000000001
2011-07-22 20:00:00+00:00,0.673093
2011-07-22 21:00:00+00:00,0.6554453
2011-07-22 22:00:00+00:00,0.5949460999999999
2011-07-22 23:00:00+00:00,0.41018704
2011-07-23 00:00:00+00:00,0.16960758
2011-07-23 01:00:00+00:00,0.0
2011-07-23 02:00:00+00:00,0.0
2011-07-23 03:00:00+00:00,0.0
2011-07-23 04:00:00+00:00,0.0
2011-07-23 05:00:00+00:00,0.0
2011-07-23 06:00:00+00:00,0.0
2011-07-23 07:00:00+00:00,0.0
2011-07-23 08:00:00+00:00,0.0
2011-07-23 09:00:00+00:00,0.0
2011-07-23 10:00:00+00:00,0.0
2011-07-23 11:00:00+00:00,0.016918126000000002
2011-07-23 12:00:00+00:00,0.21886365
2011-07-23 13:00:00+00:00,0.55877376
2011-07-23 14:00:00+00:00,0.64142084
2011-07-23 15:00:00+00:00,0.6620444999999999
2011-07-23 16:00:00+00:00,0.44565764
2011-07-23 17:00:00+00:00,0.65741795
2011-07-23 18:00:00+00:00,0.63806266
2011-07-23 19:00:00+00:00,0.6539329
2011-07-23 20:00:00+00:00,0.64334154
2011-07-23 21:00:00+00:00,0.4398879
2011-07-23 22:00:00+00:00,0.32216898
2011-07-23 23:00:00+00:00,0.29073426
2011-07-24 00:00:00+00:00,0.041005599999999996
2011-07-24 01:00:00+00:00,0.0
2011-07-24 02:00:00+00:00,0.0
2011-07-24 03:00:00+00:00,0.0
2011-07-24 04:00:00+00:00,0.0
2011-07-24 05:00:00+00:00,0.0
2011-07-24 06:00:00+00:00,0.0
2011-07-24 07:00:00+00:00,0.0
2011-07-24 08:00:00+00:00,0.0
2011-07-24 09:00:00+00:00,0.0
2011-07-24 10:00:00+00:00,0.0
2011-07-24 11:00:00+00:00,0.0
2011-07-24 12:00:00+00:00,0.13325295
2011-07-24 13:00:00+00:00,0.16892374
2011-07-24 14:00:00+00:00,0.30319878
2011-07-24 15:00:00+00:00,0.48213407
2011-07-24 16:00:00+00:00,0.67965746
2011-07-24 17:00:00+00:00,0.67714727
2011-07-24 18:00:00+00:00,0.66915816
2011-07-24 19:00:00+00:00,0.6787781999999999
2011-07-24 20:00:00+00:00,0.6796296
2011-07-24 21:00:00+00:00,0.6619017
2011-07-24 22:00:00+00:00,0.5948571
2011-07-24 23:00:00+00:00,0.45509514
2011-07-25 00:00:00+00:00,0.1641519
2011-07-25 01:00:00+00:00,0.0
2011-07-25 02:00:00+00:00,0.0
2011-07-25 03:00:00+00:00,0.0
2011-07-25 04:00:00+00:00,0.0
2011-07-25 05:00:00+00:00,0.0
2011-07-25 06:00:00+00:00,0.0
2011-07-25 07:00:00+00:00,0.0
2011-07-25 08:00:00+00:00,0.0
2011-07-25 09:00:00+00:00,0.0
2011-07-25 10:00:00+00:00,0.0
2011-07-25 11:00:00+00:00,0.024200428
2011-07-25 12:00:00+00:00,0.32716534
2011-07-25 13:00:00+00:00,0.5767501
2011-07-25 14:00:00+00:00,0.661663
2011-07-25 15:00:00+00:00,0.6832913
2011-07-25 16:00:00+00:00,0.683466
2011-07-25 17:00:00+00:00,0.67613006
2011-07-25 18:00:00+00:00,0.6682037
2011-07-25 19:00:00+00:00,0.6726648000000001
2011-07-25 20:00:00+00:00,0.67394817
2011-07-25 21:00:00+00:00,0.6647953000000001
2011-07-25 22:00:00+00:00,0.60489446
2011-07-25 23:00:00+00:00,0.47136372
2011-07-26 00:00:00+00:00,0.16793597
2011-07-26 01:00:00+00:00,0.0
2011-07-26 02:00:00+00:00,0.0
2011-07-26 03:00:00+00:00,0.0
2011-07-26 04:00:00+00:00,0.0
2011-07-26 05:00:00+00:00,0.0
2011-07-26 06:00:00+00:00,0.0
2011-07-26 07:00:00+00:00,0.0
2011-07-26 08:00:00+00:00,0.0
2011-07-26 09:00:00+00:00,0.0
2011-07-26 10:00:00+00:00,0.0
2011-07-26 11:00:00+00:00,0.016985599
2011-07-26 12:00:00+00:00,0.31435552
2011-07-26 13:00:00+00:00,0.56017226
2011-07-26 14:00:00+00:00,0.64409715
2011-07-26 15:00:00+00:00,0.67328715
2011-07-26 16:00:00+00:00,0.6758508000000001
2011-07-26 17:00:00+00:00,0.6108095
2011-07-26 18:00:00+00:00,0.6569343000000001
2011-07-26 19:00:00+00:00,0.6600954000000001
2011-07-26 20:00:00+00:00,0.67391175
2011-07-26 21:00:00+00:00,0.6361846999999999
2011-07-26 22:00:00+00:00,0.5950144
2011-07-26 23:00:00+00:00,0.46573109999999995
2011-07-27 00:00:00+00:00,0.16647778
2011-07-27 01:00:00+00:00,0.0
2011-07-27 02:00:00+00:00,0.0
2011-07-27 03:00:00+00:00,0.0
2011-07-27 04:00:00+00:00,0.0
2011-07-27 05:00:00+00:00,0.0
2011-07-27 06:00:00+00:00,0.0
2011-07-27 07:00:00+00:00,0.0
2011-07-27 08:00:00+00:00,0.0
2011-07-27 09:00:00+00:00,0.0
2011-07-27 10:00:00+00:00,0.0
2011-07-27 11:00:00+00:00,0.012037046000000001
2011-07-27 12:00:00+00:00,0.24123360000000002
2011-07-27 13:00:00+00:00,0.59046733
2011-07-27 14:00:00+00:00,0.6792625
2011-07-27 15:00:00+00:00,0.70274687
2011-07-27 16:00:00+00:00,0.6941949000000001
2011-07-27 17:00:00+00:00,0.6890470999999999
2011-07-27 18:00:00+00:00,0.6793098000000001
2011-07-27 19:00:00+00:00,0.68000996
2011-07-27 20:00:00+00:00,0.6817838
2011-07-27 21:00:00+00:00,0.6678995
2011-07-27 22:00:00+00:00,0.615999
2011-07-27 23:00:00+00:00,0.4860858
2011-07-28 00:00:00+00:00,0.17339444
2011-07-28 01:00:00+00:00,0.0
2011-07-28 02:00:00+00:00,0.0
2011-07-28 03:00:00+00:00,0.0
2011-07-28 04:00:00+00:00,0.0
2011-07-28 05:00:00+00:00,0.0
2011-07-28 06:00:00+00:00,0.0
2011-07-28 07:00:00+00:00,0.0
2011-07-28 08:00:00+00:00,0.0
2011-07-28 09:00:00+00:00,0.0
2011-07-28 10:00:00+00:00,0.0
2011-07-28 11:00:00+00:00,0.0030506607
2011-07-28 12:00:00+00:00,0.3123765
2011-07-28 13:00:00+00:00,0.5754698
2011-07-28 14:00:00+00:00,0.6633555
2011-07-28 15:00:00+00:00,0.686034
2011-07-28 16:00:00+00:00,0.68750805
2011-07-28 17:00:00+00:00,0.68176377
2011-07-28 18:00:00+00:00,0.67441446
2011-07-28 19:00:00+00:00,0.6792484000000001
2011-07-28 20:00:00+00:00,0.67928267
2011-07-28 21:00:00+00:00,0.66570044
2011-07-28 22:00:00+00:00,0.6022831
2011-07-28 23:00:00+00:00,0.41642678
2011-07-29 00:00:00+00:00,0.15121514
2011-07-29 01:00:00+00:00,0.0
2011-07-29 02:00:00+00:00,0.0
2011-07-29 03:00:00+00:00,0.0
2011-07-29 04:00:00+00:00,0.0
2011-07-29 05:00:00+00:00,0.0
2011-07-29 06:00:00+00:00,0.0
2011-07-29 07:00:00+00:00,0.0
2011-07-29 08:00:00+00:00,0.0
2011-07-29 09:00:00+00:00,0.0
2011-07-29 10:00:00+00:00,0.0
2011-07-29 11:00:00+00:00,0.0
2011-07-29 12:00:00+00:00,0.033205487
2011-07-29 13:00:00+00:00,0.093049094
2011-07-29 14:00:00+00:00,0.23478398
2011-07-29 15:00:00+00:00,0.28275728
2011-07-29 16:00:00+00:00,0.39080286
2011-07-29 17:00:00+00:00,0.5572965
2011-07-29 18:00:00+00:00,0.64186203
2011-07-29 19:00:00+00:00,0.58834994
2011-07-29 20:00:00+00:00,0.12913783
2011-07-29 21:00:00+00:00,0.333911
2011-07-29 22:00:00+00:00,0.4696897
2011-07-29 23:00:00+00:00,0.23896617
2011-07-30 00:00:00+00:00,0.022248092999999997
2011-07-30 01:00:00+00:00,0.0
2011-07-30 02:00:00+00:00,0.0
2011-07-30 03:00:00+00:00,0.0
2011-07-30 04:00:00+00:00,0.0
2011-07-30 05:00:00+00:00,0.0
2011-07-30 06:00:00+00:00,0.0
2011-07-30 07:00:00+00:00,0.0
2011-07-30 08:00:00+00:00,0.0
2011-07-30 09:00:00+00:00,0.0
2011-07-30 10:00:00+00:00,0.0
2011-07-30 11:00:00+00:00,0.0
2011-07-30 12:00:00+00:00,0.07584903400000001
2011-07-30 13:00:00+00:00,0.33759520000000004
2011-07-30 14:00:00+00:00,0.32701918
2011-07-30 15:00:00+00:00,0.51335377
2011-07-30 16:00:00+00:00,0.67575943
2011-07-30 17:00:00+00:00,0.65556717
2011-07-30 18:00:00+00:00,0.66820943
2011-07-30 19:00:00+00:00,0.6759478
2011-07-30 20:00:00+00:00,0.6783978
2011-07-30 21:00:00+00:00,0.6692928000000001
2011-07-30 22:00:00+00:00,0.6147975
2011-07-30 23:00:00+00:00,0.47282879999999994
2011-07-31 00:00:00+00:00,0.16203406
2011-07-31 01:00:00+00:00,0.0
2011-07-31 02:00:00+00:00,0.0
2011-07-31 03:00:00+00:00,0.0
2011-07-31 04:00:00+00:00,0.0
2011-07-31 05:00:00+00:00,0.0
2011-07-31 06:00:00+00:00,0.0
2011-07-31 07:00:00+00:00,0.0
2011-07-31 08:00:00+00:00,0.0
2011-07-31 09:00:00+00:00,0.0
2011-07-31 10:00:00+00:00,0.0
2011-07-31 11:00:00+00:00,0.0
2011-07-31 12:00:00+00:00,0.34812915
2011-07-31 13:00:00+00:00,0.60957885
2011-07-31 14:00:00+00:00,0.68033177
2011-07-31 15:00:00+00:00,0.69136274
2011-07-31 16:00:00+00:00,0.6859824000000001
2011-07-31 17:00:00+00:00,0.61142236
2011-07-31 18:00:00+00:00,0.66928744
2011-07-31 19:00:00+00:00,0.6705406
2011-07-31 20:00:00+00:00,0.67556375
2011-07-31 21:00:00+00:00,0.65626603
2011-07-31 22:00:00+00:00,0.59646577
2011-07-31 23:00:00+00:00,0.44666937
2011-08-01 00:00:00+00:00,0.11946062
2011-08-01 01:00:00+00:00,0.0
2011-08-01 02:00:00+00:00,0.0
2011-08-01 03:00:00+00:00,0.0
2011-08-01 04:00:00+00:00,0.0
2011-08-01 05:00:00+00:00,0.0
2011-08-01 06:00:00+00:00,0.0
2011-08-01 07:00:00+00:00,0.0
2011-08-01 08:00:00+00:00,0.0
2011-08-01 09:00:00+00:00,0.0
2011-08-01 10:00:00+00:00,0.0
2011-08-01 11:00:00+00:00,0.0
2011-08-01 12:00:00+00:00,0.28582959999999996
2011-08-01 13:00:00+00:00,0.5446316
2011-08-01 14:00:00+00:00,0.63399506
2011-08-01 15:00:00+00:00,0.6717253000000001
2011-08-01 16:00:00+00:00,0.6736083
2011-08-01 17:00:00+00:00,0.6556244000000001
2011-08-01 18:00:00+00:00,0.65531844
2011-08-01 19:00:00+00:00,0.65984863
2011-08-01 20:00:00+00:00,0.59923255
2011-08-01 21:00:00+00:00,0.6298104999999999
2011-08-01 22:00:00+00:00,0.5145563
2011-08-01 23:00:00+00:00,0.36319650000000003
2011-08-02 00:00:00+00:00,0.117870495
2011-08-02 01:00:00+00:00,0.0
2011-08-02 02:00:00+00:00,0.0
2011-08-02 03:00:00+00:00,0.0
2011-08-02 04:00:00+00:00,0.0
2011-08-02 05:00:00+00:00,0.0
2011-08-02 06:00:00+00:00,0.0
2011-08-02 07:00:00+00:00,0.0
2011-08-02 08:00:00+00:00,0.0
2011-08-02 09:00:00+00:00,0.0
2011-08-02 10:00:00+00:00,0.0
2011-08-02 11:00:00+00:00,0.0
2011-08-02 12:00:00+00:00,0.006674121
2011-08-02 13:00:00+00:00,0.103831254
2011-08-02 14:00:00+00:00,0.027170362000000003
2011-08-02 15:00:00+00:00,0.04075511
2011-08-02 16:00:00+00:00,0.35868925
2011-08-02 17:00:00+00:00,0.49318907
2011-08-02 18:00:00+00:00,0.5123664000000001
2011-08-02 19:00:00+00:00,0.28745994
2011-08-02 20:00:00+00:00,0.53458273
2011-08-02 21:00:00+00:00,0.5119905
2011-08-02 22:00:00+00:00,0.39556542
2011-08-02 23:00:00+00:00,0.115381
2011-08-03 00:00:00+00:00,0.014123613
2011-08-03 01:00:00+00:00,0.0
2011-08-03 02:00:00+00:00,0.0
2011-08-03 03:00:00+00:00,0.0
2011-08-03 04:00:00+00:00,0.0
2011-08-03 05:00:00+00:00,0.0
2011-08-03 06:00:00+00:00,0.0
2011-08-03 07:00:00+00:00,0.0
2011-08-03 08:00:00+00:00,0.0
2011-08-03 09:00:00+00:00,0.0
2011-08-03 10:00:00+00:00,0.0
2011-08-03 11:00:00+00:00,0.0
2011-08-03 12:00:00+00:00,0.11754169999999999
2011-08-03 13:00:00+00:00,0.4008877
2011-08-03 14:00:00+00:00,0.46778363
2011-08-03 15:00:00+00:00,0.5910764000000001
2011-08-03 16:00:00+00:00,0.56013256
2011-08-03 17:00:00+00:00,0.5824232
2011-08-03 18:00:00+00:00,0.55474
2011-08-03 19:00:00+00:00,0.57118475
2011-08-03 20:00:00+00:00,0.5494826
2011-08-03 21:00:00+00:00,0.42853817
2011-08-03 22:00:00+00:00,0.47475076
2011-08-03 23:00:00+00:00,0.39449105
2011-08-04 00:00:00+00:00,0.119348384
2011-08-04 01:00:00+00:00,0.0
2011-08-04 02:00:00+00:00,0.0
2011-08-04 03:00:00+00:00,0.0
2011-08-04 04:00:00+00:00,0.0
2011-08-04 05:00:00+00:00,0.0
2011-08-04 06:00:00+00:00,0.0
2011-08-04 07:00:00+00:00,0.0
2011-08-04 08:00:00+00:00,0.0
2011-08-04 09:00:00+00:00,0.0
2011-08-04 10:00:00+00:00,0.0
2011-08-04 11:00:00+00:00,0.0
2011-08-04 12:00:00+00:00,0.23228136
2011-08-04 13:00:00+00:00,0.49605509999999997
2011-08-04 14:00:00+00:00,0.59761477
2011-08-04 15:00:00+00:00,0.44239295
2011-08-04 16:00:00+00:00,0.4587880999999999
2011-08-04 17:00:00+00:00,0.4729218
2011-08-04 18:00:00+00:00,0.52197075
2011-08-04 19:00:00+00:00,0.34851208
2011-08-04 20:00:00+00:00,0.5929355
2011-08-04 21:00:00+00:00,0.17391998
2011-08-04 22:00:00+00:00,0.38832113
2011-08-04 23:00:00+00:00,0.20907018
2011-08-05 00:00:00+00:00,0.08168757
2011-08-05 01:00:00+00:00,0.0
2011-08-05 02:00:00+00:00,0.0
2011-08-05 03:00:00+00:00,0.0
2011-08-05 04:00:00+00:00,0.0
2011-08-05 05:00:00+00:00,0.0
2011-08-05 06:00:00+00:00,0.0
2011-08-05 07:00:00+00:00,0.0
2011-08-05 08:00:00+00:00,0.0
2011-08-05 09:00:00+00:00,0.0
2011-08-05 10:00:00+00:00,0.0
2011-08-05 11:00:00+00:00,0.0
2011-08-05 12:00:00+00:00,0.069557905
2011-08-05 13:00:00+00:00,0.24000862
2011-08-05 14:00:00+00:00,0.5231326
2011-08-05 15:00:00+00:00,0.5500063000000001
2011-08-05 16:00:00+00:00,0.47853863
2011-08-05 17:00:00+00:00,0.5371799
2011-08-05 18:00:00+00:00,0.3122553
2011-08-05 19:00:00+00:00,0.33517240000000004
2011-08-05 20:00:00+00:00,0.56665736
2011-08-05 21:00:00+00:00,0.1672425
2011-08-05 22:00:00+00:00,0.50914496
2011-08-05 23:00:00+00:00,0.33118615
2011-08-06 00:00:00+00:00,0.07388275
2011-08-06 01:00:00+00:00,0.0
2011-08-06 02:00:00+00:00,0.0
2011-08-06 03:00:00+00:00,0.0
2011-08-06 04:00:00+00:00,0.0
2011-08-06 05:00:00+00:00,0.0
2011-08-06 06:00:00+00:00,0.0
2011-08-06 07:00:00+00:00,0.0
2011-08-06 08:00:00+00:00,0.0
2011-08-06 09:00:00+00:00,0.0
2011-08-06 10:00:00+00:00,0.0
2011-08-06 11:00:00+00:00,0.0
2011-08-06 12:00:00+00:00,0.03330496
2011-08-06 13:00:00+00:00,0.13695520000000003
2011-08-06 14:00:00+00:00,0.1416146
2011-08-06 15:00:00+00:00,0.15321396
2011-08-06 16:00:00+00:00,0.41804534
2011-08-06 17:00:00+00:00,0.5137987
2011-08-06 18:00:00+00:00,0.641035
2011-08-06 19:00:00+00:00,0.5618107
2011-08-06 20:00:00+00:00,0.44010959999999993
2011-08-06 21:00:00+00:00,0.50921893
2011-08-06 22:00:00+00:00,0.49688283
2011-08-06 23:00:00+00:00,0.40567178
2011-08-07 00:00:00+00:00,0.11880149
2011-08-07 01:00:00+00:00,0.0
2011-08-07 02:00:00+00:00,0.0
2011-08-07 03:00:00+00:00,0.0
2011-08-07 04:00:00+00:00,0.0
2011-08-07 05:00:00+00:00,0.0
2011-08-07 06:00:00+00:00,0.0
2011-08-07 07:00:00+00:00,0.0
2011-08-07 08:00:00+00:00,0.0
2011-08-07 09:00:00+00:00,0.0
2011-08-07 10:00:00+00:00,0.0
2011-08-07 11:00:00+00:00,0.0
2011-08-07 12:00:00+00:00,0.16287506
2011-08-07 13:00:00+00:00,0.30725890000000006
2011-08-07 14:00:00+00:00,0.6354626
2011-08-07 15:00:00+00:00,0.6646066999999999
2011-08-07 16:00:00+00:00,0.67325217
2011-08-07 17:00:00+00:00,0.6473475999999999
2011-08-07 18:00:00+00:00,0.27841178
2011-08-07 19:00:00+00:00,0.053777877
2011-08-07 20:00:00+00:00,0.5335350999999999
2011-08-07 21:00:00+00:00,0.5537474
2011-08-07 22:00:00+00:00,0.12394957
2011-08-07 23:00:00+00:00,0.013797535
2011-08-08 00:00:00+00:00,0.0025209566
2011-08-08 01:00:00+00:00,0.0
2011-08-08 02:00:00+00:00,0.0
2011-08-08 03:00:00+00:00,0.0
2011-08-08 04:00:00+00:00,0.0
2011-08-08 05:00:00+00:00,0.0
2011-08-08 06:00:00+00:00,0.0
2011-08-08 07:00:00+00:00,0.0
2011-08-08 08:00:00+00:00,0.0
2011-08-08 09:00:00+00:00,0.0
2011-08-08 10:00:00+00:00,0.0
2011-08-08 11:00:00+00:00,0.0
2011-08-08 12:00:00+00:00,0.16717471
2011-08-08 13:00:00+00:00,0.20837174
2011-08-08 14:00:00+00:00,0.2833617
2011-08-08 15:00:00+00:00,0.28796098
2011-08-08 16:00:00+00:00,0.39604223
2011-08-08 17:00:00+00:00,0.6944103
2011-08-08 18:00:00+00:00,0.68664694
2011-08-08 19:00:00+00:00,0.6866174
2011-08-08 20:00:00+00:00,0.68745464
2011-08-08 21:00:00+00:00,0.682916
2011-08-08 22:00:00+00:00,0.6266649999999999
2011-08-08 23:00:00+00:00,0.45290625
2011-08-09 00:00:00+00:00,0.13214567
2011-08-09 01:00:00+00:00,0.0
2011-08-09 02:00:00+00:00,0.0
2011-08-09 03:00:00+00:00,0.0
2011-08-09 04:00:00+00:00,0.0
2011-08-09 05:00:00+00:00,0.0
2011-08-09 06:00:00+00:00,0.0
2011-08-09 07:00:00+00:00,0.0
2011-08-09 08:00:00+00:00,0.0
2011-08-09 09:00:00+00:00,0.0
2011-08-09 10:00:00+00:00,0.0
2011-08-09 11:00:00+00:00,0.0
2011-08-09 12:00:00+00:00,0.28009057
2011-08-09 13:00:00+00:00,0.57022935
2011-08-09 14:00:00+00:00,0.6292974
2011-08-09 15:00:00+00:00,0.6042081
2011-08-09 16:00:00+00:00,0.59045017
2011-08-09 17:00:00+00:00,0.63477707
2011-08-09 18:00:00+00:00,0.6598229999999999
2011-08-09 19:00:00+00:00,0.66741925
2011-08-09 20:00:00+00:00,0.7002189
2011-08-09 21:00:00+00:00,0.6822774
2011-08-09 22:00:00+00:00,0.6191948
2011-08-09 23:00:00+00:00,0.42795249999999996
2011-08-10 00:00:00+00:00,0.11403546
2011-08-10 01:00:00+00:00,0.0
2011-08-10 02:00:00+00:00,0.0
2011-08-10 03:00:00+00:00,0.0
2011-08-10 04:00:00+00:00,0.0
2011-08-10 05:00:00+00:00,0.0
2011-08-10 06:00:00+00:00,0.0
2011-08-10 07:00:00+00:00,0.0
2011-08-10 08:00:00+00:00,0.0
2011-08-10 09:00:00+00:00,0.0
2011-08-10 10:00:00+00:00,0.0
2011-08-10 11:00:00+00:00,0.0
2011-08-10 12:00:00+00:00,0.3010157
2011-08-10 13:00:00+00:00,0.60378003
2011-08-10 14:00:00+00:00,0.68495554
2011-08-10 15:00:00+00:00,0.70315206
2011-08-10 16:00:00+00:00,0.6962649000000001
2011-08-10 17:00:00+00:00,0.6849621
2011-08-10 18:00:00+00:00,0.68397886
2011-08-10 19:00:00+00:00,0.68501717
2011-08-10 20:00:00+00:00,0.69150186
2011-08-10 21:00:00+00:00,0.6975422
2011-08-10 22:00:00+00:00,0.64513016
2011-08-10 23:00:00+00:00,0.46669206
2011-08-11 00:00:00+00:00,0.13358825
2011-08-11 01:00:00+00:00,0.0
2011-08-11 02:00:00+00:00,0.0
2011-08-11 03:00:00+00:00,0.0
2011-08-11 04:00:00+00:00,0.0
2011-08-11 05:00:00+00:00,0.0
2011-08-11 06:00:00+00:00,0.0
2011-08-11 07:00:00+00:00,0.0
2011-08-11 08:00:00+00:00,0.0
2011-08-11 09:00:00+00:00,0.0
2011-08-11 10:00:00+00:00,0.0
2011-08-11 11:00:00+00:00,0.0
2011-08-11 12:00:00+00:00,0.3206639
2011-08-11 13:00:00+00:00,0.6250555
2011-08-11 14:00:00+00:00,0.7011819
2011-08-11 15:00:00+00:00,0.7034172
2011-08-11 16:00:00+00:00,0.6917283000000001
2011-08-11 17:00:00+00:00,0.6797135
2011-08-11 18:00:00+00:00,0.60602015
2011-08-11 19:00:00+00:00,0.6447866
2011-08-11 20:00:00+00:00,0.6541236
2011-08-11 21:00:00+00:00,0.6819655
2011-08-11 22:00:00+00:00,0.62570256
2011-08-11 23:00:00+00:00,0.43954706
2011-08-12 00:00:00+00:00,0.1174652
2011-08-12 01:00:00+00:00,0.0
2011-08-12 02:00:00+00:00,0.0
2011-08-12 03:00:00+00:00,0.0
2011-08-12 04:00:00+00:00,0.0
2011-08-12 05:00:00+00:00,0.0
2011-08-12 06:00:00+00:00,0.0
2011-08-12 07:00:00+00:00,0.0
2011-08-12 08:00:00+00:00,0.0
2011-08-12 09:00:00+00:00,0.0
2011-08-12 10:00:00+00:00,0.0
2011-08-12 11:00:00+00:00,0.0
2011-08-12 12:00:00+00:00,0.21347605
2011-08-12 13:00:00+00:00,0.1985536
2011-08-12 14:00:00+00:00,0.25211394
2011-08-12 15:00:00+00:00,0.44029066
2011-08-12 16:00:00+00:00,0.5516951999999999
2011-08-12 17:00:00+00:00,0.53574103
2011-08-12 18:00:00+00:00,0.59300584
2011-08-12 19:00:00+00:00,0.65917224
2011-08-12 20:00:00+00:00,0.5267316999999999
2011-08-12 21:00:00+00:00,0.6340735
2011-08-12 22:00:00+00:00,0.42342058
2011-08-12 23:00:00+00:00,0.026027268
2011-08-13 00:00:00+00:00,5.9183403e-05
2011-08-13 01:00:00+00:00,0.0
2011-08-13 02:00:00+00:00,0.0
2011-08-13 03:00:00+00:00,0.0
2011-08-13 04:00:00+00:00,0.0
2011-08-13 05:00:00+00:00,0.0
2011-08-13 06:00:00+00:00,0.0
2011-08-13 07:00:00+00:00,0.0
2011-08-13 08:00:00+00:00,0.0
2011-08-13 09:00:00+00:00,0.0
2011-08-13 10:00:00+00:00,0.0
2011-08-13 11:00:00+00:00,0.0
2011-08-13 12:00:00+00:00,0.05303797
2011-08-13 13:00:00+00:00,0.33082998
2011-08-13 14:00:00+00:00,0.6686376
2011-08-13 15:00:00+00:00,0.6916238
2011-08-13 16:00:00+00:00,0.6128461
2011-08-13 17:00:00+00:00,0.5303899000000001
2011-08-13 18:00:00+00:00,0.43046582
2011-08-13 19:00:00+00:00,0.27187213
2011-08-13 20:00:00+00:00,0.39149140000000004
2011-08-13 21:00:00+00:00,0.23729527
2011-08-13 22:00:00+00:00,0.39800337
2011-08-13 23:00:00+00:00,0.44712532
2011-08-14 00:00:00+00:00,0.08754259
2011-08-14 01:00:00+00:00,0.0
2011-08-14 02:00:00+00:00,0.0
2011-08-14 03:00:00+00:00,0.0
2011-08-14 04:00:00+00:00,0.0
2011-08-14 05:00:00+00:00,0.0
2011-08-14 06:00:00+00:00,0.0
2011-08-14 07:00:00+00:00,0.0
2011-08-14 08:00:00+00:00,0.0
2011-08-14 09:00:00+00:00,0.0
2011-08-14 10:00:00+00:00,0.0
2011-08-14 11:00:00+00:00,0.0
2011-08-14 12:00:00+00:00,0.27882078
2011-08-14 13:00:00+00:00,0.04019832
2011-08-14 14:00:00+00:00,0.11710944
2011-08-14 15:00:00+00:00,0.28966087
2011-08-14 16:00:00+00:00,0.49000412
2011-08-14 17:00:00+00:00,0.50189656
2011-08-14 18:00:00+00:00,0.50287366
2011-08-14 19:00:00+00:00,0.48998059999999993
2011-08-14 20:00:00+00:00,0.6002645000000001
2011-08-14 21:00:00+00:00,0.48068900000000003
2011-08-14 22:00:00+00:00,0.38183042
2011-08-14 23:00:00+00:00,0.23856826
2011-08-15 00:00:00+00:00,0.104248405
2011-08-15 01:00:00+00:00,0.0
2011-08-15 02:00:00+00:00,0.0
2011-08-15 03:00:00+00:00,0.0
2011-08-15 04:00:00+00:00,0.0
2011-08-15 05:00:00+00:00,0.0
2011-08-15 06:00:00+00:00,0.0
2011-08-15 07:00:00+00:00,0.0
2011-08-15 08:00:00+00:00,0.0
2011-08-15 09:00:00+00:00,0.0
2011-08-15 10:00:00+00:00,0.0
2011-08-15 11:00:00+00:00,0.0
2011-08-15 12:00:00+00:00,0.29337329999999995
2011-08-15 13:00:00+00:00,0.6073979
2011-08-15 14:00:00+00:00,0.6828321999999999
2011-08-15 15:00:00+00:00,0.6895532
2011-08-15 16:00:00+00:00,0.57008404
2011-08-15 17:00:00+00:00,0.64540106
2011-08-15 18:00:00+00:00,0.5663617
2011-08-15 19:00:00+00:00,0.6295651999999999
2011-08-15 20:00:00+00:00,0.6601372
2011-08-15 21:00:00+00:00,0.6039588
2011-08-15 22:00:00+00:00,0.4740187
2011-08-15 23:00:00+00:00,0.31570077
2011-08-16 00:00:00+00:00,0.07576492
2011-08-16 01:00:00+00:00,0.0
2011-08-16 02:00:00+00:00,0.0
2011-08-16 03:00:00+00:00,0.0
2011-08-16 04:00:00+00:00,0.0
2011-08-16 05:00:00+00:00,0.0
2011-08-16 06:00:00+00:00,0.0
2011-08-16 07:00:00+00:00,0.0
2011-08-16 08:00:00+00:00,0.0
2011-08-16 09:00:00+00:00,0.0
2011-08-16 10:00:00+00:00,0.0
2011-08-16 11:00:00+00:00,0.0
2011-08-16 12:00:00+00:00,0.26960334
2011-08-16 13:00:00+00:00,0.58344746
2011-08-16 14:00:00+00:00,0.66473
2011-08-16 15:00:00+00:00,0.68508476
2011-08-16 16:00:00+00:00,0.6683284
2011-08-16 17:00:00+00:00,0.6560807
2011-08-16 18:00:00+00:00,0.6396385
2011-08-16 19:00:00+00:00,0.6626763000000001
2011-08-16 20:00:00+00:00,0.6686418000000001
2011-08-16 21:00:00+00:00,0.56010216
2011-08-16 22:00:00+00:00,0.57657874
2011-08-16 23:00:00+00:00,0.40143314
2011-08-17 00:00:00+00:00,0.087837555
2011-08-17 01:00:00+00:00,0.0
2011-08-17 02:00:00+00:00,0.0
2011-08-17 03:00:00+00:00,0.0
2011-08-17 04:00:00+00:00,0.0
2011-08-17 05:00:00+00:00,0.0
2011-08-17 06:00:00+00:00,0.0
2011-08-17 07:00:00+00:00,0.0
2011-08-17 08:00:00+00:00,0.0
2011-08-17 09:00:00+00:00,0.0
2011-08-17 10:00:00+00:00,0.0
2011-08-17 11:00:00+00:00,0.0
2011-08-17 12:00:00+00:00,0.023331175
2011-08-17 13:00:00+00:00,0.36832136
2011-08-17 14:00:00+00:00,0.34579307
2011-08-17 15:00:00+00:00,0.6319938
2011-08-17 16:00:00+00:00,0.6688758
2011-08-17 17:00:00+00:00,0.6579048000000001
2011-08-17 18:00:00+00:00,0.6472635999999999
2011-08-17 19:00:00+00:00,0.63693446
2011-08-17 20:00:00+00:00,0.6205940999999999
2011-08-17 21:00:00+00:00,0.62660664
2011-08-17 22:00:00+00:00,0.53427684
2011-08-17 23:00:00+00:00,0.32037887
2011-08-18 00:00:00+00:00,0.04854882
2011-08-18 01:00:00+00:00,0.0
2011-08-18 02:00:00+00:00,0.0
2011-08-18 03:00:00+00:00,0.0
2011-08-18 04:00:00+00:00,0.0
2011-08-18 05:00:00+00:00,0.0
2011-08-18 06:00:00+00:00,0.0
2011-08-18 07:00:00+00:00,0.0
2011-08-18 08:00:00+00:00,0.0
2011-08-18 09:00:00+00:00,0.0
2011-08-18 10:00:00+00:00,0.0
2011-08-18 11:00:00+00:00,0.0
2011-08-18 12:00:00+00:00,0.09772615
2011-08-18 13:00:00+00:00,0.24937929
2011-08-18 14:00:00+00:00,0.5372425999999999
2011-08-18 15:00:00+00:00,0.57680273
2011-08-18 16:00:00+00:00,0.5118872
2011-08-18 17:00:00+00:00,0.24153784
2011-08-18 18:00:00+00:00,0.42104188
2011-08-18 19:00:00+00:00,0.30989507
2011-08-18 20:00:00+00:00,0.1448619
2011-08-18 21:00:00+00:00,0.16205859
2011-08-18 22:00:00+00:00,0.07820453
2011-08-18 23:00:00+00:00,0.142286
2011-08-19 00:00:00+00:00,0.015467533
2011-08-19 01:00:00+00:00,0.0
2011-08-19 02:00:00+00:00,0.0
2011-08-19 03:00:00+00:00,0.0
2011-08-19 04:00:00+00:00,0.0
2011-08-19 05:00:00+00:00,0.0
2011-08-19 06:00:00+00:00,0.0
2011-08-19 07:00:00+00:00,0.0
2011-08-19 08:00:00+00:00,0.0
2011-08-19 09:00:00+00:00,0.0
2011-08-19 10:00:00+00:00,0.0
2011-08-19 11:00:00+00:00,0.0
2011-08-19 12:00:00+00:00,0.21702684
2011-08-19 13:00:00+00:00,0.5100246
2011-08-19 14:00:00+00:00,0.6211389
2011-08-19 15:00:00+00:00,0.56103635
2011-08-19 16:00:00+00:00,0.6094244000000001
2011-08-19 17:00:00+00:00,0.556757
2011-08-19 18:00:00+00:00,0.5256211999999999
2011-08-19 19:00:00+00:00,0.47226453
2011-08-19 20:00:00+00:00,0.6260658
2011-08-19 21:00:00+00:00,0.57241684
2011-08-19 22:00:00+00:00,0.4606267
2011-08-19 23:00:00+00:00,0.18191491
2011-08-20 00:00:00+00:00,0.02968031
2011-08-20 01:00:00+00:00,0.0
2011-08-20 02:00:00+00:00,0.0
2011-08-20 03:00:00+00:00,0.0
2011-08-20 04:00:00+00:00,0.0
2011-08-20 05:00:00+00:00,0.0
2011-08-20 06:00:00+00:00,0.0
2011-08-20 07:00:00+00:00,0.0
2011-08-20 08:00:00+00:00,0.0
2011-08-20 09:00:00+00:00,0.0
2011-08-20 10:00:00+00:00,0.0
2011-08-20 11:00:00+00:00,0.0
2011-08-20 12:00:00+00:00,0.20470423
2011-08-20 13:00:00+00:00,0.3317466
2011-08-20 14:00:00+00:00,0.6226863
2011-08-20 15:00:00+00:00,0.6723805
2011-08-20 16:00:00+00:00,0.6713666
2011-08-20 17:00:00+00:00,0.66044617
2011-08-20 18:00:00+00:00,0.65520364
2011-08-20 19:00:00+00:00,0.62733793
2011-08-20 20:00:00+00:00,0.66301185
2011-08-20 21:00:00+00:00,0.6470979
2011-08-20 22:00:00+00:00,0.30215403
2011-08-20 23:00:00+00:00,0.17534505
2011-08-21 00:00:00+00:00,0.021753678
2011-08-21 01:00:00+00:00,0.0
2011-08-21 02:00:00+00:00,0.0
2011-08-21 03:00:00+00:00,0.0
2011-08-21 04:00:00+00:00,0.0
2011-08-21 05:00:00+00:00,0.0
2011-08-21 06:00:00+00:00,0.0
2011-08-21 07:00:00+00:00,0.0
2011-08-21 08:00:00+00:00,0.0
2011-08-21 09:00:00+00:00,0.0
2011-08-21 10:00:00+00:00,0.0
2011-08-21 11:00:00+00:00,0.0
2011-08-21 12:00:00+00:00,0.27065584
2011-08-21 13:00:00+00:00,0.6102365
2011-08-21 14:00:00+00:00,0.6948571
2011-08-21 15:00:00+00:00,0.7068783000000001
2011-08-21 16:00:00+00:00,0.69708395
2011-08-21 17:00:00+00:00,0.6863449
2011-08-21 18:00:00+00:00,0.6839898
2011-08-21 19:00:00+00:00,0.68199563
2011-08-21 20:00:00+00:00,0.69890976
2011-08-21 21:00:00+00:00,0.69234574
2011-08-21 22:00:00+00:00,0.6354473
2011-08-21 23:00:00+00:00,0.4004147
2011-08-22 00:00:00+00:00,0.046230584000000005
2011-08-22 01:00:00+00:00,0.0
2011-08-22 02:00:00+00:00,0.0
2011-08-22 03:00:00+00:00,0.0
2011-08-22 04:00:00+00:00,0.0
2011-08-22 05:00:00+00:00,0.0
2011-08-22 06:00:00+00:00,0.0
2011-08-22 07:00:00+00:00,0.0
2011-08-22 08:00:00+00:00,0.0
2011-08-22 09:00:00+00:00,0.0
2011-08-22 10:00:00+00:00,0.0
2011-08-22 11:00:00+00:00,0.0
2011-08-22 12:00:00+00:00,0.2665272
2011-08-22 13:00:00+00:00,0.6015028
2011-08-22 14:00:00+00:00,0.6832103
2011-08-22 15:00:00+00:00,0.68893355
2011-08-22 16:00:00+00:00,0.6589191
2011-08-22 17:00:00+00:00,0.6674673000000001
2011-08-22 18:00:00+00:00,0.65683424
2011-08-22 19:00:00+00:00,0.65764284
2011-08-22 20:00:00+00:00,0.553003
2011-08-22 21:00:00+00:00,0.59153867
2011-08-22 22:00:00+00:00,0.5126665
2011-08-22 23:00:00+00:00,0.3113479
2011-08-23 00:00:00+00:00,0.024293646000000002
2011-08-23 01:00:00+00:00,0.0
2011-08-23 02:00:00+00:00,0.0
2011-08-23 03:00:00+00:00,0.0
2011-08-23 04:00:00+00:00,0.0
2011-08-23 05:00:00+00:00,0.0
2011-08-23 06:00:00+00:00,0.0
2011-08-23 07:00:00+00:00,0.0
2011-08-23 08:00:00+00:00,0.0
2011-08-23 09:00:00+00:00,0.0
2011-08-23 10:00:00+00:00,0.0
2011-08-23 11:00:00+00:00,0.0
2011-08-23 12:00:00+00:00,0.16811976
2011-08-23 13:00:00+00:00,0.35292315
2011-08-23 14:00:00+00:00,0.32050434
2011-08-23 15:00:00+00:00,0.6227602
2011-08-23 16:00:00+00:00,0.6379433000000001
2011-08-23 17:00:00+00:00,0.6342665
2011-08-23 18:00:00+00:00,0.6220145
2011-08-23 19:00:00+00:00,0.62892956
2011-08-23 20:00:00+00:00,0.62349457
2011-08-23 21:00:00+00:00,0.5862064
2011-08-23 22:00:00+00:00,0.49844724
2011-08-23 23:00:00+00:00,0.2678532
2011-08-24 00:00:00+00:00,0.006192992
2011-08-24 01:00:00+00:00,0.0
2011-08-24 02:00:00+00:00,0.0
2011-08-24 03:00:00+00:00,0.0
2011-08-24 04:00:00+00:00,0.0
2011-08-24 05:00:00+00:00,0.0
2011-08-24 06:00:00+00:00,0.0
2011-08-24 07:00:00+00:00,0.0
2011-08-24 08:00:00+00:00,0.0
2011-08-24 09:00:00+00:00,0.0
2011-08-24 10:00:00+00:00,0.0
2011-08-24 11:00:00+00:00,0.0
2011-08-24 12:00:00+00:00,0.14752042
2011-08-24 13:00:00+00:00,0.38495106
2011-08-24 14:00:00+00:00,0.2008864
2011-08-24 15:00:00+00:00,0.09189646
2011-08-24 16:00:00+00:00,0.47159090000000004
2011-08-24 17:00:00+00:00,0.4653104
2011-08-24 18:00:00+00:00,0.52139837
2011-08-24 19:00:00+00:00,0.5882055
2011-08-24 20:00:00+00:00,0.6696761999999999
2011-08-24 21:00:00+00:00,0.6650457
2011-08-24 22:00:00+00:00,0.6097975
2011-08-24 23:00:00+00:00,0.36527917
2011-08-25 00:00:00+00:00,0.000555782
2011-08-25 01:00:00+00:00,0.0
2011-08-25 02:00:00+00:00,0.0
2011-08-25 03:00:00+00:00,0.0
2011-08-25 04:00:00+00:00,0.0
2011-08-25 05:00:00+00:00,0.0
2011-08-25 06:00:00+00:00,0.0
2011-08-25 07:00:00+00:00,0.0
2011-08-25 08:00:00+00:00,0.0
2011-08-25 09:00:00+00:00,0.0
2011-08-25 10:00:00+00:00,0.0
2011-08-25 11:00:00+00:00,0.0
2011-08-25 12:00:00+00:00,0.24362954
2011-08-25 13:00:00+00:00,0.5899426
2011-08-25 14:00:00+00:00,0.6774525
2011-08-25 15:00:00+00:00,0.6941602
2011-08-25 16:00:00+00:00,0.68587095
2011-08-25 17:00:00+00:00,0.6549238000000001
2011-08-25 18:00:00+00:00,0.622278
2011-08-25 19:00:00+00:00,0.67463326
2011-08-25 20:00:00+00:00,0.6812382
2011-08-25 21:00:00+00:00,0.67295
2011-08-25 22:00:00+00:00,0.6071539
2011-08-25 23:00:00+00:00,0.34763345
2011-08-26 00:00:00+00:00,0.0
2011-08-26 01:00:00+00:00,0.0
2011-08-26 02:00:00+00:00,0.0
2011-08-26 03:00:00+00:00,0.0
2011-08-26 04:00:00+00:00,0.0
2011-08-26 05:00:00+00:00,0.0
2011-08-26 06:00:00+00:00,0.0
2011-08-26 07:00:00+00:00,0.0
2011-08-26 08:00:00+00:00,0.0
2011-08-26 09:00:00+00:00,0.0
2011-08-26 10:00:00+00:00,0.0
2011-08-26 11:00:00+00:00,0.0
2011-08-26 12:00:00+00:00,0.23937826
2011-08-26 13:00:00+00:00,0.5892525
2011-08-26 14:00:00+00:00,0.6789308000000001
2011-08-26 15:00:00+00:00,0.7014158
2011-08-26 16:00:00+00:00,0.6851049
2011-08-26 17:00:00+00:00,0.67239827
2011-08-26 18:00:00+00:00,0.66218543
2011-08-26 19:00:00+00:00,0.6673722
2011-08-26 20:00:00+00:00,0.67910624
2011-08-26 21:00:00+00:00,0.6647116
2011-08-26 22:00:00+00:00,0.59400016
2011-08-26 23:00:00+00:00,0.32875204
2011-08-27 00:00:00+00:00,0.0
2011-08-27 01:00:00+00:00,0.0
2011-08-27 02:00:00+00:00,0.0
2011-08-27 03:00:00+00:00,0.0
2011-08-27 04:00:00+00:00,0.0
2011-08-27 05:00:00+00:00,0.0
2011-08-27 06:00:00+00:00,0.0
2011-08-27 07:00:00+00:00,0.0
2011-08-27 08:00:00+00:00,0.0
2011-08-27 09:00:00+00:00,0.0
2011-08-27 10:00:00+00:00,0.0
2011-08-27 11:00:00+00:00,0.0
2011-08-27 12:00:00+00:00,0.23648983
2011-08-27 13:00:00+00:00,0.6067111999999999
2011-08-27 14:00:00+00:00,0.42411899999999997
2011-08-27 15:00:00+00:00,0.7169625
2011-08-27 16:00:00+00:00,0.7026563
2011-08-27 17:00:00+00:00,0.6886817
2011-08-27 18:00:00+00:00,0.6831965999999999
2011-08-27 19:00:00+00:00,0.6902003999999999
2011-08-27 20:00:00+00:00,0.6998985
2011-08-27 21:00:00+00:00,0.6853776999999999
2011-08-27 22:00:00+00:00,0.6151533
2011-08-27 23:00:00+00:00,0.34065142
2011-08-28 00:00:00+00:00,0.0
2011-08-28 01:00:00+00:00,0.0
2011-08-28 02:00:00+00:00,0.0
2011-08-28 03:00:00+00:00,0.0
2011-08-28 04:00:00+00:00,0.0
2011-08-28 05:00:00+00:00,0.0
2011-08-28 06:00:00+00:00,0.0
2011-08-28 07:00:00+00:00,0.0
2011-08-28 08:00:00+00:00,0.0
2011-08-28 09:00:00+00:00,0.0
2011-08-28 10:00:00+00:00,0.0
2011-08-28 11:00:00+00:00,0.0
2011-08-28 12:00:00+00:00,0.18459734
2011-08-28 13:00:00+00:00,0.548742
2011-08-28 14:00:00+00:00,0.64832485
2011-08-28 15:00:00+00:00,0.67326826
2011-08-28 16:00:00+00:00,0.6714015
2011-08-28 17:00:00+00:00,0.6609704000000001
2011-08-28 18:00:00+00:00,0.63744044
2011-08-28 19:00:00+00:00,0.6642979
2011-08-28 20:00:00+00:00,0.6836109
2011-08-28 21:00:00+00:00,0.6879105
2011-08-28 22:00:00+00:00,0.6249833
2011-08-28 23:00:00+00:00,0.3548614
2011-08-29 00:00:00+00:00,0.0
2011-08-29 01:00:00+00:00,0.0
2011-08-29 02:00:00+00:00,0.0
2011-08-29 03:00:00+00:00,0.0
2011-08-29 04:00:00+00:00,0.0
2011-08-29 05:00:00+00:00,0.0
2011-08-29 06:00:00+00:00,0.0
2011-08-29 07:00:00+00:00,0.0
2011-08-29 08:00:00+00:00,0.0
2011-08-29 09:00:00+00:00,0.0
2011-08-29 10:00:00+00:00,0.0
2011-08-29 11:00:00+00:00,0.0
2011-08-29 12:00:00+00:00,0.24758844
2011-08-29 13:00:00+00:00,0.6102935
2011-08-29 14:00:00+00:00,0.6907778
2011-08-29 15:00:00+00:00,0.70724094
2011-08-29 16:00:00+00:00,0.69171816
2011-08-29 17:00:00+00:00,0.670601
2011-08-29 18:00:00+00:00,0.659229
2011-08-29 19:00:00+00:00,0.6628875
2011-08-29 20:00:00+00:00,0.5641076999999999
2011-08-29 21:00:00+00:00,0.5134127
2011-08-29 22:00:00+00:00,0.47750968
2011-08-29 23:00:00+00:00,0.2862117
2011-08-30 00:00:00+00:00,0.0
2011-08-30 01:00:00+00:00,0.0
2011-08-30 02:00:00+00:00,0.0
2011-08-30 03:00:00+00:00,0.0
2011-08-30 04:00:00+00:00,0.0
2011-08-30 05:00:00+00:00,0.0
2011-08-30 06:00:00+00:00,0.0
2011-08-30 07:00:00+00:00,0.0
2011-08-30 08:00:00+00:00,0.0
2011-08-30 09:00:00+00:00,0.0
2011-08-30 10:00:00+00:00,0.0
2011-08-30 11:00:00+00:00,0.0
2011-08-30 12:00:00+00:00,0.18730904
2011-08-30 13:00:00+00:00,0.5207297000000001
2011-08-30 14:00:00+00:00,0.5530076
2011-08-30 15:00:00+00:00,0.6479959
2011-08-30 16:00:00+00:00,0.52306014
2011-08-30 17:00:00+00:00,0.60345703
2011-08-30 18:00:00+00:00,0.38066247
2011-08-30 19:00:00+00:00,0.6006499
2011-08-30 20:00:00+00:00,0.58264506
2011-08-30 21:00:00+00:00,0.48754966
2011-08-30 22:00:00+00:00,0.5015636
2011-08-30 23:00:00+00:00,0.25679523
2011-08-31 00:00:00+00:00,0.0
2011-08-31 01:00:00+00:00,0.0
2011-08-31 02:00:00+00:00,0.0
2011-08-31 03:00:00+00:00,0.0
2011-08-31 04:00:00+00:00,0.0
2011-08-31 05:00:00+00:00,0.0
2011-08-31 06:00:00+00:00,0.0
2011-08-31 07:00:00+00:00,0.0
2011-08-31 08:00:00+00:00,0.0
2011-08-31 09:00:00+00:00,0.0
2011-08-31 10:00:00+00:00,0.0
2011-08-31 11:00:00+00:00,0.0
2011-08-31 12:00:00+00:00,0.17052078
2011-08-31 13:00:00+00:00,0.47554670000000004
2011-08-31 14:00:00+00:00,0.5966541
2011-08-31 15:00:00+00:00,0.6298114
2011-08-31 16:00:00+00:00,0.6273791999999999
2011-08-31 17:00:00+00:00,0.61425537
2011-08-31 18:00:00+00:00,0.5981491
2011-08-31 19:00:00+00:00,0.60098064
2011-08-31 20:00:00+00:00,0.5911757
2011-08-31 21:00:00+00:00,0.5531729000000001
2011-08-31 22:00:00+00:00,0.45717642
2011-08-31 23:00:00+00:00,0.2060768
2011-09-01 00:00:00+00:00,0.0
2011-09-01 01:00:00+00:00,0.0
2011-09-01 02:00:00+00:00,0.0
2011-09-01 03:00:00+00:00,0.0
2011-09-01 04:00:00+00:00,0.0
2011-09-01 05:00:00+00:00,0.0
2011-09-01 06:00:00+00:00,0.0
2011-09-01 07:00:00+00:00,0.0
2011-09-01 08:00:00+00:00,0.0
2011-09-01 09:00:00+00:00,0.0
2011-09-01 10:00:00+00:00,0.0
2011-09-01 11:00:00+00:00,0.0
2011-09-01 12:00:00+00:00,0.15809248
2011-09-01 13:00:00+00:00,0.45531133
2011-09-01 14:00:00+00:00,0.5770916
2011-09-01 15:00:00+00:00,0.6143126999999999
2011-09-01 16:00:00+00:00,0.6149656
2011-09-01 17:00:00+00:00,0.60292375
2011-09-01 18:00:00+00:00,0.59752023
2011-09-01 19:00:00+00:00,0.6034448
2011-09-01 20:00:00+00:00,0.6038188
2011-09-01 21:00:00+00:00,0.57961303
2011-09-01 22:00:00+00:00,0.48724693
2011-09-01 23:00:00+00:00,0.23499411
2011-09-02 00:00:00+00:00,0.0
2011-09-02 01:00:00+00:00,0.0
2011-09-02 02:00:00+00:00,0.0
2011-09-02 03:00:00+00:00,0.0
2011-09-02 04:00:00+00:00,0.0
2011-09-02 05:00:00+00:00,0.0
2011-09-02 06:00:00+00:00,0.0
2011-09-02 07:00:00+00:00,0.0
2011-09-02 08:00:00+00:00,0.0
2011-09-02 09:00:00+00:00,0.0
2011-09-02 10:00:00+00:00,0.0
2011-09-02 11:00:00+00:00,0.0
2011-09-02 12:00:00+00:00,0.16102426
2011-09-02 13:00:00+00:00,0.45974570000000003
2011-09-02 14:00:00+00:00,0.57109785
2011-09-02 15:00:00+00:00,0.60185456
2011-09-02 16:00:00+00:00,0.60424244
2011-09-02 17:00:00+00:00,0.5947345
2011-09-02 18:00:00+00:00,0.48209040000000003
2011-09-02 19:00:00+00:00,0.5250521
2011-09-02 20:00:00+00:00,0.5882472
2011-09-02 21:00:00+00:00,0.55427325
2011-09-02 22:00:00+00:00,0.45926008
2011-09-02 23:00:00+00:00,0.17823628
2011-09-03 00:00:00+00:00,0.0
2011-09-03 01:00:00+00:00,0.0
2011-09-03 02:00:00+00:00,0.0
2011-09-03 03:00:00+00:00,0.0
2011-09-03 04:00:00+00:00,0.0
2011-09-03 05:00:00+00:00,0.0
2011-09-03 06:00:00+00:00,0.0
2011-09-03 07:00:00+00:00,0.0
2011-09-03 08:00:00+00:00,0.0
2011-09-03 09:00:00+00:00,0.0
2011-09-03 10:00:00+00:00,0.0
2011-09-03 11:00:00+00:00,0.0
2011-09-03 12:00:00+00:00,0.012599253000000001
2011-09-03 13:00:00+00:00,0.10994861
2011-09-03 14:00:00+00:00,0.21007271
2011-09-03 15:00:00+00:00,0.39773503
2011-09-03 16:00:00+00:00,0.3691455
2011-09-03 17:00:00+00:00,0.3613943
2011-09-03 18:00:00+00:00,0.41581890000000005
2011-09-03 19:00:00+00:00,0.36807492
2011-09-03 20:00:00+00:00,0.061819427
2011-09-03 21:00:00+00:00,0.02955374
2011-09-03 22:00:00+00:00,0.05184012
2011-09-03 23:00:00+00:00,0.0115951635
2011-09-04 00:00:00+00:00,0.0
2011-09-04 01:00:00+00:00,0.0
2011-09-04 02:00:00+00:00,0.0
2011-09-04 03:00:00+00:00,0.0
2011-09-04 04:00:00+00:00,0.0
2011-09-04 05:00:00+00:00,0.0
2011-09-04 06:00:00+00:00,0.0
2011-09-04 07:00:00+00:00,0.0
2011-09-04 08:00:00+00:00,0.0
2011-09-04 09:00:00+00:00,0.0
2011-09-04 10:00:00+00:00,0.0
2011-09-04 11:00:00+00:00,0.0
2011-09-04 12:00:00+00:00,0.007653801700000001
2011-09-04 13:00:00+00:00,0.019613948
2011-09-04 14:00:00+00:00,0.02241376
2011-09-04 15:00:00+00:00,0.053701825
2011-09-04 16:00:00+00:00,0.112903
2011-09-04 17:00:00+00:00,0.13126984
2011-09-04 18:00:00+00:00,0.13801664
2011-09-04 19:00:00+00:00,0.0829639
2011-09-04 20:00:00+00:00,0.06624262
2011-09-04 21:00:00+00:00,0.10741862
2011-09-04 22:00:00+00:00,0.012781125
2011-09-04 23:00:00+00:00,0.03841043
2011-09-05 00:00:00+00:00,0.0
2011-09-05 01:00:00+00:00,0.0
2011-09-05 02:00:00+00:00,0.0
2011-09-05 03:00:00+00:00,0.0
2011-09-05 04:00:00+00:00,0.0
2011-09-05 05:00:00+00:00,0.0
2011-09-05 06:00:00+00:00,0.0
2011-09-05 07:00:00+00:00,0.0
2011-09-05 08:00:00+00:00,0.0
2011-09-05 09:00:00+00:00,0.0
2011-09-05 10:00:00+00:00,0.0
2011-09-05 11:00:00+00:00,0.0
2011-09-05 12:00:00+00:00,0.0050488943
2011-09-05 13:00:00+00:00,0.0076861638000000005
2011-09-05 14:00:00+00:00,0.011849378999999998
2011-09-05 15:00:00+00:00,0.04651302
2011-09-05 16:00:00+00:00,0.09062448
2011-09-05 17:00:00+00:00,0.09560928
2011-09-05 18:00:00+00:00,0.17468236
2011-09-05 19:00:00+00:00,0.119258024
2011-09-05 20:00:00+00:00,0.06810313
2011-09-05 21:00:00+00:00,0.05060396
2011-09-05 22:00:00+00:00,0.01512095
2011-09-05 23:00:00+00:00,0.08854535
2011-09-06 00:00:00+00:00,0.0
2011-09-06 01:00:00+00:00,0.0
2011-09-06 02:00:00+00:00,0.0
2011-09-06 03:00:00+00:00,0.0
2011-09-06 04:00:00+00:00,0.0
2011-09-06 05:00:00+00:00,0.0
2011-09-06 06:00:00+00:00,0.0
2011-09-06 07:00:00+00:00,0.0
2011-09-06 08:00:00+00:00,0.0
2011-09-06 09:00:00+00:00,0.0
2011-09-06 10:00:00+00:00,0.0
2011-09-06 11:00:00+00:00,0.0
2011-09-06 12:00:00+00:00,0.05255374
2011-09-06 13:00:00+00:00,0.011433599499999999
2011-09-06 14:00:00+00:00,0.03744499
2011-09-06 15:00:00+00:00,0.07873681
2011-09-06 16:00:00+00:00,0.08671629
2011-09-06 17:00:00+00:00,0.09412622
2011-09-06 18:00:00+00:00,0.097334035
2011-09-06 19:00:00+00:00,0.07408246
2011-09-06 20:00:00+00:00,0.09447351
2011-09-06 21:00:00+00:00,0.11322263
2011-09-06 22:00:00+00:00,0.027611913
2011-09-06 23:00:00+00:00,0.016472783
2011-09-07 00:00:00+00:00,0.0
2011-09-07 01:00:00+00:00,0.0
2011-09-07 02:00:00+00:00,0.0
2011-09-07 03:00:00+00:00,0.0
2011-09-07 04:00:00+00:00,0.0
2011-09-07 05:00:00+00:00,0.0
2011-09-07 06:00:00+00:00,0.0
2011-09-07 07:00:00+00:00,0.0
2011-09-07 08:00:00+00:00,0.0
2011-09-07 09:00:00+00:00,0.0
2011-09-07 10:00:00+00:00,0.0
2011-09-07 11:00:00+00:00,0.0
2011-09-07 12:00:00+00:00,0.13489714
2011-09-07 13:00:00+00:00,0.033869267
2011-09-07 14:00:00+00:00,0.06760249
2011-09-07 15:00:00+00:00,0.12566122
2011-09-07 16:00:00+00:00,0.11652962
2011-09-07 17:00:00+00:00,0.12906012
2011-09-07 18:00:00+00:00,0.17809606
2011-09-07 19:00:00+00:00,0.10435512
2011-09-07 20:00:00+00:00,0.054597333
2011-09-07 21:00:00+00:00,0.05027698
2011-09-07 22:00:00+00:00,0.05806784
2011-09-07 23:00:00+00:00,0.23835517
2011-09-08 00:00:00+00:00,0.0
2011-09-08 01:00:00+00:00,0.0
2011-09-08 02:00:00+00:00,0.0
2011-09-08 03:00:00+00:00,0.0
2011-09-08 04:00:00+00:00,0.0
2011-09-08 05:00:00+00:00,0.0
2011-09-08 06:00:00+00:00,0.0
2011-09-08 07:00:00+00:00,0.0
2011-09-08 08:00:00+00:00,0.0
2011-09-08 09:00:00+00:00,0.0
2011-09-08 10:00:00+00:00,0.0
2011-09-08 11:00:00+00:00,0.0
2011-09-08 12:00:00+00:00,0.010618058
2011-09-08 13:00:00+00:00,0.03227854
2011-09-08 14:00:00+00:00,0.07194472
2011-09-08 15:00:00+00:00,0.10763214
2011-09-08 16:00:00+00:00,0.124161534
2011-09-08 17:00:00+00:00,0.14418216
2011-09-08 18:00:00+00:00,0.3185909
2011-09-08 19:00:00+00:00,0.32424949999999997
2011-09-08 20:00:00+00:00,0.23075329
2011-09-08 21:00:00+00:00,0.095283486
2011-09-08 22:00:00+00:00,0.022756552000000003
2011-09-08 23:00:00+00:00,0.09074429
2011-09-09 00:00:00+00:00,0.0
2011-09-09 01:00:00+00:00,0.0
2011-09-09 02:00:00+00:00,0.0
2011-09-09 03:00:00+00:00,0.0
2011-09-09 04:00:00+00:00,0.0
2011-09-09 05:00:00+00:00,0.0
2011-09-09 06:00:00+00:00,0.0
2011-09-09 07:00:00+00:00,0.0
2011-09-09 08:00:00+00:00,0.0
2011-09-09 09:00:00+00:00,0.0
2011-09-09 10:00:00+00:00,0.0
2011-09-09 11:00:00+00:00,0.0
2011-09-09 12:00:00+00:00,0.025482506000000002
2011-09-09 13:00:00+00:00,0.2602512
2011-09-09 14:00:00+00:00,0.6061006999999999
2011-09-09 15:00:00+00:00,0.42252123
2011-09-09 16:00:00+00:00,0.65411854
2011-09-09 17:00:00+00:00,0.6382084
2011-09-09 18:00:00+00:00,0.4977649
2011-09-09 19:00:00+00:00,0.26494452
2011-09-09 20:00:00+00:00,0.22853705
2011-09-09 21:00:00+00:00,0.17137934
2011-09-09 22:00:00+00:00,0.20613892
2011-09-09 23:00:00+00:00,0.09455568
2011-09-10 00:00:00+00:00,0.0
2011-09-10 01:00:00+00:00,0.0
2011-09-10 02:00:00+00:00,0.0
2011-09-10 03:00:00+00:00,0.0
2011-09-10 04:00:00+00:00,0.0
2011-09-10 05:00:00+00:00,0.0
2011-09-10 06:00:00+00:00,0.0
2011-09-10 07:00:00+00:00,0.0
2011-09-10 08:00:00+00:00,0.0
2011-09-10 09:00:00+00:00,0.0
2011-09-10 10:00:00+00:00,0.0
2011-09-10 11:00:00+00:00,0.0
2011-09-10 12:00:00+00:00,0.10708711
2011-09-10 13:00:00+00:00,0.30569136
2011-09-10 14:00:00+00:00,0.4575194
2011-09-10 15:00:00+00:00,0.5558194000000001
2011-09-10 16:00:00+00:00,0.48259738
2011-09-10 17:00:00+00:00,0.5108409
2011-09-10 18:00:00+00:00,0.61799115
2011-09-10 19:00:00+00:00,0.6354297
2011-09-10 20:00:00+00:00,0.618317
2011-09-10 21:00:00+00:00,0.5850281999999999
2011-09-10 22:00:00+00:00,0.48123217
2011-09-10 23:00:00+00:00,0.1783626
2011-09-11 00:00:00+00:00,0.0
2011-09-11 01:00:00+00:00,0.0
2011-09-11 02:00:00+00:00,0.0
2011-09-11 03:00:00+00:00,0.0
2011-09-11 04:00:00+00:00,0.0
2011-09-11 05:00:00+00:00,0.0
2011-09-11 06:00:00+00:00,0.0
2011-09-11 07:00:00+00:00,0.0
2011-09-11 08:00:00+00:00,0.0
2011-09-11 09:00:00+00:00,0.0
2011-09-11 10:00:00+00:00,0.0
2011-09-11 11:00:00+00:00,0.0
2011-09-11 12:00:00+00:00,0.121027194
2011-09-11 13:00:00+00:00,0.44270536
2011-09-11 14:00:00+00:00,0.5961926
2011-09-11 15:00:00+00:00,0.63987386
2011-09-11 16:00:00+00:00,0.6316929
2011-09-11 17:00:00+00:00,0.6211882
2011-09-11 18:00:00+00:00,0.61248255
2011-09-11 19:00:00+00:00,0.6229034999999999
2011-09-11 20:00:00+00:00,0.63139576
2011-09-11 21:00:00+00:00,0.60802764
2011-09-11 22:00:00+00:00,0.50777274
2011-09-11 23:00:00+00:00,0.1896868
2011-09-12 00:00:00+00:00,0.0
2011-09-12 01:00:00+00:00,0.0
2011-09-12 02:00:00+00:00,0.0
2011-09-12 03:00:00+00:00,0.0
2011-09-12 04:00:00+00:00,0.0
2011-09-12 05:00:00+00:00,0.0
2011-09-12 06:00:00+00:00,0.0
2011-09-12 07:00:00+00:00,0.0
2011-09-12 08:00:00+00:00,0.0
2011-09-12 09:00:00+00:00,0.0
2011-09-12 10:00:00+00:00,0.0
2011-09-12 11:00:00+00:00,0.0
2011-09-12 12:00:00+00:00,0.14992549
2011-09-12 13:00:00+00:00,0.49032079999999995
2011-09-12 14:00:00+00:00,0.6295312
2011-09-12 15:00:00+00:00,0.65817505
2011-09-12 16:00:00+00:00,0.64127237
2011-09-12 17:00:00+00:00,0.62201333
2011-09-12 18:00:00+00:00,0.6089722
2011-09-12 19:00:00+00:00,0.61627495
2011-09-12 20:00:00+00:00,0.6070996999999999
2011-09-12 21:00:00+00:00,0.58463466
2011-09-12 22:00:00+00:00,0.4041864
2011-09-12 23:00:00+00:00,0.1589999
2011-09-13 00:00:00+00:00,0.0
2011-09-13 01:00:00+00:00,0.0
2011-09-13 02:00:00+00:00,0.0
2011-09-13 03:00:00+00:00,0.0
2011-09-13 04:00:00+00:00,0.0
2011-09-13 05:00:00+00:00,0.0
2011-09-13 06:00:00+00:00,0.0
2011-09-13 07:00:00+00:00,0.0
2011-09-13 08:00:00+00:00,0.0
2011-09-13 09:00:00+00:00,0.0
2011-09-13 10:00:00+00:00,0.0
2011-09-13 11:00:00+00:00,0.0
2011-09-13 12:00:00+00:00,0.08791030000000001
2011-09-13 13:00:00+00:00,0.44478106
2011-09-13 14:00:00+00:00,0.5935716999999999
2011-09-13 15:00:00+00:00,0.5015116
2011-09-13 16:00:00+00:00,0.52906257
2011-09-13 17:00:00+00:00,0.5468522
2011-09-13 18:00:00+00:00,0.57645535
2011-09-13 19:00:00+00:00,0.48490158
2011-09-13 20:00:00+00:00,0.4614845
2011-09-13 21:00:00+00:00,0.46670870000000003
2011-09-13 22:00:00+00:00,0.40668976
2011-09-13 23:00:00+00:00,0.04178898
2011-09-14 00:00:00+00:00,0.0
2011-09-14 01:00:00+00:00,0.0
2011-09-14 02:00:00+00:00,0.0
2011-09-14 03:00:00+00:00,0.0
2011-09-14 04:00:00+00:00,0.0
2011-09-14 05:00:00+00:00,0.0
2011-09-14 06:00:00+00:00,0.0
2011-09-14 07:00:00+00:00,0.0
2011-09-14 08:00:00+00:00,0.0
2011-09-14 09:00:00+00:00,0.0
2011-09-14 10:00:00+00:00,0.0
2011-09-14 11:00:00+00:00,0.0
2011-09-14 12:00:00+00:00,0.0
2011-09-14 13:00:00+00:00,0.00993454
2011-09-14 14:00:00+00:00,0.0727903
2011-09-14 15:00:00+00:00,0.31282845
2011-09-14 16:00:00+00:00,0.6208316999999999
2011-09-14 17:00:00+00:00,0.6790975
2011-09-14 18:00:00+00:00,0.6918820999999999
2011-09-14 19:00:00+00:00,0.7082632
2011-09-14 20:00:00+00:00,0.64919466
2011-09-14 21:00:00+00:00,0.6662135
2011-09-14 22:00:00+00:00,0.44289184
2011-09-14 23:00:00+00:00,0.19408672
2011-09-15 00:00:00+00:00,0.0
2011-09-15 01:00:00+00:00,0.0
2011-09-15 02:00:00+00:00,0.0
2011-09-15 03:00:00+00:00,0.0
2011-09-15 04:00:00+00:00,0.0
2011-09-15 05:00:00+00:00,0.0
2011-09-15 06:00:00+00:00,0.0
2011-09-15 07:00:00+00:00,0.0
2011-09-15 08:00:00+00:00,0.0
2011-09-15 09:00:00+00:00,0.0
2011-09-15 10:00:00+00:00,0.0
2011-09-15 11:00:00+00:00,0.0
2011-09-15 12:00:00+00:00,0.014168438
2011-09-15 13:00:00+00:00,0.44241703
2011-09-15 14:00:00+00:00,0.51813036
2011-09-15 15:00:00+00:00,0.44806227
2011-09-15 16:00:00+00:00,0.42347357
2011-09-15 17:00:00+00:00,0.6162076999999999
2011-09-15 18:00:00+00:00,0.61582196
2011-09-15 19:00:00+00:00,0.6859031
2011-09-15 20:00:00+00:00,0.69679564
2011-09-15 21:00:00+00:00,0.6854001000000001
2011-09-15 22:00:00+00:00,0.56627226
2011-09-15 23:00:00+00:00,0.20090646
2011-09-16 00:00:00+00:00,0.0
2011-09-16 01:00:00+00:00,0.0
2011-09-16 02:00:00+00:00,0.0
2011-09-16 03:00:00+00:00,0.0
2011-09-16 04:00:00+00:00,0.0
2011-09-16 05:00:00+00:00,0.0
2011-09-16 06:00:00+00:00,0.0
2011-09-16 07:00:00+00:00,0.0
2011-09-16 08:00:00+00:00,0.0
2011-09-16 09:00:00+00:00,0.0
2011-09-16 10:00:00+00:00,0.0
2011-09-16 11:00:00+00:00,0.0
2011-09-16 12:00:00+00:00,0.019523574
2011-09-16 13:00:00+00:00,0.104736
2011-09-16 14:00:00+00:00,0.3925696
2011-09-16 15:00:00+00:00,0.64295924
2011-09-16 16:00:00+00:00,0.6028248
2011-09-16 17:00:00+00:00,0.52501005
2011-09-16 18:00:00+00:00,0.57019603
2011-09-16 19:00:00+00:00,0.61988753
2011-09-16 20:00:00+00:00,0.6358493000000001
2011-09-16 21:00:00+00:00,0.6207501
2011-09-16 22:00:00+00:00,0.5063335
2011-09-16 23:00:00+00:00,0.17211963
2011-09-17 00:00:00+00:00,0.0
2011-09-17 01:00:00+00:00,0.0
2011-09-17 02:00:00+00:00,0.0
2011-09-17 03:00:00+00:00,0.0
2011-09-17 04:00:00+00:00,0.0
2011-09-17 05:00:00+00:00,0.0
2011-09-17 06:00:00+00:00,0.0
2011-09-17 07:00:00+00:00,0.0
2011-09-17 08:00:00+00:00,0.0
2011-09-17 09:00:00+00:00,0.0
2011-09-17 10:00:00+00:00,0.0
2011-09-17 11:00:00+00:00,0.0
2011-09-17 12:00:00+00:00,0.0007057396
2011-09-17 13:00:00+00:00,0.03675241
2011-09-17 14:00:00+00:00,0.04951622
2011-09-17 15:00:00+00:00,0.03636704
2011-09-17 16:00:00+00:00,0.09379328
2011-09-17 17:00:00+00:00,0.09415039
2011-09-17 18:00:00+00:00,0.41342127
2011-09-17 19:00:00+00:00,0.26016185
2011-09-17 20:00:00+00:00,0.42530680000000004
2011-09-17 21:00:00+00:00,0.421237
2011-09-17 22:00:00+00:00,0.31983809999999996
2011-09-17 23:00:00+00:00,0.064320125
2011-09-18 00:00:00+00:00,0.0
2011-09-18 01:00:00+00:00,0.0
2011-09-18 02:00:00+00:00,0.0
2011-09-18 03:00:00+00:00,0.0
2011-09-18 04:00:00+00:00,0.0
2011-09-18 05:00:00+00:00,0.0
2011-09-18 06:00:00+00:00,0.0
2011-09-18 07:00:00+00:00,0.0
2011-09-18 08:00:00+00:00,0.0
2011-09-18 09:00:00+00:00,0.0
2011-09-18 10:00:00+00:00,0.0
2011-09-18 11:00:00+00:00,0.0
2011-09-18 12:00:00+00:00,0.0010994506
2011-09-18 13:00:00+00:00,0.016735336
2011-09-18 14:00:00+00:00,0.116455466
2011-09-18 15:00:00+00:00,0.20151839
2011-09-18 16:00:00+00:00,0.14325795
2011-09-18 17:00:00+00:00,0.13225599
2011-09-18 18:00:00+00:00,0.22128934
2011-09-18 19:00:00+00:00,0.12848575
2011-09-18 20:00:00+00:00,0.094149016
2011-09-18 21:00:00+00:00,0.060549992999999996
2011-09-18 22:00:00+00:00,0.011317009
2011-09-18 23:00:00+00:00,0.020099798000000002
2011-09-19 00:00:00+00:00,0.0
2011-09-19 01:00:00+00:00,0.0
2011-09-19 02:00:00+00:00,0.0
2011-09-19 03:00:00+00:00,0.0
2011-09-19 04:00:00+00:00,0.0
2011-09-19 05:00:00+00:00,0.0
2011-09-19 06:00:00+00:00,0.0
2011-09-19 07:00:00+00:00,0.0
2011-09-19 08:00:00+00:00,0.0
2011-09-19 09:00:00+00:00,0.0
2011-09-19 10:00:00+00:00,0.0
2011-09-19 11:00:00+00:00,0.0
2011-09-19 12:00:00+00:00,0.10145374
2011-09-19 13:00:00+00:00,0.03899742
2011-09-19 14:00:00+00:00,0.16716468
2011-09-19 15:00:00+00:00,0.2788987
2011-09-19 16:00:00+00:00,0.2928941
2011-09-19 17:00:00+00:00,0.126471
2011-09-19 18:00:00+00:00,0.2438949
2011-09-19 19:00:00+00:00,0.19764803
2011-09-19 20:00:00+00:00,0.36358777
2011-09-19 21:00:00+00:00,0.44727740000000005
2011-09-19 22:00:00+00:00,0.22070377
2011-09-19 23:00:00+00:00,0.12305256
2011-09-20 00:00:00+00:00,0.0
2011-09-20 01:00:00+00:00,0.0
2011-09-20 02:00:00+00:00,0.0
2011-09-20 03:00:00+00:00,0.0
2011-09-20 04:00:00+00:00,0.0
2011-09-20 05:00:00+00:00,0.0
2011-09-20 06:00:00+00:00,0.0
2011-09-20 07:00:00+00:00,0.0
2011-09-20 08:00:00+00:00,0.0
2011-09-20 09:00:00+00:00,0.0
2011-09-20 10:00:00+00:00,0.0
2011-09-20 11:00:00+00:00,0.0
2011-09-20 12:00:00+00:00,0.0060486095
2011-09-20 13:00:00+00:00,0.021448972
2011-09-20 14:00:00+00:00,0.2397366
2011-09-20 15:00:00+00:00,0.08661683
2011-09-20 16:00:00+00:00,0.16216832
2011-09-20 17:00:00+00:00,0.14053097
2011-09-20 18:00:00+00:00,0.19061783
2011-09-20 19:00:00+00:00,0.46930337
2011-09-20 20:00:00+00:00,0.17487861
2011-09-20 21:00:00+00:00,0.29464832
2011-09-20 22:00:00+00:00,0.3580791
2011-09-20 23:00:00+00:00,0.09645101
2011-09-21 00:00:00+00:00,0.0
2011-09-21 01:00:00+00:00,0.0
2011-09-21 02:00:00+00:00,0.0
2011-09-21 03:00:00+00:00,0.0
2011-09-21 04:00:00+00:00,0.0
2011-09-21 05:00:00+00:00,0.0
2011-09-21 06:00:00+00:00,0.0
2011-09-21 07:00:00+00:00,0.0
2011-09-21 08:00:00+00:00,0.0
2011-09-21 09:00:00+00:00,0.0
2011-09-21 10:00:00+00:00,0.0
2011-09-21 11:00:00+00:00,0.0
2011-09-21 12:00:00+00:00,0.10856119
2011-09-21 13:00:00+00:00,0.43352759999999996
2011-09-21 14:00:00+00:00,0.59700114
2011-09-21 15:00:00+00:00,0.6212675999999999
2011-09-21 16:00:00+00:00,0.48424209999999995
2011-09-21 17:00:00+00:00,0.6007474
2011-09-21 18:00:00+00:00,0.5208661
2011-09-21 19:00:00+00:00,0.3527989
2011-09-21 20:00:00+00:00,0.37505734
2011-09-21 21:00:00+00:00,0.5865129
2011-09-21 22:00:00+00:00,0.43304533
2011-09-21 23:00:00+00:00,0.11977441
2011-09-22 00:00:00+00:00,0.0
2011-09-22 01:00:00+00:00,0.0
2011-09-22 02:00:00+00:00,0.0
2011-09-22 03:00:00+00:00,0.0
2011-09-22 04:00:00+00:00,0.0
2011-09-22 05:00:00+00:00,0.0
2011-09-22 06:00:00+00:00,0.0
2011-09-22 07:00:00+00:00,0.0
2011-09-22 08:00:00+00:00,0.0
2011-09-22 09:00:00+00:00,0.0
2011-09-22 10:00:00+00:00,0.0
2011-09-22 11:00:00+00:00,0.0
2011-09-22 12:00:00+00:00,0.008017246
2011-09-22 13:00:00+00:00,0.013622802
2011-09-22 14:00:00+00:00,0.024885822000000002
2011-09-22 15:00:00+00:00,0.035518736
2011-09-22 16:00:00+00:00,0.052906565
2011-09-22 17:00:00+00:00,0.098560065
2011-09-22 18:00:00+00:00,0.09232771
2011-09-22 19:00:00+00:00,0.43914402
2011-09-22 20:00:00+00:00,0.6224052
2011-09-22 21:00:00+00:00,0.5195415
2011-09-22 22:00:00+00:00,0.44794459999999997
2011-09-22 23:00:00+00:00,0.12398475
2011-09-23 00:00:00+00:00,0.0
2011-09-23 01:00:00+00:00,0.0
2011-09-23 02:00:00+00:00,0.0
2011-09-23 03:00:00+00:00,0.0
2011-09-23 04:00:00+00:00,0.0
2011-09-23 05:00:00+00:00,0.0
2011-09-23 06:00:00+00:00,0.0
2011-09-23 07:00:00+00:00,0.0
2011-09-23 08:00:00+00:00,0.0
2011-09-23 09:00:00+00:00,0.0
2011-09-23 10:00:00+00:00,0.0
2011-09-23 11:00:00+00:00,0.0
2011-09-23 12:00:00+00:00,0.0006979708000000001
2011-09-23 13:00:00+00:00,0.009098211
2011-09-23 14:00:00+00:00,0.026208466
2011-09-23 15:00:00+00:00,0.49857745
2011-09-23 16:00:00+00:00,0.6359406
2011-09-23 17:00:00+00:00,0.46785194
2011-09-23 18:00:00+00:00,0.44561538
2011-09-23 19:00:00+00:00,0.48523679999999997
2011-09-23 20:00:00+00:00,0.28190342
2011-09-23 21:00:00+00:00,0.33643502
2011-09-23 22:00:00+00:00,0.1224527
2011-09-23 23:00:00+00:00,0.038339343
2011-09-24 00:00:00+00:00,0.0
2011-09-24 01:00:00+00:00,0.0
2011-09-24 02:00:00+00:00,0.0
2011-09-24 03:00:00+00:00,0.0
2011-09-24 04:00:00+00:00,0.0
2011-09-24 05:00:00+00:00,0.0
2011-09-24 06:00:00+00:00,0.0
2011-09-24 07:00:00+00:00,0.0
2011-09-24 08:00:00+00:00,0.0
2011-09-24 09:00:00+00:00,0.0
2011-09-24 10:00:00+00:00,0.0
2011-09-24 11:00:00+00:00,0.0
2011-09-24 12:00:00+00:00,0.016318947
2011-09-24 13:00:00+00:00,0.38302973
2011-09-24 14:00:00+00:00,0.43225020000000003
2011-09-24 15:00:00+00:00,0.6161803000000001
2011-09-24 16:00:00+00:00,0.41923059999999995
2011-09-24 17:00:00+00:00,0.4646733
2011-09-24 18:00:00+00:00,0.5212979999999999
2011-09-24 19:00:00+00:00,0.6051064
2011-09-24 20:00:00+00:00,0.6318699999999999
2011-09-24 21:00:00+00:00,0.6228739000000001
2011-09-24 22:00:00+00:00,0.43462145
2011-09-24 23:00:00+00:00,0.06491090000000001
2011-09-25 00:00:00+00:00,0.0
2011-09-25 01:00:00+00:00,0.0
2011-09-25 02:00:00+00:00,0.0
2011-09-25 03:00:00+00:00,0.0
2011-09-25 04:00:00+00:00,0.0
2011-09-25 05:00:00+00:00,0.0
2011-09-25 06:00:00+00:00,0.0
2011-09-25 07:00:00+00:00,0.0
2011-09-25 08:00:00+00:00,0.0
2011-09-25 09:00:00+00:00,0.0
2011-09-25 10:00:00+00:00,0.0
2011-09-25 11:00:00+00:00,0.0
2011-09-25 12:00:00+00:00,0.0019304769
2011-09-25 13:00:00+00:00,0.023549844
2011-09-25 14:00:00+00:00,0.009668280999999999
2011-09-25 15:00:00+00:00,0.043218896
2011-09-25 16:00:00+00:00,0.14659248
2011-09-25 17:00:00+00:00,0.44845346
2011-09-25 18:00:00+00:00,0.41598904
2011-09-25 19:00:00+00:00,0.6232751
2011-09-25 20:00:00+00:00,0.66095173
2011-09-25 21:00:00+00:00,0.63798875
2011-09-25 22:00:00+00:00,0.43974670000000005
2011-09-25 23:00:00+00:00,0.11171038400000001
2011-09-26 00:00:00+00:00,0.0
2011-09-26 01:00:00+00:00,0.0
2011-09-26 02:00:00+00:00,0.0
2011-09-26 03:00:00+00:00,0.0
2011-09-26 04:00:00+00:00,0.0
2011-09-26 05:00:00+00:00,0.0
2011-09-26 06:00:00+00:00,0.0
2011-09-26 07:00:00+00:00,0.0
2011-09-26 08:00:00+00:00,0.0
2011-09-26 09:00:00+00:00,0.0
2011-09-26 10:00:00+00:00,0.0
2011-09-26 11:00:00+00:00,0.0
2011-09-26 12:00:00+00:00,0.09674556599999999
2011-09-26 13:00:00+00:00,0.46358640000000007
2011-09-26 14:00:00+00:00,0.55697346
2011-09-26 15:00:00+00:00,0.5780546999999999
2011-09-26 16:00:00+00:00,0.62377715
2011-09-26 17:00:00+00:00,0.4091258
2011-09-26 18:00:00+00:00,0.28844559999999997
2011-09-26 19:00:00+00:00,0.51245767
2011-09-26 20:00:00+00:00,0.08731004
2011-09-26 21:00:00+00:00,0.04708443599999999
2011-09-26 22:00:00+00:00,0.026993122
2011-09-26 23:00:00+00:00,0.0011448957
2011-09-27 00:00:00+00:00,0.0
2011-09-27 01:00:00+00:00,0.0
2011-09-27 02:00:00+00:00,0.0
2011-09-27 03:00:00+00:00,0.0
2011-09-27 04:00:00+00:00,0.0
2011-09-27 05:00:00+00:00,0.0
2011-09-27 06:00:00+00:00,0.0
2011-09-27 07:00:00+00:00,0.0
2011-09-27 08:00:00+00:00,0.0
2011-09-27 09:00:00+00:00,0.0
2011-09-27 10:00:00+00:00,0.0
2011-09-27 11:00:00+00:00,0.0
2011-09-27 12:00:00+00:00,0.09809534
2011-09-27 13:00:00+00:00,0.4558526
2011-09-27 14:00:00+00:00,0.54775846
2011-09-27 15:00:00+00:00,0.6116599
2011-09-27 16:00:00+00:00,0.3063532
2011-09-27 17:00:00+00:00,0.22423895
2011-09-27 18:00:00+00:00,0.23573825
2011-09-27 19:00:00+00:00,0.46564943
2011-09-27 20:00:00+00:00,0.34144476
2011-09-27 21:00:00+00:00,0.44878149999999994
2011-09-27 22:00:00+00:00,0.3023058
2011-09-27 23:00:00+00:00,0.04194235
2011-09-28 00:00:00+00:00,0.0
2011-09-28 01:00:00+00:00,0.0
2011-09-28 02:00:00+00:00,0.0
2011-09-28 03:00:00+00:00,0.0
2011-09-28 04:00:00+00:00,0.0
2011-09-28 05:00:00+00:00,0.0
2011-09-28 06:00:00+00:00,0.0
2011-09-28 07:00:00+00:00,0.0
2011-09-28 08:00:00+00:00,0.0
2011-09-28 09:00:00+00:00,0.0
2011-09-28 10:00:00+00:00,0.0
2011-09-28 11:00:00+00:00,0.0
2011-09-28 12:00:00+00:00,0.086598605
2011-09-28 13:00:00+00:00,0.44163722
2011-09-28 14:00:00+00:00,0.6239857
2011-09-28 15:00:00+00:00,0.65219975
2011-09-28 16:00:00+00:00,0.6265195
2011-09-28 17:00:00+00:00,0.60738426
2011-09-28 18:00:00+00:00,0.60217005
2011-09-28 19:00:00+00:00,0.61728084
2011-09-28 20:00:00+00:00,0.625564
2011-09-28 21:00:00+00:00,0.5938903
2011-09-28 22:00:00+00:00,0.39309233
2011-09-28 23:00:00+00:00,0.061973847
2011-09-29 00:00:00+00:00,0.0
2011-09-29 01:00:00+00:00,0.0
2011-09-29 02:00:00+00:00,0.0
2011-09-29 03:00:00+00:00,0.0
2011-09-29 04:00:00+00:00,0.0
2011-09-29 05:00:00+00:00,0.0
2011-09-29 06:00:00+00:00,0.0
2011-09-29 07:00:00+00:00,0.0
2011-09-29 08:00:00+00:00,0.0
2011-09-29 09:00:00+00:00,0.0
2011-09-29 10:00:00+00:00,0.0
2011-09-29 11:00:00+00:00,0.0
2011-09-29 12:00:00+00:00,0.0020248607999999997
2011-09-29 13:00:00+00:00,0.09391774
2011-09-29 14:00:00+00:00,0.23531055
2011-09-29 15:00:00+00:00,0.052332606
2011-09-29 16:00:00+00:00,0.41259056
2011-09-29 17:00:00+00:00,0.23621766
2011-09-29 18:00:00+00:00,0.27396926
2011-09-29 19:00:00+00:00,0.10460895
2011-09-29 20:00:00+00:00,0.08082324
2011-09-29 21:00:00+00:00,0.132053
2011-09-29 22:00:00+00:00,0.24799368
2011-09-29 23:00:00+00:00,0.05800872
2011-09-30 00:00:00+00:00,0.0
2011-09-30 01:00:00+00:00,0.0
2011-09-30 02:00:00+00:00,0.0
2011-09-30 03:00:00+00:00,0.0
2011-09-30 04:00:00+00:00,0.0
2011-09-30 05:00:00+00:00,0.0
2011-09-30 06:00:00+00:00,0.0
2011-09-30 07:00:00+00:00,0.0
2011-09-30 08:00:00+00:00,0.0
2011-09-30 09:00:00+00:00,0.0
2011-09-30 10:00:00+00:00,0.0
2011-09-30 11:00:00+00:00,0.0
2011-09-30 12:00:00+00:00,0.039562106
2011-09-30 13:00:00+00:00,0.032041598
2011-09-30 14:00:00+00:00,0.2432493
2011-09-30 15:00:00+00:00,0.1164873
2011-09-30 16:00:00+00:00,0.20426185
2011-09-30 17:00:00+00:00,0.24654989
2011-09-30 18:00:00+00:00,0.3337025
2011-09-30 19:00:00+00:00,0.22278103
2011-09-30 20:00:00+00:00,0.12055146
2011-09-30 21:00:00+00:00,0.11208769
2011-09-30 22:00:00+00:00,0.036395114
2011-09-30 23:00:00+00:00,0.03869194
2011-10-01 00:00:00+00:00,0.0
2011-10-01 01:00:00+00:00,0.0
2011-10-01 02:00:00+00:00,0.0
2011-10-01 03:00:00+00:00,0.0
2011-10-01 04:00:00+00:00,0.0
2011-10-01 05:00:00+00:00,0.0
2011-10-01 06:00:00+00:00,0.0
2011-10-01 07:00:00+00:00,0.0
2011-10-01 08:00:00+00:00,0.0
2011-10-01 09:00:00+00:00,0.0
2011-10-01 10:00:00+00:00,0.0
2011-10-01 11:00:00+00:00,0.0
2011-10-01 12:00:00+00:00,0.07189191
2011-10-01 13:00:00+00:00,0.46711412
2011-10-01 14:00:00+00:00,0.6724018
2011-10-01 15:00:00+00:00,0.6846035
2011-10-01 16:00:00+00:00,0.6602009
2011-10-01 17:00:00+00:00,0.63636374
2011-10-01 18:00:00+00:00,0.63602966
2011-10-01 19:00:00+00:00,0.6570201
2011-10-01 20:00:00+00:00,0.6780359
2011-10-01 21:00:00+00:00,0.65547276
2011-10-01 22:00:00+00:00,0.42941305
2011-10-01 23:00:00+00:00,0.03191541
2011-10-02 00:00:00+00:00,0.0
2011-10-02 01:00:00+00:00,0.0
2011-10-02 02:00:00+00:00,0.0
2011-10-02 03:00:00+00:00,0.0
2011-10-02 04:00:00+00:00,0.0
2011-10-02 05:00:00+00:00,0.0
2011-10-02 06:00:00+00:00,0.0
2011-10-02 07:00:00+00:00,0.0
2011-10-02 08:00:00+00:00,0.0
2011-10-02 09:00:00+00:00,0.0
2011-10-02 10:00:00+00:00,0.0
2011-10-02 11:00:00+00:00,0.0
2011-10-02 12:00:00+00:00,0.01839901
2011-10-02 13:00:00+00:00,0.17257786
2011-10-02 14:00:00+00:00,0.49739018
2011-10-02 15:00:00+00:00,0.6677359
2011-10-02 16:00:00+00:00,0.6376459
2011-10-02 17:00:00+00:00,0.6122043
2011-10-02 18:00:00+00:00,0.6099648
2011-10-02 19:00:00+00:00,0.6282488
2011-10-02 20:00:00+00:00,0.6462139
2011-10-02 21:00:00+00:00,0.61988187
2011-10-02 22:00:00+00:00,0.40166906
2011-10-02 23:00:00+00:00,0.010097722
2011-10-03 00:00:00+00:00,0.0
2011-10-03 01:00:00+00:00,0.0
2011-10-03 02:00:00+00:00,0.0
2011-10-03 03:00:00+00:00,0.0
2011-10-03 04:00:00+00:00,0.0
2011-10-03 05:00:00+00:00,0.0
2011-10-03 06:00:00+00:00,0.0
2011-10-03 07:00:00+00:00,0.0
2011-10-03 08:00:00+00:00,0.0
2011-10-03 09:00:00+00:00,0.0
2011-10-03 10:00:00+00:00,0.0
2011-10-03 11:00:00+00:00,0.0
2011-10-03 12:00:00+00:00,0.052808117
2011-10-03 13:00:00+00:00,0.43180576
2011-10-03 14:00:00+00:00,0.61816275
2011-10-03 15:00:00+00:00,0.6265645000000001
2011-10-03 16:00:00+00:00,0.6046376
2011-10-03 17:00:00+00:00,0.58286464
2011-10-03 18:00:00+00:00,0.5836191
2011-10-03 19:00:00+00:00,0.6020542
2011-10-03 20:00:00+00:00,0.6229938
2011-10-03 21:00:00+00:00,0.5961057
2011-10-03 22:00:00+00:00,0.37952495
2011-10-03 23:00:00+00:00,0.0
2011-10-04 00:00:00+00:00,0.0
2011-10-04 01:00:00+00:00,0.0
2011-10-04 02:00:00+00:00,0.0
2011-10-04 03:00:00+00:00,0.0
2011-10-04 04:00:00+00:00,0.0
2011-10-04 05:00:00+00:00,0.0
2011-10-04 06:00:00+00:00,0.0
2011-10-04 07:00:00+00:00,0.0
2011-10-04 08:00:00+00:00,0.0
2011-10-04 09:00:00+00:00,0.0
2011-10-04 10:00:00+00:00,0.0
2011-10-04 11:00:00+00:00,0.0
2011-10-04 12:00:00+00:00,0.039395573999999996
2011-10-04 13:00:00+00:00,0.41519463
2011-10-04 14:00:00+00:00,0.60580045
2011-10-04 15:00:00+00:00,0.62293386
2011-10-04 16:00:00+00:00,0.59453976
2011-10-04 17:00:00+00:00,0.5748340999999999
2011-10-04 18:00:00+00:00,0.57348365
2011-10-04 19:00:00+00:00,0.59215134
2011-10-04 20:00:00+00:00,0.609271
2011-10-04 21:00:00+00:00,0.5749939000000001
2011-10-04 22:00:00+00:00,0.3545302
2011-10-04 23:00:00+00:00,0.0
2011-10-05 00:00:00+00:00,0.0
2011-10-05 01:00:00+00:00,0.0
2011-10-05 02:00:00+00:00,0.0
2011-10-05 03:00:00+00:00,0.0
2011-10-05 04:00:00+00:00,0.0
2011-10-05 05:00:00+00:00,0.0
2011-10-05 06:00:00+00:00,0.0
2011-10-05 07:00:00+00:00,0.0
2011-10-05 08:00:00+00:00,0.0
2011-10-05 09:00:00+00:00,0.0
2011-10-05 10:00:00+00:00,0.0
2011-10-05 11:00:00+00:00,0.0
2011-10-05 12:00:00+00:00,0.00967995
2011-10-05 13:00:00+00:00,0.35955673
2011-10-05 14:00:00+00:00,0.54570335
2011-10-05 15:00:00+00:00,0.5822064
2011-10-05 16:00:00+00:00,0.5565039
2011-10-05 17:00:00+00:00,0.56620365
2011-10-05 18:00:00+00:00,0.56353295
2011-10-05 19:00:00+00:00,0.586616
2011-10-05 20:00:00+00:00,0.6027315
2011-10-05 21:00:00+00:00,0.56771797
2011-10-05 22:00:00+00:00,0.34195387
2011-10-05 23:00:00+00:00,0.0
2011-10-06 00:00:00+00:00,0.0
2011-10-06 01:00:00+00:00,0.0
2011-10-06 02:00:00+00:00,0.0
2011-10-06 03:00:00+00:00,0.0
2011-10-06 04:00:00+00:00,0.0
2011-10-06 05:00:00+00:00,0.0
2011-10-06 06:00:00+00:00,0.0
2011-10-06 07:00:00+00:00,0.0
2011-10-06 08:00:00+00:00,0.0
2011-10-06 09:00:00+00:00,0.0
2011-10-06 10:00:00+00:00,0.0
2011-10-06 11:00:00+00:00,0.0
2011-10-06 12:00:00+00:00,0.015206902
2011-10-06 13:00:00+00:00,0.38758773
2011-10-06 14:00:00+00:00,0.59272987
2011-10-06 15:00:00+00:00,0.6011618000000001
2011-10-06 16:00:00+00:00,0.57896525
2011-10-06 17:00:00+00:00,0.5589891
2011-10-06 18:00:00+00:00,0.56750554
2011-10-06 19:00:00+00:00,0.5890340000000001
2011-10-06 20:00:00+00:00,0.6140911
2011-10-06 21:00:00+00:00,0.5841533
2011-10-06 22:00:00+00:00,0.35442270000000003
2011-10-06 23:00:00+00:00,0.0
2011-10-07 00:00:00+00:00,0.0
2011-10-07 01:00:00+00:00,0.0
2011-10-07 02:00:00+00:00,0.0
2011-10-07 03:00:00+00:00,0.0
2011-10-07 04:00:00+00:00,0.0
2011-10-07 05:00:00+00:00,0.0
2011-10-07 06:00:00+00:00,0.0
2011-10-07 07:00:00+00:00,0.0
2011-10-07 08:00:00+00:00,0.0
2011-10-07 09:00:00+00:00,0.0
2011-10-07 10:00:00+00:00,0.0
2011-10-07 11:00:00+00:00,0.0
2011-10-07 12:00:00+00:00,0.0049053715
2011-10-07 13:00:00+00:00,0.40733197
2011-10-07 14:00:00+00:00,0.6147003000000001
2011-10-07 15:00:00+00:00,0.63233495
2011-10-07 16:00:00+00:00,0.5991536999999999
2011-10-07 17:00:00+00:00,0.570725
2011-10-07 18:00:00+00:00,0.5686793000000001
2011-10-07 19:00:00+00:00,0.5886438
2011-10-07 20:00:00+00:00,0.61218214
2011-10-07 21:00:00+00:00,0.5790309
2011-10-07 22:00:00+00:00,0.34354409999999996
2011-10-07 23:00:00+00:00,0.0
2011-10-08 00:00:00+00:00,0.0
2011-10-08 01:00:00+00:00,0.0
2011-10-08 02:00:00+00:00,0.0
2011-10-08 03:00:00+00:00,0.0
2011-10-08 04:00:00+00:00,0.0
2011-10-08 05:00:00+00:00,0.0
2011-10-08 06:00:00+00:00,0.0
2011-10-08 07:00:00+00:00,0.0
2011-10-08 08:00:00+00:00,0.0
2011-10-08 09:00:00+00:00,0.0
2011-10-08 10:00:00+00:00,0.0
2011-10-08 11:00:00+00:00,0.0
2011-10-08 12:00:00+00:00,0.0
2011-10-08 13:00:00+00:00,0.179097
2011-10-08 14:00:00+00:00,0.235544
2011-10-08 15:00:00+00:00,0.54564935
2011-10-08 16:00:00+00:00,0.40255836
2011-10-08 17:00:00+00:00,0.41153732
2011-10-08 18:00:00+00:00,0.43301255
2011-10-08 19:00:00+00:00,0.43759146
2011-10-08 20:00:00+00:00,0.26673335
2011-10-08 21:00:00+00:00,0.109297566
2011-10-08 22:00:00+00:00,0.077714294
2011-10-08 23:00:00+00:00,0.0
2011-10-09 00:00:00+00:00,0.0
2011-10-09 01:00:00+00:00,0.0
2011-10-09 02:00:00+00:00,0.0
2011-10-09 03:00:00+00:00,0.0
2011-10-09 04:00:00+00:00,0.0
2011-10-09 05:00:00+00:00,0.0
2011-10-09 06:00:00+00:00,0.0
2011-10-09 07:00:00+00:00,0.0
2011-10-09 08:00:00+00:00,0.0
2011-10-09 09:00:00+00:00,0.0
2011-10-09 10:00:00+00:00,0.0
2011-10-09 11:00:00+00:00,0.0
2011-10-09 12:00:00+00:00,0.0
2011-10-09 13:00:00+00:00,0.20905767
2011-10-09 14:00:00+00:00,0.4303139
2011-10-09 15:00:00+00:00,0.62753445
2011-10-09 16:00:00+00:00,0.5923603000000001
2011-10-09 17:00:00+00:00,0.56922984
2011-10-09 18:00:00+00:00,0.5708798
2011-10-09 19:00:00+00:00,0.5368666999999999
2011-10-09 20:00:00+00:00,0.38261396
2011-10-09 21:00:00+00:00,0.4502817
2011-10-09 22:00:00+00:00,0.31544885
2011-10-09 23:00:00+00:00,0.0
2011-10-10 00:00:00+00:00,0.0
2011-10-10 01:00:00+00:00,0.0
2011-10-10 02:00:00+00:00,0.0
2011-10-10 03:00:00+00:00,0.0
2011-10-10 04:00:00+00:00,0.0
2011-10-10 05:00:00+00:00,0.0
2011-10-10 06:00:00+00:00,0.0
2011-10-10 07:00:00+00:00,0.0
2011-10-10 08:00:00+00:00,0.0
2011-10-10 09:00:00+00:00,0.0
2011-10-10 10:00:00+00:00,0.0
2011-10-10 11:00:00+00:00,0.0
2011-10-10 12:00:00+00:00,0.0
2011-10-10 13:00:00+00:00,0.25728032
2011-10-10 14:00:00+00:00,0.4424322
2011-10-10 15:00:00+00:00,0.286777
2011-10-10 16:00:00+00:00,0.10550048
2011-10-10 17:00:00+00:00,0.19763513
2011-10-10 18:00:00+00:00,0.28803608
2011-10-10 19:00:00+00:00,0.2865414
2011-10-10 20:00:00+00:00,0.21784539999999997
2011-10-10 21:00:00+00:00,0.08341436
2011-10-10 22:00:00+00:00,0.025037302
2011-10-10 23:00:00+00:00,0.0
2011-10-11 00:00:00+00:00,0.0
2011-10-11 01:00:00+00:00,0.0
2011-10-11 02:00:00+00:00,0.0
2011-10-11 03:00:00+00:00,0.0
2011-10-11 04:00:00+00:00,0.0
2011-10-11 05:00:00+00:00,0.0
2011-10-11 06:00:00+00:00,0.0
2011-10-11 07:00:00+00:00,0.0
2011-10-11 08:00:00+00:00,0.0
2011-10-11 09:00:00+00:00,0.0
2011-10-11 10:00:00+00:00,0.0
2011-10-11 11:00:00+00:00,0.0
2011-10-11 12:00:00+00:00,0.0
2011-10-11 13:00:00+00:00,0.011767685
2011-10-11 14:00:00+00:00,0.05256989
2011-10-11 15:00:00+00:00,0.061697938
2011-10-11 16:00:00+00:00,0.18136124
2011-10-11 17:00:00+00:00,0.22113004
2011-10-11 18:00:00+00:00,0.15592714
2011-10-11 19:00:00+00:00,0.1293388
2011-10-11 20:00:00+00:00,0.25395527
2011-10-11 21:00:00+00:00,0.32588258
2011-10-11 22:00:00+00:00,0.19853547
2011-10-11 23:00:00+00:00,0.0
2011-10-12 00:00:00+00:00,0.0
2011-10-12 01:00:00+00:00,0.0
2011-10-12 02:00:00+00:00,0.0
2011-10-12 03:00:00+00:00,0.0
2011-10-12 04:00:00+00:00,0.0
2011-10-12 05:00:00+00:00,0.0
2011-10-12 06:00:00+00:00,0.0
2011-10-12 07:00:00+00:00,0.0
2011-10-12 08:00:00+00:00,0.0
2011-10-12 09:00:00+00:00,0.0
2011-10-12 10:00:00+00:00,0.0
2011-10-12 11:00:00+00:00,0.0
2011-10-12 12:00:00+00:00,0.0
2011-10-12 13:00:00+00:00,0.028659489
2011-10-12 14:00:00+00:00,0.02149325
2011-10-12 15:00:00+00:00,0.022104437999999997
2011-10-12 16:00:00+00:00,0.05925981
2011-10-12 17:00:00+00:00,0.14895867
2011-10-12 18:00:00+00:00,0.29784770000000005
2011-10-12 19:00:00+00:00,0.22370382
2011-10-12 20:00:00+00:00,0.2657339
2011-10-12 21:00:00+00:00,0.1698521
2011-10-12 22:00:00+00:00,0.06717411400000001
2011-10-12 23:00:00+00:00,0.0
2011-10-13 00:00:00+00:00,0.0
2011-10-13 01:00:00+00:00,0.0
2011-10-13 02:00:00+00:00,0.0
2011-10-13 03:00:00+00:00,0.0
2011-10-13 04:00:00+00:00,0.0
2011-10-13 05:00:00+00:00,0.0
2011-10-13 06:00:00+00:00,0.0
2011-10-13 07:00:00+00:00,0.0
2011-10-13 08:00:00+00:00,0.0
2011-10-13 09:00:00+00:00,0.0
2011-10-13 10:00:00+00:00,0.0
2011-10-13 11:00:00+00:00,0.0
2011-10-13 12:00:00+00:00,0.0
2011-10-13 13:00:00+00:00,0.3848366
2011-10-13 14:00:00+00:00,0.62900215
2011-10-13 15:00:00+00:00,0.64759314
2011-10-13 16:00:00+00:00,0.61470246
2011-10-13 17:00:00+00:00,0.42670295
2011-10-13 18:00:00+00:00,0.44584540000000006
2011-10-13 19:00:00+00:00,0.5541911
2011-10-13 20:00:00+00:00,0.63127315
2011-10-13 21:00:00+00:00,0.6014619000000001
2011-10-13 22:00:00+00:00,0.30770835
2011-10-13 23:00:00+00:00,0.0
2011-10-14 00:00:00+00:00,0.0
2011-10-14 01:00:00+00:00,0.0
2011-10-14 02:00:00+00:00,0.0
2011-10-14 03:00:00+00:00,0.0
2011-10-14 04:00:00+00:00,0.0
2011-10-14 05:00:00+00:00,0.0
2011-10-14 06:00:00+00:00,0.0
2011-10-14 07:00:00+00:00,0.0
2011-10-14 08:00:00+00:00,0.0
2011-10-14 09:00:00+00:00,0.0
2011-10-14 10:00:00+00:00,0.0
2011-10-14 11:00:00+00:00,0.0
2011-10-14 12:00:00+00:00,0.0
2011-10-14 13:00:00+00:00,0.383341
2011-10-14 14:00:00+00:00,0.64111286
2011-10-14 15:00:00+00:00,0.65860075
2011-10-14 16:00:00+00:00,0.624574
2011-10-14 17:00:00+00:00,0.5964587
2011-10-14 18:00:00+00:00,0.5954265999999999
2011-10-14 19:00:00+00:00,0.6193960000000001
2011-10-14 20:00:00+00:00,0.641772
2011-10-14 21:00:00+00:00,0.6042619
2011-10-14 22:00:00+00:00,0.30465263
2011-10-14 23:00:00+00:00,0.0
2011-10-15 00:00:00+00:00,0.0
2011-10-15 01:00:00+00:00,0.0
2011-10-15 02:00:00+00:00,0.0
2011-10-15 03:00:00+00:00,0.0
2011-10-15 04:00:00+00:00,0.0
2011-10-15 05:00:00+00:00,0.0
2011-10-15 06:00:00+00:00,0.0
2011-10-15 07:00:00+00:00,0.0
2011-10-15 08:00:00+00:00,0.0
2011-10-15 09:00:00+00:00,0.0
2011-10-15 10:00:00+00:00,0.0
2011-10-15 11:00:00+00:00,0.0
2011-10-15 12:00:00+00:00,0.0
2011-10-15 13:00:00+00:00,0.25470015
2011-10-15 14:00:00+00:00,0.5909340999999999
2011-10-15 15:00:00+00:00,0.61260617
2011-10-15 16:00:00+00:00,0.5853292
2011-10-15 17:00:00+00:00,0.55643207
2011-10-15 18:00:00+00:00,0.55844194
2011-10-15 19:00:00+00:00,0.58039725
2011-10-15 20:00:00+00:00,0.59181684
2011-10-15 21:00:00+00:00,0.5401384
2011-10-15 22:00:00+00:00,0.25396246
2011-10-15 23:00:00+00:00,0.0
2011-10-16 00:00:00+00:00,0.0
2011-10-16 01:00:00+00:00,0.0
2011-10-16 02:00:00+00:00,0.0
2011-10-16 03:00:00+00:00,0.0
2011-10-16 04:00:00+00:00,0.0
2011-10-16 05:00:00+00:00,0.0
2011-10-16 06:00:00+00:00,0.0
2011-10-16 07:00:00+00:00,0.0
2011-10-16 08:00:00+00:00,0.0
2011-10-16 09:00:00+00:00,0.0
2011-10-16 10:00:00+00:00,0.0
2011-10-16 11:00:00+00:00,0.0
2011-10-16 12:00:00+00:00,0.0
2011-10-16 13:00:00+00:00,0.35476652
2011-10-16 14:00:00+00:00,0.5976763
2011-10-16 15:00:00+00:00,0.6103665
2011-10-16 16:00:00+00:00,0.5812762
2011-10-16 17:00:00+00:00,0.55553216
2011-10-16 18:00:00+00:00,0.49525556
2011-10-16 19:00:00+00:00,0.53999394
2011-10-16 20:00:00+00:00,0.5193525
2011-10-16 21:00:00+00:00,0.26949427
2011-10-16 22:00:00+00:00,0.088141225
2011-10-16 23:00:00+00:00,0.0
2011-10-17 00:00:00+00:00,0.0
2011-10-17 01:00:00+00:00,0.0
2011-10-17 02:00:00+00:00,0.0
2011-10-17 03:00:00+00:00,0.0
2011-10-17 04:00:00+00:00,0.0
2011-10-17 05:00:00+00:00,0.0
2011-10-17 06:00:00+00:00,0.0
2011-10-17 07:00:00+00:00,0.0
2011-10-17 08:00:00+00:00,0.0
2011-10-17 09:00:00+00:00,0.0
2011-10-17 10:00:00+00:00,0.0
2011-10-17 11:00:00+00:00,0.0
2011-10-17 12:00:00+00:00,0.0
2011-10-17 13:00:00+00:00,0.30034205
2011-10-17 14:00:00+00:00,0.46582413
2011-10-17 15:00:00+00:00,0.39761204
2011-10-17 16:00:00+00:00,0.32148242
2011-10-17 17:00:00+00:00,0.35821095
2011-10-17 18:00:00+00:00,0.30280223
2011-10-17 19:00:00+00:00,0.14757851
2011-10-17 20:00:00+00:00,0.24533358
2011-10-17 21:00:00+00:00,0.03458945
2011-10-17 22:00:00+00:00,0.018722594
2011-10-17 23:00:00+00:00,0.0
2011-10-18 00:00:00+00:00,0.0
2011-10-18 01:00:00+00:00,0.0
2011-10-18 02:00:00+00:00,0.0
2011-10-18 03:00:00+00:00,0.0
2011-10-18 04:00:00+00:00,0.0
2011-10-18 05:00:00+00:00,0.0
2011-10-18 06:00:00+00:00,0.0
2011-10-18 07:00:00+00:00,0.0
2011-10-18 08:00:00+00:00,0.0
2011-10-18 09:00:00+00:00,0.0
2011-10-18 10:00:00+00:00,0.0
2011-10-18 11:00:00+00:00,0.0
2011-10-18 12:00:00+00:00,0.0
2011-10-18 13:00:00+00:00,0.025538493
2011-10-18 14:00:00+00:00,0.028291415
2011-10-18 15:00:00+00:00,0.052804187
2011-10-18 16:00:00+00:00,0.01832783
2011-10-18 17:00:00+00:00,0.03972252
2011-10-18 18:00:00+00:00,0.06089648
2011-10-18 19:00:00+00:00,0.020170351
2011-10-18 20:00:00+00:00,0.012914272
2011-10-18 21:00:00+00:00,0.035322085
2011-10-18 22:00:00+00:00,0.00500863
2011-10-18 23:00:00+00:00,0.0
2011-10-19 00:00:00+00:00,0.0
2011-10-19 01:00:00+00:00,0.0
2011-10-19 02:00:00+00:00,0.0
2011-10-19 03:00:00+00:00,0.0
2011-10-19 04:00:00+00:00,0.0
2011-10-19 05:00:00+00:00,0.0
2011-10-19 06:00:00+00:00,0.0
2011-10-19 07:00:00+00:00,0.0
2011-10-19 08:00:00+00:00,0.0
2011-10-19 09:00:00+00:00,0.0
2011-10-19 10:00:00+00:00,0.0
2011-10-19 11:00:00+00:00,0.0
2011-10-19 12:00:00+00:00,0.0
2011-10-19 13:00:00+00:00,0.16098338
2011-10-19 14:00:00+00:00,0.04154741
2011-10-19 15:00:00+00:00,0.07806189
2011-10-19 16:00:00+00:00,0.060947634
2011-10-19 17:00:00+00:00,0.10910879
2011-10-19 18:00:00+00:00,0.09893888
2011-10-19 19:00:00+00:00,0.045803115
2011-10-19 20:00:00+00:00,0.066214964
2011-10-19 21:00:00+00:00,0.07591876
2011-10-19 22:00:00+00:00,0.19994813
2011-10-19 23:00:00+00:00,0.0
2011-10-20 00:00:00+00:00,0.0
2011-10-20 01:00:00+00:00,0.0
2011-10-20 02:00:00+00:00,0.0
2011-10-20 03:00:00+00:00,0.0
2011-10-20 04:00:00+00:00,0.0
2011-10-20 05:00:00+00:00,0.0
2011-10-20 06:00:00+00:00,0.0
2011-10-20 07:00:00+00:00,0.0
2011-10-20 08:00:00+00:00,0.0
2011-10-20 09:00:00+00:00,0.0
2011-10-20 10:00:00+00:00,0.0
2011-10-20 11:00:00+00:00,0.0
2011-10-20 12:00:00+00:00,0.0
2011-10-20 13:00:00+00:00,0.33960253
2011-10-20 14:00:00+00:00,0.6062558000000001
2011-10-20 15:00:00+00:00,0.19548747
2011-10-20 16:00:00+00:00,0.60197926
2011-10-20 17:00:00+00:00,0.5556142
2011-10-20 18:00:00+00:00,0.36759752
2011-10-20 19:00:00+00:00,0.37067065
2011-10-20 20:00:00+00:00,0.40862283
2011-10-20 21:00:00+00:00,0.5720645000000001
2011-10-20 22:00:00+00:00,0.24737318
2011-10-20 23:00:00+00:00,0.0
2011-10-21 00:00:00+00:00,0.0
2011-10-21 01:00:00+00:00,0.0
2011-10-21 02:00:00+00:00,0.0
2011-10-21 03:00:00+00:00,0.0
2011-10-21 04:00:00+00:00,0.0
2011-10-21 05:00:00+00:00,0.0
2011-10-21 06:00:00+00:00,0.0
2011-10-21 07:00:00+00:00,0.0
2011-10-21 08:00:00+00:00,0.0
2011-10-21 09:00:00+00:00,0.0
2011-10-21 10:00:00+00:00,0.0
2011-10-21 11:00:00+00:00,0.0
2011-10-21 12:00:00+00:00,0.0
2011-10-21 13:00:00+00:00,0.33450654
2011-10-21 14:00:00+00:00,0.59905183
2011-10-21 15:00:00+00:00,0.61796844
2011-10-21 16:00:00+00:00,0.5862566
2011-10-21 17:00:00+00:00,0.5599656
2011-10-21 18:00:00+00:00,0.4904507000000001
2011-10-21 19:00:00+00:00,0.58409625
2011-10-21 20:00:00+00:00,0.6038965999999999
2011-10-21 21:00:00+00:00,0.55012405
2011-10-21 22:00:00+00:00,0.23196264
2011-10-21 23:00:00+00:00,0.0
2011-10-22 00:00:00+00:00,0.0
2011-10-22 01:00:00+00:00,0.0
2011-10-22 02:00:00+00:00,0.0
2011-10-22 03:00:00+00:00,0.0
2011-10-22 04:00:00+00:00,0.0
2011-10-22 05:00:00+00:00,0.0
2011-10-22 06:00:00+00:00,0.0
2011-10-22 07:00:00+00:00,0.0
2011-10-22 08:00:00+00:00,0.0
2011-10-22 09:00:00+00:00,0.0
2011-10-22 10:00:00+00:00,0.0
2011-10-22 11:00:00+00:00,0.0
2011-10-22 12:00:00+00:00,0.0
2011-10-22 13:00:00+00:00,0.17366262
2011-10-22 14:00:00+00:00,0.46219605
2011-10-22 15:00:00+00:00,0.38319990000000004
2011-10-22 16:00:00+00:00,0.35508293
2011-10-22 17:00:00+00:00,0.3500112
2011-10-22 18:00:00+00:00,0.4014538
2011-10-22 19:00:00+00:00,0.3384061
2011-10-22 20:00:00+00:00,0.17820872
2011-10-22 21:00:00+00:00,0.103308894
2011-10-22 22:00:00+00:00,0.027944436
2011-10-22 23:00:00+00:00,0.0
2011-10-23 00:00:00+00:00,0.0
2011-10-23 01:00:00+00:00,0.0
2011-10-23 02:00:00+00:00,0.0
2011-10-23 03:00:00+00:00,0.0
2011-10-23 04:00:00+00:00,0.0
2011-10-23 05:00:00+00:00,0.0
2011-10-23 06:00:00+00:00,0.0
2011-10-23 07:00:00+00:00,0.0
2011-10-23 08:00:00+00:00,0.0
2011-10-23 09:00:00+00:00,0.0
2011-10-23 10:00:00+00:00,0.0
2011-10-23 11:00:00+00:00,0.0
2011-10-23 12:00:00+00:00,0.0
2011-10-23 13:00:00+00:00,0.0091556
2011-10-23 14:00:00+00:00,0.50271755
2011-10-23 15:00:00+00:00,0.5789143
2011-10-23 16:00:00+00:00,0.5452079000000001
2011-10-23 17:00:00+00:00,0.24308185
2011-10-23 18:00:00+00:00,0.5457816
2011-10-23 19:00:00+00:00,0.57752067
2011-10-23 20:00:00+00:00,0.60320365
2011-10-23 21:00:00+00:00,0.5580995
2011-10-23 22:00:00+00:00,0.22775067
2011-10-23 23:00:00+00:00,0.0
2011-10-24 00:00:00+00:00,0.0
2011-10-24 01:00:00+00:00,0.0
2011-10-24 02:00:00+00:00,0.0
2011-10-24 03:00:00+00:00,0.0
2011-10-24 04:00:00+00:00,0.0
2011-10-24 05:00:00+00:00,0.0
2011-10-24 06:00:00+00:00,0.0
2011-10-24 07:00:00+00:00,0.0
2011-10-24 08:00:00+00:00,0.0
2011-10-24 09:00:00+00:00,0.0
2011-10-24 10:00:00+00:00,0.0
2011-10-24 11:00:00+00:00,0.0
2011-10-24 12:00:00+00:00,0.0
2011-10-24 13:00:00+00:00,0.30276040000000004
2011-10-24 14:00:00+00:00,0.5805581
2011-10-24 15:00:00+00:00,0.60044104
2011-10-24 16:00:00+00:00,0.5679354999999999
2011-10-24 17:00:00+00:00,0.5382077
2011-10-24 18:00:00+00:00,0.54120517
2011-10-24 19:00:00+00:00,0.56890553
2011-10-24 20:00:00+00:00,0.59437966
2011-10-24 21:00:00+00:00,0.54671377
2011-10-24 22:00:00+00:00,0.21350342
2011-10-24 23:00:00+00:00,0.0
2011-10-25 00:00:00+00:00,0.0
2011-10-25 01:00:00+00:00,0.0
2011-10-25 02:00:00+00:00,0.0
2011-10-25 03:00:00+00:00,0.0
2011-10-25 04:00:00+00:00,0.0
2011-10-25 05:00:00+00:00,0.0
2011-10-25 06:00:00+00:00,0.0
2011-10-25 07:00:00+00:00,0.0
2011-10-25 08:00:00+00:00,0.0
2011-10-25 09:00:00+00:00,0.0
2011-10-25 10:00:00+00:00,0.0
2011-10-25 11:00:00+00:00,0.0
2011-10-25 12:00:00+00:00,0.0
2011-10-25 13:00:00+00:00,0.05217503
2011-10-25 14:00:00+00:00,0.09680724
2011-10-25 15:00:00+00:00,0.09110084
2011-10-25 16:00:00+00:00,0.05512478
2011-10-25 17:00:00+00:00,0.20087558
2011-10-25 18:00:00+00:00,0.034531552
2011-10-25 19:00:00+00:00,0.042080604
2011-10-25 20:00:00+00:00,0.010582148000000001
2011-10-25 21:00:00+00:00,0.08781816
2011-10-25 22:00:00+00:00,0.006563131
2011-10-25 23:00:00+00:00,0.0
2011-10-26 00:00:00+00:00,0.0
2011-10-26 01:00:00+00:00,0.0
2011-10-26 02:00:00+00:00,0.0
2011-10-26 03:00:00+00:00,0.0
2011-10-26 04:00:00+00:00,0.0
2011-10-26 05:00:00+00:00,0.0
2011-10-26 06:00:00+00:00,0.0
2011-10-26 07:00:00+00:00,0.0
2011-10-26 08:00:00+00:00,0.0
2011-10-26 09:00:00+00:00,0.0
2011-10-26 10:00:00+00:00,0.0
2011-10-26 11:00:00+00:00,0.0
2011-10-26 12:00:00+00:00,0.0
2011-10-26 13:00:00+00:00,0.038762074
2011-10-26 14:00:00+00:00,0.050529595
2011-10-26 15:00:00+00:00,0.08635205
2011-10-26 16:00:00+00:00,0.105179355
2011-10-26 17:00:00+00:00,0.11355383
2011-10-26 18:00:00+00:00,0.06646851
2011-10-26 19:00:00+00:00,0.06145652
2011-10-26 20:00:00+00:00,0.067339845
2011-10-26 21:00:00+00:00,0.05288965
2011-10-26 22:00:00+00:00,0.05519207
2011-10-26 23:00:00+00:00,0.0
2011-10-27 00:00:00+00:00,0.0
2011-10-27 01:00:00+00:00,0.0
2011-10-27 02:00:00+00:00,0.0
2011-10-27 03:00:00+00:00,0.0
2011-10-27 04:00:00+00:00,0.0
2011-10-27 05:00:00+00:00,0.0
2011-10-27 06:00:00+00:00,0.0
2011-10-27 07:00:00+00:00,0.0
2011-10-27 08:00:00+00:00,0.0
2011-10-27 09:00:00+00:00,0.0
2011-10-27 10:00:00+00:00,0.0
2011-10-27 11:00:00+00:00,0.0
2011-10-27 12:00:00+00:00,0.0
2011-10-27 13:00:00+00:00,0.011936525
2011-10-27 14:00:00+00:00,0.032810763
2011-10-27 15:00:00+00:00,0.062126487
2011-10-27 16:00:00+00:00,0.033683285
2011-10-27 17:00:00+00:00,0.11236946
2011-10-27 18:00:00+00:00,0.18537338
2011-10-27 19:00:00+00:00,0.09315932
2011-10-27 20:00:00+00:00,0.056230202
2011-10-27 21:00:00+00:00,0.027187305
2011-10-27 22:00:00+00:00,0.018911958
2011-10-27 23:00:00+00:00,0.0
2011-10-28 00:00:00+00:00,0.0
2011-10-28 01:00:00+00:00,0.0
2011-10-28 02:00:00+00:00,0.0
2011-10-28 03:00:00+00:00,0.0
2011-10-28 04:00:00+00:00,0.0
2011-10-28 05:00:00+00:00,0.0
2011-10-28 06:00:00+00:00,0.0
2011-10-28 07:00:00+00:00,0.0
2011-10-28 08:00:00+00:00,0.0
2011-10-28 09:00:00+00:00,0.0
2011-10-28 10:00:00+00:00,0.0
2011-10-28 11:00:00+00:00,0.0
2011-10-28 12:00:00+00:00,0.0
2011-10-28 13:00:00+00:00,0.2360201
2011-10-28 14:00:00+00:00,0.5686589
2011-10-28 15:00:00+00:00,0.5983539000000001
2011-10-28 16:00:00+00:00,0.56972575
2011-10-28 17:00:00+00:00,0.54039127
2011-10-28 18:00:00+00:00,0.45856149999999996
2011-10-28 19:00:00+00:00,0.3999803
2011-10-28 20:00:00+00:00,0.54784906
2011-10-28 21:00:00+00:00,0.45730470000000006
2011-10-28 22:00:00+00:00,0.17313421
2011-10-28 23:00:00+00:00,0.0
2011-10-29 00:00:00+00:00,0.0
2011-10-29 01:00:00+00:00,0.0
2011-10-29 02:00:00+00:00,0.0
2011-10-29 03:00:00+00:00,0.0
2011-10-29 04:00:00+00:00,0.0
2011-10-29 05:00:00+00:00,0.0
2011-10-29 06:00:00+00:00,0.0
2011-10-29 07:00:00+00:00,0.0
2011-10-29 08:00:00+00:00,0.0
2011-10-29 09:00:00+00:00,0.0
2011-10-29 10:00:00+00:00,0.0
2011-10-29 11:00:00+00:00,0.0
2011-10-29 12:00:00+00:00,0.0
2011-10-29 13:00:00+00:00,0.24008349
2011-10-29 14:00:00+00:00,0.5298368
2011-10-29 15:00:00+00:00,0.5774215
2011-10-29 16:00:00+00:00,0.5512394
2011-10-29 17:00:00+00:00,0.52317506
2011-10-29 18:00:00+00:00,0.5279826999999999
2011-10-29 19:00:00+00:00,0.5571108
2011-10-29 20:00:00+00:00,0.57372797
2011-10-29 21:00:00+00:00,0.49861289999999997
2011-10-29 22:00:00+00:00,0.16816564
2011-10-29 23:00:00+00:00,0.0
2011-10-30 00:00:00+00:00,0.0
2011-10-30 01:00:00+00:00,0.0
2011-10-30 02:00:00+00:00,0.0
2011-10-30 03:00:00+00:00,0.0
2011-10-30 04:00:00+00:00,0.0
2011-10-30 05:00:00+00:00,0.0
2011-10-30 06:00:00+00:00,0.0
2011-10-30 07:00:00+00:00,0.0
2011-10-30 08:00:00+00:00,0.0
2011-10-30 09:00:00+00:00,0.0
2011-10-30 10:00:00+00:00,0.0
2011-10-30 11:00:00+00:00,0.0
2011-10-30 12:00:00+00:00,0.0
2011-10-30 13:00:00+00:00,0.01766904
2011-10-30 14:00:00+00:00,0.40788618
2011-10-30 15:00:00+00:00,0.58669686
2011-10-30 16:00:00+00:00,0.5635175
2011-10-30 17:00:00+00:00,0.5306896
2011-10-30 18:00:00+00:00,0.5328156
2011-10-30 19:00:00+00:00,0.42624456
2011-10-30 20:00:00+00:00,0.04606169
2011-10-30 21:00:00+00:00,0.2027038
2011-10-30 22:00:00+00:00,0.10206119
2011-10-30 23:00:00+00:00,0.0
2011-10-31 00:00:00+00:00,0.0
2011-10-31 01:00:00+00:00,0.0
2011-10-31 02:00:00+00:00,0.0
2011-10-31 03:00:00+00:00,0.0
2011-10-31 04:00:00+00:00,0.0
2011-10-31 05:00:00+00:00,0.0
2011-10-31 06:00:00+00:00,0.0
2011-10-31 07:00:00+00:00,0.0
2011-10-31 08:00:00+00:00,0.0
2011-10-31 09:00:00+00:00,0.0
2011-10-31 10:00:00+00:00,0.0
2011-10-31 11:00:00+00:00,0.0
2011-10-31 12:00:00+00:00,0.0
2011-10-31 13:00:00+00:00,0.26382452
2011-10-31 14:00:00+00:00,0.57454175
2011-10-31 15:00:00+00:00,0.58947563
2011-10-31 16:00:00+00:00,0.5508396
2011-10-31 17:00:00+00:00,0.51482904
2011-10-31 18:00:00+00:00,0.5175922000000001
2011-10-31 19:00:00+00:00,0.5362735
2011-10-31 20:00:00+00:00,0.5712398
2011-10-31 21:00:00+00:00,0.49635223
2011-10-31 22:00:00+00:00,0.16775629
2011-10-31 23:00:00+00:00,0.0
2011-11-01 00:00:00+00:00,0.0
2011-11-01 01:00:00+00:00,0.0
2011-11-01 02:00:00+00:00,0.0
2011-11-01 03:00:00+00:00,0.0
2011-11-01 04:00:00+00:00,0.0
2011-11-01 05:00:00+00:00,0.0
2011-11-01 06:00:00+00:00,0.0
2011-11-01 07:00:00+00:00,0.0
2011-11-01 08:00:00+00:00,0.0
2011-11-01 09:00:00+00:00,0.0
2011-11-01 10:00:00+00:00,0.0
2011-11-01 11:00:00+00:00,0.0
2011-11-01 12:00:00+00:00,0.0
2011-11-01 13:00:00+00:00,0.25318792
2011-11-01 14:00:00+00:00,0.5514642
2011-11-01 15:00:00+00:00,0.578
2011-11-01 16:00:00+00:00,0.54283476
2011-11-01 17:00:00+00:00,0.51069635
2011-11-01 18:00:00+00:00,0.4944698
2011-11-01 19:00:00+00:00,0.49139175
2011-11-01 20:00:00+00:00,0.5085569999999999
2011-11-01 21:00:00+00:00,0.39901292
2011-11-01 22:00:00+00:00,0.13235494
2011-11-01 23:00:00+00:00,0.0
2011-11-02 00:00:00+00:00,0.0
2011-11-02 01:00:00+00:00,0.0
2011-11-02 02:00:00+00:00,0.0
2011-11-02 03:00:00+00:00,0.0
2011-11-02 04:00:00+00:00,0.0
2011-11-02 05:00:00+00:00,0.0
2011-11-02 06:00:00+00:00,0.0
2011-11-02 07:00:00+00:00,0.0
2011-11-02 08:00:00+00:00,0.0
2011-11-02 09:00:00+00:00,0.0
2011-11-02 10:00:00+00:00,0.0
2011-11-02 11:00:00+00:00,0.0
2011-11-02 12:00:00+00:00,0.0
2011-11-02 13:00:00+00:00,0.05487229
2011-11-02 14:00:00+00:00,0.26082662
2011-11-02 15:00:00+00:00,0.028819583
2011-11-02 16:00:00+00:00,0.022745034
2011-11-02 17:00:00+00:00,0.035405792
2011-11-02 18:00:00+00:00,0.043034885
2011-11-02 19:00:00+00:00,0.035635334
2011-11-02 20:00:00+00:00,0.014251976999999999
2011-11-02 21:00:00+00:00,0.006760721
2011-11-02 22:00:00+00:00,0.012410718000000001
2011-11-02 23:00:00+00:00,0.0
2011-11-03 00:00:00+00:00,0.0
2011-11-03 01:00:00+00:00,0.0
2011-11-03 02:00:00+00:00,0.0
2011-11-03 03:00:00+00:00,0.0
2011-11-03 04:00:00+00:00,0.0
2011-11-03 05:00:00+00:00,0.0
2011-11-03 06:00:00+00:00,0.0
2011-11-03 07:00:00+00:00,0.0
2011-11-03 08:00:00+00:00,0.0
2011-11-03 09:00:00+00:00,0.0
2011-11-03 10:00:00+00:00,0.0
2011-11-03 11:00:00+00:00,0.0
2011-11-03 12:00:00+00:00,0.0
2011-11-03 13:00:00+00:00,0.025624689
2011-11-03 14:00:00+00:00,0.08471621
2011-11-03 15:00:00+00:00,0.09994438
2011-11-03 16:00:00+00:00,0.12957868
2011-11-03 17:00:00+00:00,0.17441784
2011-11-03 18:00:00+00:00,0.26413924
2011-11-03 19:00:00+00:00,0.3259172
2011-11-03 20:00:00+00:00,0.5805591
2011-11-03 21:00:00+00:00,0.49524847
2011-11-03 22:00:00+00:00,0.15540016
2011-11-03 23:00:00+00:00,0.0
2011-11-04 00:00:00+00:00,0.0
2011-11-04 01:00:00+00:00,0.0
2011-11-04 02:00:00+00:00,0.0
2011-11-04 03:00:00+00:00,0.0
2011-11-04 04:00:00+00:00,0.0
2011-11-04 05:00:00+00:00,0.0
2011-11-04 06:00:00+00:00,0.0
2011-11-04 07:00:00+00:00,0.0
2011-11-04 08:00:00+00:00,0.0
2011-11-04 09:00:00+00:00,0.0
2011-11-04 10:00:00+00:00,0.0
2011-11-04 11:00:00+00:00,0.0
2011-11-04 12:00:00+00:00,0.0
2011-11-04 13:00:00+00:00,0.25088766
2011-11-04 14:00:00+00:00,0.5938149
2011-11-04 15:00:00+00:00,0.61211437
2011-11-04 16:00:00+00:00,0.56936777
2011-11-04 17:00:00+00:00,0.5298525
2011-11-04 18:00:00+00:00,0.5323074000000001
2011-11-04 19:00:00+00:00,0.5689251999999999
2011-11-04 20:00:00+00:00,0.5922598000000001
2011-11-04 21:00:00+00:00,0.5048855
2011-11-04 22:00:00+00:00,0.15035307
2011-11-04 23:00:00+00:00,0.0
2011-11-05 00:00:00+00:00,0.0
2011-11-05 01:00:00+00:00,0.0
2011-11-05 02:00:00+00:00,0.0
2011-11-05 03:00:00+00:00,0.0
2011-11-05 04:00:00+00:00,0.0
2011-11-05 05:00:00+00:00,0.0
2011-11-05 06:00:00+00:00,0.0
2011-11-05 07:00:00+00:00,0.0
2011-11-05 08:00:00+00:00,0.0
2011-11-05 09:00:00+00:00,0.0
2011-11-05 10:00:00+00:00,0.0
2011-11-05 11:00:00+00:00,0.0
2011-11-05 12:00:00+00:00,0.0
2011-11-05 13:00:00+00:00,0.2344087
2011-11-05 14:00:00+00:00,0.5732467
2011-11-05 15:00:00+00:00,0.6022142
2011-11-05 16:00:00+00:00,0.55973846
2011-11-05 17:00:00+00:00,0.5228486
2011-11-05 18:00:00+00:00,0.5264221
2011-11-05 19:00:00+00:00,0.56454235
2011-11-05 20:00:00+00:00,0.58684176
2011-11-05 21:00:00+00:00,0.49430203
2011-11-05 22:00:00+00:00,0.13982104
2011-11-05 23:00:00+00:00,0.0
2011-11-06 00:00:00+00:00,0.0
2011-11-06 01:00:00+00:00,0.0
2011-11-06 02:00:00+00:00,0.0
2011-11-06 03:00:00+00:00,0.0
2011-11-06 04:00:00+00:00,0.0
2011-11-06 05:00:00+00:00,0.0
2011-11-06 06:00:00+00:00,0.0
2011-11-06 07:00:00+00:00,0.0
2011-11-06 08:00:00+00:00,0.0
2011-11-06 09:00:00+00:00,0.0
2011-11-06 10:00:00+00:00,0.0
2011-11-06 11:00:00+00:00,0.0
2011-11-06 12:00:00+00:00,0.0
2011-11-06 13:00:00+00:00,0.18921062
2011-11-06 14:00:00+00:00,0.5000332000000001
2011-11-06 15:00:00+00:00,0.5505846999999999
2011-11-06 16:00:00+00:00,0.5175566
2011-11-06 17:00:00+00:00,0.48188424
2011-11-06 18:00:00+00:00,0.48186590000000007
2011-11-06 19:00:00+00:00,0.5139598
2011-11-06 20:00:00+00:00,0.52774537
2011-11-06 21:00:00+00:00,0.41505402
2011-11-06 22:00:00+00:00,0.11095810000000002
2011-11-06 23:00:00+00:00,0.0
2011-11-07 00:00:00+00:00,0.0
2011-11-07 01:00:00+00:00,0.0
2011-11-07 02:00:00+00:00,0.0
2011-11-07 03:00:00+00:00,0.0
2011-11-07 04:00:00+00:00,0.0
2011-11-07 05:00:00+00:00,0.0
2011-11-07 06:00:00+00:00,0.0
2011-11-07 07:00:00+00:00,0.0
2011-11-07 08:00:00+00:00,0.0
2011-11-07 09:00:00+00:00,0.0
2011-11-07 10:00:00+00:00,0.0
2011-11-07 11:00:00+00:00,0.0
2011-11-07 12:00:00+00:00,0.0
2011-11-07 13:00:00+00:00,0.17228529
2011-11-07 14:00:00+00:00,0.47106509999999996
2011-11-07 15:00:00+00:00,0.5258772
2011-11-07 16:00:00+00:00,0.50156516
2011-11-07 17:00:00+00:00,0.47459877
2011-11-07 18:00:00+00:00,0.39553186
2011-11-07 19:00:00+00:00,0.23862974
2011-11-07 20:00:00+00:00,0.28459394
2011-11-07 21:00:00+00:00,0.22385159
2011-11-07 22:00:00+00:00,0.11265171
2011-11-07 23:00:00+00:00,0.0
2011-11-08 00:00:00+00:00,0.0
2011-11-08 01:00:00+00:00,0.0
2011-11-08 02:00:00+00:00,0.0
2011-11-08 03:00:00+00:00,0.0
2011-11-08 04:00:00+00:00,0.0
2011-11-08 05:00:00+00:00,0.0
2011-11-08 06:00:00+00:00,0.0
2011-11-08 07:00:00+00:00,0.0
2011-11-08 08:00:00+00:00,0.0
2011-11-08 09:00:00+00:00,0.0
2011-11-08 10:00:00+00:00,0.0
2011-11-08 11:00:00+00:00,0.0
2011-11-08 12:00:00+00:00,0.0
2011-11-08 13:00:00+00:00,0.017405773
2011-11-08 14:00:00+00:00,0.07715341
2011-11-08 15:00:00+00:00,0.07714172
2011-11-08 16:00:00+00:00,0.13629752
2011-11-08 17:00:00+00:00,0.105981134
2011-11-08 18:00:00+00:00,0.07424841
2011-11-08 19:00:00+00:00,0.06245632
2011-11-08 20:00:00+00:00,0.50961775
2011-11-08 21:00:00+00:00,0.3145151
2011-11-08 22:00:00+00:00,0.101324975
2011-11-08 23:00:00+00:00,0.0
2011-11-09 00:00:00+00:00,0.0
2011-11-09 01:00:00+00:00,0.0
2011-11-09 02:00:00+00:00,0.0
2011-11-09 03:00:00+00:00,0.0
2011-11-09 04:00:00+00:00,0.0
2011-11-09 05:00:00+00:00,0.0
2011-11-09 06:00:00+00:00,0.0
2011-11-09 07:00:00+00:00,0.0
2011-11-09 08:00:00+00:00,0.0
2011-11-09 09:00:00+00:00,0.0
2011-11-09 10:00:00+00:00,0.0
2011-11-09 11:00:00+00:00,0.0
2011-11-09 12:00:00+00:00,0.0
2011-11-09 13:00:00+00:00,0.19352615
2011-11-09 14:00:00+00:00,0.53807634
2011-11-09 15:00:00+00:00,0.5753206999999999
2011-11-09 16:00:00+00:00,0.5435024
2011-11-09 17:00:00+00:00,0.2749719
2011-11-09 18:00:00+00:00,0.29266676
2011-11-09 19:00:00+00:00,0.17335558
2011-11-09 20:00:00+00:00,0.13432586
2011-11-09 21:00:00+00:00,0.31338322
2011-11-09 22:00:00+00:00,0.10446365
2011-11-09 23:00:00+00:00,0.0
2011-11-10 00:00:00+00:00,0.0
2011-11-10 01:00:00+00:00,0.0
2011-11-10 02:00:00+00:00,0.0
2011-11-10 03:00:00+00:00,0.0
2011-11-10 04:00:00+00:00,0.0
2011-11-10 05:00:00+00:00,0.0
2011-11-10 06:00:00+00:00,0.0
2011-11-10 07:00:00+00:00,0.0
2011-11-10 08:00:00+00:00,0.0
2011-11-10 09:00:00+00:00,0.0
2011-11-10 10:00:00+00:00,0.0
2011-11-10 11:00:00+00:00,0.0
2011-11-10 12:00:00+00:00,0.0
2011-11-10 13:00:00+00:00,0.18718068
2011-11-10 14:00:00+00:00,0.5307541
2011-11-10 15:00:00+00:00,0.5794455
2011-11-10 16:00:00+00:00,0.5419449000000001
2011-11-10 17:00:00+00:00,0.50311065
2011-11-10 18:00:00+00:00,0.5052524
2011-11-10 19:00:00+00:00,0.5424346999999999
2011-11-10 20:00:00+00:00,0.5163967
2011-11-10 21:00:00+00:00,0.43538493
2011-11-10 22:00:00+00:00,0.09872556
2011-11-10 23:00:00+00:00,0.0
2011-11-11 00:00:00+00:00,0.0
2011-11-11 01:00:00+00:00,0.0
2011-11-11 02:00:00+00:00,0.0
2011-11-11 03:00:00+00:00,0.0
2011-11-11 04:00:00+00:00,0.0
2011-11-11 05:00:00+00:00,0.0
2011-11-11 06:00:00+00:00,0.0
2011-11-11 07:00:00+00:00,0.0
2011-11-11 08:00:00+00:00,0.0
2011-11-11 09:00:00+00:00,0.0
2011-11-11 10:00:00+00:00,0.0
2011-11-11 11:00:00+00:00,0.0
2011-11-11 12:00:00+00:00,0.0
2011-11-11 13:00:00+00:00,0.18024306
2011-11-11 14:00:00+00:00,0.5180927
2011-11-11 15:00:00+00:00,0.55743515
2011-11-11 16:00:00+00:00,0.41153395
2011-11-11 17:00:00+00:00,0.3958343
2011-11-11 18:00:00+00:00,0.40578756
2011-11-11 19:00:00+00:00,0.51057225
2011-11-11 20:00:00+00:00,0.4690097
2011-11-11 21:00:00+00:00,0.14827745
2011-11-11 22:00:00+00:00,0.02090757
2011-11-11 23:00:00+00:00,0.0
2011-11-12 00:00:00+00:00,0.0
2011-11-12 01:00:00+00:00,0.0
2011-11-12 02:00:00+00:00,0.0
2011-11-12 03:00:00+00:00,0.0
2011-11-12 04:00:00+00:00,0.0
2011-11-12 05:00:00+00:00,0.0
2011-11-12 06:00:00+00:00,0.0
2011-11-12 07:00:00+00:00,0.0
2011-11-12 08:00:00+00:00,0.0
2011-11-12 09:00:00+00:00,0.0
2011-11-12 10:00:00+00:00,0.0
2011-11-12 11:00:00+00:00,0.0
2011-11-12 12:00:00+00:00,0.0
2011-11-12 13:00:00+00:00,0.009553153
2011-11-12 14:00:00+00:00,0.06802148
2011-11-12 15:00:00+00:00,0.15895078
2011-11-12 16:00:00+00:00,0.35123518
2011-11-12 17:00:00+00:00,0.4060502
2011-11-12 18:00:00+00:00,0.4374885
2011-11-12 19:00:00+00:00,0.24276460000000002
2011-11-12 20:00:00+00:00,0.14935715
2011-11-12 21:00:00+00:00,0.36445424
2011-11-12 22:00:00+00:00,0.069569625
2011-11-12 23:00:00+00:00,0.0
2011-11-13 00:00:00+00:00,0.0
2011-11-13 01:00:00+00:00,0.0
2011-11-13 02:00:00+00:00,0.0
2011-11-13 03:00:00+00:00,0.0
2011-11-13 04:00:00+00:00,0.0
2011-11-13 05:00:00+00:00,0.0
2011-11-13 06:00:00+00:00,0.0
2011-11-13 07:00:00+00:00,0.0
2011-11-13 08:00:00+00:00,0.0
2011-11-13 09:00:00+00:00,0.0
2011-11-13 10:00:00+00:00,0.0
2011-11-13 11:00:00+00:00,0.0
2011-11-13 12:00:00+00:00,0.0
2011-11-13 13:00:00+00:00,0.05616261400000001
2011-11-13 14:00:00+00:00,0.15894583
2011-11-13 15:00:00+00:00,0.029733637
2011-11-13 16:00:00+00:00,0.047455675999999995
2011-11-13 17:00:00+00:00,0.06424787
2011-11-13 18:00:00+00:00,0.11115050000000001
2011-11-13 19:00:00+00:00,0.24622767
2011-11-13 20:00:00+00:00,0.2471603
2011-11-13 21:00:00+00:00,0.06753926
2011-11-13 22:00:00+00:00,0.0049664048
2011-11-13 23:00:00+00:00,0.0
2011-11-14 00:00:00+00:00,0.0
2011-11-14 01:00:00+00:00,0.0
2011-11-14 02:00:00+00:00,0.0
2011-11-14 03:00:00+00:00,0.0
2011-11-14 04:00:00+00:00,0.0
2011-11-14 05:00:00+00:00,0.0
2011-11-14 06:00:00+00:00,0.0
2011-11-14 07:00:00+00:00,0.0
2011-11-14 08:00:00+00:00,0.0
2011-11-14 09:00:00+00:00,0.0
2011-11-14 10:00:00+00:00,0.0
2011-11-14 11:00:00+00:00,0.0
2011-11-14 12:00:00+00:00,0.0
2011-11-14 13:00:00+00:00,0.0021172706
2011-11-14 14:00:00+00:00,0.032059
2011-11-14 15:00:00+00:00,0.049980823
2011-11-14 16:00:00+00:00,0.011929147
2011-11-14 17:00:00+00:00,0.07944504
2011-11-14 18:00:00+00:00,0.05274209
2011-11-14 19:00:00+00:00,0.05120503
2011-11-14 20:00:00+00:00,0.053626775999999994
2011-11-14 21:00:00+00:00,0.020894127
2011-11-14 22:00:00+00:00,0.00016498959
2011-11-14 23:00:00+00:00,0.0
2011-11-15 00:00:00+00:00,0.0
2011-11-15 01:00:00+00:00,0.0
2011-11-15 02:00:00+00:00,0.0
2011-11-15 03:00:00+00:00,0.0
2011-11-15 04:00:00+00:00,0.0
2011-11-15 05:00:00+00:00,0.0
2011-11-15 06:00:00+00:00,0.0
2011-11-15 07:00:00+00:00,0.0
2011-11-15 08:00:00+00:00,0.0
2011-11-15 09:00:00+00:00,0.0
2011-11-15 10:00:00+00:00,0.0
2011-11-15 11:00:00+00:00,0.0
2011-11-15 12:00:00+00:00,0.0
2011-11-15 13:00:00+00:00,0.004139282
2011-11-15 14:00:00+00:00,0.06787097
2011-11-15 15:00:00+00:00,0.05320337
2011-11-15 16:00:00+00:00,0.032864433
2011-11-15 17:00:00+00:00,0.023290811
2011-11-15 18:00:00+00:00,0.027392617999999997
2011-11-15 19:00:00+00:00,0.02520976
2011-11-15 20:00:00+00:00,0.016712656
2011-11-15 21:00:00+00:00,0.041424300000000004
2011-11-15 22:00:00+00:00,0.013366645
2011-11-15 23:00:00+00:00,0.0
2011-11-16 00:00:00+00:00,0.0
2011-11-16 01:00:00+00:00,0.0
2011-11-16 02:00:00+00:00,0.0
2011-11-16 03:00:00+00:00,0.0
2011-11-16 04:00:00+00:00,0.0
2011-11-16 05:00:00+00:00,0.0
2011-11-16 06:00:00+00:00,0.0
2011-11-16 07:00:00+00:00,0.0
2011-11-16 08:00:00+00:00,0.0
2011-11-16 09:00:00+00:00,0.0
2011-11-16 10:00:00+00:00,0.0
2011-11-16 11:00:00+00:00,0.0
2011-11-16 12:00:00+00:00,0.0
2011-11-16 13:00:00+00:00,0.011377001999999999
2011-11-16 14:00:00+00:00,0.16185807
2011-11-16 15:00:00+00:00,0.46039647
2011-11-16 16:00:00+00:00,0.53373486
2011-11-16 17:00:00+00:00,0.49759233
2011-11-16 18:00:00+00:00,0.43731096
2011-11-16 19:00:00+00:00,0.43255717
2011-11-16 20:00:00+00:00,0.5839628000000001
2011-11-16 21:00:00+00:00,0.44898832
2011-11-16 22:00:00+00:00,0.066263355
2011-11-16 23:00:00+00:00,0.0
2011-11-17 00:00:00+00:00,0.0
2011-11-17 01:00:00+00:00,0.0
2011-11-17 02:00:00+00:00,0.0
2011-11-17 03:00:00+00:00,0.0
2011-11-17 04:00:00+00:00,0.0
2011-11-17 05:00:00+00:00,0.0
2011-11-17 06:00:00+00:00,0.0
2011-11-17 07:00:00+00:00,0.0
2011-11-17 08:00:00+00:00,0.0
2011-11-17 09:00:00+00:00,0.0
2011-11-17 10:00:00+00:00,0.0
2011-11-17 11:00:00+00:00,0.0
2011-11-17 12:00:00+00:00,0.0
2011-11-17 13:00:00+00:00,0.15728392
2011-11-17 14:00:00+00:00,0.5250640000000001
2011-11-17 15:00:00+00:00,0.5873331
2011-11-17 16:00:00+00:00,0.5425446
2011-11-17 17:00:00+00:00,0.4974356
2011-11-17 18:00:00+00:00,0.49752206
2011-11-17 19:00:00+00:00,0.53528726
2011-11-17 20:00:00+00:00,0.5594389
2011-11-17 21:00:00+00:00,0.41885045
2011-11-17 22:00:00+00:00,0.05875666
2011-11-17 23:00:00+00:00,0.0
2011-11-18 00:00:00+00:00,0.0
2011-11-18 01:00:00+00:00,0.0
2011-11-18 02:00:00+00:00,0.0
2011-11-18 03:00:00+00:00,0.0
2011-11-18 04:00:00+00:00,0.0
2011-11-18 05:00:00+00:00,0.0
2011-11-18 06:00:00+00:00,0.0
2011-11-18 07:00:00+00:00,0.0
2011-11-18 08:00:00+00:00,0.0
2011-11-18 09:00:00+00:00,0.0
2011-11-18 10:00:00+00:00,0.0
2011-11-18 11:00:00+00:00,0.0
2011-11-18 12:00:00+00:00,0.0
2011-11-18 13:00:00+00:00,0.061292384000000005
2011-11-18 14:00:00+00:00,0.33257583
2011-11-18 15:00:00+00:00,0.4245284000000001
2011-11-18 16:00:00+00:00,0.40965194
2011-11-18 17:00:00+00:00,0.40124395
2011-11-18 18:00:00+00:00,0.29501066
2011-11-18 19:00:00+00:00,0.35967755
2011-11-18 20:00:00+00:00,0.28966743
2011-11-18 21:00:00+00:00,0.32471442
2011-11-18 22:00:00+00:00,0.034751903
2011-11-18 23:00:00+00:00,0.0
2011-11-19 00:00:00+00:00,0.0
2011-11-19 01:00:00+00:00,0.0
2011-11-19 02:00:00+00:00,0.0
2011-11-19 03:00:00+00:00,0.0
2011-11-19 04:00:00+00:00,0.0
2011-11-19 05:00:00+00:00,0.0
2011-11-19 06:00:00+00:00,0.0
2011-11-19 07:00:00+00:00,0.0
2011-11-19 08:00:00+00:00,0.0
2011-11-19 09:00:00+00:00,0.0
2011-11-19 10:00:00+00:00,0.0
2011-11-19 11:00:00+00:00,0.0
2011-11-19 12:00:00+00:00,0.0
2011-11-19 13:00:00+00:00,0.0032809211
2011-11-19 14:00:00+00:00,0.018452818
2011-11-19 15:00:00+00:00,0.080743514
2011-11-19 16:00:00+00:00,0.036850932999999995
2011-11-19 17:00:00+00:00,0.09980848
2011-11-19 18:00:00+00:00,0.024767391
2011-11-19 19:00:00+00:00,0.046028994000000004
2011-11-19 20:00:00+00:00,0.0042046390000000005
2011-11-19 21:00:00+00:00,0.01243339
2011-11-19 22:00:00+00:00,0.0
2011-11-19 23:00:00+00:00,0.0
2011-11-20 00:00:00+00:00,0.0
2011-11-20 01:00:00+00:00,0.0
2011-11-20 02:00:00+00:00,0.0
2011-11-20 03:00:00+00:00,0.0
2011-11-20 04:00:00+00:00,0.0
2011-11-20 05:00:00+00:00,0.0
2011-11-20 06:00:00+00:00,0.0
2011-11-20 07:00:00+00:00,0.0
2011-11-20 08:00:00+00:00,0.0
2011-11-20 09:00:00+00:00,0.0
2011-11-20 10:00:00+00:00,0.0
2011-11-20 11:00:00+00:00,0.0
2011-11-20 12:00:00+00:00,0.0
2011-11-20 13:00:00+00:00,0.0025044736
2011-11-20 14:00:00+00:00,0.01608072
2011-11-20 15:00:00+00:00,0.027938195
2011-11-20 16:00:00+00:00,0.084212914
2011-11-20 17:00:00+00:00,0.16110541
2011-11-20 18:00:00+00:00,0.09899502
2011-11-20 19:00:00+00:00,0.06043835400000001
2011-11-20 20:00:00+00:00,0.14846706
2011-11-20 21:00:00+00:00,0.032482296
2011-11-20 22:00:00+00:00,0.0
2011-11-20 23:00:00+00:00,0.0
2011-11-21 00:00:00+00:00,0.0
2011-11-21 01:00:00+00:00,0.0
2011-11-21 02:00:00+00:00,0.0
2011-11-21 03:00:00+00:00,0.0
2011-11-21 04:00:00+00:00,0.0
2011-11-21 05:00:00+00:00,0.0
2011-11-21 06:00:00+00:00,0.0
2011-11-21 07:00:00+00:00,0.0
2011-11-21 08:00:00+00:00,0.0
2011-11-21 09:00:00+00:00,0.0
2011-11-21 10:00:00+00:00,0.0
2011-11-21 11:00:00+00:00,0.0
2011-11-21 12:00:00+00:00,0.0
2011-11-21 13:00:00+00:00,0.0
2011-11-21 14:00:00+00:00,0.0034825825
2011-11-21 15:00:00+00:00,0.01792346
2011-11-21 16:00:00+00:00,0.07688049
2011-11-21 17:00:00+00:00,0.08539186
2011-11-21 18:00:00+00:00,0.09976631
2011-11-21 19:00:00+00:00,0.0716107
2011-11-21 20:00:00+00:00,0.06083629
2011-11-21 21:00:00+00:00,0.014671095
2011-11-21 22:00:00+00:00,0.0
2011-11-21 23:00:00+00:00,0.0
2011-11-22 00:00:00+00:00,0.0
2011-11-22 01:00:00+00:00,0.0
2011-11-22 02:00:00+00:00,0.0
2011-11-22 03:00:00+00:00,0.0
2011-11-22 04:00:00+00:00,0.0
2011-11-22 05:00:00+00:00,0.0
2011-11-22 06:00:00+00:00,0.0
2011-11-22 07:00:00+00:00,0.0
2011-11-22 08:00:00+00:00,0.0
2011-11-22 09:00:00+00:00,0.0
2011-11-22 10:00:00+00:00,0.0
2011-11-22 11:00:00+00:00,0.0
2011-11-22 12:00:00+00:00,0.0
2011-11-22 13:00:00+00:00,0.042109935999999994
2011-11-22 14:00:00+00:00,0.19421165
2011-11-22 15:00:00+00:00,0.1359793
2011-11-22 16:00:00+00:00,0.17020527
2011-11-22 17:00:00+00:00,0.17020716
2011-11-22 18:00:00+00:00,0.25747788
2011-11-22 19:00:00+00:00,0.2908178
2011-11-22 20:00:00+00:00,0.5018582
2011-11-22 21:00:00+00:00,0.15988675
2011-11-22 22:00:00+00:00,0.01948058
2011-11-22 23:00:00+00:00,0.0
2011-11-23 00:00:00+00:00,0.0
2011-11-23 01:00:00+00:00,0.0
2011-11-23 02:00:00+00:00,0.0
2011-11-23 03:00:00+00:00,0.0
2011-11-23 04:00:00+00:00,0.0
2011-11-23 05:00:00+00:00,0.0
2011-11-23 06:00:00+00:00,0.0
2011-11-23 07:00:00+00:00,0.0
2011-11-23 08:00:00+00:00,0.0
2011-11-23 09:00:00+00:00,0.0
2011-11-23 10:00:00+00:00,0.0
2011-11-23 11:00:00+00:00,0.0
2011-11-23 12:00:00+00:00,0.0
2011-11-23 13:00:00+00:00,0.08426080000000001
2011-11-23 14:00:00+00:00,0.33524504
2011-11-23 15:00:00+00:00,0.24326748
2011-11-23 16:00:00+00:00,0.29793876
2011-11-23 17:00:00+00:00,0.46278820000000004
2011-11-23 18:00:00+00:00,0.46714413
2011-11-23 19:00:00+00:00,0.50928247
2011-11-23 20:00:00+00:00,0.5353561
2011-11-23 21:00:00+00:00,0.38886770000000004
2011-11-23 22:00:00+00:00,0.015955089
2011-11-23 23:00:00+00:00,0.0
2011-11-24 00:00:00+00:00,0.0
2011-11-24 01:00:00+00:00,0.0
2011-11-24 02:00:00+00:00,0.0
2011-11-24 03:00:00+00:00,0.0
2011-11-24 04:00:00+00:00,0.0
2011-11-24 05:00:00+00:00,0.0
2011-11-24 06:00:00+00:00,0.0
2011-11-24 07:00:00+00:00,0.0
2011-11-24 08:00:00+00:00,0.0
2011-11-24 09:00:00+00:00,0.0
2011-11-24 10:00:00+00:00,0.0
2011-11-24 11:00:00+00:00,0.0
2011-11-24 12:00:00+00:00,0.0
2011-11-24 13:00:00+00:00,0.09678603
2011-11-24 14:00:00+00:00,0.44138253
2011-11-24 15:00:00+00:00,0.5449585
2011-11-24 16:00:00+00:00,0.5024382000000001
2011-11-24 17:00:00+00:00,0.4599799
2011-11-24 18:00:00+00:00,0.46135187
2011-11-24 19:00:00+00:00,0.50368243
2011-11-24 20:00:00+00:00,0.53241205
2011-11-24 21:00:00+00:00,0.29918537
2011-11-24 22:00:00+00:00,0.0015013547
2011-11-24 23:00:00+00:00,0.0
2011-11-25 00:00:00+00:00,0.0
2011-11-25 01:00:00+00:00,0.0
2011-11-25 02:00:00+00:00,0.0
2011-11-25 03:00:00+00:00,0.0
2011-11-25 04:00:00+00:00,0.0
2011-11-25 05:00:00+00:00,0.0
2011-11-25 06:00:00+00:00,0.0
2011-11-25 07:00:00+00:00,0.0
2011-11-25 08:00:00+00:00,0.0
2011-11-25 09:00:00+00:00,0.0
2011-11-25 10:00:00+00:00,0.0
2011-11-25 11:00:00+00:00,0.0
2011-11-25 12:00:00+00:00,0.0
2011-11-25 13:00:00+00:00,0.03321257
2011-11-25 14:00:00+00:00,0.23281710000000003
2011-11-25 15:00:00+00:00,0.36232990000000004
2011-11-25 16:00:00+00:00,0.38485402
2011-11-25 17:00:00+00:00,0.34703887
2011-11-25 18:00:00+00:00,0.36203983
2011-11-25 19:00:00+00:00,0.37858358
2011-11-25 20:00:00+00:00,0.46839884
2011-11-25 21:00:00+00:00,0.099363744
2011-11-25 22:00:00+00:00,0.0
2011-11-25 23:00:00+00:00,0.0
2011-11-26 00:00:00+00:00,0.0
2011-11-26 01:00:00+00:00,0.0
2011-11-26 02:00:00+00:00,0.0
2011-11-26 03:00:00+00:00,0.0
2011-11-26 04:00:00+00:00,0.0
2011-11-26 05:00:00+00:00,0.0
2011-11-26 06:00:00+00:00,0.0
2011-11-26 07:00:00+00:00,0.0
2011-11-26 08:00:00+00:00,0.0
2011-11-26 09:00:00+00:00,0.0
2011-11-26 10:00:00+00:00,0.0
2011-11-26 11:00:00+00:00,0.0
2011-11-26 12:00:00+00:00,0.0
2011-11-26 13:00:00+00:00,0.00034738274
2011-11-26 14:00:00+00:00,0.016578238000000002
2011-11-26 15:00:00+00:00,0.04569729
2011-11-26 16:00:00+00:00,0.07107211
2011-11-26 17:00:00+00:00,0.061090425
2011-11-26 18:00:00+00:00,0.03808487
2011-11-26 19:00:00+00:00,0.051763814000000005
2011-11-26 20:00:00+00:00,0.027285311
2011-11-26 21:00:00+00:00,0.02274632
2011-11-26 22:00:00+00:00,0.0
2011-11-26 23:00:00+00:00,0.0
2011-11-27 00:00:00+00:00,0.0
2011-11-27 01:00:00+00:00,0.0
2011-11-27 02:00:00+00:00,0.0
2011-11-27 03:00:00+00:00,0.0
2011-11-27 04:00:00+00:00,0.0
2011-11-27 05:00:00+00:00,0.0
2011-11-27 06:00:00+00:00,0.0
2011-11-27 07:00:00+00:00,0.0
2011-11-27 08:00:00+00:00,0.0
2011-11-27 09:00:00+00:00,0.0
2011-11-27 10:00:00+00:00,0.0
2011-11-27 11:00:00+00:00,0.0
2011-11-27 12:00:00+00:00,0.0
2011-11-27 13:00:00+00:00,8.021357e-05
2011-11-27 14:00:00+00:00,0.0074882507
2011-11-27 15:00:00+00:00,0.04771828
2011-11-27 16:00:00+00:00,0.030435793
2011-11-27 17:00:00+00:00,0.023332866
2011-11-27 18:00:00+00:00,0.028606082999999997
2011-11-27 19:00:00+00:00,0.05830221
2011-11-27 20:00:00+00:00,0.025929224
2011-11-27 21:00:00+00:00,0.042921897
2011-11-27 22:00:00+00:00,0.0
2011-11-27 23:00:00+00:00,0.0
2011-11-28 00:00:00+00:00,0.0
2011-11-28 01:00:00+00:00,0.0
2011-11-28 02:00:00+00:00,0.0
2011-11-28 03:00:00+00:00,0.0
2011-11-28 04:00:00+00:00,0.0
2011-11-28 05:00:00+00:00,0.0
2011-11-28 06:00:00+00:00,0.0
2011-11-28 07:00:00+00:00,0.0
2011-11-28 08:00:00+00:00,0.0
2011-11-28 09:00:00+00:00,0.0
2011-11-28 10:00:00+00:00,0.0
2011-11-28 11:00:00+00:00,0.0
2011-11-28 12:00:00+00:00,0.0
2011-11-28 13:00:00+00:00,0.04203948
2011-11-28 14:00:00+00:00,0.32538888
2011-11-28 15:00:00+00:00,0.25849974
2011-11-28 16:00:00+00:00,0.22900335
2011-11-28 17:00:00+00:00,0.21952155
2011-11-28 18:00:00+00:00,0.26244298
2011-11-28 19:00:00+00:00,0.25654086
2011-11-28 20:00:00+00:00,0.04172747
2011-11-28 21:00:00+00:00,0.032300044
2011-11-28 22:00:00+00:00,0.0
2011-11-28 23:00:00+00:00,0.0
2011-11-29 00:00:00+00:00,0.0
2011-11-29 01:00:00+00:00,0.0
2011-11-29 02:00:00+00:00,0.0
2011-11-29 03:00:00+00:00,0.0
2011-11-29 04:00:00+00:00,0.0
2011-11-29 05:00:00+00:00,0.0
2011-11-29 06:00:00+00:00,0.0
2011-11-29 07:00:00+00:00,0.0
2011-11-29 08:00:00+00:00,0.0
2011-11-29 09:00:00+00:00,0.0
2011-11-29 10:00:00+00:00,0.0
2011-11-29 11:00:00+00:00,0.0
2011-11-29 12:00:00+00:00,0.0
2011-11-29 13:00:00+00:00,0.03876707
2011-11-29 14:00:00+00:00,0.08432293
2011-11-29 15:00:00+00:00,0.13854070000000002
2011-11-29 16:00:00+00:00,0.238911
2011-11-29 17:00:00+00:00,0.2965455
2011-11-29 18:00:00+00:00,0.4571802
2011-11-29 19:00:00+00:00,0.50038713
2011-11-29 20:00:00+00:00,0.5221258
2011-11-29 21:00:00+00:00,0.35990012
2011-11-29 22:00:00+00:00,0.0
2011-11-29 23:00:00+00:00,0.0
2011-11-30 00:00:00+00:00,0.0
2011-11-30 01:00:00+00:00,0.0
2011-11-30 02:00:00+00:00,0.0
2011-11-30 03:00:00+00:00,0.0
2011-11-30 04:00:00+00:00,0.0
2011-11-30 05:00:00+00:00,0.0
2011-11-30 06:00:00+00:00,0.0
2011-11-30 07:00:00+00:00,0.0
2011-11-30 08:00:00+00:00,0.0
2011-11-30 09:00:00+00:00,0.0
2011-11-30 10:00:00+00:00,0.0
2011-11-30 11:00:00+00:00,0.0
2011-11-30 12:00:00+00:00,0.0
2011-11-30 13:00:00+00:00,0.031989705
2011-11-30 14:00:00+00:00,0.39729000000000003
2011-11-30 15:00:00+00:00,0.5283730999999999
2011-11-30 16:00:00+00:00,0.49804970000000004
2011-11-30 17:00:00+00:00,0.4553687
2011-11-30 18:00:00+00:00,0.45733395
2011-11-30 19:00:00+00:00,0.5016503
2011-11-30 20:00:00+00:00,0.5277138000000001
2011-11-30 21:00:00+00:00,0.37489158
2011-11-30 22:00:00+00:00,0.0
2011-11-30 23:00:00+00:00,0.0
2011-12-01 00:00:00+00:00,0.0
2011-12-01 01:00:00+00:00,0.0
2011-12-01 02:00:00+00:00,0.0
2011-12-01 03:00:00+00:00,0.0
2011-12-01 04:00:00+00:00,0.0
2011-12-01 05:00:00+00:00,0.0
2011-12-01 06:00:00+00:00,0.0
2011-12-01 07:00:00+00:00,0.0
2011-12-01 08:00:00+00:00,0.0
2011-12-01 09:00:00+00:00,0.0
2011-12-01 10:00:00+00:00,0.0
2011-12-01 11:00:00+00:00,0.0
2011-12-01 12:00:00+00:00,0.0
2011-12-01 13:00:00+00:00,0.018692212
2011-12-01 14:00:00+00:00,0.35892576
2011-12-01 15:00:00+00:00,0.46867692
2011-12-01 16:00:00+00:00,0.43978572
2011-12-01 17:00:00+00:00,0.4201005
2011-12-01 18:00:00+00:00,0.41420776
2011-12-01 19:00:00+00:00,0.44372377
2011-12-01 20:00:00+00:00,0.45000777
2011-12-01 21:00:00+00:00,0.064254016
2011-12-01 22:00:00+00:00,0.0
2011-12-01 23:00:00+00:00,0.0
2011-12-02 00:00:00+00:00,0.0
2011-12-02 01:00:00+00:00,0.0
2011-12-02 02:00:00+00:00,0.0
2011-12-02 03:00:00+00:00,0.0
2011-12-02 04:00:00+00:00,0.0
2011-12-02 05:00:00+00:00,0.0
2011-12-02 06:00:00+00:00,0.0
2011-12-02 07:00:00+00:00,0.0
2011-12-02 08:00:00+00:00,0.0
2011-12-02 09:00:00+00:00,0.0
2011-12-02 10:00:00+00:00,0.0
2011-12-02 11:00:00+00:00,0.0
2011-12-02 12:00:00+00:00,0.0
2011-12-02 13:00:00+00:00,0.006969616
2011-12-02 14:00:00+00:00,0.35100535
2011-12-02 15:00:00+00:00,0.47471827
2011-12-02 16:00:00+00:00,0.42581099999999994
2011-12-02 17:00:00+00:00,0.35315979999999997
2011-12-02 18:00:00+00:00,0.3483053
2011-12-02 19:00:00+00:00,0.3624
2011-12-02 20:00:00+00:00,0.22938459
2011-12-02 21:00:00+00:00,0.16659825
2011-12-02 22:00:00+00:00,0.0
2011-12-02 23:00:00+00:00,0.0
2011-12-03 00:00:00+00:00,0.0
2011-12-03 01:00:00+00:00,0.0
2011-12-03 02:00:00+00:00,0.0
2011-12-03 03:00:00+00:00,0.0
2011-12-03 04:00:00+00:00,0.0
2011-12-03 05:00:00+00:00,0.0
2011-12-03 06:00:00+00:00,0.0
2011-12-03 07:00:00+00:00,0.0
2011-12-03 08:00:00+00:00,0.0
2011-12-03 09:00:00+00:00,0.0
2011-12-03 10:00:00+00:00,0.0
2011-12-03 11:00:00+00:00,0.0
2011-12-03 12:00:00+00:00,0.0
2011-12-03 13:00:00+00:00,0.0
2011-12-03 14:00:00+00:00,0.09324708599999999
2011-12-03 15:00:00+00:00,0.10744744
2011-12-03 16:00:00+00:00,0.13430953
2011-12-03 17:00:00+00:00,0.06281098
2011-12-03 18:00:00+00:00,0.17966975
2011-12-03 19:00:00+00:00,0.20912413
2011-12-03 20:00:00+00:00,0.18672393
2011-12-03 21:00:00+00:00,0.06964019
2011-12-03 22:00:00+00:00,0.0
2011-12-03 23:00:00+00:00,0.0
2011-12-04 00:00:00+00:00,0.0
2011-12-04 01:00:00+00:00,0.0
2011-12-04 02:00:00+00:00,0.0
2011-12-04 03:00:00+00:00,0.0
2011-12-04 04:00:00+00:00,0.0
2011-12-04 05:00:00+00:00,0.0
2011-12-04 06:00:00+00:00,0.0
2011-12-04 07:00:00+00:00,0.0
2011-12-04 08:00:00+00:00,0.0
2011-12-04 09:00:00+00:00,0.0
2011-12-04 10:00:00+00:00,0.0
2011-12-04 11:00:00+00:00,0.0
2011-12-04 12:00:00+00:00,0.0
2011-12-04 13:00:00+00:00,0.0
2011-12-04 14:00:00+00:00,0.0028394475
2011-12-04 15:00:00+00:00,0.003598685
2011-12-04 16:00:00+00:00,0.025769507999999997
2011-12-04 17:00:00+00:00,0.08679559
2011-12-04 18:00:00+00:00,0.029275391
2011-12-04 19:00:00+00:00,0.024325289
2011-12-04 20:00:00+00:00,0.020113963999999998
2011-12-04 21:00:00+00:00,0.015554231000000002
2011-12-04 22:00:00+00:00,0.0
2011-12-04 23:00:00+00:00,0.0
2011-12-05 00:00:00+00:00,0.0
2011-12-05 01:00:00+00:00,0.0
2011-12-05 02:00:00+00:00,0.0
2011-12-05 03:00:00+00:00,0.0
2011-12-05 04:00:00+00:00,0.0
2011-12-05 05:00:00+00:00,0.0
2011-12-05 06:00:00+00:00,0.0
2011-12-05 07:00:00+00:00,0.0
2011-12-05 08:00:00+00:00,0.0
2011-12-05 09:00:00+00:00,0.0
2011-12-05 10:00:00+00:00,0.0
2011-12-05 11:00:00+00:00,0.0
2011-12-05 12:00:00+00:00,0.0
2011-12-05 13:00:00+00:00,0.0
2011-12-05 14:00:00+00:00,0.057384897000000004
2011-12-05 15:00:00+00:00,0.02589765
2011-12-05 16:00:00+00:00,0.0174518
2011-12-05 17:00:00+00:00,0.06630252
2011-12-05 18:00:00+00:00,0.12229639
2011-12-05 19:00:00+00:00,0.07671485
2011-12-05 20:00:00+00:00,0.030089386
2011-12-05 21:00:00+00:00,0.012713937
2011-12-05 22:00:00+00:00,0.0
2011-12-05 23:00:00+00:00,0.0
2011-12-06 00:00:00+00:00,0.0
2011-12-06 01:00:00+00:00,0.0
2011-12-06 02:00:00+00:00,0.0
2011-12-06 03:00:00+00:00,0.0
2011-12-06 04:00:00+00:00,0.0
2011-12-06 05:00:00+00:00,0.0
2011-12-06 06:00:00+00:00,0.0
2011-12-06 07:00:00+00:00,0.0
2011-12-06 08:00:00+00:00,0.0
2011-12-06 09:00:00+00:00,0.0
2011-12-06 10:00:00+00:00,0.0
2011-12-06 11:00:00+00:00,0.0
2011-12-06 12:00:00+00:00,0.0
2011-12-06 13:00:00+00:00,0.0
2011-12-06 14:00:00+00:00,0.20173022
2011-12-06 15:00:00+00:00,0.02451696
2011-12-06 16:00:00+00:00,0.04983745
2011-12-06 17:00:00+00:00,0.07126482599999999
2011-12-06 18:00:00+00:00,0.11676626
2011-12-06 19:00:00+00:00,0.15198672
2011-12-06 20:00:00+00:00,0.035372224
2011-12-06 21:00:00+00:00,0.012021488500000002
2011-12-06 22:00:00+00:00,0.0
2011-12-06 23:00:00+00:00,0.0
2011-12-07 00:00:00+00:00,0.0
2011-12-07 01:00:00+00:00,0.0
2011-12-07 02:00:00+00:00,0.0
2011-12-07 03:00:00+00:00,0.0
2011-12-07 04:00:00+00:00,0.0
2011-12-07 05:00:00+00:00,0.0
2011-12-07 06:00:00+00:00,0.0
2011-12-07 07:00:00+00:00,0.0
2011-12-07 08:00:00+00:00,0.0
2011-12-07 09:00:00+00:00,0.0
2011-12-07 10:00:00+00:00,0.0
2011-12-07 11:00:00+00:00,0.0
2011-12-07 12:00:00+00:00,0.0
2011-12-07 13:00:00+00:00,0.0
2011-12-07 14:00:00+00:00,0.34840822
2011-12-07 15:00:00+00:00,0.5064589
2011-12-07 16:00:00+00:00,0.47976450000000004
2011-12-07 17:00:00+00:00,0.43501806
2011-12-07 18:00:00+00:00,0.42852929999999995
2011-12-07 19:00:00+00:00,0.45299098
2011-12-07 20:00:00+00:00,0.49763077
2011-12-07 21:00:00+00:00,0.15193969
2011-12-07 22:00:00+00:00,0.0
2011-12-07 23:00:00+00:00,0.0
2011-12-08 00:00:00+00:00,0.0
2011-12-08 01:00:00+00:00,0.0
2011-12-08 02:00:00+00:00,0.0
2011-12-08 03:00:00+00:00,0.0
2011-12-08 04:00:00+00:00,0.0
2011-12-08 05:00:00+00:00,0.0
2011-12-08 06:00:00+00:00,0.0
2011-12-08 07:00:00+00:00,0.0
2011-12-08 08:00:00+00:00,0.0
2011-12-08 09:00:00+00:00,0.0
2011-12-08 10:00:00+00:00,0.0
2011-12-08 11:00:00+00:00,0.0
2011-12-08 12:00:00+00:00,0.0
2011-12-08 13:00:00+00:00,0.0
2011-12-08 14:00:00+00:00,0.34265313
2011-12-08 15:00:00+00:00,0.5002872
2011-12-08 16:00:00+00:00,0.42418906
2011-12-08 17:00:00+00:00,0.42913517
2011-12-08 18:00:00+00:00,0.42790228
2011-12-08 19:00:00+00:00,0.46482159999999995
2011-12-08 20:00:00+00:00,0.47907120000000003
2011-12-08 21:00:00+00:00,0.2112264
2011-12-08 22:00:00+00:00,0.0
2011-12-08 23:00:00+00:00,0.0
2011-12-09 00:00:00+00:00,0.0
2011-12-09 01:00:00+00:00,0.0
2011-12-09 02:00:00+00:00,0.0
2011-12-09 03:00:00+00:00,0.0
2011-12-09 04:00:00+00:00,0.0
2011-12-09 05:00:00+00:00,0.0
2011-12-09 06:00:00+00:00,0.0
2011-12-09 07:00:00+00:00,0.0
2011-12-09 08:00:00+00:00,0.0
2011-12-09 09:00:00+00:00,0.0
2011-12-09 10:00:00+00:00,0.0
2011-12-09 11:00:00+00:00,0.0
2011-12-09 12:00:00+00:00,0.0
2011-12-09 13:00:00+00:00,0.0
2011-12-09 14:00:00+00:00,0.37725338
2011-12-09 15:00:00+00:00,0.5438001
2011-12-09 16:00:00+00:00,0.5089354
2011-12-09 17:00:00+00:00,0.46067579999999997
2011-12-09 18:00:00+00:00,0.45733672
2011-12-09 19:00:00+00:00,0.50224876
2011-12-09 20:00:00+00:00,0.53752947
2011-12-09 21:00:00+00:00,0.37885526
2011-12-09 22:00:00+00:00,0.0
2011-12-09 23:00:00+00:00,0.0
2011-12-10 00:00:00+00:00,0.0
2011-12-10 01:00:00+00:00,0.0
2011-12-10 02:00:00+00:00,0.0
2011-12-10 03:00:00+00:00,0.0
2011-12-10 04:00:00+00:00,0.0
2011-12-10 05:00:00+00:00,0.0
2011-12-10 06:00:00+00:00,0.0
2011-12-10 07:00:00+00:00,0.0
2011-12-10 08:00:00+00:00,0.0
2011-12-10 09:00:00+00:00,0.0
2011-12-10 10:00:00+00:00,0.0
2011-12-10 11:00:00+00:00,0.0
2011-12-10 12:00:00+00:00,0.0
2011-12-10 13:00:00+00:00,0.0
2011-12-10 14:00:00+00:00,0.36285397
2011-12-10 15:00:00+00:00,0.53268456
2011-12-10 16:00:00+00:00,0.4961723
2011-12-10 17:00:00+00:00,0.44542962
2011-12-10 18:00:00+00:00,0.44033834
2011-12-10 19:00:00+00:00,0.4851794
2011-12-10 20:00:00+00:00,0.5162715
2011-12-10 21:00:00+00:00,0.37261266
2011-12-10 22:00:00+00:00,0.0
2011-12-10 23:00:00+00:00,0.0
2011-12-11 00:00:00+00:00,0.0
2011-12-11 01:00:00+00:00,0.0
2011-12-11 02:00:00+00:00,0.0
2011-12-11 03:00:00+00:00,0.0
2011-12-11 04:00:00+00:00,0.0
2011-12-11 05:00:00+00:00,0.0
2011-12-11 06:00:00+00:00,0.0
2011-12-11 07:00:00+00:00,0.0
2011-12-11 08:00:00+00:00,0.0
2011-12-11 09:00:00+00:00,0.0
2011-12-11 10:00:00+00:00,0.0
2011-12-11 11:00:00+00:00,0.0
2011-12-11 12:00:00+00:00,0.0
2011-12-11 13:00:00+00:00,0.0
2011-12-11 14:00:00+00:00,0.33995104
2011-12-11 15:00:00+00:00,0.39629176
2011-12-11 16:00:00+00:00,0.34837022
2011-12-11 17:00:00+00:00,0.34765452
2011-12-11 18:00:00+00:00,0.3518232
2011-12-11 19:00:00+00:00,0.446755
2011-12-11 20:00:00+00:00,0.40653154
2011-12-11 21:00:00+00:00,0.32626020000000006
2011-12-11 22:00:00+00:00,0.0
2011-12-11 23:00:00+00:00,0.0
2011-12-12 00:00:00+00:00,0.0
2011-12-12 01:00:00+00:00,0.0
2011-12-12 02:00:00+00:00,0.0
2011-12-12 03:00:00+00:00,0.0
2011-12-12 04:00:00+00:00,0.0
2011-12-12 05:00:00+00:00,0.0
2011-12-12 06:00:00+00:00,0.0
2011-12-12 07:00:00+00:00,0.0
2011-12-12 08:00:00+00:00,0.0
2011-12-12 09:00:00+00:00,0.0
2011-12-12 10:00:00+00:00,0.0
2011-12-12 11:00:00+00:00,0.0
2011-12-12 12:00:00+00:00,0.0
2011-12-12 13:00:00+00:00,0.0
2011-12-12 14:00:00+00:00,0.033561606
2011-12-12 15:00:00+00:00,0.05250543
2011-12-12 16:00:00+00:00,0.09488365
2011-12-12 17:00:00+00:00,0.18749414
2011-12-12 18:00:00+00:00,0.26145014
2011-12-12 19:00:00+00:00,0.08936003
2011-12-12 20:00:00+00:00,0.061511144000000004
2011-12-12 21:00:00+00:00,0.28711244
2011-12-12 22:00:00+00:00,0.0
2011-12-12 23:00:00+00:00,0.0
2011-12-13 00:00:00+00:00,0.0
2011-12-13 01:00:00+00:00,0.0
2011-12-13 02:00:00+00:00,0.0
2011-12-13 03:00:00+00:00,0.0
2011-12-13 04:00:00+00:00,0.0
2011-12-13 05:00:00+00:00,0.0
2011-12-13 06:00:00+00:00,0.0
2011-12-13 07:00:00+00:00,0.0
2011-12-13 08:00:00+00:00,0.0
2011-12-13 09:00:00+00:00,0.0
2011-12-13 10:00:00+00:00,0.0
2011-12-13 11:00:00+00:00,0.0
2011-12-13 12:00:00+00:00,0.0
2011-12-13 13:00:00+00:00,0.0
2011-12-13 14:00:00+00:00,0.24463436
2011-12-13 15:00:00+00:00,0.33049002
2011-12-13 16:00:00+00:00,0.2774481
2011-12-13 17:00:00+00:00,0.3191698
2011-12-13 18:00:00+00:00,0.31019387
2011-12-13 19:00:00+00:00,0.32594833
2011-12-13 20:00:00+00:00,0.14253263
2011-12-13 21:00:00+00:00,0.23334004
2011-12-13 22:00:00+00:00,0.0
2011-12-13 23:00:00+00:00,0.0
2011-12-14 00:00:00+00:00,0.0
2011-12-14 01:00:00+00:00,0.0
2011-12-14 02:00:00+00:00,0.0
2011-12-14 03:00:00+00:00,0.0
2011-12-14 04:00:00+00:00,0.0
2011-12-14 05:00:00+00:00,0.0
2011-12-14 06:00:00+00:00,0.0
2011-12-14 07:00:00+00:00,0.0
2011-12-14 08:00:00+00:00,0.0
2011-12-14 09:00:00+00:00,0.0
2011-12-14 10:00:00+00:00,0.0
2011-12-14 11:00:00+00:00,0.0
2011-12-14 12:00:00+00:00,0.0
2011-12-14 13:00:00+00:00,0.0
2011-12-14 14:00:00+00:00,0.0065656765
2011-12-14 15:00:00+00:00,0.02501121
2011-12-14 16:00:00+00:00,0.074166365
2011-12-14 17:00:00+00:00,0.09615263
2011-12-14 18:00:00+00:00,0.07444203
2011-12-14 19:00:00+00:00,0.08737898599999999
2011-12-14 20:00:00+00:00,0.12579958
2011-12-14 21:00:00+00:00,0.07508203
2011-12-14 22:00:00+00:00,0.0
2011-12-14 23:00:00+00:00,0.0
2011-12-15 00:00:00+00:00,0.0
2011-12-15 01:00:00+00:00,0.0
2011-12-15 02:00:00+00:00,0.0
2011-12-15 03:00:00+00:00,0.0
2011-12-15 04:00:00+00:00,0.0
2011-12-15 05:00:00+00:00,0.0
2011-12-15 06:00:00+00:00,0.0
2011-12-15 07:00:00+00:00,0.0
2011-12-15 08:00:00+00:00,0.0
2011-12-15 09:00:00+00:00,0.0
2011-12-15 10:00:00+00:00,0.0
2011-12-15 11:00:00+00:00,0.0
2011-12-15 12:00:00+00:00,0.0
2011-12-15 13:00:00+00:00,0.0
2011-12-15 14:00:00+00:00,0.00710809
2011-12-15 15:00:00+00:00,0.096321695
2011-12-15 16:00:00+00:00,0.052357565999999994
2011-12-15 17:00:00+00:00,0.17568094
2011-12-15 18:00:00+00:00,0.12066724
2011-12-15 19:00:00+00:00,0.10752717
2011-12-15 20:00:00+00:00,0.055721268
2011-12-15 21:00:00+00:00,0.03703231
2011-12-15 22:00:00+00:00,0.0
2011-12-15 23:00:00+00:00,0.0
2011-12-16 00:00:00+00:00,0.0
2011-12-16 01:00:00+00:00,0.0
2011-12-16 02:00:00+00:00,0.0
2011-12-16 03:00:00+00:00,0.0
2011-12-16 04:00:00+00:00,0.0
2011-12-16 05:00:00+00:00,0.0
2011-12-16 06:00:00+00:00,0.0
2011-12-16 07:00:00+00:00,0.0
2011-12-16 08:00:00+00:00,0.0
2011-12-16 09:00:00+00:00,0.0
2011-12-16 10:00:00+00:00,0.0
2011-12-16 11:00:00+00:00,0.0
2011-12-16 12:00:00+00:00,0.0
2011-12-16 13:00:00+00:00,0.0
2011-12-16 14:00:00+00:00,0.11924036
2011-12-16 15:00:00+00:00,0.42768535
2011-12-16 16:00:00+00:00,0.34152502
2011-12-16 17:00:00+00:00,0.25047916
2011-12-16 18:00:00+00:00,0.42857197
2011-12-16 19:00:00+00:00,0.47088635
2011-12-16 20:00:00+00:00,0.49791709999999995
2011-12-16 21:00:00+00:00,0.35880867
2011-12-16 22:00:00+00:00,0.0
2011-12-16 23:00:00+00:00,0.0
2011-12-17 00:00:00+00:00,0.0
2011-12-17 01:00:00+00:00,0.0
2011-12-17 02:00:00+00:00,0.0
2011-12-17 03:00:00+00:00,0.0
2011-12-17 04:00:00+00:00,0.0
2011-12-17 05:00:00+00:00,0.0
2011-12-17 06:00:00+00:00,0.0
2011-12-17 07:00:00+00:00,0.0
2011-12-17 08:00:00+00:00,0.0
2011-12-17 09:00:00+00:00,0.0
2011-12-17 10:00:00+00:00,0.0
2011-12-17 11:00:00+00:00,0.0
2011-12-17 12:00:00+00:00,0.0
2011-12-17 13:00:00+00:00,0.0
2011-12-17 14:00:00+00:00,0.3127261
2011-12-17 15:00:00+00:00,0.502007
2011-12-17 16:00:00+00:00,0.47745726
2011-12-17 17:00:00+00:00,0.4291044
2011-12-17 18:00:00+00:00,0.42083395
2011-12-17 19:00:00+00:00,0.46155465
2011-12-17 20:00:00+00:00,0.48956400000000005
2011-12-17 21:00:00+00:00,0.31801644
2011-12-17 22:00:00+00:00,0.0
2011-12-17 23:00:00+00:00,0.0
2011-12-18 00:00:00+00:00,0.0
2011-12-18 01:00:00+00:00,0.0
2011-12-18 02:00:00+00:00,0.0
2011-12-18 03:00:00+00:00,0.0
2011-12-18 04:00:00+00:00,0.0
2011-12-18 05:00:00+00:00,0.0
2011-12-18 06:00:00+00:00,0.0
2011-12-18 07:00:00+00:00,0.0
2011-12-18 08:00:00+00:00,0.0
2011-12-18 09:00:00+00:00,0.0
2011-12-18 10:00:00+00:00,0.0
2011-12-18 11:00:00+00:00,0.0
2011-12-18 12:00:00+00:00,0.0
2011-12-18 13:00:00+00:00,0.0
2011-12-18 14:00:00+00:00,0.01561709
2011-12-18 15:00:00+00:00,0.028195282000000002
2011-12-18 16:00:00+00:00,0.059347697000000005
2011-12-18 17:00:00+00:00,0.15449907
2011-12-18 18:00:00+00:00,0.23196639
2011-12-18 19:00:00+00:00,0.12577045
2011-12-18 20:00:00+00:00,0.05132573
2011-12-18 21:00:00+00:00,0.16759042
2011-12-18 22:00:00+00:00,0.0
2011-12-18 23:00:00+00:00,0.0
2011-12-19 00:00:00+00:00,0.0
2011-12-19 01:00:00+00:00,0.0
2011-12-19 02:00:00+00:00,0.0
2011-12-19 03:00:00+00:00,0.0
2011-12-19 04:00:00+00:00,0.0
2011-12-19 05:00:00+00:00,0.0
2011-12-19 06:00:00+00:00,0.0
2011-12-19 07:00:00+00:00,0.0
2011-12-19 08:00:00+00:00,0.0
2011-12-19 09:00:00+00:00,0.0
2011-12-19 10:00:00+00:00,0.0
2011-12-19 11:00:00+00:00,0.0
2011-12-19 12:00:00+00:00,0.0
2011-12-19 13:00:00+00:00,0.0
2011-12-19 14:00:00+00:00,0.025035782000000003
2011-12-19 15:00:00+00:00,0.13988853
2011-12-19 16:00:00+00:00,0.11456223
2011-12-19 17:00:00+00:00,0.16809383
2011-12-19 18:00:00+00:00,0.1819066
2011-12-19 19:00:00+00:00,0.11463365
2011-12-19 20:00:00+00:00,0.036993276
2011-12-19 21:00:00+00:00,0.07237668
2011-12-19 22:00:00+00:00,0.0
2011-12-19 23:00:00+00:00,0.0
2011-12-20 00:00:00+00:00,0.0
2011-12-20 01:00:00+00:00,0.0
2011-12-20 02:00:00+00:00,0.0
2011-12-20 03:00:00+00:00,0.0
2011-12-20 04:00:00+00:00,0.0
2011-12-20 05:00:00+00:00,0.0
2011-12-20 06:00:00+00:00,0.0
2011-12-20 07:00:00+00:00,0.0
2011-12-20 08:00:00+00:00,0.0
2011-12-20 09:00:00+00:00,0.0
2011-12-20 10:00:00+00:00,0.0
2011-12-20 11:00:00+00:00,0.0
2011-12-20 12:00:00+00:00,0.0
2011-12-20 13:00:00+00:00,0.0
2011-12-20 14:00:00+00:00,0.044220958
2011-12-20 15:00:00+00:00,0.37594829999999996
2011-12-20 16:00:00+00:00,0.35228059999999994
2011-12-20 17:00:00+00:00,0.3315737
2011-12-20 18:00:00+00:00,0.32068375
2011-12-20 19:00:00+00:00,0.1582743
2011-12-20 20:00:00+00:00,0.21052371
2011-12-20 21:00:00+00:00,0.12211606
2011-12-20 22:00:00+00:00,0.0030766863
2011-12-20 23:00:00+00:00,0.0
2011-12-21 00:00:00+00:00,0.0
2011-12-21 01:00:00+00:00,0.0
2011-12-21 02:00:00+00:00,0.0
2011-12-21 03:00:00+00:00,0.0
2011-12-21 04:00:00+00:00,0.0
2011-12-21 05:00:00+00:00,0.0
2011-12-21 06:00:00+00:00,0.0
2011-12-21 07:00:00+00:00,0.0
2011-12-21 08:00:00+00:00,0.0
2011-12-21 09:00:00+00:00,0.0
2011-12-21 10:00:00+00:00,0.0
2011-12-21 11:00:00+00:00,0.0
2011-12-21 12:00:00+00:00,0.0
2011-12-21 13:00:00+00:00,0.0
2011-12-21 14:00:00+00:00,0.006026224
2011-12-21 15:00:00+00:00,0.05461162
2011-12-21 16:00:00+00:00,0.04302885
2011-12-21 17:00:00+00:00,0.066535525
2011-12-21 18:00:00+00:00,0.07203789999999999
2011-12-21 19:00:00+00:00,0.025886066
2011-12-21 20:00:00+00:00,0.026590362000000003
2011-12-21 21:00:00+00:00,0.003897463
2011-12-21 22:00:00+00:00,0.0
2011-12-21 23:00:00+00:00,0.0
2011-12-22 00:00:00+00:00,0.0
2011-12-22 01:00:00+00:00,0.0
2011-12-22 02:00:00+00:00,0.0
2011-12-22 03:00:00+00:00,0.0
2011-12-22 04:00:00+00:00,0.0
2011-12-22 05:00:00+00:00,0.0
2011-12-22 06:00:00+00:00,0.0
2011-12-22 07:00:00+00:00,0.0
2011-12-22 08:00:00+00:00,0.0
2011-12-22 09:00:00+00:00,0.0
2011-12-22 10:00:00+00:00,0.0
2011-12-22 11:00:00+00:00,0.0
2011-12-22 12:00:00+00:00,0.0
2011-12-22 13:00:00+00:00,0.0
2011-12-22 14:00:00+00:00,0.15495083
2011-12-22 15:00:00+00:00,0.02069075
2011-12-22 16:00:00+00:00,0.036602795
2011-12-22 17:00:00+00:00,0.05795861
2011-12-22 18:00:00+00:00,0.050687086
2011-12-22 19:00:00+00:00,0.032665614
2011-12-22 20:00:00+00:00,0.02211973
2011-12-22 21:00:00+00:00,0.21770526
2011-12-22 22:00:00+00:00,0.020742701000000002
2011-12-22 23:00:00+00:00,0.0
2011-12-23 00:00:00+00:00,0.0
2011-12-23 01:00:00+00:00,0.0
2011-12-23 02:00:00+00:00,0.0
2011-12-23 03:00:00+00:00,0.0
2011-12-23 04:00:00+00:00,0.0
2011-12-23 05:00:00+00:00,0.0
2011-12-23 06:00:00+00:00,0.0
2011-12-23 07:00:00+00:00,0.0
2011-12-23 08:00:00+00:00,0.0
2011-12-23 09:00:00+00:00,0.0
2011-12-23 10:00:00+00:00,0.0
2011-12-23 11:00:00+00:00,0.0
2011-12-23 12:00:00+00:00,0.0
2011-12-23 13:00:00+00:00,0.0
2011-12-23 14:00:00+00:00,0.30311546
2011-12-23 15:00:00+00:00,0.35741234
2011-12-23 16:00:00+00:00,0.3062259
2011-12-23 17:00:00+00:00,0.31065303
2011-12-23 18:00:00+00:00,0.40880397
2011-12-23 19:00:00+00:00,0.41771093
2011-12-23 20:00:00+00:00,0.5089405
2011-12-23 21:00:00+00:00,0.38725683
2011-12-23 22:00:00+00:00,0.03369976
2011-12-23 23:00:00+00:00,0.0
2011-12-24 00:00:00+00:00,0.0
2011-12-24 01:00:00+00:00,0.0
2011-12-24 02:00:00+00:00,0.0
2011-12-24 03:00:00+00:00,0.0
2011-12-24 04:00:00+00:00,0.0
2011-12-24 05:00:00+00:00,0.0
2011-12-24 06:00:00+00:00,0.0
2011-12-24 07:00:00+00:00,0.0
2011-12-24 08:00:00+00:00,0.0
2011-12-24 09:00:00+00:00,0.0
2011-12-24 10:00:00+00:00,0.0
2011-12-24 11:00:00+00:00,0.0
2011-12-24 12:00:00+00:00,0.0
2011-12-24 13:00:00+00:00,0.0
2011-12-24 14:00:00+00:00,0.28132445
2011-12-24 15:00:00+00:00,0.5133177999999999
2011-12-24 16:00:00+00:00,0.48849085
2011-12-24 17:00:00+00:00,0.43743813
2011-12-24 18:00:00+00:00,0.42825285
2011-12-24 19:00:00+00:00,0.47076009999999996
2011-12-24 20:00:00+00:00,0.51207757
2011-12-24 21:00:00+00:00,0.39111885
2011-12-24 22:00:00+00:00,0.040512737
2011-12-24 23:00:00+00:00,0.0
2011-12-25 00:00:00+00:00,0.0
2011-12-25 01:00:00+00:00,0.0
2011-12-25 02:00:00+00:00,0.0
2011-12-25 03:00:00+00:00,0.0
2011-12-25 04:00:00+00:00,0.0
2011-12-25 05:00:00+00:00,0.0
2011-12-25 06:00:00+00:00,0.0
2011-12-25 07:00:00+00:00,0.0
2011-12-25 08:00:00+00:00,0.0
2011-12-25 09:00:00+00:00,0.0
2011-12-25 10:00:00+00:00,0.0
2011-12-25 11:00:00+00:00,0.0
2011-12-25 12:00:00+00:00,0.0
2011-12-25 13:00:00+00:00,0.0
2011-12-25 14:00:00+00:00,0.30359372
2011-12-25 15:00:00+00:00,0.4657994000000001
2011-12-25 16:00:00+00:00,0.41003865
2011-12-25 17:00:00+00:00,0.3937998
2011-12-25 18:00:00+00:00,0.28771620000000003
2011-12-25 19:00:00+00:00,0.27955076
2011-12-25 20:00:00+00:00,0.32439044
2011-12-25 21:00:00+00:00,0.20646888
2011-12-25 22:00:00+00:00,0.025069566
2011-12-25 23:00:00+00:00,0.0
2011-12-26 00:00:00+00:00,0.0
2011-12-26 01:00:00+00:00,0.0
2011-12-26 02:00:00+00:00,0.0
2011-12-26 03:00:00+00:00,0.0
2011-12-26 04:00:00+00:00,0.0
2011-12-26 05:00:00+00:00,0.0
2011-12-26 06:00:00+00:00,0.0
2011-12-26 07:00:00+00:00,0.0
2011-12-26 08:00:00+00:00,0.0
2011-12-26 09:00:00+00:00,0.0
2011-12-26 10:00:00+00:00,0.0
2011-12-26 11:00:00+00:00,0.0
2011-12-26 12:00:00+00:00,0.0
2011-12-26 13:00:00+00:00,0.0
2011-12-26 14:00:00+00:00,0.0015156954999999998
2011-12-26 15:00:00+00:00,2.3325321e-05
2011-12-26 16:00:00+00:00,0.03815058
2011-12-26 17:00:00+00:00,0.061743245
2011-12-26 18:00:00+00:00,0.05126095
2011-12-26 19:00:00+00:00,0.2899573
2011-12-26 20:00:00+00:00,0.07870031
2011-12-26 21:00:00+00:00,0.00029163368
2011-12-26 22:00:00+00:00,0.0030983496
2011-12-26 23:00:00+00:00,0.0
2011-12-27 00:00:00+00:00,0.0
2011-12-27 01:00:00+00:00,0.0
2011-12-27 02:00:00+00:00,0.0
2011-12-27 03:00:00+00:00,0.0
2011-12-27 04:00:00+00:00,0.0
2011-12-27 05:00:00+00:00,0.0
2011-12-27 06:00:00+00:00,0.0
2011-12-27 07:00:00+00:00,0.0
2011-12-27 08:00:00+00:00,0.0
2011-12-27 09:00:00+00:00,0.0
2011-12-27 10:00:00+00:00,0.0
2011-12-27 11:00:00+00:00,0.0
2011-12-27 12:00:00+00:00,0.0
2011-12-27 13:00:00+00:00,0.0
2011-12-27 14:00:00+00:00,0.29573256
2011-12-27 15:00:00+00:00,0.51573765
2011-12-27 16:00:00+00:00,0.49957687
2011-12-27 17:00:00+00:00,0.43444508
2011-12-27 18:00:00+00:00,0.43598875
2011-12-27 19:00:00+00:00,0.3221031
2011-12-27 20:00:00+00:00,0.31938207
2011-12-27 21:00:00+00:00,0.24369742
2011-12-27 22:00:00+00:00,0.051576957
2011-12-27 23:00:00+00:00,0.0
2011-12-28 00:00:00+00:00,0.0
2011-12-28 01:00:00+00:00,0.0
2011-12-28 02:00:00+00:00,0.0
2011-12-28 03:00:00+00:00,0.0
2011-12-28 04:00:00+00:00,0.0
2011-12-28 05:00:00+00:00,0.0
2011-12-28 06:00:00+00:00,0.0
2011-12-28 07:00:00+00:00,0.0
2011-12-28 08:00:00+00:00,0.0
2011-12-28 09:00:00+00:00,0.0
2011-12-28 10:00:00+00:00,0.0
2011-12-28 11:00:00+00:00,0.0
2011-12-28 12:00:00+00:00,0.0
2011-12-28 13:00:00+00:00,0.0
2011-12-28 14:00:00+00:00,0.03593797
2011-12-28 15:00:00+00:00,0.14638405
2011-12-28 16:00:00+00:00,0.31319696
2011-12-28 17:00:00+00:00,0.43400034
2011-12-28 18:00:00+00:00,0.4213907
2011-12-28 19:00:00+00:00,0.46147934
2011-12-28 20:00:00+00:00,0.4998312
2011-12-28 21:00:00+00:00,0.3937262
2011-12-28 22:00:00+00:00,0.065782845
2011-12-28 23:00:00+00:00,0.0
2011-12-29 00:00:00+00:00,0.0
2011-12-29 01:00:00+00:00,0.0
2011-12-29 02:00:00+00:00,0.0
2011-12-29 03:00:00+00:00,0.0
2011-12-29 04:00:00+00:00,0.0
2011-12-29 05:00:00+00:00,0.0
2011-12-29 06:00:00+00:00,0.0
2011-12-29 07:00:00+00:00,0.0
2011-12-29 08:00:00+00:00,0.0
2011-12-29 09:00:00+00:00,0.0
2011-12-29 10:00:00+00:00,0.0
2011-12-29 11:00:00+00:00,0.0
2011-12-29 12:00:00+00:00,0.0
2011-12-29 13:00:00+00:00,0.0
2011-12-29 14:00:00+00:00,0.029568308999999997
2011-12-29 15:00:00+00:00,0.16760208
2011-12-29 16:00:00+00:00,0.19488582
2011-12-29 17:00:00+00:00,0.09178604
2011-12-29 18:00:00+00:00,0.04850887
2011-12-29 19:00:00+00:00,0.04059552
2011-12-29 20:00:00+00:00,0.30215636
2011-12-29 21:00:00+00:00,0.2580461
2011-12-29 22:00:00+00:00,0.061551508
2011-12-29 23:00:00+00:00,0.0
2011-12-30 00:00:00+00:00,0.0
2011-12-30 01:00:00+00:00,0.0
2011-12-30 02:00:00+00:00,0.0
2011-12-30 03:00:00+00:00,0.0
2011-12-30 04:00:00+00:00,0.0
2011-12-30 05:00:00+00:00,0.0
2011-12-30 06:00:00+00:00,0.0
2011-12-30 07:00:00+00:00,0.0
2011-12-30 08:00:00+00:00,0.0
2011-12-30 09:00:00+00:00,0.0
2011-12-30 10:00:00+00:00,0.0
2011-12-30 11:00:00+00:00,0.0
2011-12-30 12:00:00+00:00,0.0
2011-12-30 13:00:00+00:00,0.0
2011-12-30 14:00:00+00:00,0.14824952
2011-12-30 15:00:00+00:00,0.31764016
2011-12-30 16:00:00+00:00,0.3249489
2011-12-30 17:00:00+00:00,0.34782579999999996
2011-12-30 18:00:00+00:00,0.37123197
2011-12-30 19:00:00+00:00,0.453334
2011-12-30 20:00:00+00:00,0.48766318
2011-12-30 21:00:00+00:00,0.39348438
2011-12-30 22:00:00+00:00,0.07988777
2011-12-30 23:00:00+00:00,0.0
2011-12-31 00:00:00+00:00,0.0
2011-12-31 01:00:00+00:00,0.0
2011-12-31 02:00:00+00:00,0.0
2011-12-31 03:00:00+00:00,0.0
2011-12-31 04:00:00+00:00,0.0
2011-12-31 05:00:00+00:00,0.0
2011-12-31 06:00:00+00:00,0.0
2011-12-31 07:00:00+00:00,0.0
2011-12-31 08:00:00+00:00,0.0
2011-12-31 09:00:00+00:00,0.0
2011-12-31 10:00:00+00:00,0.0
2011-12-31 11:00:00+00:00,0.0
2011-12-31 12:00:00+00:00,0.0
2011-12-31 13:00:00+00:00,0.0
2011-12-31 14:00:00+00:00,0.21929605
2011-12-31 15:00:00+00:00,0.46756968
2011-12-31 16:00:00+00:00,0.44701573
2011-12-31 17:00:00+00:00,0.12499762
2011-12-31 18:00:00+00:00,0.060553092999999995
2011-12-31 19:00:00+00:00,0.15718867
2011-12-31 20:00:00+00:00,0.27091509999999996
2011-12-31 21:00:00+00:00,0.41404003
2011-12-31 22:00:00+00:00,0.08798175
2011-12-31 23:00:00+00:00,0.0
2012-01-01 00:00:00+00:00,0.0
2012-01-01 01:00:00+00:00,0.0
2012-01-01 02:00:00+00:00,0.0
2012-01-01 03:00:00+00:00,0.0
2012-01-01 04:00:00+00:00,0.0
2012-01-01 05:00:00+00:00,0.0
2012-01-01 06:00:00+00:00,0.0
2012-01-01 07:00:00+00:00,0.0
2012-01-01 08:00:00+00:00,0.0
2012-01-01 09:00:00+00:00,0.0
2012-01-01 10:00:00+00:00,0.0
2012-01-01 11:00:00+00:00,0.0
2012-01-01 12:00:00+00:00,0.0
2012-01-01 13:00:00+00:00,0.0
2012-01-01 14:00:00+00:00,0.017716527
2012-01-01 15:00:00+00:00,0.13750686
2012-01-01 16:00:00+00:00,0.15044847
2012-01-01 17:00:00+00:00,0.20889042
2012-01-01 18:00:00+00:00,0.25787538
2012-01-01 19:00:00+00:00,0.38029164
2012-01-01 20:00:00+00:00,0.3172235
2012-01-01 21:00:00+00:00,0.3159047
2012-01-01 22:00:00+00:00,0.05883933
2012-01-01 23:00:00+00:00,0.0
2012-01-02 00:00:00+00:00,0.0
2012-01-02 01:00:00+00:00,0.0
2012-01-02 02:00:00+00:00,0.0
2012-01-02 03:00:00+00:00,0.0
2012-01-02 04:00:00+00:00,0.0
2012-01-02 05:00:00+00:00,0.0
2012-01-02 06:00:00+00:00,0.0
2012-01-02 07:00:00+00:00,0.0
2012-01-02 08:00:00+00:00,0.0
2012-01-02 09:00:00+00:00,0.0
2012-01-02 10:00:00+00:00,0.0
2012-01-02 11:00:00+00:00,0.0
2012-01-02 12:00:00+00:00,0.0
2012-01-02 13:00:00+00:00,0.0
2012-01-02 14:00:00+00:00,0.29659808
2012-01-02 15:00:00+00:00,0.53639436
2012-01-02 16:00:00+00:00,0.5317979
2012-01-02 17:00:00+00:00,0.48459852
2012-01-02 18:00:00+00:00,0.46843013
2012-01-02 19:00:00+00:00,0.50624555
2012-01-02 20:00:00+00:00,0.5434121000000001
2012-01-02 21:00:00+00:00,0.44689882
2012-01-02 22:00:00+00:00,0.10618266
2012-01-02 23:00:00+00:00,0.0
2012-01-03 00:00:00+00:00,0.0
2012-01-03 01:00:00+00:00,0.0
2012-01-03 02:00:00+00:00,0.0
2012-01-03 03:00:00+00:00,0.0
2012-01-03 04:00:00+00:00,0.0
2012-01-03 05:00:00+00:00,0.0
2012-01-03 06:00:00+00:00,0.0
2012-01-03 07:00:00+00:00,0.0
2012-01-03 08:00:00+00:00,0.0
2012-01-03 09:00:00+00:00,0.0
2012-01-03 10:00:00+00:00,0.0
2012-01-03 11:00:00+00:00,0.0
2012-01-03 12:00:00+00:00,0.0
2012-01-03 13:00:00+00:00,0.0
2012-01-03 14:00:00+00:00,0.27964467
2012-01-03 15:00:00+00:00,0.34666353
2012-01-03 16:00:00+00:00,0.20604968
2012-01-03 17:00:00+00:00,0.15229668
2012-01-03 18:00:00+00:00,0.19244096
2012-01-03 19:00:00+00:00,0.35702783
2012-01-03 20:00:00+00:00,0.49279025
2012-01-03 21:00:00+00:00,0.41038483
2012-01-03 22:00:00+00:00,0.09894256
2012-01-03 23:00:00+00:00,0.0
2012-01-04 00:00:00+00:00,0.0
2012-01-04 01:00:00+00:00,0.0
2012-01-04 02:00:00+00:00,0.0
2012-01-04 03:00:00+00:00,0.0
2012-01-04 04:00:00+00:00,0.0
2012-01-04 05:00:00+00:00,0.0
2012-01-04 06:00:00+00:00,0.0
2012-01-04 07:00:00+00:00,0.0
2012-01-04 08:00:00+00:00,0.0
2012-01-04 09:00:00+00:00,0.0
2012-01-04 10:00:00+00:00,0.0
2012-01-04 11:00:00+00:00,0.0
2012-01-04 12:00:00+00:00,0.0
2012-01-04 13:00:00+00:00,0.0
2012-01-04 14:00:00+00:00,0.2827002
2012-01-04 15:00:00+00:00,0.5093399000000001
2012-01-04 16:00:00+00:00,0.49606088
2012-01-04 17:00:00+00:00,0.44478467
2012-01-04 18:00:00+00:00,0.3958507
2012-01-04 19:00:00+00:00,0.46773908
2012-01-04 20:00:00+00:00,0.5097553
2012-01-04 21:00:00+00:00,0.33573076
2012-01-04 22:00:00+00:00,0.110459924
2012-01-04 23:00:00+00:00,0.0
2012-01-05 00:00:00+00:00,0.0
2012-01-05 01:00:00+00:00,0.0
2012-01-05 02:00:00+00:00,0.0
2012-01-05 03:00:00+00:00,0.0
2012-01-05 04:00:00+00:00,0.0
2012-01-05 05:00:00+00:00,0.0
2012-01-05 06:00:00+00:00,0.0
2012-01-05 07:00:00+00:00,0.0
2012-01-05 08:00:00+00:00,0.0
2012-01-05 09:00:00+00:00,0.0
2012-01-05 10:00:00+00:00,0.0
2012-01-05 11:00:00+00:00,0.0
2012-01-05 12:00:00+00:00,0.0
2012-01-05 13:00:00+00:00,0.0
2012-01-05 14:00:00+00:00,0.27730770000000005
2012-01-05 15:00:00+00:00,0.50181127
2012-01-05 16:00:00+00:00,0.49196480000000004
2012-01-05 17:00:00+00:00,0.44510776
2012-01-05 18:00:00+00:00,0.43431556
2012-01-05 19:00:00+00:00,0.4734109
2012-01-05 20:00:00+00:00,0.5225175
2012-01-05 21:00:00+00:00,0.45820686
2012-01-05 22:00:00+00:00,0.12306816
2012-01-05 23:00:00+00:00,0.0
2012-01-06 00:00:00+00:00,0.0
2012-01-06 01:00:00+00:00,0.0
2012-01-06 02:00:00+00:00,0.0
2012-01-06 03:00:00+00:00,0.0
2012-01-06 04:00:00+00:00,0.0
2012-01-06 05:00:00+00:00,0.0
2012-01-06 06:00:00+00:00,0.0
2012-01-06 07:00:00+00:00,0.0
2012-01-06 08:00:00+00:00,0.0
2012-01-06 09:00:00+00:00,0.0
2012-01-06 10:00:00+00:00,0.0
2012-01-06 11:00:00+00:00,0.0
2012-01-06 12:00:00+00:00,0.0
2012-01-06 13:00:00+00:00,0.0
2012-01-06 14:00:00+00:00,0.24754116
2012-01-06 15:00:00+00:00,0.48342654
2012-01-06 16:00:00+00:00,0.42724556
2012-01-06 17:00:00+00:00,0.34257942
2012-01-06 18:00:00+00:00,0.3711783
2012-01-06 19:00:00+00:00,0.38522708
2012-01-06 20:00:00+00:00,0.51196057
2012-01-06 21:00:00+00:00,0.4491022
2012-01-06 22:00:00+00:00,0.12628295
2012-01-06 23:00:00+00:00,0.0
2012-01-07 00:00:00+00:00,0.0
2012-01-07 01:00:00+00:00,0.0
2012-01-07 02:00:00+00:00,0.0
2012-01-07 03:00:00+00:00,0.0
2012-01-07 04:00:00+00:00,0.0
2012-01-07 05:00:00+00:00,0.0
2012-01-07 06:00:00+00:00,0.0
2012-01-07 07:00:00+00:00,0.0
2012-01-07 08:00:00+00:00,0.0
2012-01-07 09:00:00+00:00,0.0
2012-01-07 10:00:00+00:00,0.0
2012-01-07 11:00:00+00:00,0.0
2012-01-07 12:00:00+00:00,0.0
2012-01-07 13:00:00+00:00,0.0
2012-01-07 14:00:00+00:00,0.27780655
2012-01-07 15:00:00+00:00,0.5013516
2012-01-07 16:00:00+00:00,0.49246720000000005
2012-01-07 17:00:00+00:00,0.447275
2012-01-07 18:00:00+00:00,0.43205523
2012-01-07 19:00:00+00:00,0.46670887
2012-01-07 20:00:00+00:00,0.5012501
2012-01-07 21:00:00+00:00,0.43351194
2012-01-07 22:00:00+00:00,0.12370696
2012-01-07 23:00:00+00:00,0.0
2012-01-08 00:00:00+00:00,0.0
2012-01-08 01:00:00+00:00,0.0
2012-01-08 02:00:00+00:00,0.0
2012-01-08 03:00:00+00:00,0.0
2012-01-08 04:00:00+00:00,0.0
2012-01-08 05:00:00+00:00,0.0
2012-01-08 06:00:00+00:00,0.0
2012-01-08 07:00:00+00:00,0.0
2012-01-08 08:00:00+00:00,0.0
2012-01-08 09:00:00+00:00,0.0
2012-01-08 10:00:00+00:00,0.0
2012-01-08 11:00:00+00:00,0.0
2012-01-08 12:00:00+00:00,0.0
2012-01-08 13:00:00+00:00,0.0
2012-01-08 14:00:00+00:00,0.010831773000000001
2012-01-08 15:00:00+00:00,0.16275986
2012-01-08 16:00:00+00:00,0.20590888
2012-01-08 17:00:00+00:00,0.32489082
2012-01-08 18:00:00+00:00,0.33368552
2012-01-08 19:00:00+00:00,0.45210600000000006
2012-01-08 20:00:00+00:00,0.48931792
2012-01-08 21:00:00+00:00,0.43131644
2012-01-08 22:00:00+00:00,0.13204074
2012-01-08 23:00:00+00:00,0.0
2012-01-09 00:00:00+00:00,0.0
2012-01-09 01:00:00+00:00,0.0
2012-01-09 02:00:00+00:00,0.0
2012-01-09 03:00:00+00:00,0.0
2012-01-09 04:00:00+00:00,0.0
2012-01-09 05:00:00+00:00,0.0
2012-01-09 06:00:00+00:00,0.0
2012-01-09 07:00:00+00:00,0.0
2012-01-09 08:00:00+00:00,0.0
2012-01-09 09:00:00+00:00,0.0
2012-01-09 10:00:00+00:00,0.0
2012-01-09 11:00:00+00:00,0.0
2012-01-09 12:00:00+00:00,0.0
2012-01-09 13:00:00+00:00,0.0
2012-01-09 14:00:00+00:00,0.27870908
2012-01-09 15:00:00+00:00,0.42006436
2012-01-09 16:00:00+00:00,0.39063367
2012-01-09 17:00:00+00:00,0.35387340000000006
2012-01-09 18:00:00+00:00,0.43107128
2012-01-09 19:00:00+00:00,0.46360448
2012-01-09 20:00:00+00:00,0.50582314
2012-01-09 21:00:00+00:00,0.45526179999999994
2012-01-09 22:00:00+00:00,0.13996774
2012-01-09 23:00:00+00:00,0.0
2012-01-10 00:00:00+00:00,0.0
2012-01-10 01:00:00+00:00,0.0
2012-01-10 02:00:00+00:00,0.0
2012-01-10 03:00:00+00:00,0.0
2012-01-10 04:00:00+00:00,0.0
2012-01-10 05:00:00+00:00,0.0
2012-01-10 06:00:00+00:00,0.0
2012-01-10 07:00:00+00:00,0.0
2012-01-10 08:00:00+00:00,0.0
2012-01-10 09:00:00+00:00,0.0
2012-01-10 10:00:00+00:00,0.0
2012-01-10 11:00:00+00:00,0.0
2012-01-10 12:00:00+00:00,0.0
2012-01-10 13:00:00+00:00,0.0
2012-01-10 14:00:00+00:00,0.006211848000000001
2012-01-10 15:00:00+00:00,0.03366967
2012-01-10 16:00:00+00:00,0.021990886
2012-01-10 17:00:00+00:00,0.27110016
2012-01-10 18:00:00+00:00,0.19557758
2012-01-10 19:00:00+00:00,0.38018557
2012-01-10 20:00:00+00:00,0.31120104
2012-01-10 21:00:00+00:00,0.05489514
2012-01-10 22:00:00+00:00,0.10359900400000001
2012-01-10 23:00:00+00:00,0.0
2012-01-11 00:00:00+00:00,0.0
2012-01-11 01:00:00+00:00,0.0
2012-01-11 02:00:00+00:00,0.0
2012-01-11 03:00:00+00:00,0.0
2012-01-11 04:00:00+00:00,0.0
2012-01-11 05:00:00+00:00,0.0
2012-01-11 06:00:00+00:00,0.0
2012-01-11 07:00:00+00:00,0.0
2012-01-11 08:00:00+00:00,0.0
2012-01-11 09:00:00+00:00,0.0
2012-01-11 10:00:00+00:00,0.0
2012-01-11 11:00:00+00:00,0.0
2012-01-11 12:00:00+00:00,0.0
2012-01-11 13:00:00+00:00,0.0
2012-01-11 14:00:00+00:00,0.021917203
2012-01-11 15:00:00+00:00,0.060192503
2012-01-11 16:00:00+00:00,0.048268043
2012-01-11 17:00:00+00:00,0.04809007
2012-01-11 18:00:00+00:00,0.06284980000000001
2012-01-11 19:00:00+00:00,0.031291942999999996
2012-01-11 20:00:00+00:00,0.08248027
2012-01-11 21:00:00+00:00,0.037611727000000005
2012-01-11 22:00:00+00:00,0.027856357
2012-01-11 23:00:00+00:00,0.0
2012-01-12 00:00:00+00:00,0.0
2012-01-12 01:00:00+00:00,0.0
2012-01-12 02:00:00+00:00,0.0
2012-01-12 03:00:00+00:00,0.0
2012-01-12 04:00:00+00:00,0.0
2012-01-12 05:00:00+00:00,0.0
2012-01-12 06:00:00+00:00,0.0
2012-01-12 07:00:00+00:00,0.0
2012-01-12 08:00:00+00:00,0.0
2012-01-12 09:00:00+00:00,0.0
2012-01-12 10:00:00+00:00,0.0
2012-01-12 11:00:00+00:00,0.0
2012-01-12 12:00:00+00:00,0.0
2012-01-12 13:00:00+00:00,0.0
2012-01-12 14:00:00+00:00,0.016085543
2012-01-12 15:00:00+00:00,0.094079465
2012-01-12 16:00:00+00:00,0.15673491
2012-01-12 17:00:00+00:00,0.19349660000000002
2012-01-12 18:00:00+00:00,0.19372839
2012-01-12 19:00:00+00:00,0.13956769
2012-01-12 20:00:00+00:00,0.109607875
2012-01-12 21:00:00+00:00,0.05627554
2012-01-12 22:00:00+00:00,0.13589531
2012-01-12 23:00:00+00:00,0.0
2012-01-13 00:00:00+00:00,0.0
2012-01-13 01:00:00+00:00,0.0
2012-01-13 02:00:00+00:00,0.0
2012-01-13 03:00:00+00:00,0.0
2012-01-13 04:00:00+00:00,0.0
2012-01-13 05:00:00+00:00,0.0
2012-01-13 06:00:00+00:00,0.0
2012-01-13 07:00:00+00:00,0.0
2012-01-13 08:00:00+00:00,0.0
2012-01-13 09:00:00+00:00,0.0
2012-01-13 10:00:00+00:00,0.0
2012-01-13 11:00:00+00:00,0.0
2012-01-13 12:00:00+00:00,0.0
2012-01-13 13:00:00+00:00,0.0
2012-01-13 14:00:00+00:00,0.26584285
2012-01-13 15:00:00+00:00,0.37579045
2012-01-13 16:00:00+00:00,0.35256168
2012-01-13 17:00:00+00:00,0.47096809999999995
2012-01-13 18:00:00+00:00,0.46107298
2012-01-13 19:00:00+00:00,0.21161023
2012-01-13 20:00:00+00:00,0.45746452
2012-01-13 21:00:00+00:00,0.09229874
2012-01-13 22:00:00+00:00,0.044207785
2012-01-13 23:00:00+00:00,0.0
2012-01-14 00:00:00+00:00,0.0
2012-01-14 01:00:00+00:00,0.0
2012-01-14 02:00:00+00:00,0.0
2012-01-14 03:00:00+00:00,0.0
2012-01-14 04:00:00+00:00,0.0
2012-01-14 05:00:00+00:00,0.0
2012-01-14 06:00:00+00:00,0.0
2012-01-14 07:00:00+00:00,0.0
2012-01-14 08:00:00+00:00,0.0
2012-01-14 09:00:00+00:00,0.0
2012-01-14 10:00:00+00:00,0.0
2012-01-14 11:00:00+00:00,0.0
2012-01-14 12:00:00+00:00,0.0
2012-01-14 13:00:00+00:00,0.0
2012-01-14 14:00:00+00:00,0.31866366
2012-01-14 15:00:00+00:00,0.5434871
2012-01-14 16:00:00+00:00,0.5364899999999999
2012-01-14 17:00:00+00:00,0.49164352
2012-01-14 18:00:00+00:00,0.47056836
2012-01-14 19:00:00+00:00,0.49926835
2012-01-14 20:00:00+00:00,0.5347291999999999
2012-01-14 21:00:00+00:00,0.49682970000000004
2012-01-14 22:00:00+00:00,0.17183287
2012-01-14 23:00:00+00:00,0.0
2012-01-15 00:00:00+00:00,0.0
2012-01-15 01:00:00+00:00,0.0
2012-01-15 02:00:00+00:00,0.0
2012-01-15 03:00:00+00:00,0.0
2012-01-15 04:00:00+00:00,0.0
2012-01-15 05:00:00+00:00,0.0
2012-01-15 06:00:00+00:00,0.0
2012-01-15 07:00:00+00:00,0.0
2012-01-15 08:00:00+00:00,0.0
2012-01-15 09:00:00+00:00,0.0
2012-01-15 10:00:00+00:00,0.0
2012-01-15 11:00:00+00:00,0.0
2012-01-15 12:00:00+00:00,0.0
2012-01-15 13:00:00+00:00,0.0
2012-01-15 14:00:00+00:00,0.00916527
2012-01-15 15:00:00+00:00,0.030677974
2012-01-15 16:00:00+00:00,0.07161554
2012-01-15 17:00:00+00:00,0.036547534
2012-01-15 18:00:00+00:00,0.10817284
2012-01-15 19:00:00+00:00,0.04923949
2012-01-15 20:00:00+00:00,0.030845419
2012-01-15 21:00:00+00:00,0.018765233
2012-01-15 22:00:00+00:00,0.0018148783
2012-01-15 23:00:00+00:00,0.0
2012-01-16 00:00:00+00:00,0.0
2012-01-16 01:00:00+00:00,0.0
2012-01-16 02:00:00+00:00,0.0
2012-01-16 03:00:00+00:00,0.0
2012-01-16 04:00:00+00:00,0.0
2012-01-16 05:00:00+00:00,0.0
2012-01-16 06:00:00+00:00,0.0
2012-01-16 07:00:00+00:00,0.0
2012-01-16 08:00:00+00:00,0.0
2012-01-16 09:00:00+00:00,0.0
2012-01-16 10:00:00+00:00,0.0
2012-01-16 11:00:00+00:00,0.0
2012-01-16 12:00:00+00:00,0.0
2012-01-16 13:00:00+00:00,0.0
2012-01-16 14:00:00+00:00,0.040245436
2012-01-16 15:00:00+00:00,0.008640863
2012-01-16 16:00:00+00:00,0.025094066
2012-01-16 17:00:00+00:00,0.0169032
2012-01-16 18:00:00+00:00,0.068273135
2012-01-16 19:00:00+00:00,0.26477423
2012-01-16 20:00:00+00:00,0.09770885
2012-01-16 21:00:00+00:00,0.07955574
2012-01-16 22:00:00+00:00,0.16809155
2012-01-16 23:00:00+00:00,0.0
2012-01-17 00:00:00+00:00,0.0
2012-01-17 01:00:00+00:00,0.0
2012-01-17 02:00:00+00:00,0.0
2012-01-17 03:00:00+00:00,0.0
2012-01-17 04:00:00+00:00,0.0
2012-01-17 05:00:00+00:00,0.0
2012-01-17 06:00:00+00:00,0.0
2012-01-17 07:00:00+00:00,0.0
2012-01-17 08:00:00+00:00,0.0
2012-01-17 09:00:00+00:00,0.0
2012-01-17 10:00:00+00:00,0.0
2012-01-17 11:00:00+00:00,0.0
2012-01-17 12:00:00+00:00,0.0
2012-01-17 13:00:00+00:00,0.0
2012-01-17 14:00:00+00:00,0.047135375
2012-01-17 15:00:00+00:00,0.09770768
2012-01-17 16:00:00+00:00,0.14481398
2012-01-17 17:00:00+00:00,0.33619514
2012-01-17 18:00:00+00:00,0.3313761
2012-01-17 19:00:00+00:00,0.34513813
2012-01-17 20:00:00+00:00,0.56154966
2012-01-17 21:00:00+00:00,0.52961195
2012-01-17 22:00:00+00:00,0.19762637
2012-01-17 23:00:00+00:00,0.0
2012-01-18 00:00:00+00:00,0.0
2012-01-18 01:00:00+00:00,0.0
2012-01-18 02:00:00+00:00,0.0
2012-01-18 03:00:00+00:00,0.0
2012-01-18 04:00:00+00:00,0.0
2012-01-18 05:00:00+00:00,0.0
2012-01-18 06:00:00+00:00,0.0
2012-01-18 07:00:00+00:00,0.0
2012-01-18 08:00:00+00:00,0.0
2012-01-18 09:00:00+00:00,0.0
2012-01-18 10:00:00+00:00,0.0
2012-01-18 11:00:00+00:00,0.0
2012-01-18 12:00:00+00:00,0.0
2012-01-18 13:00:00+00:00,0.0
2012-01-18 14:00:00+00:00,0.12683436
2012-01-18 15:00:00+00:00,0.2708828
2012-01-18 16:00:00+00:00,0.2390717
2012-01-18 17:00:00+00:00,0.29783523
2012-01-18 18:00:00+00:00,0.3255287
2012-01-18 19:00:00+00:00,0.25907803
2012-01-18 20:00:00+00:00,0.2118438
2012-01-18 21:00:00+00:00,0.27811828
2012-01-18 22:00:00+00:00,0.07497717400000001
2012-01-18 23:00:00+00:00,0.0
2012-01-19 00:00:00+00:00,0.0
2012-01-19 01:00:00+00:00,0.0
2012-01-19 02:00:00+00:00,0.0
2012-01-19 03:00:00+00:00,0.0
2012-01-19 04:00:00+00:00,0.0
2012-01-19 05:00:00+00:00,0.0
2012-01-19 06:00:00+00:00,0.0
2012-01-19 07:00:00+00:00,0.0
2012-01-19 08:00:00+00:00,0.0
2012-01-19 09:00:00+00:00,0.0
2012-01-19 10:00:00+00:00,0.0
2012-01-19 11:00:00+00:00,0.0
2012-01-19 12:00:00+00:00,0.0
2012-01-19 13:00:00+00:00,0.0
2012-01-19 14:00:00+00:00,0.18547079
2012-01-19 15:00:00+00:00,0.21301231
2012-01-19 16:00:00+00:00,0.21137305
2012-01-19 17:00:00+00:00,0.2732809
2012-01-19 18:00:00+00:00,0.20961012
2012-01-19 19:00:00+00:00,0.05742132
2012-01-19 20:00:00+00:00,0.075763464
2012-01-19 21:00:00+00:00,0.024873909
2012-01-19 22:00:00+00:00,0.010699433999999999
2012-01-19 23:00:00+00:00,0.0
2012-01-20 00:00:00+00:00,0.0
2012-01-20 01:00:00+00:00,0.0
2012-01-20 02:00:00+00:00,0.0
2012-01-20 03:00:00+00:00,0.0
2012-01-20 04:00:00+00:00,0.0
2012-01-20 05:00:00+00:00,0.0
2012-01-20 06:00:00+00:00,0.0
2012-01-20 07:00:00+00:00,0.0
2012-01-20 08:00:00+00:00,0.0
2012-01-20 09:00:00+00:00,0.0
2012-01-20 10:00:00+00:00,0.0
2012-01-20 11:00:00+00:00,0.0
2012-01-20 12:00:00+00:00,0.0
2012-01-20 13:00:00+00:00,0.0
2012-01-20 14:00:00+00:00,0.11081488
2012-01-20 15:00:00+00:00,0.061317354000000004
2012-01-20 16:00:00+00:00,0.0685466
2012-01-20 17:00:00+00:00,0.085639544
2012-01-20 18:00:00+00:00,0.10756403
2012-01-20 19:00:00+00:00,0.12585062
2012-01-20 20:00:00+00:00,0.23093785
2012-01-20 21:00:00+00:00,0.47158247
2012-01-20 22:00:00+00:00,0.1759034
2012-01-20 23:00:00+00:00,0.0
2012-01-21 00:00:00+00:00,0.0
2012-01-21 01:00:00+00:00,0.0
2012-01-21 02:00:00+00:00,0.0
2012-01-21 03:00:00+00:00,0.0
2012-01-21 04:00:00+00:00,0.0
2012-01-21 05:00:00+00:00,0.0
2012-01-21 06:00:00+00:00,0.0
2012-01-21 07:00:00+00:00,0.0
2012-01-21 08:00:00+00:00,0.0
2012-01-21 09:00:00+00:00,0.0
2012-01-21 10:00:00+00:00,0.0
2012-01-21 11:00:00+00:00,0.0
2012-01-21 12:00:00+00:00,0.0
2012-01-21 13:00:00+00:00,0.0
2012-01-21 14:00:00+00:00,0.31889045
2012-01-21 15:00:00+00:00,0.4074913
2012-01-21 16:00:00+00:00,0.13041343
2012-01-21 17:00:00+00:00,0.11909521
2012-01-21 18:00:00+00:00,0.20946619
2012-01-21 19:00:00+00:00,0.13201155
2012-01-21 20:00:00+00:00,0.27392066
2012-01-21 21:00:00+00:00,0.08846847
2012-01-21 22:00:00+00:00,0.021748671
2012-01-21 23:00:00+00:00,0.0
2012-01-22 00:00:00+00:00,0.0
2012-01-22 01:00:00+00:00,0.0
2012-01-22 02:00:00+00:00,0.0
2012-01-22 03:00:00+00:00,0.0
2012-01-22 04:00:00+00:00,0.0
2012-01-22 05:00:00+00:00,0.0
2012-01-22 06:00:00+00:00,0.0
2012-01-22 07:00:00+00:00,0.0
2012-01-22 08:00:00+00:00,0.0
2012-01-22 09:00:00+00:00,0.0
2012-01-22 10:00:00+00:00,0.0
2012-01-22 11:00:00+00:00,0.0
2012-01-22 12:00:00+00:00,0.0
2012-01-22 13:00:00+00:00,0.0
2012-01-22 14:00:00+00:00,0.26676244
2012-01-22 15:00:00+00:00,0.08309204
2012-01-22 16:00:00+00:00,0.18118405
2012-01-22 17:00:00+00:00,0.0935597
2012-01-22 18:00:00+00:00,0.46904203
2012-01-22 19:00:00+00:00,0.49945329999999993
2012-01-22 20:00:00+00:00,0.5361235
2012-01-22 21:00:00+00:00,0.50330114
2012-01-22 22:00:00+00:00,0.20893104
2012-01-22 23:00:00+00:00,0.0
2012-01-23 00:00:00+00:00,0.0
2012-01-23 01:00:00+00:00,0.0
2012-01-23 02:00:00+00:00,0.0
2012-01-23 03:00:00+00:00,0.0
2012-01-23 04:00:00+00:00,0.0
2012-01-23 05:00:00+00:00,0.0
2012-01-23 06:00:00+00:00,0.0
2012-01-23 07:00:00+00:00,0.0
2012-01-23 08:00:00+00:00,0.0
2012-01-23 09:00:00+00:00,0.0
2012-01-23 10:00:00+00:00,0.0
2012-01-23 11:00:00+00:00,0.0
2012-01-23 12:00:00+00:00,0.0
2012-01-23 13:00:00+00:00,0.0
2012-01-23 14:00:00+00:00,0.34957072
2012-01-23 15:00:00+00:00,0.57129574
2012-01-23 16:00:00+00:00,0.55868506
2012-01-23 17:00:00+00:00,0.5107934000000001
2012-01-23 18:00:00+00:00,0.49103025
2012-01-23 19:00:00+00:00,0.52112454
2012-01-23 20:00:00+00:00,0.56542987
2012-01-23 21:00:00+00:00,0.42552170000000006
2012-01-23 22:00:00+00:00,0.22772288
2012-01-23 23:00:00+00:00,0.0
2012-01-24 00:00:00+00:00,0.0
2012-01-24 01:00:00+00:00,0.0
2012-01-24 02:00:00+00:00,0.0
2012-01-24 03:00:00+00:00,0.0
2012-01-24 04:00:00+00:00,0.0
2012-01-24 05:00:00+00:00,0.0
2012-01-24 06:00:00+00:00,0.0
2012-01-24 07:00:00+00:00,0.0
2012-01-24 08:00:00+00:00,0.0
2012-01-24 09:00:00+00:00,0.0
2012-01-24 10:00:00+00:00,0.0
2012-01-24 11:00:00+00:00,0.0
2012-01-24 12:00:00+00:00,0.0
2012-01-24 13:00:00+00:00,0.0
2012-01-24 14:00:00+00:00,0.041201442000000005
2012-01-24 15:00:00+00:00,0.26261425
2012-01-24 16:00:00+00:00,0.34994408
2012-01-24 17:00:00+00:00,0.11824722
2012-01-24 18:00:00+00:00,0.16919793
2012-01-24 19:00:00+00:00,0.076528385
2012-01-24 20:00:00+00:00,0.039154913
2012-01-24 21:00:00+00:00,0.056834187
2012-01-24 22:00:00+00:00,0.00017871226999999998
2012-01-24 23:00:00+00:00,0.0
2012-01-25 00:00:00+00:00,0.0
2012-01-25 01:00:00+00:00,0.0
2012-01-25 02:00:00+00:00,0.0
2012-01-25 03:00:00+00:00,0.0
2012-01-25 04:00:00+00:00,0.0
2012-01-25 05:00:00+00:00,0.0
2012-01-25 06:00:00+00:00,0.0
2012-01-25 07:00:00+00:00,0.0
2012-01-25 08:00:00+00:00,0.0
2012-01-25 09:00:00+00:00,0.0
2012-01-25 10:00:00+00:00,0.0
2012-01-25 11:00:00+00:00,0.0
2012-01-25 12:00:00+00:00,0.0
2012-01-25 13:00:00+00:00,0.0
2012-01-25 14:00:00+00:00,0.014134195
2012-01-25 15:00:00+00:00,0.06519012
2012-01-25 16:00:00+00:00,0.07212529
2012-01-25 17:00:00+00:00,0.06978620599999999
2012-01-25 18:00:00+00:00,0.07867302
2012-01-25 19:00:00+00:00,0.11455224
2012-01-25 20:00:00+00:00,0.07140115
2012-01-25 21:00:00+00:00,0.026058203999999998
2012-01-25 22:00:00+00:00,0.008995008
2012-01-25 23:00:00+00:00,0.0
2012-01-26 00:00:00+00:00,0.0
2012-01-26 01:00:00+00:00,0.0
2012-01-26 02:00:00+00:00,0.0
2012-01-26 03:00:00+00:00,0.0
2012-01-26 04:00:00+00:00,0.0
2012-01-26 05:00:00+00:00,0.0
2012-01-26 06:00:00+00:00,0.0
2012-01-26 07:00:00+00:00,0.0
2012-01-26 08:00:00+00:00,0.0
2012-01-26 09:00:00+00:00,0.0
2012-01-26 10:00:00+00:00,0.0
2012-01-26 11:00:00+00:00,0.0
2012-01-26 12:00:00+00:00,0.0
2012-01-26 13:00:00+00:00,0.0
2012-01-26 14:00:00+00:00,0.07553511
2012-01-26 15:00:00+00:00,0.022543594
2012-01-26 16:00:00+00:00,0.040972233
2012-01-26 17:00:00+00:00,0.09399189
2012-01-26 18:00:00+00:00,0.087005965
2012-01-26 19:00:00+00:00,0.054064464000000007
2012-01-26 20:00:00+00:00,0.031860333
2012-01-26 21:00:00+00:00,0.021451982
2012-01-26 22:00:00+00:00,0.2290384
2012-01-26 23:00:00+00:00,0.0
2012-01-27 00:00:00+00:00,0.0
2012-01-27 01:00:00+00:00,0.0
2012-01-27 02:00:00+00:00,0.0
2012-01-27 03:00:00+00:00,0.0
2012-01-27 04:00:00+00:00,0.0
2012-01-27 05:00:00+00:00,0.0
2012-01-27 06:00:00+00:00,0.0
2012-01-27 07:00:00+00:00,0.0
2012-01-27 08:00:00+00:00,0.0
2012-01-27 09:00:00+00:00,0.0
2012-01-27 10:00:00+00:00,0.0
2012-01-27 11:00:00+00:00,0.0
2012-01-27 12:00:00+00:00,0.0
2012-01-27 13:00:00+00:00,0.0
2012-01-27 14:00:00+00:00,0.020470457
2012-01-27 15:00:00+00:00,0.25691146
2012-01-27 16:00:00+00:00,0.5973036
2012-01-27 17:00:00+00:00,0.55033237
2012-01-27 18:00:00+00:00,0.52822804
2012-01-27 19:00:00+00:00,0.55771315
2012-01-27 20:00:00+00:00,0.6019959
2012-01-27 21:00:00+00:00,0.58541965
2012-01-27 22:00:00+00:00,0.27949706
2012-01-27 23:00:00+00:00,0.0
2012-01-28 00:00:00+00:00,0.0
2012-01-28 01:00:00+00:00,0.0
2012-01-28 02:00:00+00:00,0.0
2012-01-28 03:00:00+00:00,0.0
2012-01-28 04:00:00+00:00,0.0
2012-01-28 05:00:00+00:00,0.0
2012-01-28 06:00:00+00:00,0.0
2012-01-28 07:00:00+00:00,0.0
2012-01-28 08:00:00+00:00,0.0
2012-01-28 09:00:00+00:00,0.0
2012-01-28 10:00:00+00:00,0.0
2012-01-28 11:00:00+00:00,0.0
2012-01-28 12:00:00+00:00,0.0
2012-01-28 13:00:00+00:00,0.0
2012-01-28 14:00:00+00:00,0.38045457
2012-01-28 15:00:00+00:00,0.5946814
2012-01-28 16:00:00+00:00,0.5867171999999999
2012-01-28 17:00:00+00:00,0.5333767
2012-01-28 18:00:00+00:00,0.512463
2012-01-28 19:00:00+00:00,0.54015595
2012-01-28 20:00:00+00:00,0.5669728
2012-01-28 21:00:00+00:00,0.551507
2012-01-28 22:00:00+00:00,0.2682992
2012-01-28 23:00:00+00:00,0.0
2012-01-29 00:00:00+00:00,0.0
2012-01-29 01:00:00+00:00,0.0
2012-01-29 02:00:00+00:00,0.0
2012-01-29 03:00:00+00:00,0.0
2012-01-29 04:00:00+00:00,0.0
2012-01-29 05:00:00+00:00,0.0
2012-01-29 06:00:00+00:00,0.0
2012-01-29 07:00:00+00:00,0.0
2012-01-29 08:00:00+00:00,0.0
2012-01-29 09:00:00+00:00,0.0
2012-01-29 10:00:00+00:00,0.0
2012-01-29 11:00:00+00:00,0.0
2012-01-29 12:00:00+00:00,0.0
2012-01-29 13:00:00+00:00,0.0
2012-01-29 14:00:00+00:00,0.17516465
2012-01-29 15:00:00+00:00,0.5583744
2012-01-29 16:00:00+00:00,0.56231904
2012-01-29 17:00:00+00:00,0.5142672
2012-01-29 18:00:00+00:00,0.49435464
2012-01-29 19:00:00+00:00,0.52016866
2012-01-29 20:00:00+00:00,0.5617036
2012-01-29 21:00:00+00:00,0.54193044
2012-01-29 22:00:00+00:00,0.27131859999999997
2012-01-29 23:00:00+00:00,0.0
2012-01-30 00:00:00+00:00,0.0
2012-01-30 01:00:00+00:00,0.0
2012-01-30 02:00:00+00:00,0.0
2012-01-30 03:00:00+00:00,0.0
2012-01-30 04:00:00+00:00,0.0
2012-01-30 05:00:00+00:00,0.0
2012-01-30 06:00:00+00:00,0.0
2012-01-30 07:00:00+00:00,0.0
2012-01-30 08:00:00+00:00,0.0
2012-01-30 09:00:00+00:00,0.0
2012-01-30 10:00:00+00:00,0.0
2012-01-30 11:00:00+00:00,0.0
2012-01-30 12:00:00+00:00,0.0
2012-01-30 13:00:00+00:00,0.0
2012-01-30 14:00:00+00:00,0.11683135
2012-01-30 15:00:00+00:00,0.43437377
2012-01-30 16:00:00+00:00,0.52468383
2012-01-30 17:00:00+00:00,0.47325575
2012-01-30 18:00:00+00:00,0.23190485
2012-01-30 19:00:00+00:00,0.13537885
2012-01-30 20:00:00+00:00,0.120717354
2012-01-30 21:00:00+00:00,0.25730935
2012-01-30 22:00:00+00:00,0.021017304
2012-01-30 23:00:00+00:00,0.0
2012-01-31 00:00:00+00:00,0.0
2012-01-31 01:00:00+00:00,0.0
2012-01-31 02:00:00+00:00,0.0
2012-01-31 03:00:00+00:00,0.0
2012-01-31 04:00:00+00:00,0.0
2012-01-31 05:00:00+00:00,0.0
2012-01-31 06:00:00+00:00,0.0
2012-01-31 07:00:00+00:00,0.0
2012-01-31 08:00:00+00:00,0.0
2012-01-31 09:00:00+00:00,0.0
2012-01-31 10:00:00+00:00,0.0
2012-01-31 11:00:00+00:00,0.0
2012-01-31 12:00:00+00:00,0.0
2012-01-31 13:00:00+00:00,0.0
2012-01-31 14:00:00+00:00,0.10993874
2012-01-31 15:00:00+00:00,0.0419627
2012-01-31 16:00:00+00:00,0.062191248
2012-01-31 17:00:00+00:00,0.19856283
2012-01-31 18:00:00+00:00,0.2928091
2012-01-31 19:00:00+00:00,0.23508666
2012-01-31 20:00:00+00:00,0.1615281
2012-01-31 21:00:00+00:00,0.09725584
2012-01-31 22:00:00+00:00,0.048888754000000006
2012-01-31 23:00:00+00:00,0.0
2012-02-01 00:00:00+00:00,0.0
2012-02-01 01:00:00+00:00,0.0
2012-02-01 02:00:00+00:00,0.0
2012-02-01 03:00:00+00:00,0.0
2012-02-01 04:00:00+00:00,0.0
2012-02-01 05:00:00+00:00,0.0
2012-02-01 06:00:00+00:00,0.0
2012-02-01 07:00:00+00:00,0.0
2012-02-01 08:00:00+00:00,0.0
2012-02-01 09:00:00+00:00,0.0
2012-02-01 10:00:00+00:00,0.0
2012-02-01 11:00:00+00:00,0.0
2012-02-01 12:00:00+00:00,0.0
2012-02-01 13:00:00+00:00,0.0
2012-02-01 14:00:00+00:00,0.18933292
2012-02-01 15:00:00+00:00,0.5717522
2012-02-01 16:00:00+00:00,0.56433284
2012-02-01 17:00:00+00:00,0.52268654
2012-02-01 18:00:00+00:00,0.5065929
2012-02-01 19:00:00+00:00,0.5315635999999999
2012-02-01 20:00:00+00:00,0.5718898
2012-02-01 21:00:00+00:00,0.5416098000000001
2012-02-01 22:00:00+00:00,0.2822476
2012-02-01 23:00:00+00:00,0.0
2012-02-02 00:00:00+00:00,0.0
2012-02-02 01:00:00+00:00,0.0
2012-02-02 02:00:00+00:00,0.0
2012-02-02 03:00:00+00:00,0.0
2012-02-02 04:00:00+00:00,0.0
2012-02-02 05:00:00+00:00,0.0
2012-02-02 06:00:00+00:00,0.0
2012-02-02 07:00:00+00:00,0.0
2012-02-02 08:00:00+00:00,0.0
2012-02-02 09:00:00+00:00,0.0
2012-02-02 10:00:00+00:00,0.0
2012-02-02 11:00:00+00:00,0.0
2012-02-02 12:00:00+00:00,0.0
2012-02-02 13:00:00+00:00,0.0
2012-02-02 14:00:00+00:00,0.25132150000000003
2012-02-02 15:00:00+00:00,0.3639834
2012-02-02 16:00:00+00:00,0.355256
2012-02-02 17:00:00+00:00,0.41515172
2012-02-02 18:00:00+00:00,0.42533278
2012-02-02 19:00:00+00:00,0.50763434
2012-02-02 20:00:00+00:00,0.45668527
2012-02-02 21:00:00+00:00,0.4846957
2012-02-02 22:00:00+00:00,0.17309652
2012-02-02 23:00:00+00:00,0.0
2012-02-03 00:00:00+00:00,0.0
2012-02-03 01:00:00+00:00,0.0
2012-02-03 02:00:00+00:00,0.0
2012-02-03 03:00:00+00:00,0.0
2012-02-03 04:00:00+00:00,0.0
2012-02-03 05:00:00+00:00,0.0
2012-02-03 06:00:00+00:00,0.0
2012-02-03 07:00:00+00:00,0.0
2012-02-03 08:00:00+00:00,0.0
2012-02-03 09:00:00+00:00,0.0
2012-02-03 10:00:00+00:00,0.0
2012-02-03 11:00:00+00:00,0.0
2012-02-03 12:00:00+00:00,0.0
2012-02-03 13:00:00+00:00,0.0
2012-02-03 14:00:00+00:00,0.013241899999999997
2012-02-03 15:00:00+00:00,0.02838725
2012-02-03 16:00:00+00:00,0.0337477
2012-02-03 17:00:00+00:00,0.035421252
2012-02-03 18:00:00+00:00,0.06073594
2012-02-03 19:00:00+00:00,0.06877246
2012-02-03 20:00:00+00:00,0.050937597
2012-02-03 21:00:00+00:00,0.034412406
2012-02-03 22:00:00+00:00,0.024520662000000002
2012-02-03 23:00:00+00:00,0.0
2012-02-04 00:00:00+00:00,0.0
2012-02-04 01:00:00+00:00,0.0
2012-02-04 02:00:00+00:00,0.0
2012-02-04 03:00:00+00:00,0.0
2012-02-04 04:00:00+00:00,0.0
2012-02-04 05:00:00+00:00,0.0
2012-02-04 06:00:00+00:00,0.0
2012-02-04 07:00:00+00:00,0.0
2012-02-04 08:00:00+00:00,0.0
2012-02-04 09:00:00+00:00,0.0
2012-02-04 10:00:00+00:00,0.0
2012-02-04 11:00:00+00:00,0.0
2012-02-04 12:00:00+00:00,0.0
2012-02-04 13:00:00+00:00,0.0
2012-02-04 14:00:00+00:00,0.0074134925
2012-02-04 15:00:00+00:00,0.03991761
2012-02-04 16:00:00+00:00,0.09659331
2012-02-04 17:00:00+00:00,0.101352446
2012-02-04 18:00:00+00:00,0.09248733
2012-02-04 19:00:00+00:00,0.1472737
2012-02-04 20:00:00+00:00,0.19780605
2012-02-04 21:00:00+00:00,0.5224226
2012-02-04 22:00:00+00:00,0.3011748
2012-02-04 23:00:00+00:00,0.0
2012-02-05 00:00:00+00:00,0.0
2012-02-05 01:00:00+00:00,0.0
2012-02-05 02:00:00+00:00,0.0
2012-02-05 03:00:00+00:00,0.0
2012-02-05 04:00:00+00:00,0.0
2012-02-05 05:00:00+00:00,0.0
2012-02-05 06:00:00+00:00,0.0
2012-02-05 07:00:00+00:00,0.0
2012-02-05 08:00:00+00:00,0.0
2012-02-05 09:00:00+00:00,0.0
2012-02-05 10:00:00+00:00,0.0
2012-02-05 11:00:00+00:00,0.0
2012-02-05 12:00:00+00:00,0.0
2012-02-05 13:00:00+00:00,0.009540045
2012-02-05 14:00:00+00:00,0.40532276
2012-02-05 15:00:00+00:00,0.5710321
2012-02-05 16:00:00+00:00,0.5684637
2012-02-05 17:00:00+00:00,0.45532995
2012-02-05 18:00:00+00:00,0.5167215000000001
2012-02-05 19:00:00+00:00,0.5028842
2012-02-05 20:00:00+00:00,0.5077085
2012-02-05 21:00:00+00:00,0.553913
2012-02-05 22:00:00+00:00,0.31444502
2012-02-05 23:00:00+00:00,0.0
2012-02-06 00:00:00+00:00,0.0
2012-02-06 01:00:00+00:00,0.0
2012-02-06 02:00:00+00:00,0.0
2012-02-06 03:00:00+00:00,0.0
2012-02-06 04:00:00+00:00,0.0
2012-02-06 05:00:00+00:00,0.0
2012-02-06 06:00:00+00:00,0.0
2012-02-06 07:00:00+00:00,0.0
2012-02-06 08:00:00+00:00,0.0
2012-02-06 09:00:00+00:00,0.0
2012-02-06 10:00:00+00:00,0.0
2012-02-06 11:00:00+00:00,0.0
2012-02-06 12:00:00+00:00,0.0
2012-02-06 13:00:00+00:00,0.024192007
2012-02-06 14:00:00+00:00,0.42193693
2012-02-06 15:00:00+00:00,0.5962723000000001
2012-02-06 16:00:00+00:00,0.47641572
2012-02-06 17:00:00+00:00,0.5517379
2012-02-06 18:00:00+00:00,0.5314220000000001
2012-02-06 19:00:00+00:00,0.5520033000000001
2012-02-06 20:00:00+00:00,0.41742304
2012-02-06 21:00:00+00:00,0.5576901
2012-02-06 22:00:00+00:00,0.20875676
2012-02-06 23:00:00+00:00,0.0
2012-02-07 00:00:00+00:00,0.0
2012-02-07 01:00:00+00:00,0.0
2012-02-07 02:00:00+00:00,0.0
2012-02-07 03:00:00+00:00,0.0
2012-02-07 04:00:00+00:00,0.0
2012-02-07 05:00:00+00:00,0.0
2012-02-07 06:00:00+00:00,0.0
2012-02-07 07:00:00+00:00,0.0
2012-02-07 08:00:00+00:00,0.0
2012-02-07 09:00:00+00:00,0.0
2012-02-07 10:00:00+00:00,0.0
2012-02-07 11:00:00+00:00,0.0
2012-02-07 12:00:00+00:00,0.0
2012-02-07 13:00:00+00:00,0.01829069
2012-02-07 14:00:00+00:00,0.23835492
2012-02-07 15:00:00+00:00,0.26446638
2012-02-07 16:00:00+00:00,0.28823242
2012-02-07 17:00:00+00:00,0.31381485
2012-02-07 18:00:00+00:00,0.29118449999999996
2012-02-07 19:00:00+00:00,0.14127968
2012-02-07 20:00:00+00:00,0.08023716
2012-02-07 21:00:00+00:00,0.047442257
2012-02-07 22:00:00+00:00,0.014687252
2012-02-07 23:00:00+00:00,0.0
2012-02-08 00:00:00+00:00,0.0
2012-02-08 01:00:00+00:00,0.0
2012-02-08 02:00:00+00:00,0.0
2012-02-08 03:00:00+00:00,0.0
2012-02-08 04:00:00+00:00,0.0
2012-02-08 05:00:00+00:00,0.0
2012-02-08 06:00:00+00:00,0.0
2012-02-08 07:00:00+00:00,0.0
2012-02-08 08:00:00+00:00,0.0
2012-02-08 09:00:00+00:00,0.0
2012-02-08 10:00:00+00:00,0.0
2012-02-08 11:00:00+00:00,0.0
2012-02-08 12:00:00+00:00,0.0
2012-02-08 13:00:00+00:00,0.0
2012-02-08 14:00:00+00:00,0.009817006
2012-02-08 15:00:00+00:00,0.06946461
2012-02-08 16:00:00+00:00,0.05701031
2012-02-08 17:00:00+00:00,0.12255148
2012-02-08 18:00:00+00:00,0.20890970000000003
2012-02-08 19:00:00+00:00,0.16086206
2012-02-08 20:00:00+00:00,0.10968551
2012-02-08 21:00:00+00:00,0.05788378
2012-02-08 22:00:00+00:00,0.021955799999999998
2012-02-08 23:00:00+00:00,0.0
2012-02-09 00:00:00+00:00,0.0
2012-02-09 01:00:00+00:00,0.0
2012-02-09 02:00:00+00:00,0.0
2012-02-09 03:00:00+00:00,0.0
2012-02-09 04:00:00+00:00,0.0
2012-02-09 05:00:00+00:00,0.0
2012-02-09 06:00:00+00:00,0.0
2012-02-09 07:00:00+00:00,0.0
2012-02-09 08:00:00+00:00,0.0
2012-02-09 09:00:00+00:00,0.0
2012-02-09 10:00:00+00:00,0.0
2012-02-09 11:00:00+00:00,0.0
2012-02-09 12:00:00+00:00,0.0
2012-02-09 13:00:00+00:00,0.004297698
2012-02-09 14:00:00+00:00,0.15193386
2012-02-09 15:00:00+00:00,0.21540868
2012-02-09 16:00:00+00:00,0.16406141
2012-02-09 17:00:00+00:00,0.19337057
2012-02-09 18:00:00+00:00,0.19966206
2012-02-09 19:00:00+00:00,0.13633142
2012-02-09 20:00:00+00:00,0.12974782
2012-02-09 21:00:00+00:00,0.09078885
2012-02-09 22:00:00+00:00,0.10421620000000001
2012-02-09 23:00:00+00:00,0.0
2012-02-10 00:00:00+00:00,0.0
2012-02-10 01:00:00+00:00,0.0
2012-02-10 02:00:00+00:00,0.0
2012-02-10 03:00:00+00:00,0.0
2012-02-10 04:00:00+00:00,0.0
2012-02-10 05:00:00+00:00,0.0
2012-02-10 06:00:00+00:00,0.0
2012-02-10 07:00:00+00:00,0.0
2012-02-10 08:00:00+00:00,0.0
2012-02-10 09:00:00+00:00,0.0
2012-02-10 10:00:00+00:00,0.0
2012-02-10 11:00:00+00:00,0.0
2012-02-10 12:00:00+00:00,0.0
2012-02-10 13:00:00+00:00,0.073902756
2012-02-10 14:00:00+00:00,0.49150166
2012-02-10 15:00:00+00:00,0.6535340000000001
2012-02-10 16:00:00+00:00,0.34669745
2012-02-10 17:00:00+00:00,0.43736379999999997
2012-02-10 18:00:00+00:00,0.38395157
2012-02-10 19:00:00+00:00,0.5477681
2012-02-10 20:00:00+00:00,0.3803248
2012-02-10 21:00:00+00:00,0.2782684
2012-02-10 22:00:00+00:00,0.22754449
2012-02-10 23:00:00+00:00,0.0
2012-02-11 00:00:00+00:00,0.0
2012-02-11 01:00:00+00:00,0.0
2012-02-11 02:00:00+00:00,0.0
2012-02-11 03:00:00+00:00,0.0
2012-02-11 04:00:00+00:00,0.0
2012-02-11 05:00:00+00:00,0.0
2012-02-11 06:00:00+00:00,0.0
2012-02-11 07:00:00+00:00,0.0
2012-02-11 08:00:00+00:00,0.0
2012-02-11 09:00:00+00:00,0.0
2012-02-11 10:00:00+00:00,0.0
2012-02-11 11:00:00+00:00,0.0
2012-02-11 12:00:00+00:00,0.0
2012-02-11 13:00:00+00:00,0.09226543
2012-02-11 14:00:00+00:00,0.5120129
2012-02-11 15:00:00+00:00,0.67582136
2012-02-11 16:00:00+00:00,0.6540343000000001
2012-02-11 17:00:00+00:00,0.6099492
2012-02-11 18:00:00+00:00,0.58754975
2012-02-11 19:00:00+00:00,0.61277986
2012-02-11 20:00:00+00:00,0.651798
2012-02-11 21:00:00+00:00,0.6383426999999999
2012-02-11 22:00:00+00:00,0.3972368
2012-02-11 23:00:00+00:00,0.0
2012-02-12 00:00:00+00:00,0.0
2012-02-12 01:00:00+00:00,0.0
2012-02-12 02:00:00+00:00,0.0
2012-02-12 03:00:00+00:00,0.0
2012-02-12 04:00:00+00:00,0.0
2012-02-12 05:00:00+00:00,0.0
2012-02-12 06:00:00+00:00,0.0
2012-02-12 07:00:00+00:00,0.0
2012-02-12 08:00:00+00:00,0.0
2012-02-12 09:00:00+00:00,0.0
2012-02-12 10:00:00+00:00,0.0
2012-02-12 11:00:00+00:00,0.0
2012-02-12 12:00:00+00:00,0.0
2012-02-12 13:00:00+00:00,0.073485725
2012-02-12 14:00:00+00:00,0.35631573
2012-02-12 15:00:00+00:00,0.4767808
2012-02-12 16:00:00+00:00,0.31120825
2012-02-12 17:00:00+00:00,0.3863946
2012-02-12 18:00:00+00:00,0.40010598
2012-02-12 19:00:00+00:00,0.14167558
2012-02-12 20:00:00+00:00,0.054102983
2012-02-12 21:00:00+00:00,0.1182566
2012-02-12 22:00:00+00:00,0.07661247
2012-02-12 23:00:00+00:00,0.0
2012-02-13 00:00:00+00:00,0.0
2012-02-13 01:00:00+00:00,0.0
2012-02-13 02:00:00+00:00,0.0
2012-02-13 03:00:00+00:00,0.0
2012-02-13 04:00:00+00:00,0.0
2012-02-13 05:00:00+00:00,0.0
2012-02-13 06:00:00+00:00,0.0
2012-02-13 07:00:00+00:00,0.0
2012-02-13 08:00:00+00:00,0.0
2012-02-13 09:00:00+00:00,0.0
2012-02-13 10:00:00+00:00,0.0
2012-02-13 11:00:00+00:00,0.0
2012-02-13 12:00:00+00:00,0.0
2012-02-13 13:00:00+00:00,0.041552227000000004
2012-02-13 14:00:00+00:00,0.028054593
2012-02-13 15:00:00+00:00,0.03541606
2012-02-13 16:00:00+00:00,0.04201822400000001
2012-02-13 17:00:00+00:00,0.06411072
2012-02-13 18:00:00+00:00,0.09063877
2012-02-13 19:00:00+00:00,0.13468635
2012-02-13 20:00:00+00:00,0.07642111
2012-02-13 21:00:00+00:00,0.09053391
2012-02-13 22:00:00+00:00,0.30857354
2012-02-13 23:00:00+00:00,0.0
2012-02-14 00:00:00+00:00,0.0
2012-02-14 01:00:00+00:00,0.0
2012-02-14 02:00:00+00:00,0.0
2012-02-14 03:00:00+00:00,0.0
2012-02-14 04:00:00+00:00,0.0
2012-02-14 05:00:00+00:00,0.0
2012-02-14 06:00:00+00:00,0.0
2012-02-14 07:00:00+00:00,0.0
2012-02-14 08:00:00+00:00,0.0
2012-02-14 09:00:00+00:00,0.0
2012-02-14 10:00:00+00:00,0.0
2012-02-14 11:00:00+00:00,0.0
2012-02-14 12:00:00+00:00,0.0
2012-02-14 13:00:00+00:00,0.096730255
2012-02-14 14:00:00+00:00,0.4261455
2012-02-14 15:00:00+00:00,0.47322828
2012-02-14 16:00:00+00:00,0.23968947
2012-02-14 17:00:00+00:00,0.4320889
2012-02-14 18:00:00+00:00,0.26752862
2012-02-14 19:00:00+00:00,0.44089759999999995
2012-02-14 20:00:00+00:00,0.21124884
2012-02-14 21:00:00+00:00,0.1910392
2012-02-14 22:00:00+00:00,0.031264756
2012-02-14 23:00:00+00:00,0.0
2012-02-15 00:00:00+00:00,0.0
2012-02-15 01:00:00+00:00,0.0
2012-02-15 02:00:00+00:00,0.0
2012-02-15 03:00:00+00:00,0.0
2012-02-15 04:00:00+00:00,0.0
2012-02-15 05:00:00+00:00,0.0
2012-02-15 06:00:00+00:00,0.0
2012-02-15 07:00:00+00:00,0.0
2012-02-15 08:00:00+00:00,0.0
2012-02-15 09:00:00+00:00,0.0
2012-02-15 10:00:00+00:00,0.0
2012-02-15 11:00:00+00:00,0.0
2012-02-15 12:00:00+00:00,0.0
2012-02-15 13:00:00+00:00,0.0
2012-02-15 14:00:00+00:00,0.024077352000000003
2012-02-15 15:00:00+00:00,0.039636683
2012-02-15 16:00:00+00:00,0.05396576
2012-02-15 17:00:00+00:00,0.092794694
2012-02-15 18:00:00+00:00,0.06811937
2012-02-15 19:00:00+00:00,0.0757284
2012-02-15 20:00:00+00:00,0.26273853
2012-02-15 21:00:00+00:00,0.10747955
2012-02-15 22:00:00+00:00,0.012422031000000002
2012-02-15 23:00:00+00:00,0.0
2012-02-16 00:00:00+00:00,0.0
2012-02-16 01:00:00+00:00,0.0
2012-02-16 02:00:00+00:00,0.0
2012-02-16 03:00:00+00:00,0.0
2012-02-16 04:00:00+00:00,0.0
2012-02-16 05:00:00+00:00,0.0
2012-02-16 06:00:00+00:00,0.0
2012-02-16 07:00:00+00:00,0.0
2012-02-16 08:00:00+00:00,0.0
2012-02-16 09:00:00+00:00,0.0
2012-02-16 10:00:00+00:00,0.0
2012-02-16 11:00:00+00:00,0.0
2012-02-16 12:00:00+00:00,0.0
2012-02-16 13:00:00+00:00,0.1207118
2012-02-16 14:00:00+00:00,0.47570500000000004
2012-02-16 15:00:00+00:00,0.61105275
2012-02-16 16:00:00+00:00,0.60571504
2012-02-16 17:00:00+00:00,0.5755648
2012-02-16 18:00:00+00:00,0.5599779
2012-02-16 19:00:00+00:00,0.57358587
2012-02-16 20:00:00+00:00,0.60691595
2012-02-16 21:00:00+00:00,0.46164098
2012-02-16 22:00:00+00:00,0.40178025
2012-02-16 23:00:00+00:00,4.145072e-06
2012-02-17 00:00:00+00:00,0.0
2012-02-17 01:00:00+00:00,0.0
2012-02-17 02:00:00+00:00,0.0
2012-02-17 03:00:00+00:00,0.0
2012-02-17 04:00:00+00:00,0.0
2012-02-17 05:00:00+00:00,0.0
2012-02-17 06:00:00+00:00,0.0
2012-02-17 07:00:00+00:00,0.0
2012-02-17 08:00:00+00:00,0.0
2012-02-17 09:00:00+00:00,0.0
2012-02-17 10:00:00+00:00,0.0
2012-02-17 11:00:00+00:00,0.0
2012-02-17 12:00:00+00:00,0.0
2012-02-17 13:00:00+00:00,0.042250372
2012-02-17 14:00:00+00:00,0.14644408
2012-02-17 15:00:00+00:00,0.46399388
2012-02-17 16:00:00+00:00,0.46540096
2012-02-17 17:00:00+00:00,0.4257693
2012-02-17 18:00:00+00:00,0.42852786
2012-02-17 19:00:00+00:00,0.35495296
2012-02-17 20:00:00+00:00,0.25721765
2012-02-17 21:00:00+00:00,0.2307525
2012-02-17 22:00:00+00:00,0.07697087
2012-02-17 23:00:00+00:00,0.0
2012-02-18 00:00:00+00:00,0.0
2012-02-18 01:00:00+00:00,0.0
2012-02-18 02:00:00+00:00,0.0
2012-02-18 03:00:00+00:00,0.0
2012-02-18 04:00:00+00:00,0.0
2012-02-18 05:00:00+00:00,0.0
2012-02-18 06:00:00+00:00,0.0
2012-02-18 07:00:00+00:00,0.0
2012-02-18 08:00:00+00:00,0.0
2012-02-18 09:00:00+00:00,0.0
2012-02-18 10:00:00+00:00,0.0
2012-02-18 11:00:00+00:00,0.0
2012-02-18 12:00:00+00:00,0.0
2012-02-18 13:00:00+00:00,0.013308825
2012-02-18 14:00:00+00:00,0.035541248
2012-02-18 15:00:00+00:00,0.085565895
2012-02-18 16:00:00+00:00,0.11676128
2012-02-18 17:00:00+00:00,0.14377694
2012-02-18 18:00:00+00:00,0.23863608
2012-02-18 19:00:00+00:00,0.20543258
2012-02-18 20:00:00+00:00,0.24632925
2012-02-18 21:00:00+00:00,0.17933501
2012-02-18 22:00:00+00:00,0.0961829
2012-02-18 23:00:00+00:00,0.0003674274
2012-02-19 00:00:00+00:00,0.0
2012-02-19 01:00:00+00:00,0.0
2012-02-19 02:00:00+00:00,0.0
2012-02-19 03:00:00+00:00,0.0
2012-02-19 04:00:00+00:00,0.0
2012-02-19 05:00:00+00:00,0.0
2012-02-19 06:00:00+00:00,0.0
2012-02-19 07:00:00+00:00,0.0
2012-02-19 08:00:00+00:00,0.0
2012-02-19 09:00:00+00:00,0.0
2012-02-19 10:00:00+00:00,0.0
2012-02-19 11:00:00+00:00,0.0
2012-02-19 12:00:00+00:00,0.0
2012-02-19 13:00:00+00:00,0.15669449
2012-02-19 14:00:00+00:00,0.5536858
2012-02-19 15:00:00+00:00,0.6794726
2012-02-19 16:00:00+00:00,0.6622180999999999
2012-02-19 17:00:00+00:00,0.6257421999999999
2012-02-19 18:00:00+00:00,0.606716
2012-02-19 19:00:00+00:00,0.62530094
2012-02-19 20:00:00+00:00,0.65827847
2012-02-19 21:00:00+00:00,0.6533529
2012-02-19 22:00:00+00:00,0.4578441
2012-02-19 23:00:00+00:00,0.04725535
2012-02-20 00:00:00+00:00,0.0
2012-02-20 01:00:00+00:00,0.0
2012-02-20 02:00:00+00:00,0.0
2012-02-20 03:00:00+00:00,0.0
2012-02-20 04:00:00+00:00,0.0
2012-02-20 05:00:00+00:00,0.0
2012-02-20 06:00:00+00:00,0.0
2012-02-20 07:00:00+00:00,0.0
2012-02-20 08:00:00+00:00,0.0
2012-02-20 09:00:00+00:00,0.0
2012-02-20 10:00:00+00:00,0.0
2012-02-20 11:00:00+00:00,0.0
2012-02-20 12:00:00+00:00,0.0
2012-02-20 13:00:00+00:00,0.002449959
2012-02-20 14:00:00+00:00,0.012966505
2012-02-20 15:00:00+00:00,0.24736208
2012-02-20 16:00:00+00:00,0.21680298
2012-02-20 17:00:00+00:00,0.1805325
2012-02-20 18:00:00+00:00,0.19655043
2012-02-20 19:00:00+00:00,0.29921395
2012-02-20 20:00:00+00:00,0.11944719
2012-02-20 21:00:00+00:00,0.12572326
2012-02-20 22:00:00+00:00,0.38287209999999994
2012-02-20 23:00:00+00:00,0.04493366
2012-02-21 00:00:00+00:00,0.0
2012-02-21 01:00:00+00:00,0.0
2012-02-21 02:00:00+00:00,0.0
2012-02-21 03:00:00+00:00,0.0
2012-02-21 04:00:00+00:00,0.0
2012-02-21 05:00:00+00:00,0.0
2012-02-21 06:00:00+00:00,0.0
2012-02-21 07:00:00+00:00,0.0
2012-02-21 08:00:00+00:00,0.0
2012-02-21 09:00:00+00:00,0.0
2012-02-21 10:00:00+00:00,0.0
2012-02-21 11:00:00+00:00,0.0
2012-02-21 12:00:00+00:00,0.0
2012-02-21 13:00:00+00:00,0.03595418
2012-02-21 14:00:00+00:00,0.40871602
2012-02-21 15:00:00+00:00,0.6175109000000001
2012-02-21 16:00:00+00:00,0.48101717
2012-02-21 17:00:00+00:00,0.47541985
2012-02-21 18:00:00+00:00,0.37503466
2012-02-21 19:00:00+00:00,0.39607716
2012-02-21 20:00:00+00:00,0.3197475
2012-02-21 21:00:00+00:00,0.21328092
2012-02-21 22:00:00+00:00,0.10026808
2012-02-21 23:00:00+00:00,0.004641208
2012-02-22 00:00:00+00:00,0.0
2012-02-22 01:00:00+00:00,0.0
2012-02-22 02:00:00+00:00,0.0
2012-02-22 03:00:00+00:00,0.0
2012-02-22 04:00:00+00:00,0.0
2012-02-22 05:00:00+00:00,0.0
2012-02-22 06:00:00+00:00,0.0
2012-02-22 07:00:00+00:00,0.0
2012-02-22 08:00:00+00:00,0.0
2012-02-22 09:00:00+00:00,0.0
2012-02-22 10:00:00+00:00,0.0
2012-02-22 11:00:00+00:00,0.0
2012-02-22 12:00:00+00:00,0.0
2012-02-22 13:00:00+00:00,0.07331537
2012-02-22 14:00:00+00:00,0.19092324
2012-02-22 15:00:00+00:00,0.11356516
2012-02-22 16:00:00+00:00,0.57684314
2012-02-22 17:00:00+00:00,0.4763005
2012-02-22 18:00:00+00:00,0.48373076
2012-02-22 19:00:00+00:00,0.52066076
2012-02-22 20:00:00+00:00,0.5364456999999999
2012-02-22 21:00:00+00:00,0.32948342
2012-02-22 22:00:00+00:00,0.2583819
2012-02-22 23:00:00+00:00,0.033496514
2012-02-23 00:00:00+00:00,0.0
2012-02-23 01:00:00+00:00,0.0
2012-02-23 02:00:00+00:00,0.0
2012-02-23 03:00:00+00:00,0.0
2012-02-23 04:00:00+00:00,0.0
2012-02-23 05:00:00+00:00,0.0
2012-02-23 06:00:00+00:00,0.0
2012-02-23 07:00:00+00:00,0.0
2012-02-23 08:00:00+00:00,0.0
2012-02-23 09:00:00+00:00,0.0
2012-02-23 10:00:00+00:00,0.0
2012-02-23 11:00:00+00:00,0.0
2012-02-23 12:00:00+00:00,0.0
2012-02-23 13:00:00+00:00,0.0071251485
2012-02-23 14:00:00+00:00,0.025804602000000003
2012-02-23 15:00:00+00:00,0.036585275
2012-02-23 16:00:00+00:00,0.27003652
2012-02-23 17:00:00+00:00,0.14290704
2012-02-23 18:00:00+00:00,0.06242294599999999
2012-02-23 19:00:00+00:00,0.07982123
2012-02-23 20:00:00+00:00,0.030913005
2012-02-23 21:00:00+00:00,0.03598165
2012-02-23 22:00:00+00:00,0.039783876
2012-02-23 23:00:00+00:00,0.0020407725
2012-02-24 00:00:00+00:00,0.0
2012-02-24 01:00:00+00:00,0.0
2012-02-24 02:00:00+00:00,0.0
2012-02-24 03:00:00+00:00,0.0
2012-02-24 04:00:00+00:00,0.0
2012-02-24 05:00:00+00:00,0.0
2012-02-24 06:00:00+00:00,0.0
2012-02-24 07:00:00+00:00,0.0
2012-02-24 08:00:00+00:00,0.0
2012-02-24 09:00:00+00:00,0.0
2012-02-24 10:00:00+00:00,0.0
2012-02-24 11:00:00+00:00,0.0
2012-02-24 12:00:00+00:00,0.0
2012-02-24 13:00:00+00:00,0.068406165
2012-02-24 14:00:00+00:00,0.09785479
2012-02-24 15:00:00+00:00,0.66096324
2012-02-24 16:00:00+00:00,0.31772990000000007
2012-02-24 17:00:00+00:00,0.23494351
2012-02-24 18:00:00+00:00,0.30971196
2012-02-24 19:00:00+00:00,0.24025716
2012-02-24 20:00:00+00:00,0.35353947
2012-02-24 21:00:00+00:00,0.64128375
2012-02-24 22:00:00+00:00,0.47003078
2012-02-24 23:00:00+00:00,0.09251396
2012-02-25 00:00:00+00:00,0.0
2012-02-25 01:00:00+00:00,0.0
2012-02-25 02:00:00+00:00,0.0
2012-02-25 03:00:00+00:00,0.0
2012-02-25 04:00:00+00:00,0.0
2012-02-25 05:00:00+00:00,0.0
2012-02-25 06:00:00+00:00,0.0
2012-02-25 07:00:00+00:00,0.0
2012-02-25 08:00:00+00:00,0.0
2012-02-25 09:00:00+00:00,0.0
2012-02-25 10:00:00+00:00,0.0
2012-02-25 11:00:00+00:00,0.0
2012-02-25 12:00:00+00:00,0.0
2012-02-25 13:00:00+00:00,0.21111706
2012-02-25 14:00:00+00:00,0.60941756
2012-02-25 15:00:00+00:00,0.6897390999999999
2012-02-25 16:00:00+00:00,0.6682345999999999
2012-02-25 17:00:00+00:00,0.6355867
2012-02-25 18:00:00+00:00,0.6224188
2012-02-25 19:00:00+00:00,0.6397344
2012-02-25 20:00:00+00:00,0.6675549
2012-02-25 21:00:00+00:00,0.66613007
2012-02-25 22:00:00+00:00,0.49516016
2012-02-25 23:00:00+00:00,0.11394694
2012-02-26 00:00:00+00:00,0.0
2012-02-26 01:00:00+00:00,0.0
2012-02-26 02:00:00+00:00,0.0
2012-02-26 03:00:00+00:00,0.0
2012-02-26 04:00:00+00:00,0.0
2012-02-26 05:00:00+00:00,0.0
2012-02-26 06:00:00+00:00,0.0
2012-02-26 07:00:00+00:00,0.0
2012-02-26 08:00:00+00:00,0.0
2012-02-26 09:00:00+00:00,0.0
2012-02-26 10:00:00+00:00,0.0
2012-02-26 11:00:00+00:00,0.0
2012-02-26 12:00:00+00:00,0.0
2012-02-26 13:00:00+00:00,0.022338373999999998
2012-02-26 14:00:00+00:00,0.5208619999999999
2012-02-26 15:00:00+00:00,0.6342161999999999
2012-02-26 16:00:00+00:00,0.6240644000000001
2012-02-26 17:00:00+00:00,0.59926105
2012-02-26 18:00:00+00:00,0.5850621
2012-02-26 19:00:00+00:00,0.6040324
2012-02-26 20:00:00+00:00,0.6310456999999999
2012-02-26 21:00:00+00:00,0.62011105
2012-02-26 22:00:00+00:00,0.46177529999999994
2012-02-26 23:00:00+00:00,0.10554327
2012-02-27 00:00:00+00:00,0.0
2012-02-27 01:00:00+00:00,0.0
2012-02-27 02:00:00+00:00,0.0
2012-02-27 03:00:00+00:00,0.0
2012-02-27 04:00:00+00:00,0.0
2012-02-27 05:00:00+00:00,0.0
2012-02-27 06:00:00+00:00,0.0
2012-02-27 07:00:00+00:00,0.0
2012-02-27 08:00:00+00:00,0.0
2012-02-27 09:00:00+00:00,0.0
2012-02-27 10:00:00+00:00,0.0
2012-02-27 11:00:00+00:00,0.0
2012-02-27 12:00:00+00:00,0.0
2012-02-27 13:00:00+00:00,0.2077257
2012-02-27 14:00:00+00:00,0.5871715000000001
2012-02-27 15:00:00+00:00,0.65625775
2012-02-27 16:00:00+00:00,0.6392424
2012-02-27 17:00:00+00:00,0.60701835
2012-02-27 18:00:00+00:00,0.5889270000000001
2012-02-27 19:00:00+00:00,0.6003556999999999
2012-02-27 20:00:00+00:00,0.61476004
2012-02-27 21:00:00+00:00,0.59442824
2012-02-27 22:00:00+00:00,0.43728432
2012-02-27 23:00:00+00:00,0.10474246
2012-02-28 00:00:00+00:00,0.0
2012-02-28 01:00:00+00:00,0.0
2012-02-28 02:00:00+00:00,0.0
2012-02-28 03:00:00+00:00,0.0
2012-02-28 04:00:00+00:00,0.0
2012-02-28 05:00:00+00:00,0.0
2012-02-28 06:00:00+00:00,0.0
2012-02-28 07:00:00+00:00,0.0
2012-02-28 08:00:00+00:00,0.0
2012-02-28 09:00:00+00:00,0.0
2012-02-28 10:00:00+00:00,0.0
2012-02-28 11:00:00+00:00,0.0
2012-02-28 12:00:00+00:00,0.0
2012-02-28 13:00:00+00:00,0.0010093708
2012-02-28 14:00:00+00:00,0.012009748999999998
2012-02-28 15:00:00+00:00,0.11662117400000001
2012-02-28 16:00:00+00:00,0.19818094
2012-02-28 17:00:00+00:00,0.13633919
2012-02-28 18:00:00+00:00,0.05199335
2012-02-28 19:00:00+00:00,0.07940078
2012-02-28 20:00:00+00:00,0.14858581
2012-02-28 21:00:00+00:00,0.2168933
2012-02-28 22:00:00+00:00,0.13160070000000001
2012-02-28 23:00:00+00:00,0.092907906
2012-02-29 00:00:00+00:00,0.0
2012-02-29 01:00:00+00:00,0.0
2012-02-29 02:00:00+00:00,0.0
2012-02-29 03:00:00+00:00,0.0
2012-02-29 04:00:00+00:00,0.0
2012-02-29 05:00:00+00:00,0.0
2012-02-29 06:00:00+00:00,0.0
2012-02-29 07:00:00+00:00,0.0
2012-02-29 08:00:00+00:00,0.0
2012-02-29 09:00:00+00:00,0.0
2012-02-29 10:00:00+00:00,0.0
2012-02-29 11:00:00+00:00,0.0
2012-02-29 12:00:00+00:00,0.0
2012-02-29 13:00:00+00:00,0.20014234
2012-02-29 14:00:00+00:00,0.5679314
2012-02-29 15:00:00+00:00,0.6536645999999999
2012-02-29 16:00:00+00:00,0.64627904
2012-02-29 17:00:00+00:00,0.6209642
2012-02-29 18:00:00+00:00,0.6072116
2012-02-29 19:00:00+00:00,0.6218564999999999
2012-02-29 20:00:00+00:00,0.6403733
2012-02-29 21:00:00+00:00,0.6210642
2012-02-29 22:00:00+00:00,0.45607644
2012-02-29 23:00:00+00:00,0.11490102
2012-03-01 00:00:00+00:00,0.0
2012-03-01 01:00:00+00:00,0.0
2012-03-01 02:00:00+00:00,0.0
2012-03-01 03:00:00+00:00,0.0
2012-03-01 04:00:00+00:00,0.0
2012-03-01 05:00:00+00:00,0.0
2012-03-01 06:00:00+00:00,0.0
2012-03-01 07:00:00+00:00,0.0
2012-03-01 08:00:00+00:00,0.0
2012-03-01 09:00:00+00:00,0.0
2012-03-01 10:00:00+00:00,0.0
2012-03-01 11:00:00+00:00,0.0
2012-03-01 12:00:00+00:00,0.0
2012-03-01 13:00:00+00:00,0.054539274000000006
2012-03-01 14:00:00+00:00,0.02356656
2012-03-01 15:00:00+00:00,0.0687059
2012-03-01 16:00:00+00:00,0.05686827
2012-03-01 17:00:00+00:00,0.09225556
2012-03-01 18:00:00+00:00,0.24803446
2012-03-01 19:00:00+00:00,0.43867108
2012-03-01 20:00:00+00:00,0.17080048
2012-03-01 21:00:00+00:00,0.025973994
2012-03-01 22:00:00+00:00,0.013747651999999999
2012-03-01 23:00:00+00:00,0.012397756000000001
2012-03-02 00:00:00+00:00,0.0
2012-03-02 01:00:00+00:00,0.0
2012-03-02 02:00:00+00:00,0.0
2012-03-02 03:00:00+00:00,0.0
2012-03-02 04:00:00+00:00,0.0
2012-03-02 05:00:00+00:00,0.0
2012-03-02 06:00:00+00:00,0.0
2012-03-02 07:00:00+00:00,0.0
2012-03-02 08:00:00+00:00,0.0
2012-03-02 09:00:00+00:00,0.0
2012-03-02 10:00:00+00:00,0.0
2012-03-02 11:00:00+00:00,0.0
2012-03-02 12:00:00+00:00,0.0
2012-03-02 13:00:00+00:00,0.25665092
2012-03-02 14:00:00+00:00,0.6322709
2012-03-02 15:00:00+00:00,0.6993514000000001
2012-03-02 16:00:00+00:00,0.6911758000000001
2012-03-02 17:00:00+00:00,0.6606648
2012-03-02 18:00:00+00:00,0.6388710999999999
2012-03-02 19:00:00+00:00,0.59310216
2012-03-02 20:00:00+00:00,0.6940611999999999
2012-03-02 21:00:00+00:00,0.6323956999999999
2012-03-02 22:00:00+00:00,0.27161820000000003
2012-03-02 23:00:00+00:00,0.10295325
2012-03-03 00:00:00+00:00,0.0
2012-03-03 01:00:00+00:00,0.0
2012-03-03 02:00:00+00:00,0.0
2012-03-03 03:00:00+00:00,0.0
2012-03-03 04:00:00+00:00,0.0
2012-03-03 05:00:00+00:00,0.0
2012-03-03 06:00:00+00:00,0.0
2012-03-03 07:00:00+00:00,0.0
2012-03-03 08:00:00+00:00,0.0
2012-03-03 09:00:00+00:00,0.0
2012-03-03 10:00:00+00:00,0.0
2012-03-03 11:00:00+00:00,0.0
2012-03-03 12:00:00+00:00,0.0
2012-03-03 13:00:00+00:00,0.022367502
2012-03-03 14:00:00+00:00,0.22599770000000002
2012-03-03 15:00:00+00:00,0.25895557
2012-03-03 16:00:00+00:00,0.23999469
2012-03-03 17:00:00+00:00,0.28759888
2012-03-03 18:00:00+00:00,0.40734488
2012-03-03 19:00:00+00:00,0.528384
2012-03-03 20:00:00+00:00,0.3565255
2012-03-03 21:00:00+00:00,0.30945837
2012-03-03 22:00:00+00:00,0.4866641
2012-03-03 23:00:00+00:00,0.12998462
2012-03-04 00:00:00+00:00,0.0
2012-03-04 01:00:00+00:00,0.0
2012-03-04 02:00:00+00:00,0.0
2012-03-04 03:00:00+00:00,0.0
2012-03-04 04:00:00+00:00,0.0
2012-03-04 05:00:00+00:00,0.0
2012-03-04 06:00:00+00:00,0.0
2012-03-04 07:00:00+00:00,0.0
2012-03-04 08:00:00+00:00,0.0
2012-03-04 09:00:00+00:00,0.0
2012-03-04 10:00:00+00:00,0.0
2012-03-04 11:00:00+00:00,0.0
2012-03-04 12:00:00+00:00,0.0
2012-03-04 13:00:00+00:00,0.2428742
2012-03-04 14:00:00+00:00,0.600952
2012-03-04 15:00:00+00:00,0.37416372
2012-03-04 16:00:00+00:00,0.29244933
2012-03-04 17:00:00+00:00,0.296494
2012-03-04 18:00:00+00:00,0.3011115
2012-03-04 19:00:00+00:00,0.27270922
2012-03-04 20:00:00+00:00,0.24993289
2012-03-04 21:00:00+00:00,0.70402175
2012-03-04 22:00:00+00:00,0.53877807
2012-03-04 23:00:00+00:00,0.15544367
2012-03-05 00:00:00+00:00,0.0
2012-03-05 01:00:00+00:00,0.0
2012-03-05 02:00:00+00:00,0.0
2012-03-05 03:00:00+00:00,0.0
2012-03-05 04:00:00+00:00,0.0
2012-03-05 05:00:00+00:00,0.0
2012-03-05 06:00:00+00:00,0.0
2012-03-05 07:00:00+00:00,0.0
2012-03-05 08:00:00+00:00,0.0
2012-03-05 09:00:00+00:00,0.0
2012-03-05 10:00:00+00:00,0.0
2012-03-05 11:00:00+00:00,0.0
2012-03-05 12:00:00+00:00,0.0
2012-03-05 13:00:00+00:00,0.2831194
2012-03-05 14:00:00+00:00,0.6481189
2012-03-05 15:00:00+00:00,0.7118969
2012-03-05 16:00:00+00:00,0.6926799
2012-03-05 17:00:00+00:00,0.5967382
2012-03-05 18:00:00+00:00,0.6466965
2012-03-05 19:00:00+00:00,0.6607538000000001
2012-03-05 20:00:00+00:00,0.6835777
2012-03-05 21:00:00+00:00,0.6777846
2012-03-05 22:00:00+00:00,0.5490043000000001
2012-03-05 23:00:00+00:00,0.16395918
2012-03-06 00:00:00+00:00,0.0
2012-03-06 01:00:00+00:00,0.0
2012-03-06 02:00:00+00:00,0.0
2012-03-06 03:00:00+00:00,0.0
2012-03-06 04:00:00+00:00,0.0
2012-03-06 05:00:00+00:00,0.0
2012-03-06 06:00:00+00:00,0.0
2012-03-06 07:00:00+00:00,0.0
2012-03-06 08:00:00+00:00,0.0
2012-03-06 09:00:00+00:00,0.0
2012-03-06 10:00:00+00:00,0.0
2012-03-06 11:00:00+00:00,0.0
2012-03-06 12:00:00+00:00,0.0
2012-03-06 13:00:00+00:00,0.24882561
2012-03-06 14:00:00+00:00,0.5750751000000001
2012-03-06 15:00:00+00:00,0.6600536
2012-03-06 16:00:00+00:00,0.64938307
2012-03-06 17:00:00+00:00,0.6251701
2012-03-06 18:00:00+00:00,0.5641049
2012-03-06 19:00:00+00:00,0.46363685
2012-03-06 20:00:00+00:00,0.5733078
2012-03-06 21:00:00+00:00,0.39840943
2012-03-06 22:00:00+00:00,0.46996075
2012-03-06 23:00:00+00:00,0.13888225
2012-03-07 00:00:00+00:00,0.0
2012-03-07 01:00:00+00:00,0.0
2012-03-07 02:00:00+00:00,0.0
2012-03-07 03:00:00+00:00,0.0
2012-03-07 04:00:00+00:00,0.0
2012-03-07 05:00:00+00:00,0.0
2012-03-07 06:00:00+00:00,0.0
2012-03-07 07:00:00+00:00,0.0
2012-03-07 08:00:00+00:00,0.0
2012-03-07 09:00:00+00:00,0.0
2012-03-07 10:00:00+00:00,0.0
2012-03-07 11:00:00+00:00,0.0
2012-03-07 12:00:00+00:00,0.0
2012-03-07 13:00:00+00:00,0.016582565
2012-03-07 14:00:00+00:00,0.017210513
2012-03-07 15:00:00+00:00,0.035228882
2012-03-07 16:00:00+00:00,0.04366748
2012-03-07 17:00:00+00:00,0.14956695
2012-03-07 18:00:00+00:00,0.254592
2012-03-07 19:00:00+00:00,0.18024068
2012-03-07 20:00:00+00:00,0.09967745
2012-03-07 21:00:00+00:00,0.051745992000000005
2012-03-07 22:00:00+00:00,0.061721355
2012-03-07 23:00:00+00:00,0.0037075158
2012-03-08 00:00:00+00:00,0.0
2012-03-08 01:00:00+00:00,0.0
2012-03-08 02:00:00+00:00,0.0
2012-03-08 03:00:00+00:00,0.0
2012-03-08 04:00:00+00:00,0.0
2012-03-08 05:00:00+00:00,0.0
2012-03-08 06:00:00+00:00,0.0
2012-03-08 07:00:00+00:00,0.0
2012-03-08 08:00:00+00:00,0.0
2012-03-08 09:00:00+00:00,0.0
2012-03-08 10:00:00+00:00,0.0
2012-03-08 11:00:00+00:00,0.0
2012-03-08 12:00:00+00:00,0.0
2012-03-08 13:00:00+00:00,0.29807296
2012-03-08 14:00:00+00:00,0.68445957
2012-03-08 15:00:00+00:00,0.737491
2012-03-08 16:00:00+00:00,0.7171019000000001
2012-03-08 17:00:00+00:00,0.6918414
2012-03-08 18:00:00+00:00,0.6815643
2012-03-08 19:00:00+00:00,0.6997559
2012-03-08 20:00:00+00:00,0.7269928000000001
2012-03-08 21:00:00+00:00,0.72815263
2012-03-08 22:00:00+00:00,0.5959364
2012-03-08 23:00:00+00:00,0.19326767
2012-03-09 00:00:00+00:00,0.0
2012-03-09 01:00:00+00:00,0.0
2012-03-09 02:00:00+00:00,0.0
2012-03-09 03:00:00+00:00,0.0
2012-03-09 04:00:00+00:00,0.0
2012-03-09 05:00:00+00:00,0.0
2012-03-09 06:00:00+00:00,0.0
2012-03-09 07:00:00+00:00,0.0
2012-03-09 08:00:00+00:00,0.0
2012-03-09 09:00:00+00:00,0.0
2012-03-09 10:00:00+00:00,0.0
2012-03-09 11:00:00+00:00,0.0
2012-03-09 12:00:00+00:00,0.0
2012-03-09 13:00:00+00:00,0.33299884
2012-03-09 14:00:00+00:00,0.6625134
2012-03-09 15:00:00+00:00,0.7129091999999999
2012-03-09 16:00:00+00:00,0.68823266
2012-03-09 17:00:00+00:00,0.661032
2012-03-09 18:00:00+00:00,0.64901173
2012-03-09 19:00:00+00:00,0.6629861
2012-03-09 20:00:00+00:00,0.6854524999999999
2012-03-09 21:00:00+00:00,0.6869505
2012-03-09 22:00:00+00:00,0.5693921999999999
2012-03-09 23:00:00+00:00,0.19402936
2012-03-10 00:00:00+00:00,0.0
2012-03-10 01:00:00+00:00,0.0
2012-03-10 02:00:00+00:00,0.0
2012-03-10 03:00:00+00:00,0.0
2012-03-10 04:00:00+00:00,0.0
2012-03-10 05:00:00+00:00,0.0
2012-03-10 06:00:00+00:00,0.0
2012-03-10 07:00:00+00:00,0.0
2012-03-10 08:00:00+00:00,0.0
2012-03-10 09:00:00+00:00,0.0
2012-03-10 10:00:00+00:00,0.0
2012-03-10 11:00:00+00:00,0.0
2012-03-10 12:00:00+00:00,0.0
2012-03-10 13:00:00+00:00,0.34825507
2012-03-10 14:00:00+00:00,0.65884644
2012-03-10 15:00:00+00:00,0.6609383000000001
2012-03-10 16:00:00+00:00,0.67539656
2012-03-10 17:00:00+00:00,0.6449074
2012-03-10 18:00:00+00:00,0.6311951
2012-03-10 19:00:00+00:00,0.57268333
2012-03-10 20:00:00+00:00,0.5855865
2012-03-10 21:00:00+00:00,0.60293067
2012-03-10 22:00:00+00:00,0.25809467
2012-03-10 23:00:00+00:00,0.06959742
2012-03-11 00:00:00+00:00,0.0
2012-03-11 01:00:00+00:00,0.0
2012-03-11 02:00:00+00:00,0.0
2012-03-11 03:00:00+00:00,0.0
2012-03-11 04:00:00+00:00,0.0
2012-03-11 05:00:00+00:00,0.0
2012-03-11 06:00:00+00:00,0.0
2012-03-11 07:00:00+00:00,0.0
2012-03-11 08:00:00+00:00,0.0
2012-03-11 09:00:00+00:00,0.0
2012-03-11 10:00:00+00:00,0.0
2012-03-11 11:00:00+00:00,0.0
2012-03-11 12:00:00+00:00,0.0
2012-03-11 13:00:00+00:00,0.010984206000000002
2012-03-11 14:00:00+00:00,0.35483542
2012-03-11 15:00:00+00:00,0.07222014
2012-03-11 16:00:00+00:00,0.09209249
2012-03-11 17:00:00+00:00,0.27954063
2012-03-11 18:00:00+00:00,0.1952259
2012-03-11 19:00:00+00:00,0.16032746
2012-03-11 20:00:00+00:00,0.13074099
2012-03-11 21:00:00+00:00,0.077812105
2012-03-11 22:00:00+00:00,0.055183987999999996
2012-03-11 23:00:00+00:00,0.15468402
2012-03-12 00:00:00+00:00,0.0
2012-03-12 01:00:00+00:00,0.0
2012-03-12 02:00:00+00:00,0.0
2012-03-12 03:00:00+00:00,0.0
2012-03-12 04:00:00+00:00,0.0
2012-03-12 05:00:00+00:00,0.0
2012-03-12 06:00:00+00:00,0.0
2012-03-12 07:00:00+00:00,0.0
2012-03-12 08:00:00+00:00,0.0
2012-03-12 09:00:00+00:00,0.0
2012-03-12 10:00:00+00:00,0.0
2012-03-12 11:00:00+00:00,0.0
2012-03-12 12:00:00+00:00,0.0
2012-03-12 13:00:00+00:00,0.23923166
2012-03-12 14:00:00+00:00,0.5155131
2012-03-12 15:00:00+00:00,0.41001788
2012-03-12 16:00:00+00:00,0.4625135
2012-03-12 17:00:00+00:00,0.50878304
2012-03-12 18:00:00+00:00,0.51154804
2012-03-12 19:00:00+00:00,0.5623649000000001
2012-03-12 20:00:00+00:00,0.57370466
2012-03-12 21:00:00+00:00,0.47929436
2012-03-12 22:00:00+00:00,0.45616415
2012-03-12 23:00:00+00:00,0.14988704
2012-03-13 00:00:00+00:00,0.0
2012-03-13 01:00:00+00:00,0.0
2012-03-13 02:00:00+00:00,0.0
2012-03-13 03:00:00+00:00,0.0
2012-03-13 04:00:00+00:00,0.0
2012-03-13 05:00:00+00:00,0.0
2012-03-13 06:00:00+00:00,0.0
2012-03-13 07:00:00+00:00,0.0
2012-03-13 08:00:00+00:00,0.0
2012-03-13 09:00:00+00:00,0.0
2012-03-13 10:00:00+00:00,0.0
2012-03-13 11:00:00+00:00,0.0
2012-03-13 12:00:00+00:00,0.0
2012-03-13 13:00:00+00:00,0.28366718
2012-03-13 14:00:00+00:00,0.55366653
2012-03-13 15:00:00+00:00,0.6467834
2012-03-13 16:00:00+00:00,0.63842857
2012-03-13 17:00:00+00:00,0.5707621
2012-03-13 18:00:00+00:00,0.61007416
2012-03-13 19:00:00+00:00,0.62322634
2012-03-13 20:00:00+00:00,0.6368272
2012-03-13 21:00:00+00:00,0.6212783000000001
2012-03-13 22:00:00+00:00,0.50979316
2012-03-13 23:00:00+00:00,0.17106648
2012-03-14 00:00:00+00:00,0.0
2012-03-14 01:00:00+00:00,0.0
2012-03-14 02:00:00+00:00,0.0
2012-03-14 03:00:00+00:00,0.0
2012-03-14 04:00:00+00:00,0.0
2012-03-14 05:00:00+00:00,0.0
2012-03-14 06:00:00+00:00,0.0
2012-03-14 07:00:00+00:00,0.0
2012-03-14 08:00:00+00:00,0.0
2012-03-14 09:00:00+00:00,0.0
2012-03-14 10:00:00+00:00,0.0
2012-03-14 11:00:00+00:00,0.0
2012-03-14 12:00:00+00:00,0.0
2012-03-14 13:00:00+00:00,0.012215153000000001
2012-03-14 14:00:00+00:00,0.32794032
2012-03-14 15:00:00+00:00,0.44606125
2012-03-14 16:00:00+00:00,0.4830718
2012-03-14 17:00:00+00:00,0.5045777
2012-03-14 18:00:00+00:00,0.53088206
2012-03-14 19:00:00+00:00,0.5687328
2012-03-14 20:00:00+00:00,0.47475424
2012-03-14 21:00:00+00:00,0.068015344
2012-03-14 22:00:00+00:00,0.023526927000000003
2012-03-14 23:00:00+00:00,0.02718717
2012-03-15 00:00:00+00:00,0.0
2012-03-15 01:00:00+00:00,0.0
2012-03-15 02:00:00+00:00,0.0
2012-03-15 03:00:00+00:00,0.0
2012-03-15 04:00:00+00:00,0.0
2012-03-15 05:00:00+00:00,0.0
2012-03-15 06:00:00+00:00,0.0
2012-03-15 07:00:00+00:00,0.0
2012-03-15 08:00:00+00:00,0.0
2012-03-15 09:00:00+00:00,0.0
2012-03-15 10:00:00+00:00,0.0
2012-03-15 11:00:00+00:00,0.0
2012-03-15 12:00:00+00:00,0.0
2012-03-15 13:00:00+00:00,0.078469135
2012-03-15 14:00:00+00:00,0.41715366
2012-03-15 15:00:00+00:00,0.38081682
2012-03-15 16:00:00+00:00,0.18972892
2012-03-15 17:00:00+00:00,0.13138776
2012-03-15 18:00:00+00:00,0.17879328
2012-03-15 19:00:00+00:00,0.14098144
2012-03-15 20:00:00+00:00,0.16652925
2012-03-15 21:00:00+00:00,0.14833656
2012-03-15 22:00:00+00:00,0.041040316
2012-03-15 23:00:00+00:00,0.023952896
2012-03-16 00:00:00+00:00,0.0
2012-03-16 01:00:00+00:00,0.0
2012-03-16 02:00:00+00:00,0.0
2012-03-16 03:00:00+00:00,0.0
2012-03-16 04:00:00+00:00,0.0
2012-03-16 05:00:00+00:00,0.0
2012-03-16 06:00:00+00:00,0.0
2012-03-16 07:00:00+00:00,0.0
2012-03-16 08:00:00+00:00,0.0
2012-03-16 09:00:00+00:00,0.0
2012-03-16 10:00:00+00:00,0.0
2012-03-16 11:00:00+00:00,0.0
2012-03-16 12:00:00+00:00,0.0
2012-03-16 13:00:00+00:00,0.33224887
2012-03-16 14:00:00+00:00,0.5800085
2012-03-16 15:00:00+00:00,0.64261866
2012-03-16 16:00:00+00:00,0.5838593000000001
2012-03-16 17:00:00+00:00,0.43953875
2012-03-16 18:00:00+00:00,0.37122723
2012-03-16 19:00:00+00:00,0.45111984
2012-03-16 20:00:00+00:00,0.56574136
2012-03-16 21:00:00+00:00,0.5368273
2012-03-16 22:00:00+00:00,0.32475528
2012-03-16 23:00:00+00:00,0.09510513400000001
2012-03-17 00:00:00+00:00,0.0
2012-03-17 01:00:00+00:00,0.0
2012-03-17 02:00:00+00:00,0.0
2012-03-17 03:00:00+00:00,0.0
2012-03-17 04:00:00+00:00,0.0
2012-03-17 05:00:00+00:00,0.0
2012-03-17 06:00:00+00:00,0.0
2012-03-17 07:00:00+00:00,0.0
2012-03-17 08:00:00+00:00,0.0
2012-03-17 09:00:00+00:00,0.0
2012-03-17 10:00:00+00:00,0.0
2012-03-17 11:00:00+00:00,0.0
2012-03-17 12:00:00+00:00,0.0
2012-03-17 13:00:00+00:00,0.21395083
2012-03-17 14:00:00+00:00,0.5469782
2012-03-17 15:00:00+00:00,0.6473664000000001
2012-03-17 16:00:00+00:00,0.6393866
2012-03-17 17:00:00+00:00,0.5747821999999999
2012-03-17 18:00:00+00:00,0.35849538
2012-03-17 19:00:00+00:00,0.45617658
2012-03-17 20:00:00+00:00,0.6325851
2012-03-17 21:00:00+00:00,0.6053702
2012-03-17 22:00:00+00:00,0.46568558
2012-03-17 23:00:00+00:00,0.1431056
2012-03-18 00:00:00+00:00,0.0
2012-03-18 01:00:00+00:00,0.0
2012-03-18 02:00:00+00:00,0.0
2012-03-18 03:00:00+00:00,0.0
2012-03-18 04:00:00+00:00,0.0
2012-03-18 05:00:00+00:00,0.0
2012-03-18 06:00:00+00:00,0.0
2012-03-18 07:00:00+00:00,0.0
2012-03-18 08:00:00+00:00,0.0
2012-03-18 09:00:00+00:00,0.0
2012-03-18 10:00:00+00:00,0.0
2012-03-18 11:00:00+00:00,0.0
2012-03-18 12:00:00+00:00,0.0
2012-03-18 13:00:00+00:00,0.107741565
2012-03-18 14:00:00+00:00,0.43849072
2012-03-18 15:00:00+00:00,0.57102597
2012-03-18 16:00:00+00:00,0.48733574
2012-03-18 17:00:00+00:00,0.5504626
2012-03-18 18:00:00+00:00,0.4688147
2012-03-18 19:00:00+00:00,0.49417192
2012-03-18 20:00:00+00:00,0.60312474
2012-03-18 21:00:00+00:00,0.50788385
2012-03-18 22:00:00+00:00,0.35484603
2012-03-18 23:00:00+00:00,0.1272838
2012-03-19 00:00:00+00:00,0.0
2012-03-19 01:00:00+00:00,0.0
2012-03-19 02:00:00+00:00,0.0
2012-03-19 03:00:00+00:00,0.0
2012-03-19 04:00:00+00:00,0.0
2012-03-19 05:00:00+00:00,0.0
2012-03-19 06:00:00+00:00,0.0
2012-03-19 07:00:00+00:00,0.0
2012-03-19 08:00:00+00:00,0.0
2012-03-19 09:00:00+00:00,0.0
2012-03-19 10:00:00+00:00,0.0
2012-03-19 11:00:00+00:00,0.0
2012-03-19 12:00:00+00:00,0.0
2012-03-19 13:00:00+00:00,0.09164236
2012-03-19 14:00:00+00:00,0.44014627
2012-03-19 15:00:00+00:00,0.56657785
2012-03-19 16:00:00+00:00,0.44955150000000005
2012-03-19 17:00:00+00:00,0.46711698
2012-03-19 18:00:00+00:00,0.58248264
2012-03-19 19:00:00+00:00,0.59096617
2012-03-19 20:00:00+00:00,0.5926222
2012-03-19 21:00:00+00:00,0.55980676
2012-03-19 22:00:00+00:00,0.45260647
2012-03-19 23:00:00+00:00,0.15406275
2012-03-20 00:00:00+00:00,0.0
2012-03-20 01:00:00+00:00,0.0
2012-03-20 02:00:00+00:00,0.0
2012-03-20 03:00:00+00:00,0.0
2012-03-20 04:00:00+00:00,0.0
2012-03-20 05:00:00+00:00,0.0
2012-03-20 06:00:00+00:00,0.0
2012-03-20 07:00:00+00:00,0.0
2012-03-20 08:00:00+00:00,0.0
2012-03-20 09:00:00+00:00,0.0
2012-03-20 10:00:00+00:00,0.0
2012-03-20 11:00:00+00:00,0.0
2012-03-20 12:00:00+00:00,0.006994074
2012-03-20 13:00:00+00:00,0.33614334
2012-03-20 14:00:00+00:00,0.5682688
2012-03-20 15:00:00+00:00,0.6261797
2012-03-20 16:00:00+00:00,0.62319124
2012-03-20 17:00:00+00:00,0.60851616
2012-03-20 18:00:00+00:00,0.59656006
2012-03-20 19:00:00+00:00,0.61021715
2012-03-20 20:00:00+00:00,0.6164281
2012-03-20 21:00:00+00:00,0.59808975
2012-03-20 22:00:00+00:00,0.4985173
2012-03-20 23:00:00+00:00,0.18460993
2012-03-21 00:00:00+00:00,0.0
2012-03-21 01:00:00+00:00,0.0
2012-03-21 02:00:00+00:00,0.0
2012-03-21 03:00:00+00:00,0.0
2012-03-21 04:00:00+00:00,0.0
2012-03-21 05:00:00+00:00,0.0
2012-03-21 06:00:00+00:00,0.0
2012-03-21 07:00:00+00:00,0.0
2012-03-21 08:00:00+00:00,0.0
2012-03-21 09:00:00+00:00,0.0
2012-03-21 10:00:00+00:00,0.0
2012-03-21 11:00:00+00:00,0.0
2012-03-21 12:00:00+00:00,0.030853456
2012-03-21 13:00:00+00:00,0.40089366
2012-03-21 14:00:00+00:00,0.62858224
2012-03-21 15:00:00+00:00,0.66347677
2012-03-21 16:00:00+00:00,0.64789325
2012-03-21 17:00:00+00:00,0.6063826
2012-03-21 18:00:00+00:00,0.50159466
2012-03-21 19:00:00+00:00,0.45671555
2012-03-21 20:00:00+00:00,0.32631347
2012-03-21 21:00:00+00:00,0.121467695
2012-03-21 22:00:00+00:00,0.10469895
2012-03-21 23:00:00+00:00,0.010621661999999999
2012-03-22 00:00:00+00:00,0.0
2012-03-22 01:00:00+00:00,0.0
2012-03-22 02:00:00+00:00,0.0
2012-03-22 03:00:00+00:00,0.0
2012-03-22 04:00:00+00:00,0.0
2012-03-22 05:00:00+00:00,0.0
2012-03-22 06:00:00+00:00,0.0
2012-03-22 07:00:00+00:00,0.0
2012-03-22 08:00:00+00:00,0.0
2012-03-22 09:00:00+00:00,0.0
2012-03-22 10:00:00+00:00,0.0
2012-03-22 11:00:00+00:00,0.0
2012-03-22 12:00:00+00:00,0.0
2012-03-22 13:00:00+00:00,0.0073924465
2012-03-22 14:00:00+00:00,0.0674202
2012-03-22 15:00:00+00:00,0.025965553
2012-03-22 16:00:00+00:00,0.15096615
2012-03-22 17:00:00+00:00,0.34070259999999997
2012-03-22 18:00:00+00:00,0.26662317
2012-03-22 19:00:00+00:00,0.33848643
2012-03-22 20:00:00+00:00,0.20862678
2012-03-22 21:00:00+00:00,0.50410664
2012-03-22 22:00:00+00:00,0.43839297
2012-03-22 23:00:00+00:00,0.20754358
2012-03-23 00:00:00+00:00,0.0
2012-03-23 01:00:00+00:00,0.0
2012-03-23 02:00:00+00:00,0.0
2012-03-23 03:00:00+00:00,0.0
2012-03-23 04:00:00+00:00,0.0
2012-03-23 05:00:00+00:00,0.0
2012-03-23 06:00:00+00:00,0.0
2012-03-23 07:00:00+00:00,0.0
2012-03-23 08:00:00+00:00,0.0
2012-03-23 09:00:00+00:00,0.0
2012-03-23 10:00:00+00:00,0.0
2012-03-23 11:00:00+00:00,0.0
2012-03-23 12:00:00+00:00,0.06362263
2012-03-23 13:00:00+00:00,0.45178103
2012-03-23 14:00:00+00:00,0.67379457
2012-03-23 15:00:00+00:00,0.7103911
2012-03-23 16:00:00+00:00,0.67159045
2012-03-23 17:00:00+00:00,0.5083386
2012-03-23 18:00:00+00:00,0.43897948
2012-03-23 19:00:00+00:00,0.25718364
2012-03-23 20:00:00+00:00,0.35657957
2012-03-23 21:00:00+00:00,0.26067826
2012-03-23 22:00:00+00:00,0.21865803
2012-03-23 23:00:00+00:00,0.13739596
2012-03-24 00:00:00+00:00,0.0
2012-03-24 01:00:00+00:00,0.0
2012-03-24 02:00:00+00:00,0.0
2012-03-24 03:00:00+00:00,0.0
2012-03-24 04:00:00+00:00,0.0
2012-03-24 05:00:00+00:00,0.0
2012-03-24 06:00:00+00:00,0.0
2012-03-24 07:00:00+00:00,0.0
2012-03-24 08:00:00+00:00,0.0
2012-03-24 09:00:00+00:00,0.0
2012-03-24 10:00:00+00:00,0.0
2012-03-24 11:00:00+00:00,0.0
2012-03-24 12:00:00+00:00,0.07139454
2012-03-24 13:00:00+00:00,0.42641672
2012-03-24 14:00:00+00:00,0.5549550999999999
2012-03-24 15:00:00+00:00,0.62870264
2012-03-24 16:00:00+00:00,0.66386217
2012-03-24 17:00:00+00:00,0.5573169
2012-03-24 18:00:00+00:00,0.4661325
2012-03-24 19:00:00+00:00,0.48882028
2012-03-24 20:00:00+00:00,0.49357763
2012-03-24 21:00:00+00:00,0.54947567
2012-03-24 22:00:00+00:00,0.10987956
2012-03-24 23:00:00+00:00,0.15482025
2012-03-25 00:00:00+00:00,0.0
2012-03-25 01:00:00+00:00,0.0
2012-03-25 02:00:00+00:00,0.0
2012-03-25 03:00:00+00:00,0.0
2012-03-25 04:00:00+00:00,0.0
2012-03-25 05:00:00+00:00,0.0
2012-03-25 06:00:00+00:00,0.0
2012-03-25 07:00:00+00:00,0.0
2012-03-25 08:00:00+00:00,0.0
2012-03-25 09:00:00+00:00,0.0
2012-03-25 10:00:00+00:00,0.0
2012-03-25 11:00:00+00:00,0.0
2012-03-25 12:00:00+00:00,0.08012614
2012-03-25 13:00:00+00:00,0.41705585
2012-03-25 14:00:00+00:00,0.33051378
2012-03-25 15:00:00+00:00,0.3071762
2012-03-25 16:00:00+00:00,0.68496966
2012-03-25 17:00:00+00:00,0.6869319
2012-03-25 18:00:00+00:00,0.6795161
2012-03-25 19:00:00+00:00,0.68965995
2012-03-25 20:00:00+00:00,0.6987982
2012-03-25 21:00:00+00:00,0.6816621999999999
2012-03-25 22:00:00+00:00,0.58465606
2012-03-25 23:00:00+00:00,0.23955926
2012-03-26 00:00:00+00:00,0.0
2012-03-26 01:00:00+00:00,0.0
2012-03-26 02:00:00+00:00,0.0
2012-03-26 03:00:00+00:00,0.0
2012-03-26 04:00:00+00:00,0.0
2012-03-26 05:00:00+00:00,0.0
2012-03-26 06:00:00+00:00,0.0
2012-03-26 07:00:00+00:00,0.0
2012-03-26 08:00:00+00:00,0.0
2012-03-26 09:00:00+00:00,0.0
2012-03-26 10:00:00+00:00,0.0
2012-03-26 11:00:00+00:00,0.0
2012-03-26 12:00:00+00:00,0.017299033999999998
2012-03-26 13:00:00+00:00,0.34995824
2012-03-26 14:00:00+00:00,0.6848509
2012-03-26 15:00:00+00:00,0.6854839
2012-03-26 16:00:00+00:00,0.7062676999999999
2012-03-26 17:00:00+00:00,0.68215394
2012-03-26 18:00:00+00:00,0.67007303
2012-03-26 19:00:00+00:00,0.67685664
2012-03-26 20:00:00+00:00,0.6897415
2012-03-26 21:00:00+00:00,0.6726713000000001
2012-03-26 22:00:00+00:00,0.5040578
2012-03-26 23:00:00+00:00,0.25199637
2012-03-27 00:00:00+00:00,0.0
2012-03-27 01:00:00+00:00,0.0
2012-03-27 02:00:00+00:00,0.0
2012-03-27 03:00:00+00:00,0.0
2012-03-27 04:00:00+00:00,0.0
2012-03-27 05:00:00+00:00,0.0
2012-03-27 06:00:00+00:00,0.0
2012-03-27 07:00:00+00:00,0.0
2012-03-27 08:00:00+00:00,0.0
2012-03-27 09:00:00+00:00,0.0
2012-03-27 10:00:00+00:00,0.0
2012-03-27 11:00:00+00:00,0.0
2012-03-27 12:00:00+00:00,0.07169048
2012-03-27 13:00:00+00:00,0.36359993
2012-03-27 14:00:00+00:00,0.5192399000000001
2012-03-27 15:00:00+00:00,0.6080038000000001
2012-03-27 16:00:00+00:00,0.6170545000000001
2012-03-27 17:00:00+00:00,0.40399563
2012-03-27 18:00:00+00:00,0.61681366
2012-03-27 19:00:00+00:00,0.5224126
2012-03-27 20:00:00+00:00,0.068240404
2012-03-27 21:00:00+00:00,0.23796625
2012-03-27 22:00:00+00:00,0.34954992
2012-03-27 23:00:00+00:00,0.1374819
2012-03-28 00:00:00+00:00,0.0
2012-03-28 01:00:00+00:00,0.0
2012-03-28 02:00:00+00:00,0.0
2012-03-28 03:00:00+00:00,0.0
2012-03-28 04:00:00+00:00,0.0
2012-03-28 05:00:00+00:00,0.0
2012-03-28 06:00:00+00:00,0.0
2012-03-28 07:00:00+00:00,0.0
2012-03-28 08:00:00+00:00,0.0
2012-03-28 09:00:00+00:00,0.0
2012-03-28 10:00:00+00:00,0.0
2012-03-28 11:00:00+00:00,0.0
2012-03-28 12:00:00+00:00,0.049517847999999996
2012-03-28 13:00:00+00:00,0.44003559999999997
2012-03-28 14:00:00+00:00,0.615212
2012-03-28 15:00:00+00:00,0.69996893
2012-03-28 16:00:00+00:00,0.6886812
2012-03-28 17:00:00+00:00,0.6704613
2012-03-28 18:00:00+00:00,0.6634618
2012-03-28 19:00:00+00:00,0.6723204
2012-03-28 20:00:00+00:00,0.6773314
2012-03-28 21:00:00+00:00,0.65209967
2012-03-28 22:00:00+00:00,0.5361424
2012-03-28 23:00:00+00:00,0.19768377
2012-03-29 00:00:00+00:00,0.0
2012-03-29 01:00:00+00:00,0.0
2012-03-29 02:00:00+00:00,0.0
2012-03-29 03:00:00+00:00,0.0
2012-03-29 04:00:00+00:00,0.0
2012-03-29 05:00:00+00:00,0.0
2012-03-29 06:00:00+00:00,0.0
2012-03-29 07:00:00+00:00,0.0
2012-03-29 08:00:00+00:00,0.0
2012-03-29 09:00:00+00:00,0.0
2012-03-29 10:00:00+00:00,0.0
2012-03-29 11:00:00+00:00,0.0
2012-03-29 12:00:00+00:00,0.0066754865
2012-03-29 13:00:00+00:00,0.055864338
2012-03-29 14:00:00+00:00,0.5617481
2012-03-29 15:00:00+00:00,0.65684754
2012-03-29 16:00:00+00:00,0.59813035
2012-03-29 17:00:00+00:00,0.54953015
2012-03-29 18:00:00+00:00,0.58057636
2012-03-29 19:00:00+00:00,0.5228005
2012-03-29 20:00:00+00:00,0.5254559
2012-03-29 21:00:00+00:00,0.5097878
2012-03-29 22:00:00+00:00,0.50353193
2012-03-29 23:00:00+00:00,0.21863927
2012-03-30 00:00:00+00:00,0.0
2012-03-30 01:00:00+00:00,0.0
2012-03-30 02:00:00+00:00,0.0
2012-03-30 03:00:00+00:00,0.0
2012-03-30 04:00:00+00:00,0.0
2012-03-30 05:00:00+00:00,0.0
2012-03-30 06:00:00+00:00,0.0
2012-03-30 07:00:00+00:00,0.0
2012-03-30 08:00:00+00:00,0.0
2012-03-30 09:00:00+00:00,0.0
2012-03-30 10:00:00+00:00,0.0
2012-03-30 11:00:00+00:00,0.0
2012-03-30 12:00:00+00:00,0.06945241
2012-03-30 13:00:00+00:00,0.08827875
2012-03-30 14:00:00+00:00,0.06445927
2012-03-30 15:00:00+00:00,0.10508503
2012-03-30 16:00:00+00:00,0.19525464
2012-03-30 17:00:00+00:00,0.23334384
2012-03-30 18:00:00+00:00,0.29878742
2012-03-30 19:00:00+00:00,0.23615488
2012-03-30 20:00:00+00:00,0.29090008
2012-03-30 21:00:00+00:00,0.42583457
2012-03-30 22:00:00+00:00,0.5732644
2012-03-30 23:00:00+00:00,0.26044628
2012-03-31 00:00:00+00:00,0.0
2012-03-31 01:00:00+00:00,0.0
2012-03-31 02:00:00+00:00,0.0
2012-03-31 03:00:00+00:00,0.0
2012-03-31 04:00:00+00:00,0.0
2012-03-31 05:00:00+00:00,0.0
2012-03-31 06:00:00+00:00,0.0
2012-03-31 07:00:00+00:00,0.0
2012-03-31 08:00:00+00:00,0.0
2012-03-31 09:00:00+00:00,0.0
2012-03-31 10:00:00+00:00,0.0
2012-03-31 11:00:00+00:00,0.0
2012-03-31 12:00:00+00:00,0.008861507
2012-03-31 13:00:00+00:00,0.003702267
2012-03-31 14:00:00+00:00,0.014483517
2012-03-31 15:00:00+00:00,0.054601304
2012-03-31 16:00:00+00:00,0.07599938
2012-03-31 17:00:00+00:00,0.15363756
2012-03-31 18:00:00+00:00,0.33522117
2012-03-31 19:00:00+00:00,0.6030677
2012-03-31 20:00:00+00:00,0.6687069999999999
2012-03-31 21:00:00+00:00,0.6463293999999999
2012-03-31 22:00:00+00:00,0.55901545
2012-03-31 23:00:00+00:00,0.25448257
2012-04-01 00:00:00+00:00,0.0
2012-04-01 01:00:00+00:00,0.0
2012-04-01 02:00:00+00:00,0.0
2012-04-01 03:00:00+00:00,0.0
2012-04-01 04:00:00+00:00,0.0
2012-04-01 05:00:00+00:00,0.0
2012-04-01 06:00:00+00:00,0.0
2012-04-01 07:00:00+00:00,0.0
2012-04-01 08:00:00+00:00,0.0
2012-04-01 09:00:00+00:00,0.0
2012-04-01 10:00:00+00:00,0.0
2012-04-01 11:00:00+00:00,0.0
2012-04-01 12:00:00+00:00,0.09511555
2012-04-01 13:00:00+00:00,0.30207890000000004
2012-04-01 14:00:00+00:00,0.15528385
2012-04-01 15:00:00+00:00,0.22085114
2012-04-01 16:00:00+00:00,0.22652282
2012-04-01 17:00:00+00:00,0.29901758
2012-04-01 18:00:00+00:00,0.44493710000000003
2012-04-01 19:00:00+00:00,0.47193655
2012-04-01 20:00:00+00:00,0.65753233
2012-04-01 21:00:00+00:00,0.6171142
2012-04-01 22:00:00+00:00,0.51404804
2012-04-01 23:00:00+00:00,0.22375159
2012-04-02 00:00:00+00:00,0.0
2012-04-02 01:00:00+00:00,0.0
2012-04-02 02:00:00+00:00,0.0
2012-04-02 03:00:00+00:00,0.0
2012-04-02 04:00:00+00:00,0.0
2012-04-02 05:00:00+00:00,0.0
2012-04-02 06:00:00+00:00,0.0
2012-04-02 07:00:00+00:00,0.0
2012-04-02 08:00:00+00:00,0.0
2012-04-02 09:00:00+00:00,0.0
2012-04-02 10:00:00+00:00,0.0
2012-04-02 11:00:00+00:00,0.0
2012-04-02 12:00:00+00:00,0.13337603
2012-04-02 13:00:00+00:00,0.47658900000000004
2012-04-02 14:00:00+00:00,0.6384052
2012-04-02 15:00:00+00:00,0.64841604
2012-04-02 16:00:00+00:00,0.61103237
2012-04-02 17:00:00+00:00,0.5724214
2012-04-02 18:00:00+00:00,0.52877134
2012-04-02 19:00:00+00:00,0.5892678000000001
2012-04-02 20:00:00+00:00,0.5370203
2012-04-02 21:00:00+00:00,0.585665
2012-04-02 22:00:00+00:00,0.4190933
2012-04-02 23:00:00+00:00,0.19828367
2012-04-03 00:00:00+00:00,0.0
2012-04-03 01:00:00+00:00,0.0
2012-04-03 02:00:00+00:00,0.0
2012-04-03 03:00:00+00:00,0.0
2012-04-03 04:00:00+00:00,0.0
2012-04-03 05:00:00+00:00,0.0
2012-04-03 06:00:00+00:00,0.0
2012-04-03 07:00:00+00:00,0.0
2012-04-03 08:00:00+00:00,0.0
2012-04-03 09:00:00+00:00,0.0
2012-04-03 10:00:00+00:00,0.0
2012-04-03 11:00:00+00:00,0.0
2012-04-03 12:00:00+00:00,0.0006035485400000001
2012-04-03 13:00:00+00:00,0.29021840000000004
2012-04-03 14:00:00+00:00,0.56261927
2012-04-03 15:00:00+00:00,0.4504593
2012-04-03 16:00:00+00:00,0.36054559999999997
2012-04-03 17:00:00+00:00,0.16209798
2012-04-03 18:00:00+00:00,0.13327356
2012-04-03 19:00:00+00:00,0.58218676
2012-04-03 20:00:00+00:00,0.12870774
2012-04-03 21:00:00+00:00,0.16321874
2012-04-03 22:00:00+00:00,0.029236527000000002
2012-04-03 23:00:00+00:00,0.015455561999999999
2012-04-04 00:00:00+00:00,0.0
2012-04-04 01:00:00+00:00,0.0
2012-04-04 02:00:00+00:00,0.0
2012-04-04 03:00:00+00:00,0.0
2012-04-04 04:00:00+00:00,0.0
2012-04-04 05:00:00+00:00,0.0
2012-04-04 06:00:00+00:00,0.0
2012-04-04 07:00:00+00:00,0.0
2012-04-04 08:00:00+00:00,0.0
2012-04-04 09:00:00+00:00,0.0
2012-04-04 10:00:00+00:00,0.0
2012-04-04 11:00:00+00:00,0.0
2012-04-04 12:00:00+00:00,0.029174931
2012-04-04 13:00:00+00:00,0.012015895
2012-04-04 14:00:00+00:00,0.25654912
2012-04-04 15:00:00+00:00,0.7279576
2012-04-04 16:00:00+00:00,0.70446724
2012-04-04 17:00:00+00:00,0.63215506
2012-04-04 18:00:00+00:00,0.69916975
2012-04-04 19:00:00+00:00,0.70914453
2012-04-04 20:00:00+00:00,0.72511494
2012-04-04 21:00:00+00:00,0.7141348000000001
2012-04-04 22:00:00+00:00,0.61142796
2012-04-04 23:00:00+00:00,0.23911443
2012-04-05 00:00:00+00:00,0.0
2012-04-05 01:00:00+00:00,0.0
2012-04-05 02:00:00+00:00,0.0
2012-04-05 03:00:00+00:00,0.0
2012-04-05 04:00:00+00:00,0.0
2012-04-05 05:00:00+00:00,0.0
2012-04-05 06:00:00+00:00,0.0
2012-04-05 07:00:00+00:00,0.0
2012-04-05 08:00:00+00:00,0.0
2012-04-05 09:00:00+00:00,0.0
2012-04-05 10:00:00+00:00,0.0
2012-04-05 11:00:00+00:00,0.0
2012-04-05 12:00:00+00:00,0.20570370000000002
2012-04-05 13:00:00+00:00,0.62307477
2012-04-05 14:00:00+00:00,0.76274246
2012-04-05 15:00:00+00:00,0.769
2012-04-05 16:00:00+00:00,0.7670927
2012-04-05 17:00:00+00:00,0.7464889
2012-04-05 18:00:00+00:00,0.7389266999999999
2012-04-05 19:00:00+00:00,0.74914074
2012-04-05 20:00:00+00:00,0.7609041
2012-04-05 21:00:00+00:00,0.7587713
2012-04-05 22:00:00+00:00,0.67801076
2012-04-05 23:00:00+00:00,0.34929886
2012-04-06 00:00:00+00:00,0.0
2012-04-06 01:00:00+00:00,0.0
2012-04-06 02:00:00+00:00,0.0
2012-04-06 03:00:00+00:00,0.0
2012-04-06 04:00:00+00:00,0.0
2012-04-06 05:00:00+00:00,0.0
2012-04-06 06:00:00+00:00,0.0
2012-04-06 07:00:00+00:00,0.0
2012-04-06 08:00:00+00:00,0.0
2012-04-06 09:00:00+00:00,0.0
2012-04-06 10:00:00+00:00,0.0
2012-04-06 11:00:00+00:00,0.0
2012-04-06 12:00:00+00:00,0.21566527
2012-04-06 13:00:00+00:00,0.6245493000000001
2012-04-06 14:00:00+00:00,0.7502816999999999
2012-04-06 15:00:00+00:00,0.758829
2012-04-06 16:00:00+00:00,0.7392924
2012-04-06 17:00:00+00:00,0.7198459
2012-04-06 18:00:00+00:00,0.709997
2012-04-06 19:00:00+00:00,0.71305394
2012-04-06 20:00:00+00:00,0.7207296999999999
2012-04-06 21:00:00+00:00,0.7108983
2012-04-06 22:00:00+00:00,0.56866455
2012-04-06 23:00:00+00:00,0.32232425
2012-04-07 00:00:00+00:00,0.0
2012-04-07 01:00:00+00:00,0.0
2012-04-07 02:00:00+00:00,0.0
2012-04-07 03:00:00+00:00,0.0
2012-04-07 04:00:00+00:00,0.0
2012-04-07 05:00:00+00:00,0.0
2012-04-07 06:00:00+00:00,0.0
2012-04-07 07:00:00+00:00,0.0
2012-04-07 08:00:00+00:00,0.0
2012-04-07 09:00:00+00:00,0.0
2012-04-07 10:00:00+00:00,0.0
2012-04-07 11:00:00+00:00,0.0
2012-04-07 12:00:00+00:00,0.017377438000000002
2012-04-07 13:00:00+00:00,0.14521617
2012-04-07 14:00:00+00:00,0.6650855
2012-04-07 15:00:00+00:00,0.73751885
2012-04-07 16:00:00+00:00,0.74006206
2012-04-07 17:00:00+00:00,0.72829753
2012-04-07 18:00:00+00:00,0.72581226
2012-04-07 19:00:00+00:00,0.73521096
2012-04-07 20:00:00+00:00,0.7494217
2012-04-07 21:00:00+00:00,0.7301131999999999
2012-04-07 22:00:00+00:00,0.63893104
2012-04-07 23:00:00+00:00,0.31472942
2012-04-08 00:00:00+00:00,0.0
2012-04-08 01:00:00+00:00,0.0
2012-04-08 02:00:00+00:00,0.0
2012-04-08 03:00:00+00:00,0.0
2012-04-08 04:00:00+00:00,0.0
2012-04-08 05:00:00+00:00,0.0
2012-04-08 06:00:00+00:00,0.0
2012-04-08 07:00:00+00:00,0.0
2012-04-08 08:00:00+00:00,0.0
2012-04-08 09:00:00+00:00,0.0
2012-04-08 10:00:00+00:00,0.0
2012-04-08 11:00:00+00:00,0.0
2012-04-08 12:00:00+00:00,0.20168275
2012-04-08 13:00:00+00:00,0.5861481
2012-04-08 14:00:00+00:00,0.7169338000000001
2012-04-08 15:00:00+00:00,0.7465569000000001
2012-04-08 16:00:00+00:00,0.7420968000000001
2012-04-08 17:00:00+00:00,0.72562796
2012-04-08 18:00:00+00:00,0.7268944
2012-04-08 19:00:00+00:00,0.73682004
2012-04-08 20:00:00+00:00,0.7501879
2012-04-08 21:00:00+00:00,0.7336007
2012-04-08 22:00:00+00:00,0.6528568
2012-04-08 23:00:00+00:00,0.33568603
2012-04-09 00:00:00+00:00,0.0
2012-04-09 01:00:00+00:00,0.0
2012-04-09 02:00:00+00:00,0.0
2012-04-09 03:00:00+00:00,0.0
2012-04-09 04:00:00+00:00,0.0
2012-04-09 05:00:00+00:00,0.0
2012-04-09 06:00:00+00:00,0.0
2012-04-09 07:00:00+00:00,0.0
2012-04-09 08:00:00+00:00,0.0
2012-04-09 09:00:00+00:00,0.0
2012-04-09 10:00:00+00:00,0.0
2012-04-09 11:00:00+00:00,0.0
2012-04-09 12:00:00+00:00,0.13986827
2012-04-09 13:00:00+00:00,0.5028768
2012-04-09 14:00:00+00:00,0.5736536
2012-04-09 15:00:00+00:00,0.769
2012-04-09 16:00:00+00:00,0.7600471
2012-04-09 17:00:00+00:00,0.74891394
2012-04-09 18:00:00+00:00,0.75179964
2012-04-09 19:00:00+00:00,0.7658508
2012-04-09 20:00:00+00:00,0.769
2012-04-09 21:00:00+00:00,0.769
2012-04-09 22:00:00+00:00,0.6961440999999999
2012-04-09 23:00:00+00:00,0.36385490000000004
2012-04-10 00:00:00+00:00,0.0
2012-04-10 01:00:00+00:00,0.0
2012-04-10 02:00:00+00:00,0.0
2012-04-10 03:00:00+00:00,0.0
2012-04-10 04:00:00+00:00,0.0
2012-04-10 05:00:00+00:00,0.0
2012-04-10 06:00:00+00:00,0.0
2012-04-10 07:00:00+00:00,0.0
2012-04-10 08:00:00+00:00,0.0
2012-04-10 09:00:00+00:00,0.0
2012-04-10 10:00:00+00:00,0.0
2012-04-10 11:00:00+00:00,0.0
2012-04-10 12:00:00+00:00,0.25043756
2012-04-10 13:00:00+00:00,0.6635175999999999
2012-04-10 14:00:00+00:00,0.769
2012-04-10 15:00:00+00:00,0.769
2012-04-10 16:00:00+00:00,0.7572437
2012-04-10 17:00:00+00:00,0.6871216
2012-04-10 18:00:00+00:00,0.39621022
2012-04-10 19:00:00+00:00,0.21359643
2012-04-10 20:00:00+00:00,0.3504651
2012-04-10 21:00:00+00:00,0.46509963
2012-04-10 22:00:00+00:00,0.23185098
2012-04-10 23:00:00+00:00,0.17402337
2012-04-11 00:00:00+00:00,0.0
2012-04-11 01:00:00+00:00,0.0
2012-04-11 02:00:00+00:00,0.0
2012-04-11 03:00:00+00:00,0.0
2012-04-11 04:00:00+00:00,0.0
2012-04-11 05:00:00+00:00,0.0
2012-04-11 06:00:00+00:00,0.0
2012-04-11 07:00:00+00:00,0.0
2012-04-11 08:00:00+00:00,0.0
2012-04-11 09:00:00+00:00,0.0
2012-04-11 10:00:00+00:00,0.0
2012-04-11 11:00:00+00:00,0.0
2012-04-11 12:00:00+00:00,0.24389929999999999
2012-04-11 13:00:00+00:00,0.63548875
2012-04-11 14:00:00+00:00,0.72356457
2012-04-11 15:00:00+00:00,0.7451539
2012-04-11 16:00:00+00:00,0.72465986
2012-04-11 17:00:00+00:00,0.71330714
2012-04-11 18:00:00+00:00,0.7122751
2012-04-11 19:00:00+00:00,0.72086596
2012-04-11 20:00:00+00:00,0.72658366
2012-04-11 21:00:00+00:00,0.72235894
2012-04-11 22:00:00+00:00,0.65321845
2012-04-11 23:00:00+00:00,0.36140114
2012-04-12 00:00:00+00:00,0.0
2012-04-12 01:00:00+00:00,0.0
2012-04-12 02:00:00+00:00,0.0
2012-04-12 03:00:00+00:00,0.0
2012-04-12 04:00:00+00:00,0.0
2012-04-12 05:00:00+00:00,0.0
2012-04-12 06:00:00+00:00,0.0
2012-04-12 07:00:00+00:00,0.0
2012-04-12 08:00:00+00:00,0.0
2012-04-12 09:00:00+00:00,0.0
2012-04-12 10:00:00+00:00,0.0
2012-04-12 11:00:00+00:00,0.0
2012-04-12 12:00:00+00:00,0.2616953
2012-04-12 13:00:00+00:00,0.65352124
2012-04-12 14:00:00+00:00,0.7460478
2012-04-12 15:00:00+00:00,0.71747786
2012-04-12 16:00:00+00:00,0.75105697
2012-04-12 17:00:00+00:00,0.72126466
2012-04-12 18:00:00+00:00,0.72909915
2012-04-12 19:00:00+00:00,0.6864661999999999
2012-04-12 20:00:00+00:00,0.5818765
2012-04-12 21:00:00+00:00,0.39630854
2012-04-12 22:00:00+00:00,0.22512653
2012-04-12 23:00:00+00:00,0.10062899
2012-04-13 00:00:00+00:00,0.0
2012-04-13 01:00:00+00:00,0.0
2012-04-13 02:00:00+00:00,0.0
2012-04-13 03:00:00+00:00,0.0
2012-04-13 04:00:00+00:00,0.0
2012-04-13 05:00:00+00:00,0.0
2012-04-13 06:00:00+00:00,0.0
2012-04-13 07:00:00+00:00,0.0
2012-04-13 08:00:00+00:00,0.0
2012-04-13 09:00:00+00:00,0.0
2012-04-13 10:00:00+00:00,0.0
2012-04-13 11:00:00+00:00,0.0
2012-04-13 12:00:00+00:00,0.036543075
2012-04-13 13:00:00+00:00,0.31517875
2012-04-13 14:00:00+00:00,0.0686092
2012-04-13 15:00:00+00:00,0.10385769
2012-04-13 16:00:00+00:00,0.26573506
2012-04-13 17:00:00+00:00,0.5714694
2012-04-13 18:00:00+00:00,0.39425054
2012-04-13 19:00:00+00:00,0.21301779999999998
2012-04-13 20:00:00+00:00,0.14798933
2012-04-13 21:00:00+00:00,0.40548870000000004
2012-04-13 22:00:00+00:00,0.5254581
2012-04-13 23:00:00+00:00,0.171198
2012-04-14 00:00:00+00:00,0.0
2012-04-14 01:00:00+00:00,0.0
2012-04-14 02:00:00+00:00,0.0
2012-04-14 03:00:00+00:00,0.0
2012-04-14 04:00:00+00:00,0.0
2012-04-14 05:00:00+00:00,0.0
2012-04-14 06:00:00+00:00,0.0
2012-04-14 07:00:00+00:00,0.0
2012-04-14 08:00:00+00:00,0.0
2012-04-14 09:00:00+00:00,0.0
2012-04-14 10:00:00+00:00,0.0
2012-04-14 11:00:00+00:00,0.0
2012-04-14 12:00:00+00:00,0.22848426
2012-04-14 13:00:00+00:00,0.5899868
2012-04-14 14:00:00+00:00,0.7037385
2012-04-14 15:00:00+00:00,0.62258726
2012-04-14 16:00:00+00:00,0.6362931
2012-04-14 17:00:00+00:00,0.60136014
2012-04-14 18:00:00+00:00,0.6430416
2012-04-14 19:00:00+00:00,0.6735460999999999
2012-04-14 20:00:00+00:00,0.7217956999999999
2012-04-14 21:00:00+00:00,0.7032061
2012-04-14 22:00:00+00:00,0.6202134
2012-04-14 23:00:00+00:00,0.32513466
2012-04-15 00:00:00+00:00,0.0
2012-04-15 01:00:00+00:00,0.0
2012-04-15 02:00:00+00:00,0.0
2012-04-15 03:00:00+00:00,0.0
2012-04-15 04:00:00+00:00,0.0
2012-04-15 05:00:00+00:00,0.0
2012-04-15 06:00:00+00:00,0.0
2012-04-15 07:00:00+00:00,0.0
2012-04-15 08:00:00+00:00,0.0
2012-04-15 09:00:00+00:00,0.0
2012-04-15 10:00:00+00:00,0.0
2012-04-15 11:00:00+00:00,0.0
2012-04-15 12:00:00+00:00,0.09489417
2012-04-15 13:00:00+00:00,0.012264001
2012-04-15 14:00:00+00:00,0.16524626
2012-04-15 15:00:00+00:00,0.18734476
2012-04-15 16:00:00+00:00,0.47234738
2012-04-15 17:00:00+00:00,0.66595626
2012-04-15 18:00:00+00:00,0.6813858
2012-04-15 19:00:00+00:00,0.6977585
2012-04-15 20:00:00+00:00,0.45531008
2012-04-15 21:00:00+00:00,0.7133457
2012-04-15 22:00:00+00:00,0.6138818
2012-04-15 23:00:00+00:00,0.26459014
2012-04-16 00:00:00+00:00,0.0
2012-04-16 01:00:00+00:00,0.0
2012-04-16 02:00:00+00:00,0.0
2012-04-16 03:00:00+00:00,0.0
2012-04-16 04:00:00+00:00,0.0
2012-04-16 05:00:00+00:00,0.0
2012-04-16 06:00:00+00:00,0.0
2012-04-16 07:00:00+00:00,0.0
2012-04-16 08:00:00+00:00,0.0
2012-04-16 09:00:00+00:00,0.0
2012-04-16 10:00:00+00:00,0.0
2012-04-16 11:00:00+00:00,0.0
2012-04-16 12:00:00+00:00,0.040369853
2012-04-16 13:00:00+00:00,0.15932196
2012-04-16 14:00:00+00:00,0.4585165
2012-04-16 15:00:00+00:00,0.36139816
2012-04-16 16:00:00+00:00,0.44435230000000003
2012-04-16 17:00:00+00:00,0.36983740000000004
2012-04-16 18:00:00+00:00,0.33623004
2012-04-16 19:00:00+00:00,0.20313805
2012-04-16 20:00:00+00:00,0.41508102
2012-04-16 21:00:00+00:00,0.22978126
2012-04-16 22:00:00+00:00,0.11268542
2012-04-16 23:00:00+00:00,0.040356465
2012-04-17 00:00:00+00:00,0.0
2012-04-17 01:00:00+00:00,0.0
2012-04-17 02:00:00+00:00,0.0
2012-04-17 03:00:00+00:00,0.0
2012-04-17 04:00:00+00:00,0.0
2012-04-17 05:00:00+00:00,0.0
2012-04-17 06:00:00+00:00,0.0
2012-04-17 07:00:00+00:00,0.0
2012-04-17 08:00:00+00:00,0.0
2012-04-17 09:00:00+00:00,0.0
2012-04-17 10:00:00+00:00,0.0
2012-04-17 11:00:00+00:00,0.0
2012-04-17 12:00:00+00:00,0.25607798
2012-04-17 13:00:00+00:00,0.60823596
2012-04-17 14:00:00+00:00,0.7214973000000001
2012-04-17 15:00:00+00:00,0.7419825
2012-04-17 16:00:00+00:00,0.7282966
2012-04-17 17:00:00+00:00,0.7163301999999999
2012-04-17 18:00:00+00:00,0.69152874
2012-04-17 19:00:00+00:00,0.72012055
2012-04-17 20:00:00+00:00,0.7075534000000001
2012-04-17 21:00:00+00:00,0.7113411000000001
2012-04-17 22:00:00+00:00,0.62081844
2012-04-17 23:00:00+00:00,0.34408286
2012-04-18 00:00:00+00:00,0.0
2012-04-18 01:00:00+00:00,0.0
2012-04-18 02:00:00+00:00,0.0
2012-04-18 03:00:00+00:00,0.0
2012-04-18 04:00:00+00:00,0.0
2012-04-18 05:00:00+00:00,0.0
2012-04-18 06:00:00+00:00,0.0
2012-04-18 07:00:00+00:00,0.0
2012-04-18 08:00:00+00:00,0.0
2012-04-18 09:00:00+00:00,0.0
2012-04-18 10:00:00+00:00,0.0
2012-04-18 11:00:00+00:00,0.0
2012-04-18 12:00:00+00:00,0.28386793
2012-04-18 13:00:00+00:00,0.6229733000000001
2012-04-18 14:00:00+00:00,0.69890857
2012-04-18 15:00:00+00:00,0.7258063
2012-04-18 16:00:00+00:00,0.7164458
2012-04-18 17:00:00+00:00,0.70650566
2012-04-18 18:00:00+00:00,0.7044316999999999
2012-04-18 19:00:00+00:00,0.7100706999999999
2012-04-18 20:00:00+00:00,0.7204845999999999
2012-04-18 21:00:00+00:00,0.7059977
2012-04-18 22:00:00+00:00,0.6338249
2012-04-18 23:00:00+00:00,0.37133908
2012-04-19 00:00:00+00:00,0.00082093757
2012-04-19 01:00:00+00:00,0.0
2012-04-19 02:00:00+00:00,0.0
2012-04-19 03:00:00+00:00,0.0
2012-04-19 04:00:00+00:00,0.0
2012-04-19 05:00:00+00:00,0.0
2012-04-19 06:00:00+00:00,0.0
2012-04-19 07:00:00+00:00,0.0
2012-04-19 08:00:00+00:00,0.0
2012-04-19 09:00:00+00:00,0.0
2012-04-19 10:00:00+00:00,0.0
2012-04-19 11:00:00+00:00,0.0
2012-04-19 12:00:00+00:00,0.26583102
2012-04-19 13:00:00+00:00,0.5893778000000001
2012-04-19 14:00:00+00:00,0.67151386
2012-04-19 15:00:00+00:00,0.71023524
2012-04-19 16:00:00+00:00,0.58647877
2012-04-19 17:00:00+00:00,0.38252965
2012-04-19 18:00:00+00:00,0.4327074000000001
2012-04-19 19:00:00+00:00,0.71754664
2012-04-19 20:00:00+00:00,0.65302426
2012-04-19 21:00:00+00:00,0.44919994
2012-04-19 22:00:00+00:00,0.30951467
2012-04-19 23:00:00+00:00,0.33124262
2012-04-20 00:00:00+00:00,0.0050861626
2012-04-20 01:00:00+00:00,0.0
2012-04-20 02:00:00+00:00,0.0
2012-04-20 03:00:00+00:00,0.0
2012-04-20 04:00:00+00:00,0.0
2012-04-20 05:00:00+00:00,0.0
2012-04-20 06:00:00+00:00,0.0
2012-04-20 07:00:00+00:00,0.0
2012-04-20 08:00:00+00:00,0.0
2012-04-20 09:00:00+00:00,0.0
2012-04-20 10:00:00+00:00,0.0
2012-04-20 11:00:00+00:00,0.0
2012-04-20 12:00:00+00:00,0.0062814609999999995
2012-04-20 13:00:00+00:00,0.06297741
2012-04-20 14:00:00+00:00,0.050669614
2012-04-20 15:00:00+00:00,0.10090468
2012-04-20 16:00:00+00:00,0.28539062
2012-04-20 17:00:00+00:00,0.14151564
2012-04-20 18:00:00+00:00,0.23751718
2012-04-20 19:00:00+00:00,0.15238684
2012-04-20 20:00:00+00:00,0.093012184
2012-04-20 21:00:00+00:00,0.20285797
2012-04-20 22:00:00+00:00,0.062181633
2012-04-20 23:00:00+00:00,0.020528078
2012-04-21 00:00:00+00:00,0.0044558607
2012-04-21 01:00:00+00:00,0.0
2012-04-21 02:00:00+00:00,0.0
2012-04-21 03:00:00+00:00,0.0
2012-04-21 04:00:00+00:00,0.0
2012-04-21 05:00:00+00:00,0.0
2012-04-21 06:00:00+00:00,0.0
2012-04-21 07:00:00+00:00,0.0
2012-04-21 08:00:00+00:00,0.0
2012-04-21 09:00:00+00:00,0.0
2012-04-21 10:00:00+00:00,0.0
2012-04-21 11:00:00+00:00,0.0
2012-04-21 12:00:00+00:00,0.22142416
2012-04-21 13:00:00+00:00,0.6102925
2012-04-21 14:00:00+00:00,0.28821978
2012-04-21 15:00:00+00:00,0.5103224000000001
2012-04-21 16:00:00+00:00,0.2828115
2012-04-21 17:00:00+00:00,0.3628361
2012-04-21 18:00:00+00:00,0.49350077
2012-04-21 19:00:00+00:00,0.37634853
2012-04-21 20:00:00+00:00,0.26747292
2012-04-21 21:00:00+00:00,0.15476419
2012-04-21 22:00:00+00:00,0.09854167
2012-04-21 23:00:00+00:00,0.050247423
2012-04-22 00:00:00+00:00,4.145072e-06
2012-04-22 01:00:00+00:00,0.0
2012-04-22 02:00:00+00:00,0.0
2012-04-22 03:00:00+00:00,0.0
2012-04-22 04:00:00+00:00,0.0
2012-04-22 05:00:00+00:00,0.0
2012-04-22 06:00:00+00:00,0.0
2012-04-22 07:00:00+00:00,0.0
2012-04-22 08:00:00+00:00,0.0
2012-04-22 09:00:00+00:00,0.0
2012-04-22 10:00:00+00:00,0.0
2012-04-22 11:00:00+00:00,0.0
2012-04-22 12:00:00+00:00,0.35341957
2012-04-22 13:00:00+00:00,0.7195716999999999
2012-04-22 14:00:00+00:00,0.769
2012-04-22 15:00:00+00:00,0.769
2012-04-22 16:00:00+00:00,0.769
2012-04-22 17:00:00+00:00,0.769
2012-04-22 18:00:00+00:00,0.769
2012-04-22 19:00:00+00:00,0.769
2012-04-22 20:00:00+00:00,0.697847
2012-04-22 21:00:00+00:00,0.5391388
2012-04-22 22:00:00+00:00,0.6626419
2012-04-22 23:00:00+00:00,0.41929212
2012-04-23 00:00:00+00:00,0.04172739
2012-04-23 01:00:00+00:00,0.0
2012-04-23 02:00:00+00:00,0.0
2012-04-23 03:00:00+00:00,0.0
2012-04-23 04:00:00+00:00,0.0
2012-04-23 05:00:00+00:00,0.0
2012-04-23 06:00:00+00:00,0.0
2012-04-23 07:00:00+00:00,0.0
2012-04-23 08:00:00+00:00,0.0
2012-04-23 09:00:00+00:00,0.0
2012-04-23 10:00:00+00:00,0.0
2012-04-23 11:00:00+00:00,0.0
2012-04-23 12:00:00+00:00,0.20948981
2012-04-23 13:00:00+00:00,0.6855789000000001
2012-04-23 14:00:00+00:00,0.6717924
2012-04-23 15:00:00+00:00,0.7618691
2012-04-23 16:00:00+00:00,0.769
2012-04-23 17:00:00+00:00,0.76713353
2012-04-23 18:00:00+00:00,0.76375777
2012-04-23 19:00:00+00:00,0.7013699000000001
2012-04-23 20:00:00+00:00,0.5211822
2012-04-23 21:00:00+00:00,0.35073718
2012-04-23 22:00:00+00:00,0.30850336
2012-04-23 23:00:00+00:00,0.035809014
2012-04-24 00:00:00+00:00,0.0
2012-04-24 01:00:00+00:00,0.0
2012-04-24 02:00:00+00:00,0.0
2012-04-24 03:00:00+00:00,0.0
2012-04-24 04:00:00+00:00,0.0
2012-04-24 05:00:00+00:00,0.0
2012-04-24 06:00:00+00:00,0.0
2012-04-24 07:00:00+00:00,0.0
2012-04-24 08:00:00+00:00,0.0
2012-04-24 09:00:00+00:00,0.0
2012-04-24 10:00:00+00:00,0.0
2012-04-24 11:00:00+00:00,0.0
2012-04-24 12:00:00+00:00,0.27876776
2012-04-24 13:00:00+00:00,0.48820466
2012-04-24 14:00:00+00:00,0.70331866
2012-04-24 15:00:00+00:00,0.72486067
2012-04-24 16:00:00+00:00,0.7202012
2012-04-24 17:00:00+00:00,0.70706826
2012-04-24 18:00:00+00:00,0.70561135
2012-04-24 19:00:00+00:00,0.5384747
2012-04-24 20:00:00+00:00,0.695792
2012-04-24 21:00:00+00:00,0.16085479999999996
2012-04-24 22:00:00+00:00,0.12909646
2012-04-24 23:00:00+00:00,0.05329434
2012-04-25 00:00:00+00:00,0.00017294813000000002
2012-04-25 01:00:00+00:00,0.0
2012-04-25 02:00:00+00:00,0.0
2012-04-25 03:00:00+00:00,0.0
2012-04-25 04:00:00+00:00,0.0
2012-04-25 05:00:00+00:00,0.0
2012-04-25 06:00:00+00:00,0.0
2012-04-25 07:00:00+00:00,0.0
2012-04-25 08:00:00+00:00,0.0
2012-04-25 09:00:00+00:00,0.0
2012-04-25 10:00:00+00:00,0.0
2012-04-25 11:00:00+00:00,0.0
2012-04-25 12:00:00+00:00,0.08695661
2012-04-25 13:00:00+00:00,0.54078704
2012-04-25 14:00:00+00:00,0.49768025
2012-04-25 15:00:00+00:00,0.39813963
2012-04-25 16:00:00+00:00,0.40878773
2012-04-25 17:00:00+00:00,0.433507
2012-04-25 18:00:00+00:00,0.64917916
2012-04-25 19:00:00+00:00,0.49876335
2012-04-25 20:00:00+00:00,0.7264738000000001
2012-04-25 21:00:00+00:00,0.71009296
2012-04-25 22:00:00+00:00,0.6233999
2012-04-25 23:00:00+00:00,0.25167862
2012-04-26 00:00:00+00:00,0.054899894000000005
2012-04-26 01:00:00+00:00,0.0
2012-04-26 02:00:00+00:00,0.0
2012-04-26 03:00:00+00:00,0.0
2012-04-26 04:00:00+00:00,0.0
2012-04-26 05:00:00+00:00,0.0
2012-04-26 06:00:00+00:00,0.0
2012-04-26 07:00:00+00:00,0.0
2012-04-26 08:00:00+00:00,0.0
2012-04-26 09:00:00+00:00,0.0
2012-04-26 10:00:00+00:00,0.0
2012-04-26 11:00:00+00:00,0.0
2012-04-26 12:00:00+00:00,0.36116487
2012-04-26 13:00:00+00:00,0.6827449999999999
2012-04-26 14:00:00+00:00,0.7669018
2012-04-26 15:00:00+00:00,0.7606704000000001
2012-04-26 16:00:00+00:00,0.7689834
2012-04-26 17:00:00+00:00,0.75271964
2012-04-26 18:00:00+00:00,0.74804986
2012-04-26 19:00:00+00:00,0.61599123
2012-04-26 20:00:00+00:00,0.7551399000000001
2012-04-26 21:00:00+00:00,0.66864914
2012-04-26 22:00:00+00:00,0.50653917
2012-04-26 23:00:00+00:00,0.347996
2012-04-27 00:00:00+00:00,0.04873863
2012-04-27 01:00:00+00:00,0.0
2012-04-27 02:00:00+00:00,0.0
2012-04-27 03:00:00+00:00,0.0
2012-04-27 04:00:00+00:00,0.0
2012-04-27 05:00:00+00:00,0.0
2012-04-27 06:00:00+00:00,0.0
2012-04-27 07:00:00+00:00,0.0
2012-04-27 08:00:00+00:00,0.0
2012-04-27 09:00:00+00:00,0.0
2012-04-27 10:00:00+00:00,0.0
2012-04-27 11:00:00+00:00,0.0
2012-04-27 12:00:00+00:00,0.28204867
2012-04-27 13:00:00+00:00,0.59460455
2012-04-27 14:00:00+00:00,0.53074473
2012-04-27 15:00:00+00:00,0.58339846
2012-04-27 16:00:00+00:00,0.7060251999999999
2012-04-27 17:00:00+00:00,0.69968385
2012-04-27 18:00:00+00:00,0.63042676
2012-04-27 19:00:00+00:00,0.5174802
2012-04-27 20:00:00+00:00,0.44434583
2012-04-27 21:00:00+00:00,0.21778971
2012-04-27 22:00:00+00:00,0.4755218
2012-04-27 23:00:00+00:00,0.12040718
2012-04-28 00:00:00+00:00,0.005979742
2012-04-28 01:00:00+00:00,0.0
2012-04-28 02:00:00+00:00,0.0
2012-04-28 03:00:00+00:00,0.0
2012-04-28 04:00:00+00:00,0.0
2012-04-28 05:00:00+00:00,0.0
2012-04-28 06:00:00+00:00,0.0
2012-04-28 07:00:00+00:00,0.0
2012-04-28 08:00:00+00:00,0.0
2012-04-28 09:00:00+00:00,0.0
2012-04-28 10:00:00+00:00,0.0
2012-04-28 11:00:00+00:00,0.0
2012-04-28 12:00:00+00:00,0.07329291
2012-04-28 13:00:00+00:00,0.37783104
2012-04-28 14:00:00+00:00,0.5795635
2012-04-28 15:00:00+00:00,0.61403614
2012-04-28 16:00:00+00:00,0.6055729999999999
2012-04-28 17:00:00+00:00,0.6709566
2012-04-28 18:00:00+00:00,0.6840446
2012-04-28 19:00:00+00:00,0.60454655
2012-04-28 20:00:00+00:00,0.58066666
2012-04-28 21:00:00+00:00,0.59328425
2012-04-28 22:00:00+00:00,0.31359380000000003
2012-04-28 23:00:00+00:00,0.28760332
2012-04-29 00:00:00+00:00,0.01685922
2012-04-29 01:00:00+00:00,0.0
2012-04-29 02:00:00+00:00,0.0
2012-04-29 03:00:00+00:00,0.0
2012-04-29 04:00:00+00:00,0.0
2012-04-29 05:00:00+00:00,0.0
2012-04-29 06:00:00+00:00,0.0
2012-04-29 07:00:00+00:00,0.0
2012-04-29 08:00:00+00:00,0.0
2012-04-29 09:00:00+00:00,0.0
2012-04-29 10:00:00+00:00,0.0
2012-04-29 11:00:00+00:00,0.0
2012-04-29 12:00:00+00:00,0.21539545
2012-04-29 13:00:00+00:00,0.5691166
2012-04-29 14:00:00+00:00,0.7029675999999999
2012-04-29 15:00:00+00:00,0.5619706999999999
2012-04-29 16:00:00+00:00,0.6054208000000001
2012-04-29 17:00:00+00:00,0.6075851
2012-04-29 18:00:00+00:00,0.673198
2012-04-29 19:00:00+00:00,0.5747395000000001
2012-04-29 20:00:00+00:00,0.4554857
2012-04-29 21:00:00+00:00,0.3104237
2012-04-29 22:00:00+00:00,0.3814183
2012-04-29 23:00:00+00:00,0.10131646
2012-04-30 00:00:00+00:00,0.0059228245999999995
2012-04-30 01:00:00+00:00,0.0
2012-04-30 02:00:00+00:00,0.0
2012-04-30 03:00:00+00:00,0.0
2012-04-30 04:00:00+00:00,0.0
2012-04-30 05:00:00+00:00,0.0
2012-04-30 06:00:00+00:00,0.0
2012-04-30 07:00:00+00:00,0.0
2012-04-30 08:00:00+00:00,0.0
2012-04-30 09:00:00+00:00,0.0
2012-04-30 10:00:00+00:00,0.0
2012-04-30 11:00:00+00:00,0.0
2012-04-30 12:00:00+00:00,0.17192419
2012-04-30 13:00:00+00:00,0.16876860000000002
2012-04-30 14:00:00+00:00,0.46468088
2012-04-30 15:00:00+00:00,0.5003409000000001
2012-04-30 16:00:00+00:00,0.16501819
2012-04-30 17:00:00+00:00,0.60978305
2012-04-30 18:00:00+00:00,0.57764703
2012-04-30 19:00:00+00:00,0.3875133
2012-04-30 20:00:00+00:00,0.58490604
2012-04-30 21:00:00+00:00,0.18374716
2012-04-30 22:00:00+00:00,0.17113876
2012-04-30 23:00:00+00:00,0.25909576
2012-05-01 00:00:00+00:00,0.035596800000000005
2012-05-01 01:00:00+00:00,0.0
2012-05-01 02:00:00+00:00,0.0
2012-05-01 03:00:00+00:00,0.0
2012-05-01 04:00:00+00:00,0.0
2012-05-01 05:00:00+00:00,0.0
2012-05-01 06:00:00+00:00,0.0
2012-05-01 07:00:00+00:00,0.0
2012-05-01 08:00:00+00:00,0.0
2012-05-01 09:00:00+00:00,0.0
2012-05-01 10:00:00+00:00,0.0
2012-05-01 11:00:00+00:00,0.0
2012-05-01 12:00:00+00:00,0.33555240000000003
2012-05-01 13:00:00+00:00,0.6038456999999999
2012-05-01 14:00:00+00:00,0.6905233000000001
2012-05-01 15:00:00+00:00,0.7082898
2012-05-01 16:00:00+00:00,0.7085435999999999
2012-05-01 17:00:00+00:00,0.6967206
2012-05-01 18:00:00+00:00,0.6949536000000001
2012-05-01 19:00:00+00:00,0.56388116
2012-05-01 20:00:00+00:00,0.6393953
2012-05-01 21:00:00+00:00,0.5597938
2012-05-01 22:00:00+00:00,0.42852032
2012-05-01 23:00:00+00:00,0.27206040000000004
2012-05-02 00:00:00+00:00,0.057422318
2012-05-02 01:00:00+00:00,0.0
2012-05-02 02:00:00+00:00,0.0
2012-05-02 03:00:00+00:00,0.0
2012-05-02 04:00:00+00:00,0.0
2012-05-02 05:00:00+00:00,0.0
2012-05-02 06:00:00+00:00,0.0
2012-05-02 07:00:00+00:00,0.0
2012-05-02 08:00:00+00:00,0.0
2012-05-02 09:00:00+00:00,0.0
2012-05-02 10:00:00+00:00,0.0
2012-05-02 11:00:00+00:00,0.0
2012-05-02 12:00:00+00:00,0.24838898
2012-05-02 13:00:00+00:00,0.49951842
2012-05-02 14:00:00+00:00,0.5160982
2012-05-02 15:00:00+00:00,0.6092489999999999
2012-05-02 16:00:00+00:00,0.5570983
2012-05-02 17:00:00+00:00,0.4861286
2012-05-02 18:00:00+00:00,0.53971493
2012-05-02 19:00:00+00:00,0.43579257
2012-05-02 20:00:00+00:00,0.30911937
2012-05-02 21:00:00+00:00,0.31703344
2012-05-02 22:00:00+00:00,0.27799788
2012-05-02 23:00:00+00:00,0.07689307
2012-05-03 00:00:00+00:00,0.007187051999999999
2012-05-03 01:00:00+00:00,0.0
2012-05-03 02:00:00+00:00,0.0
2012-05-03 03:00:00+00:00,0.0
2012-05-03 04:00:00+00:00,0.0
2012-05-03 05:00:00+00:00,0.0
2012-05-03 06:00:00+00:00,0.0
2012-05-03 07:00:00+00:00,0.0
2012-05-03 08:00:00+00:00,0.0
2012-05-03 09:00:00+00:00,0.0
2012-05-03 10:00:00+00:00,0.0
2012-05-03 11:00:00+00:00,0.0031265055
2012-05-03 12:00:00+00:00,0.06336088
2012-05-03 13:00:00+00:00,0.1905313
2012-05-03 14:00:00+00:00,0.47183220000000003
2012-05-03 15:00:00+00:00,0.46525016
2012-05-03 16:00:00+00:00,0.56581527
2012-05-03 17:00:00+00:00,0.57963014
2012-05-03 18:00:00+00:00,0.4635482
2012-05-03 19:00:00+00:00,0.5949441999999999
2012-05-03 20:00:00+00:00,0.56422585
2012-05-03 21:00:00+00:00,0.53769857
2012-05-03 22:00:00+00:00,0.28380814
2012-05-03 23:00:00+00:00,0.03974666
2012-05-04 00:00:00+00:00,0.0053390469999999995
2012-05-04 01:00:00+00:00,0.0
2012-05-04 02:00:00+00:00,0.0
2012-05-04 03:00:00+00:00,0.0
2012-05-04 04:00:00+00:00,0.0
2012-05-04 05:00:00+00:00,0.0
2012-05-04 06:00:00+00:00,0.0
2012-05-04 07:00:00+00:00,0.0
2012-05-04 08:00:00+00:00,0.0
2012-05-04 09:00:00+00:00,0.0
2012-05-04 10:00:00+00:00,0.0
2012-05-04 11:00:00+00:00,0.0
2012-05-04 12:00:00+00:00,0.07170088599999999
2012-05-04 13:00:00+00:00,0.19509354
2012-05-04 14:00:00+00:00,0.13833511
2012-05-04 15:00:00+00:00,0.14833191
2012-05-04 16:00:00+00:00,0.21464312
2012-05-04 17:00:00+00:00,0.3834797
2012-05-04 18:00:00+00:00,0.40345123
2012-05-04 19:00:00+00:00,0.4297136
2012-05-04 20:00:00+00:00,0.5461372
2012-05-04 21:00:00+00:00,0.49039906
2012-05-04 22:00:00+00:00,0.53975993
2012-05-04 23:00:00+00:00,0.24509896
2012-05-05 00:00:00+00:00,0.060122802999999995
2012-05-05 01:00:00+00:00,0.0
2012-05-05 02:00:00+00:00,0.0
2012-05-05 03:00:00+00:00,0.0
2012-05-05 04:00:00+00:00,0.0
2012-05-05 05:00:00+00:00,0.0
2012-05-05 06:00:00+00:00,0.0
2012-05-05 07:00:00+00:00,0.0
2012-05-05 08:00:00+00:00,0.0
2012-05-05 09:00:00+00:00,0.0
2012-05-05 10:00:00+00:00,0.0
2012-05-05 11:00:00+00:00,0.022334628
2012-05-05 12:00:00+00:00,0.2458318
2012-05-05 13:00:00+00:00,0.46805683
2012-05-05 14:00:00+00:00,0.5940749
2012-05-05 15:00:00+00:00,0.68677795
2012-05-05 16:00:00+00:00,0.6894186999999999
2012-05-05 17:00:00+00:00,0.6465727
2012-05-05 18:00:00+00:00,0.6710759
2012-05-05 19:00:00+00:00,0.6395911999999999
2012-05-05 20:00:00+00:00,0.6060721
2012-05-05 21:00:00+00:00,0.6109758000000001
2012-05-05 22:00:00+00:00,0.60323894
2012-05-05 23:00:00+00:00,0.40380759999999993
2012-05-06 00:00:00+00:00,0.099578865
2012-05-06 01:00:00+00:00,0.0
2012-05-06 02:00:00+00:00,0.0
2012-05-06 03:00:00+00:00,0.0
2012-05-06 04:00:00+00:00,0.0
2012-05-06 05:00:00+00:00,0.0
2012-05-06 06:00:00+00:00,0.0
2012-05-06 07:00:00+00:00,0.0
2012-05-06 08:00:00+00:00,0.0
2012-05-06 09:00:00+00:00,0.0
2012-05-06 10:00:00+00:00,0.0
2012-05-06 11:00:00+00:00,0.027337724
2012-05-06 12:00:00+00:00,0.21218883
2012-05-06 13:00:00+00:00,0.47883606
2012-05-06 14:00:00+00:00,0.56628865
2012-05-06 15:00:00+00:00,0.53349423
2012-05-06 16:00:00+00:00,0.61435974
2012-05-06 17:00:00+00:00,0.6997922
2012-05-06 18:00:00+00:00,0.69597626
2012-05-06 19:00:00+00:00,0.65873516
2012-05-06 20:00:00+00:00,0.632258
2012-05-06 21:00:00+00:00,0.6605141999999999
2012-05-06 22:00:00+00:00,0.5376414
2012-05-06 23:00:00+00:00,0.14793326
2012-05-07 00:00:00+00:00,0.009828557
2012-05-07 01:00:00+00:00,0.0
2012-05-07 02:00:00+00:00,0.0
2012-05-07 03:00:00+00:00,0.0
2012-05-07 04:00:00+00:00,0.0
2012-05-07 05:00:00+00:00,0.0
2012-05-07 06:00:00+00:00,0.0
2012-05-07 07:00:00+00:00,0.0
2012-05-07 08:00:00+00:00,0.0
2012-05-07 09:00:00+00:00,0.0
2012-05-07 10:00:00+00:00,0.0
2012-05-07 11:00:00+00:00,0.0
2012-05-07 12:00:00+00:00,0.031295355
2012-05-07 13:00:00+00:00,0.08411262
2012-05-07 14:00:00+00:00,0.24810183
2012-05-07 15:00:00+00:00,0.30754638
2012-05-07 16:00:00+00:00,0.25461173
2012-05-07 17:00:00+00:00,0.48386735
2012-05-07 18:00:00+00:00,0.6094102
2012-05-07 19:00:00+00:00,0.5452935999999999
2012-05-07 20:00:00+00:00,0.68573886
2012-05-07 21:00:00+00:00,0.65553635
2012-05-07 22:00:00+00:00,0.4593427
2012-05-07 23:00:00+00:00,0.3981302
2012-05-08 00:00:00+00:00,0.103908435
2012-05-08 01:00:00+00:00,0.0
2012-05-08 02:00:00+00:00,0.0
2012-05-08 03:00:00+00:00,0.0
2012-05-08 04:00:00+00:00,0.0
2012-05-08 05:00:00+00:00,0.0
2012-05-08 06:00:00+00:00,0.0
2012-05-08 07:00:00+00:00,0.0
2012-05-08 08:00:00+00:00,0.0
2012-05-08 09:00:00+00:00,0.0
2012-05-08 10:00:00+00:00,0.0
2012-05-08 11:00:00+00:00,0.0022021409
2012-05-08 12:00:00+00:00,0.17166224
2012-05-08 13:00:00+00:00,0.29666674
2012-05-08 14:00:00+00:00,0.72011137
2012-05-08 15:00:00+00:00,0.71351635
2012-05-08 16:00:00+00:00,0.7579824000000001
2012-05-08 17:00:00+00:00,0.6860261
2012-05-08 18:00:00+00:00,0.49976906
2012-05-08 19:00:00+00:00,0.6115469
2012-05-08 20:00:00+00:00,0.76355374
2012-05-08 21:00:00+00:00,0.7540241999999999
2012-05-08 22:00:00+00:00,0.6745633000000001
2012-05-08 23:00:00+00:00,0.48111394
2012-05-09 00:00:00+00:00,0.13147688
2012-05-09 01:00:00+00:00,0.0
2012-05-09 02:00:00+00:00,0.0
2012-05-09 03:00:00+00:00,0.0
2012-05-09 04:00:00+00:00,0.0
2012-05-09 05:00:00+00:00,0.0
2012-05-09 06:00:00+00:00,0.0
2012-05-09 07:00:00+00:00,0.0
2012-05-09 08:00:00+00:00,0.0
2012-05-09 09:00:00+00:00,0.0
2012-05-09 10:00:00+00:00,0.0
2012-05-09 11:00:00+00:00,0.070434816
2012-05-09 12:00:00+00:00,0.44060856
2012-05-09 13:00:00+00:00,0.69434494
2012-05-09 14:00:00+00:00,0.76793385
2012-05-09 15:00:00+00:00,0.769
2012-05-09 16:00:00+00:00,0.769
2012-05-09 17:00:00+00:00,0.7644287
2012-05-09 18:00:00+00:00,0.7551142
2012-05-09 19:00:00+00:00,0.7441589
2012-05-09 20:00:00+00:00,0.6824509
2012-05-09 21:00:00+00:00,0.69097507
2012-05-09 22:00:00+00:00,0.6355335
2012-05-09 23:00:00+00:00,0.47554129999999994
2012-05-10 00:00:00+00:00,0.12656352
2012-05-10 01:00:00+00:00,0.0
2012-05-10 02:00:00+00:00,0.0
2012-05-10 03:00:00+00:00,0.0
2012-05-10 04:00:00+00:00,0.0
2012-05-10 05:00:00+00:00,0.0
2012-05-10 06:00:00+00:00,0.0
2012-05-10 07:00:00+00:00,0.0
2012-05-10 08:00:00+00:00,0.0
2012-05-10 09:00:00+00:00,0.0
2012-05-10 10:00:00+00:00,0.0
2012-05-10 11:00:00+00:00,0.07599102
2012-05-10 12:00:00+00:00,0.43916350000000004
2012-05-10 13:00:00+00:00,0.680103
2012-05-10 14:00:00+00:00,0.75741965
2012-05-10 15:00:00+00:00,0.7624494
2012-05-10 16:00:00+00:00,0.75321215
2012-05-10 17:00:00+00:00,0.74266136
2012-05-10 18:00:00+00:00,0.7419882
2012-05-10 19:00:00+00:00,0.7415699
2012-05-10 20:00:00+00:00,0.73816293
2012-05-10 21:00:00+00:00,0.59449315
2012-05-10 22:00:00+00:00,0.57070816
2012-05-10 23:00:00+00:00,0.24677499
2012-05-11 00:00:00+00:00,0.08664929
2012-05-11 01:00:00+00:00,0.0
2012-05-11 02:00:00+00:00,0.0
2012-05-11 03:00:00+00:00,0.0
2012-05-11 04:00:00+00:00,0.0
2012-05-11 05:00:00+00:00,0.0
2012-05-11 06:00:00+00:00,0.0
2012-05-11 07:00:00+00:00,0.0
2012-05-11 08:00:00+00:00,0.0
2012-05-11 09:00:00+00:00,0.0
2012-05-11 10:00:00+00:00,0.0
2012-05-11 11:00:00+00:00,0.024657627999999997
2012-05-11 12:00:00+00:00,0.08102176
2012-05-11 13:00:00+00:00,0.36199749999999997
2012-05-11 14:00:00+00:00,0.40088803
2012-05-11 15:00:00+00:00,0.37850259999999997
2012-05-11 16:00:00+00:00,0.45367929999999995
2012-05-11 17:00:00+00:00,0.35339028
2012-05-11 18:00:00+00:00,0.22316717
2012-05-11 19:00:00+00:00,0.36254027
2012-05-11 20:00:00+00:00,0.36285293
2012-05-11 21:00:00+00:00,0.0633362
2012-05-11 22:00:00+00:00,0.10583819
2012-05-11 23:00:00+00:00,0.019856
2012-05-12 00:00:00+00:00,0.0073059653
2012-05-12 01:00:00+00:00,0.0
2012-05-12 02:00:00+00:00,0.0
2012-05-12 03:00:00+00:00,0.0
2012-05-12 04:00:00+00:00,0.0
2012-05-12 05:00:00+00:00,0.0
2012-05-12 06:00:00+00:00,0.0
2012-05-12 07:00:00+00:00,0.0
2012-05-12 08:00:00+00:00,0.0
2012-05-12 09:00:00+00:00,0.0
2012-05-12 10:00:00+00:00,0.0
2012-05-12 11:00:00+00:00,0.0
2012-05-12 12:00:00+00:00,0.0057251616000000005
2012-05-12 13:00:00+00:00,0.020364596999999998
2012-05-12 14:00:00+00:00,0.058389194000000005
2012-05-12 15:00:00+00:00,0.08487222
2012-05-12 16:00:00+00:00,0.13601701
2012-05-12 17:00:00+00:00,0.19548278
2012-05-12 18:00:00+00:00,0.19081996
2012-05-12 19:00:00+00:00,0.18776400000000001
2012-05-12 20:00:00+00:00,0.12976679
2012-05-12 21:00:00+00:00,0.06054239
2012-05-12 22:00:00+00:00,0.033602722
2012-05-12 23:00:00+00:00,0.031653296000000004
2012-05-13 00:00:00+00:00,0.00936711
2012-05-13 01:00:00+00:00,0.0
2012-05-13 02:00:00+00:00,0.0
2012-05-13 03:00:00+00:00,0.0
2012-05-13 04:00:00+00:00,0.0
2012-05-13 05:00:00+00:00,0.0
2012-05-13 06:00:00+00:00,0.0
2012-05-13 07:00:00+00:00,0.0
2012-05-13 08:00:00+00:00,0.0
2012-05-13 09:00:00+00:00,0.0
2012-05-13 10:00:00+00:00,0.0
2012-05-13 11:00:00+00:00,0.0001611025
2012-05-13 12:00:00+00:00,0.11490533
2012-05-13 13:00:00+00:00,0.21322492
2012-05-13 14:00:00+00:00,0.10860259
2012-05-13 15:00:00+00:00,0.27675262
2012-05-13 16:00:00+00:00,0.21880504
2012-05-13 17:00:00+00:00,0.33895132
2012-05-13 18:00:00+00:00,0.20678471
2012-05-13 19:00:00+00:00,0.34086835
2012-05-13 20:00:00+00:00,0.48917618
2012-05-13 21:00:00+00:00,0.54786795
2012-05-13 22:00:00+00:00,0.5836573
2012-05-13 23:00:00+00:00,0.4011671
2012-05-14 00:00:00+00:00,0.10476791
2012-05-14 01:00:00+00:00,0.0
2012-05-14 02:00:00+00:00,0.0
2012-05-14 03:00:00+00:00,0.0
2012-05-14 04:00:00+00:00,0.0
2012-05-14 05:00:00+00:00,0.0
2012-05-14 06:00:00+00:00,0.0
2012-05-14 07:00:00+00:00,0.0
2012-05-14 08:00:00+00:00,0.0
2012-05-14 09:00:00+00:00,0.0
2012-05-14 10:00:00+00:00,0.0
2012-05-14 11:00:00+00:00,0.028644653
2012-05-14 12:00:00+00:00,0.23985873
2012-05-14 13:00:00+00:00,0.5633918000000001
2012-05-14 14:00:00+00:00,0.5858133000000001
2012-05-14 15:00:00+00:00,0.6050548000000001
2012-05-14 16:00:00+00:00,0.6180935000000001
2012-05-14 17:00:00+00:00,0.6109376999999999
2012-05-14 18:00:00+00:00,0.6108473000000001
2012-05-14 19:00:00+00:00,0.64414734
2012-05-14 20:00:00+00:00,0.6352686
2012-05-14 21:00:00+00:00,0.62878615
2012-05-14 22:00:00+00:00,0.52856636
2012-05-14 23:00:00+00:00,0.37245409999999995
2012-05-15 00:00:00+00:00,0.10512587400000001
2012-05-15 01:00:00+00:00,0.0
2012-05-15 02:00:00+00:00,0.0
2012-05-15 03:00:00+00:00,0.0
2012-05-15 04:00:00+00:00,0.0
2012-05-15 05:00:00+00:00,0.0
2012-05-15 06:00:00+00:00,0.0
2012-05-15 07:00:00+00:00,0.0
2012-05-15 08:00:00+00:00,0.0
2012-05-15 09:00:00+00:00,0.0
2012-05-15 10:00:00+00:00,0.0
2012-05-15 11:00:00+00:00,0.08842549
2012-05-15 12:00:00+00:00,0.39786333
2012-05-15 13:00:00+00:00,0.62921506
2012-05-15 14:00:00+00:00,0.7075478000000001
2012-05-15 15:00:00+00:00,0.7295536
2012-05-15 16:00:00+00:00,0.7291350999999999
2012-05-15 17:00:00+00:00,0.7193626000000001
2012-05-15 18:00:00+00:00,0.7138460999999999
2012-05-15 19:00:00+00:00,0.7148631
2012-05-15 20:00:00+00:00,0.7069558000000001
2012-05-15 21:00:00+00:00,0.67654186
2012-05-15 22:00:00+00:00,0.55965203
2012-05-15 23:00:00+00:00,0.40184206
2012-05-16 00:00:00+00:00,0.06655984
2012-05-16 01:00:00+00:00,0.0
2012-05-16 02:00:00+00:00,0.0
2012-05-16 03:00:00+00:00,0.0
2012-05-16 04:00:00+00:00,0.0
2012-05-16 05:00:00+00:00,0.0
2012-05-16 06:00:00+00:00,0.0
2012-05-16 07:00:00+00:00,0.0
2012-05-16 08:00:00+00:00,0.0
2012-05-16 09:00:00+00:00,0.0
2012-05-16 10:00:00+00:00,0.0
2012-05-16 11:00:00+00:00,0.06958389999999999
2012-05-16 12:00:00+00:00,0.36925486
2012-05-16 13:00:00+00:00,0.6020049
2012-05-16 14:00:00+00:00,0.70470345
2012-05-16 15:00:00+00:00,0.75572824
2012-05-16 16:00:00+00:00,0.7470551
2012-05-16 17:00:00+00:00,0.74091345
2012-05-16 18:00:00+00:00,0.7338758000000001
2012-05-16 19:00:00+00:00,0.73419666
2012-05-16 20:00:00+00:00,0.7380786
2012-05-16 21:00:00+00:00,0.7195180999999999
2012-05-16 22:00:00+00:00,0.65679723
2012-05-16 23:00:00+00:00,0.47985005
2012-05-17 00:00:00+00:00,0.14830989
2012-05-17 01:00:00+00:00,0.0
2012-05-17 02:00:00+00:00,0.0
2012-05-17 03:00:00+00:00,0.0
2012-05-17 04:00:00+00:00,0.0
2012-05-17 05:00:00+00:00,0.0
2012-05-17 06:00:00+00:00,0.0
2012-05-17 07:00:00+00:00,0.0
2012-05-17 08:00:00+00:00,0.0
2012-05-17 09:00:00+00:00,0.0
2012-05-17 10:00:00+00:00,0.0
2012-05-17 11:00:00+00:00,0.09659406
2012-05-17 12:00:00+00:00,0.42002264
2012-05-17 13:00:00+00:00,0.6401036999999999
2012-05-17 14:00:00+00:00,0.7013132
2012-05-17 15:00:00+00:00,0.72141194
2012-05-17 16:00:00+00:00,0.7175630000000001
2012-05-17 17:00:00+00:00,0.71334547
2012-05-17 18:00:00+00:00,0.7085857
2012-05-17 19:00:00+00:00,0.71259665
2012-05-17 20:00:00+00:00,0.7185779
2012-05-17 21:00:00+00:00,0.70530164
2012-05-17 22:00:00+00:00,0.6416621
2012-05-17 23:00:00+00:00,0.47733724
2012-05-18 00:00:00+00:00,0.15100583
2012-05-18 01:00:00+00:00,0.0
2012-05-18 02:00:00+00:00,0.0
2012-05-18 03:00:00+00:00,0.0
2012-05-18 04:00:00+00:00,0.0
2012-05-18 05:00:00+00:00,0.0
2012-05-18 06:00:00+00:00,0.0
2012-05-18 07:00:00+00:00,0.0
2012-05-18 08:00:00+00:00,0.0
2012-05-18 09:00:00+00:00,0.0
2012-05-18 10:00:00+00:00,0.0
2012-05-18 11:00:00+00:00,0.09905111
2012-05-18 12:00:00+00:00,0.41390654
2012-05-18 13:00:00+00:00,0.5144139
2012-05-18 14:00:00+00:00,0.68816686
2012-05-18 15:00:00+00:00,0.7084759
2012-05-18 16:00:00+00:00,0.7136819999999999
2012-05-18 17:00:00+00:00,0.7084814
2012-05-18 18:00:00+00:00,0.58647466
2012-05-18 19:00:00+00:00,0.71258694
2012-05-18 20:00:00+00:00,0.7094461999999999
2012-05-18 21:00:00+00:00,0.69248784
2012-05-18 22:00:00+00:00,0.6190616
2012-05-18 23:00:00+00:00,0.45220032
2012-05-19 00:00:00+00:00,0.14294375
2012-05-19 01:00:00+00:00,0.0
2012-05-19 02:00:00+00:00,0.0
2012-05-19 03:00:00+00:00,0.0
2012-05-19 04:00:00+00:00,0.0
2012-05-19 05:00:00+00:00,0.0
2012-05-19 06:00:00+00:00,0.0
2012-05-19 07:00:00+00:00,0.0
2012-05-19 08:00:00+00:00,0.0
2012-05-19 09:00:00+00:00,0.0
2012-05-19 10:00:00+00:00,0.0
2012-05-19 11:00:00+00:00,0.077930294
2012-05-19 12:00:00+00:00,0.36854893
2012-05-19 13:00:00+00:00,0.5689109
2012-05-19 14:00:00+00:00,0.66078097
2012-05-19 15:00:00+00:00,0.69075716
2012-05-19 16:00:00+00:00,0.6930475
2012-05-19 17:00:00+00:00,0.6823759
2012-05-19 18:00:00+00:00,0.68536246
2012-05-19 19:00:00+00:00,0.60710573
2012-05-19 20:00:00+00:00,0.52575237
2012-05-19 21:00:00+00:00,0.38681784
2012-05-19 22:00:00+00:00,0.42902870000000004
2012-05-19 23:00:00+00:00,0.36961
2012-05-20 00:00:00+00:00,0.11261238
2012-05-20 01:00:00+00:00,0.0
2012-05-20 02:00:00+00:00,0.0
2012-05-20 03:00:00+00:00,0.0
2012-05-20 04:00:00+00:00,0.0
2012-05-20 05:00:00+00:00,0.0
2012-05-20 06:00:00+00:00,0.0
2012-05-20 07:00:00+00:00,0.0
2012-05-20 08:00:00+00:00,0.0
2012-05-20 09:00:00+00:00,0.0
2012-05-20 10:00:00+00:00,0.0
2012-05-20 11:00:00+00:00,0.053101999999999996
2012-05-20 12:00:00+00:00,0.2405534
2012-05-20 13:00:00+00:00,0.57151866
2012-05-20 14:00:00+00:00,0.657899
2012-05-20 15:00:00+00:00,0.49079463
2012-05-20 16:00:00+00:00,0.54114425
2012-05-20 17:00:00+00:00,0.16094567
2012-05-20 18:00:00+00:00,0.19755033
2012-05-20 19:00:00+00:00,0.6322405
2012-05-20 20:00:00+00:00,0.58024853
2012-05-20 21:00:00+00:00,0.38775540000000003
2012-05-20 22:00:00+00:00,0.17165
2012-05-20 23:00:00+00:00,0.14176914
2012-05-21 00:00:00+00:00,0.013752857
2012-05-21 01:00:00+00:00,0.0
2012-05-21 02:00:00+00:00,0.0
2012-05-21 03:00:00+00:00,0.0
2012-05-21 04:00:00+00:00,0.0
2012-05-21 05:00:00+00:00,0.0
2012-05-21 06:00:00+00:00,0.0
2012-05-21 07:00:00+00:00,0.0
2012-05-21 08:00:00+00:00,0.0
2012-05-21 09:00:00+00:00,0.0
2012-05-21 10:00:00+00:00,0.0
2012-05-21 11:00:00+00:00,0.0002461383
2012-05-21 12:00:00+00:00,0.09739925
2012-05-21 13:00:00+00:00,0.29175365
2012-05-21 14:00:00+00:00,0.48120707
2012-05-21 15:00:00+00:00,0.3850769
2012-05-21 16:00:00+00:00,0.35364488
2012-05-21 17:00:00+00:00,0.35079363
2012-05-21 18:00:00+00:00,0.44277865
2012-05-21 19:00:00+00:00,0.35308190000000006
2012-05-21 20:00:00+00:00,0.19316909
2012-05-21 21:00:00+00:00,0.24598862
2012-05-21 22:00:00+00:00,0.5471401
2012-05-21 23:00:00+00:00,0.23633681
2012-05-22 00:00:00+00:00,0.04064699
2012-05-22 01:00:00+00:00,0.0
2012-05-22 02:00:00+00:00,0.0
2012-05-22 03:00:00+00:00,0.0
2012-05-22 04:00:00+00:00,0.0
2012-05-22 05:00:00+00:00,0.0
2012-05-22 06:00:00+00:00,0.0
2012-05-22 07:00:00+00:00,0.0
2012-05-22 08:00:00+00:00,0.0
2012-05-22 09:00:00+00:00,0.0
2012-05-22 10:00:00+00:00,0.0
2012-05-22 11:00:00+00:00,0.041058093
2012-05-22 12:00:00+00:00,0.23070727
2012-05-22 13:00:00+00:00,0.51605517
2012-05-22 14:00:00+00:00,0.56188595
2012-05-22 15:00:00+00:00,0.45289250000000003
2012-05-22 16:00:00+00:00,0.43780124
2012-05-22 17:00:00+00:00,0.43939304
2012-05-22 18:00:00+00:00,0.3172731
2012-05-22 19:00:00+00:00,0.40261868
2012-05-22 20:00:00+00:00,0.48704138
2012-05-22 21:00:00+00:00,0.46624455
2012-05-22 22:00:00+00:00,0.5651479
2012-05-22 23:00:00+00:00,0.40444383
2012-05-23 00:00:00+00:00,0.12231313
2012-05-23 01:00:00+00:00,0.0
2012-05-23 02:00:00+00:00,0.0
2012-05-23 03:00:00+00:00,0.0
2012-05-23 04:00:00+00:00,0.0
2012-05-23 05:00:00+00:00,0.0
2012-05-23 06:00:00+00:00,0.0
2012-05-23 07:00:00+00:00,0.0
2012-05-23 08:00:00+00:00,0.0
2012-05-23 09:00:00+00:00,0.0
2012-05-23 10:00:00+00:00,0.0
2012-05-23 11:00:00+00:00,0.10672366
2012-05-23 12:00:00+00:00,0.41613454
2012-05-23 13:00:00+00:00,0.6208591999999999
2012-05-23 14:00:00+00:00,0.6462276
2012-05-23 15:00:00+00:00,0.72567195
2012-05-23 16:00:00+00:00,0.7094377
2012-05-23 17:00:00+00:00,0.72332823
2012-05-23 18:00:00+00:00,0.6000514
2012-05-23 19:00:00+00:00,0.6827544
2012-05-23 20:00:00+00:00,0.6323031
2012-05-23 21:00:00+00:00,0.7176685
2012-05-23 22:00:00+00:00,0.6599568
2012-05-23 23:00:00+00:00,0.5058986
2012-05-24 00:00:00+00:00,0.15795332
2012-05-24 01:00:00+00:00,0.0
2012-05-24 02:00:00+00:00,0.0
2012-05-24 03:00:00+00:00,0.0
2012-05-24 04:00:00+00:00,0.0
2012-05-24 05:00:00+00:00,0.0
2012-05-24 06:00:00+00:00,0.0
2012-05-24 07:00:00+00:00,0.0
2012-05-24 08:00:00+00:00,0.0
2012-05-24 09:00:00+00:00,0.0
2012-05-24 10:00:00+00:00,0.0
2012-05-24 11:00:00+00:00,0.07115046
2012-05-24 12:00:00+00:00,0.31290203
2012-05-24 13:00:00+00:00,0.5198876
2012-05-24 14:00:00+00:00,0.618722
2012-05-24 15:00:00+00:00,0.6765348000000001
2012-05-24 16:00:00+00:00,0.6900149
2012-05-24 17:00:00+00:00,0.6883518
2012-05-24 18:00:00+00:00,0.63785666
2012-05-24 19:00:00+00:00,0.6770704000000001
2012-05-24 20:00:00+00:00,0.66021115
2012-05-24 21:00:00+00:00,0.63504094
2012-05-24 22:00:00+00:00,0.52842146
2012-05-24 23:00:00+00:00,0.39421085
2012-05-25 00:00:00+00:00,0.123038486
2012-05-25 01:00:00+00:00,0.0
2012-05-25 02:00:00+00:00,0.0
2012-05-25 03:00:00+00:00,0.0
2012-05-25 04:00:00+00:00,0.0
2012-05-25 05:00:00+00:00,0.0
2012-05-25 06:00:00+00:00,0.0
2012-05-25 07:00:00+00:00,0.0
2012-05-25 08:00:00+00:00,0.0
2012-05-25 09:00:00+00:00,0.0
2012-05-25 10:00:00+00:00,0.0
2012-05-25 11:00:00+00:00,0.10282159
2012-05-25 12:00:00+00:00,0.39065954
2012-05-25 13:00:00+00:00,0.5904415
2012-05-25 14:00:00+00:00,0.66140085
2012-05-25 15:00:00+00:00,0.6705023
2012-05-25 16:00:00+00:00,0.67104256
2012-05-25 17:00:00+00:00,0.67155653
2012-05-25 18:00:00+00:00,0.66704357
2012-05-25 19:00:00+00:00,0.67033744
2012-05-25 20:00:00+00:00,0.6514879
2012-05-25 21:00:00+00:00,0.64769
2012-05-25 22:00:00+00:00,0.55048615
2012-05-25 23:00:00+00:00,0.4203732
2012-05-26 00:00:00+00:00,0.1406238
2012-05-26 01:00:00+00:00,0.0
2012-05-26 02:00:00+00:00,0.0
2012-05-26 03:00:00+00:00,0.0
2012-05-26 04:00:00+00:00,0.0
2012-05-26 05:00:00+00:00,0.0
2012-05-26 06:00:00+00:00,0.0
2012-05-26 07:00:00+00:00,0.0
2012-05-26 08:00:00+00:00,0.0
2012-05-26 09:00:00+00:00,0.0
2012-05-26 10:00:00+00:00,0.0
2012-05-26 11:00:00+00:00,0.08274719
2012-05-26 12:00:00+00:00,0.3468467
2012-05-26 13:00:00+00:00,0.55367035
2012-05-26 14:00:00+00:00,0.63147694
2012-05-26 15:00:00+00:00,0.67427176
2012-05-26 16:00:00+00:00,0.6806972
2012-05-26 17:00:00+00:00,0.67483866
2012-05-26 18:00:00+00:00,0.6763118
2012-05-26 19:00:00+00:00,0.6748116
2012-05-26 20:00:00+00:00,0.6674992
2012-05-26 21:00:00+00:00,0.64801925
2012-05-26 22:00:00+00:00,0.5783458
2012-05-26 23:00:00+00:00,0.4279835
2012-05-27 00:00:00+00:00,0.12689081
2012-05-27 01:00:00+00:00,0.0
2012-05-27 02:00:00+00:00,0.0
2012-05-27 03:00:00+00:00,0.0
2012-05-27 04:00:00+00:00,0.0
2012-05-27 05:00:00+00:00,0.0
2012-05-27 06:00:00+00:00,0.0
2012-05-27 07:00:00+00:00,0.0
2012-05-27 08:00:00+00:00,0.0
2012-05-27 09:00:00+00:00,0.0
2012-05-27 10:00:00+00:00,0.0
2012-05-27 11:00:00+00:00,0.09723383
2012-05-27 12:00:00+00:00,0.38262870000000004
2012-05-27 13:00:00+00:00,0.5784219
2012-05-27 14:00:00+00:00,0.65717906
2012-05-27 15:00:00+00:00,0.67872304
2012-05-27 16:00:00+00:00,0.6836303
2012-05-27 17:00:00+00:00,0.6785661999999999
2012-05-27 18:00:00+00:00,0.62362975
2012-05-27 19:00:00+00:00,0.38491675
2012-05-27 20:00:00+00:00,0.37974966
2012-05-27 21:00:00+00:00,0.374798
2012-05-27 22:00:00+00:00,0.4780077999999999
2012-05-27 23:00:00+00:00,0.3694078
2012-05-28 00:00:00+00:00,0.12076482
2012-05-28 01:00:00+00:00,0.0
2012-05-28 02:00:00+00:00,0.0
2012-05-28 03:00:00+00:00,0.0
2012-05-28 04:00:00+00:00,0.0
2012-05-28 05:00:00+00:00,0.0
2012-05-28 06:00:00+00:00,0.0
2012-05-28 07:00:00+00:00,0.0
2012-05-28 08:00:00+00:00,0.0
2012-05-28 09:00:00+00:00,0.0
2012-05-28 10:00:00+00:00,0.0
2012-05-28 11:00:00+00:00,0.06579243
2012-05-28 12:00:00+00:00,0.04070095
2012-05-28 13:00:00+00:00,0.19336271
2012-05-28 14:00:00+00:00,0.1892812
2012-05-28 15:00:00+00:00,0.11735060000000001
2012-05-28 16:00:00+00:00,0.4582847
2012-05-28 17:00:00+00:00,0.29544172
2012-05-28 18:00:00+00:00,0.27791807
2012-05-28 19:00:00+00:00,0.52226114
2012-05-28 20:00:00+00:00,0.51250094
2012-05-28 21:00:00+00:00,0.61337113
2012-05-28 22:00:00+00:00,0.44922853
2012-05-28 23:00:00+00:00,0.28483734
2012-05-29 00:00:00+00:00,0.11120977
2012-05-29 01:00:00+00:00,0.0
2012-05-29 02:00:00+00:00,0.0
2012-05-29 03:00:00+00:00,0.0
2012-05-29 04:00:00+00:00,0.0
2012-05-29 05:00:00+00:00,0.0
2012-05-29 06:00:00+00:00,0.0
2012-05-29 07:00:00+00:00,0.0
2012-05-29 08:00:00+00:00,0.0
2012-05-29 09:00:00+00:00,0.0
2012-05-29 10:00:00+00:00,0.0
2012-05-29 11:00:00+00:00,0.12843218
2012-05-29 12:00:00+00:00,0.46158227
2012-05-29 13:00:00+00:00,0.652266
2012-05-29 14:00:00+00:00,0.71597874
2012-05-29 15:00:00+00:00,0.7321575
2012-05-29 16:00:00+00:00,0.7300803000000001
2012-05-29 17:00:00+00:00,0.7210679
2012-05-29 18:00:00+00:00,0.28069520000000003
2012-05-29 19:00:00+00:00,0.11485494
2012-05-29 20:00:00+00:00,0.11384239
2012-05-29 21:00:00+00:00,0.58376384
2012-05-29 22:00:00+00:00,0.5897979999999999
2012-05-29 23:00:00+00:00,0.50795245
2012-05-30 00:00:00+00:00,0.19049613
2012-05-30 01:00:00+00:00,0.0
2012-05-30 02:00:00+00:00,0.0
2012-05-30 03:00:00+00:00,0.0
2012-05-30 04:00:00+00:00,0.0
2012-05-30 05:00:00+00:00,0.0
2012-05-30 06:00:00+00:00,0.0
2012-05-30 07:00:00+00:00,0.0
2012-05-30 08:00:00+00:00,0.0
2012-05-30 09:00:00+00:00,0.0
2012-05-30 10:00:00+00:00,0.0
2012-05-30 11:00:00+00:00,0.13547795
2012-05-30 12:00:00+00:00,0.47323796
2012-05-30 13:00:00+00:00,0.6588191999999999
2012-05-30 14:00:00+00:00,0.7178116
2012-05-30 15:00:00+00:00,0.7319254
2012-05-30 16:00:00+00:00,0.7238787
2012-05-30 17:00:00+00:00,0.56991553
2012-05-30 18:00:00+00:00,0.71345514
2012-05-30 19:00:00+00:00,0.7128552
2012-05-30 20:00:00+00:00,0.6845220999999999
2012-05-30 21:00:00+00:00,0.6623526
2012-05-30 22:00:00+00:00,0.47929132
2012-05-30 23:00:00+00:00,0.25164068
2012-05-31 00:00:00+00:00,0.02761682
2012-05-31 01:00:00+00:00,0.0
2012-05-31 02:00:00+00:00,0.0
2012-05-31 03:00:00+00:00,0.0
2012-05-31 04:00:00+00:00,0.0
2012-05-31 05:00:00+00:00,0.0
2012-05-31 06:00:00+00:00,0.0
2012-05-31 07:00:00+00:00,0.0
2012-05-31 08:00:00+00:00,0.0
2012-05-31 09:00:00+00:00,0.0
2012-05-31 10:00:00+00:00,0.0
2012-05-31 11:00:00+00:00,0.00018416197000000001
2012-05-31 12:00:00+00:00,0.0069841673
2012-05-31 13:00:00+00:00,0.055831067000000005
2012-05-31 14:00:00+00:00,0.039164204
2012-05-31 15:00:00+00:00,0.09187016
2012-05-31 16:00:00+00:00,0.07212448
2012-05-31 17:00:00+00:00,0.08275162
2012-05-31 18:00:00+00:00,0.15369520000000003
2012-05-31 19:00:00+00:00,0.17163642
2012-05-31 20:00:00+00:00,0.07792863
2012-05-31 21:00:00+00:00,0.25070372
2012-05-31 22:00:00+00:00,0.23845057
2012-05-31 23:00:00+00:00,0.09523844
2012-06-01 00:00:00+00:00,0.05121304
2012-06-01 01:00:00+00:00,0.0
2012-06-01 02:00:00+00:00,0.0
2012-06-01 03:00:00+00:00,0.0
2012-06-01 04:00:00+00:00,0.0
2012-06-01 05:00:00+00:00,0.0
2012-06-01 06:00:00+00:00,0.0
2012-06-01 07:00:00+00:00,0.0
2012-06-01 08:00:00+00:00,0.0
2012-06-01 09:00:00+00:00,0.0
2012-06-01 10:00:00+00:00,0.0
2012-06-01 11:00:00+00:00,0.1360981
2012-06-01 12:00:00+00:00,0.27062783
2012-06-01 13:00:00+00:00,0.6834595
2012-06-01 14:00:00+00:00,0.7532975000000001
2012-06-01 15:00:00+00:00,0.7657456
2012-06-01 16:00:00+00:00,0.57052034
2012-06-01 17:00:00+00:00,0.66993666
2012-06-01 18:00:00+00:00,0.45939046
2012-06-01 19:00:00+00:00,0.49039540000000004
2012-06-01 20:00:00+00:00,0.45462543
2012-06-01 21:00:00+00:00,0.097567245
2012-06-01 22:00:00+00:00,0.12474685
2012-06-01 23:00:00+00:00,0.1682461
2012-06-02 00:00:00+00:00,0.16706163
2012-06-02 01:00:00+00:00,0.0
2012-06-02 02:00:00+00:00,0.0
2012-06-02 03:00:00+00:00,0.0
2012-06-02 04:00:00+00:00,0.0
2012-06-02 05:00:00+00:00,0.0
2012-06-02 06:00:00+00:00,0.0
2012-06-02 07:00:00+00:00,0.0
2012-06-02 08:00:00+00:00,0.0
2012-06-02 09:00:00+00:00,0.0
2012-06-02 10:00:00+00:00,0.0
2012-06-02 11:00:00+00:00,0.13139914
2012-06-02 12:00:00+00:00,0.38360116
2012-06-02 13:00:00+00:00,0.6569033000000001
2012-06-02 14:00:00+00:00,0.7308616
2012-06-02 15:00:00+00:00,0.7446081999999999
2012-06-02 16:00:00+00:00,0.7472897
2012-06-02 17:00:00+00:00,0.7161748
2012-06-02 18:00:00+00:00,0.6313519000000001
2012-06-02 19:00:00+00:00,0.7105344
2012-06-02 20:00:00+00:00,0.72046405
2012-06-02 21:00:00+00:00,0.49641427
2012-06-02 22:00:00+00:00,0.5119619000000001
2012-06-02 23:00:00+00:00,0.3393218
2012-06-03 00:00:00+00:00,0.13167465
2012-06-03 01:00:00+00:00,0.0
2012-06-03 02:00:00+00:00,0.0
2012-06-03 03:00:00+00:00,0.0
2012-06-03 04:00:00+00:00,0.0
2012-06-03 05:00:00+00:00,0.0
2012-06-03 06:00:00+00:00,0.0
2012-06-03 07:00:00+00:00,0.0
2012-06-03 08:00:00+00:00,0.0
2012-06-03 09:00:00+00:00,0.0
2012-06-03 10:00:00+00:00,0.0
2012-06-03 11:00:00+00:00,0.08273523
2012-06-03 12:00:00+00:00,0.23945235
2012-06-03 13:00:00+00:00,0.13570859
2012-06-03 14:00:00+00:00,0.14891067
2012-06-03 15:00:00+00:00,0.16020992
2012-06-03 16:00:00+00:00,0.077327125
2012-06-03 17:00:00+00:00,0.20906794
2012-06-03 18:00:00+00:00,0.3313742
2012-06-03 19:00:00+00:00,0.25166407
2012-06-03 20:00:00+00:00,0.19239920000000002
2012-06-03 21:00:00+00:00,0.084269516
2012-06-03 22:00:00+00:00,0.113864504
2012-06-03 23:00:00+00:00,0.052234482
2012-06-04 00:00:00+00:00,0.01145426
2012-06-04 01:00:00+00:00,0.0
2012-06-04 02:00:00+00:00,0.0
2012-06-04 03:00:00+00:00,0.0
2012-06-04 04:00:00+00:00,0.0
2012-06-04 05:00:00+00:00,0.0
2012-06-04 06:00:00+00:00,0.0
2012-06-04 07:00:00+00:00,0.0
2012-06-04 08:00:00+00:00,0.0
2012-06-04 09:00:00+00:00,0.0
2012-06-04 10:00:00+00:00,0.0
2012-06-04 11:00:00+00:00,0.14000349
2012-06-04 12:00:00+00:00,0.48625332
2012-06-04 13:00:00+00:00,0.67709494
2012-06-04 14:00:00+00:00,0.74580747
2012-06-04 15:00:00+00:00,0.7554046
2012-06-04 16:00:00+00:00,0.7546335
2012-06-04 17:00:00+00:00,0.71385866
2012-06-04 18:00:00+00:00,0.59938633
2012-06-04 19:00:00+00:00,0.66021425
2012-06-04 20:00:00+00:00,0.4315726
2012-06-04 21:00:00+00:00,0.1602652
2012-06-04 22:00:00+00:00,0.28368717
2012-06-04 23:00:00+00:00,0.12216593
2012-06-05 00:00:00+00:00,0.012957581999999999
2012-06-05 01:00:00+00:00,0.0
2012-06-05 02:00:00+00:00,0.0
2012-06-05 03:00:00+00:00,0.0
2012-06-05 04:00:00+00:00,0.0
2012-06-05 05:00:00+00:00,0.0
2012-06-05 06:00:00+00:00,0.0
2012-06-05 07:00:00+00:00,0.0
2012-06-05 08:00:00+00:00,0.0
2012-06-05 09:00:00+00:00,0.0
2012-06-05 10:00:00+00:00,0.0
2012-06-05 11:00:00+00:00,0.13294002
2012-06-05 12:00:00+00:00,0.46252057
2012-06-05 13:00:00+00:00,0.65782404
2012-06-05 14:00:00+00:00,0.7308928000000001
2012-06-05 15:00:00+00:00,0.64687717
2012-06-05 16:00:00+00:00,0.64171994
2012-06-05 17:00:00+00:00,0.46755958
2012-06-05 18:00:00+00:00,0.47363722
2012-06-05 19:00:00+00:00,0.54124624
2012-06-05 20:00:00+00:00,0.58470553
2012-06-05 21:00:00+00:00,0.53445876
2012-06-05 22:00:00+00:00,0.6056604999999999
2012-06-05 23:00:00+00:00,0.46082538
2012-06-06 00:00:00+00:00,0.16259739
2012-06-06 01:00:00+00:00,0.0
2012-06-06 02:00:00+00:00,0.0
2012-06-06 03:00:00+00:00,0.0
2012-06-06 04:00:00+00:00,0.0
2012-06-06 05:00:00+00:00,0.0
2012-06-06 06:00:00+00:00,0.0
2012-06-06 07:00:00+00:00,0.0
2012-06-06 08:00:00+00:00,0.0
2012-06-06 09:00:00+00:00,0.0
2012-06-06 10:00:00+00:00,0.0
2012-06-06 11:00:00+00:00,0.13506292
2012-06-06 12:00:00+00:00,0.46420676
2012-06-06 13:00:00+00:00,0.6529289
2012-06-06 14:00:00+00:00,0.72249895
2012-06-06 15:00:00+00:00,0.7435703
2012-06-06 16:00:00+00:00,0.73878306
2012-06-06 17:00:00+00:00,0.7347613000000001
2012-06-06 18:00:00+00:00,0.7333531999999999
2012-06-06 19:00:00+00:00,0.6952178000000001
2012-06-06 20:00:00+00:00,0.6653339
2012-06-06 21:00:00+00:00,0.721593
2012-06-06 22:00:00+00:00,0.6627662
2012-06-06 23:00:00+00:00,0.5434703000000001
2012-06-07 00:00:00+00:00,0.21121060000000003
2012-06-07 01:00:00+00:00,0.0
2012-06-07 02:00:00+00:00,0.0
2012-06-07 03:00:00+00:00,0.0
2012-06-07 04:00:00+00:00,0.0
2012-06-07 05:00:00+00:00,0.0
2012-06-07 06:00:00+00:00,0.0
2012-06-07 07:00:00+00:00,0.0
2012-06-07 08:00:00+00:00,0.0
2012-06-07 09:00:00+00:00,0.0
2012-06-07 10:00:00+00:00,0.0
2012-06-07 11:00:00+00:00,0.14951523
2012-06-07 12:00:00+00:00,0.48619178
2012-06-07 13:00:00+00:00,0.653852
2012-06-07 14:00:00+00:00,0.71260446
2012-06-07 15:00:00+00:00,0.7258023
2012-06-07 16:00:00+00:00,0.72166634
2012-06-07 17:00:00+00:00,0.70156825
2012-06-07 18:00:00+00:00,0.6636983
2012-06-07 19:00:00+00:00,0.7094906
2012-06-07 20:00:00+00:00,0.70836985
2012-06-07 21:00:00+00:00,0.70273453
2012-06-07 22:00:00+00:00,0.6437451
2012-06-07 23:00:00+00:00,0.52774805
2012-06-08 00:00:00+00:00,0.2091587
2012-06-08 01:00:00+00:00,0.0
2012-06-08 02:00:00+00:00,0.0
2012-06-08 03:00:00+00:00,0.0
2012-06-08 04:00:00+00:00,0.0
2012-06-08 05:00:00+00:00,0.0
2012-06-08 06:00:00+00:00,0.0
2012-06-08 07:00:00+00:00,0.0
2012-06-08 08:00:00+00:00,0.0
2012-06-08 09:00:00+00:00,0.0
2012-06-08 10:00:00+00:00,0.0
2012-06-08 11:00:00+00:00,0.13309383
2012-06-08 12:00:00+00:00,0.44852313
2012-06-08 13:00:00+00:00,0.65800446
2012-06-08 14:00:00+00:00,0.71487945
2012-06-08 15:00:00+00:00,0.6294287
2012-06-08 16:00:00+00:00,0.72434086
2012-06-08 17:00:00+00:00,0.6414616
2012-06-08 18:00:00+00:00,0.66752106
2012-06-08 19:00:00+00:00,0.7027941
2012-06-08 20:00:00+00:00,0.69531274
2012-06-08 21:00:00+00:00,0.65440005
2012-06-08 22:00:00+00:00,0.6060854999999999
2012-06-08 23:00:00+00:00,0.49018413
2012-06-09 00:00:00+00:00,0.18987201
2012-06-09 01:00:00+00:00,0.0
2012-06-09 02:00:00+00:00,0.0
2012-06-09 03:00:00+00:00,0.0
2012-06-09 04:00:00+00:00,0.0
2012-06-09 05:00:00+00:00,0.0
2012-06-09 06:00:00+00:00,0.0
2012-06-09 07:00:00+00:00,0.0
2012-06-09 08:00:00+00:00,0.0
2012-06-09 09:00:00+00:00,0.0
2012-06-09 10:00:00+00:00,0.0
2012-06-09 11:00:00+00:00,0.107956275
2012-06-09 12:00:00+00:00,0.26793490000000003
2012-06-09 13:00:00+00:00,0.4689387
2012-06-09 14:00:00+00:00,0.42022493
2012-06-09 15:00:00+00:00,0.35083509999999996
2012-06-09 16:00:00+00:00,0.45809132
2012-06-09 17:00:00+00:00,0.45013362
2012-06-09 18:00:00+00:00,0.37585264
2012-06-09 19:00:00+00:00,0.4630984
2012-06-09 20:00:00+00:00,0.46395573
2012-06-09 21:00:00+00:00,0.2589256
2012-06-09 22:00:00+00:00,0.18074055
2012-06-09 23:00:00+00:00,0.06103586
2012-06-10 00:00:00+00:00,0.06405263
2012-06-10 01:00:00+00:00,0.0
2012-06-10 02:00:00+00:00,0.0
2012-06-10 03:00:00+00:00,0.0
2012-06-10 04:00:00+00:00,0.0
2012-06-10 05:00:00+00:00,0.0
2012-06-10 06:00:00+00:00,0.0
2012-06-10 07:00:00+00:00,0.0
2012-06-10 08:00:00+00:00,0.0
2012-06-10 09:00:00+00:00,0.0
2012-06-10 10:00:00+00:00,0.0
2012-06-10 11:00:00+00:00,0.0013532689000000002
2012-06-10 12:00:00+00:00,0.044644214
2012-06-10 13:00:00+00:00,0.09346964
2012-06-10 14:00:00+00:00,0.13323696
2012-06-10 15:00:00+00:00,0.26614829999999995
2012-06-10 16:00:00+00:00,0.38000724
2012-06-10 17:00:00+00:00,0.5353635
2012-06-10 18:00:00+00:00,0.5373346
2012-06-10 19:00:00+00:00,0.52444214
2012-06-10 20:00:00+00:00,0.50503
2012-06-10 21:00:00+00:00,0.5768276
2012-06-10 22:00:00+00:00,0.33878577
2012-06-10 23:00:00+00:00,0.36984935
2012-06-11 00:00:00+00:00,0.19159073
2012-06-11 01:00:00+00:00,0.0
2012-06-11 02:00:00+00:00,0.0
2012-06-11 03:00:00+00:00,0.0
2012-06-11 04:00:00+00:00,0.0
2012-06-11 05:00:00+00:00,0.0
2012-06-11 06:00:00+00:00,0.0
2012-06-11 07:00:00+00:00,0.0
2012-06-11 08:00:00+00:00,0.0
2012-06-11 09:00:00+00:00,0.0
2012-06-11 10:00:00+00:00,0.0
2012-06-11 11:00:00+00:00,0.07091375400000001
2012-06-11 12:00:00+00:00,0.27979982
2012-06-11 13:00:00+00:00,0.4749912
2012-06-11 14:00:00+00:00,0.55723596
2012-06-11 15:00:00+00:00,0.53769255
2012-06-11 16:00:00+00:00,0.54107934
2012-06-11 17:00:00+00:00,0.64586335
2012-06-11 18:00:00+00:00,0.57608235
2012-06-11 19:00:00+00:00,0.6124804
2012-06-11 20:00:00+00:00,0.59898746
2012-06-11 21:00:00+00:00,0.49709609999999993
2012-06-11 22:00:00+00:00,0.5647459
2012-06-11 23:00:00+00:00,0.49261278
2012-06-12 00:00:00+00:00,0.20236093
2012-06-12 01:00:00+00:00,0.0
2012-06-12 02:00:00+00:00,0.0
2012-06-12 03:00:00+00:00,0.0
2012-06-12 04:00:00+00:00,0.0
2012-06-12 05:00:00+00:00,0.0
2012-06-12 06:00:00+00:00,0.0
2012-06-12 07:00:00+00:00,0.0
2012-06-12 08:00:00+00:00,0.0
2012-06-12 09:00:00+00:00,0.0
2012-06-12 10:00:00+00:00,0.0
2012-06-12 11:00:00+00:00,0.14737856
2012-06-12 12:00:00+00:00,0.49574775
2012-06-12 13:00:00+00:00,0.6814934
2012-06-12 14:00:00+00:00,0.73886806
2012-06-12 15:00:00+00:00,0.7517345
2012-06-12 16:00:00+00:00,0.7498786
2012-06-12 17:00:00+00:00,0.7447784000000001
2012-06-12 18:00:00+00:00,0.73914343
2012-06-12 19:00:00+00:00,0.74243337
2012-06-12 20:00:00+00:00,0.74063176
2012-06-12 21:00:00+00:00,0.72678566
2012-06-12 22:00:00+00:00,0.6833541
2012-06-12 23:00:00+00:00,0.5729280999999999
2012-06-13 00:00:00+00:00,0.24494638
2012-06-13 01:00:00+00:00,0.0
2012-06-13 02:00:00+00:00,0.0
2012-06-13 03:00:00+00:00,0.0
2012-06-13 04:00:00+00:00,0.0
2012-06-13 05:00:00+00:00,0.0
2012-06-13 06:00:00+00:00,0.0
2012-06-13 07:00:00+00:00,0.0
2012-06-13 08:00:00+00:00,0.0
2012-06-13 09:00:00+00:00,0.0
2012-06-13 10:00:00+00:00,0.0
2012-06-13 11:00:00+00:00,0.15084316
2012-06-13 12:00:00+00:00,0.49639574
2012-06-13 13:00:00+00:00,0.67793244
2012-06-13 14:00:00+00:00,0.73727536
2012-06-13 15:00:00+00:00,0.7198819000000001
2012-06-13 16:00:00+00:00,0.7544941999999999
2012-06-13 17:00:00+00:00,0.6870086
2012-06-13 18:00:00+00:00,0.74371
2012-06-13 19:00:00+00:00,0.73440385
2012-06-13 20:00:00+00:00,0.65588707
2012-06-13 21:00:00+00:00,0.7220909000000001
2012-06-13 22:00:00+00:00,0.6728518
2012-06-13 23:00:00+00:00,0.5668011
2012-06-14 00:00:00+00:00,0.24485426
2012-06-14 01:00:00+00:00,0.0
2012-06-14 02:00:00+00:00,0.0
2012-06-14 03:00:00+00:00,0.0
2012-06-14 04:00:00+00:00,0.0
2012-06-14 05:00:00+00:00,0.0
2012-06-14 06:00:00+00:00,0.0
2012-06-14 07:00:00+00:00,0.0
2012-06-14 08:00:00+00:00,0.0
2012-06-14 09:00:00+00:00,0.0
2012-06-14 10:00:00+00:00,0.0
2012-06-14 11:00:00+00:00,0.13771977
2012-06-14 12:00:00+00:00,0.45686215
2012-06-14 13:00:00+00:00,0.6234581
2012-06-14 14:00:00+00:00,0.6777945
2012-06-14 15:00:00+00:00,0.50005996
2012-06-14 16:00:00+00:00,0.52155626
2012-06-14 17:00:00+00:00,0.66614515
2012-06-14 18:00:00+00:00,0.66005033
2012-06-14 19:00:00+00:00,0.66446626
2012-06-14 20:00:00+00:00,0.63811505
2012-06-14 21:00:00+00:00,0.59995425
2012-06-14 22:00:00+00:00,0.5222938
2012-06-14 23:00:00+00:00,0.46074563
2012-06-15 00:00:00+00:00,0.17450519
2012-06-15 01:00:00+00:00,0.0
2012-06-15 02:00:00+00:00,0.0
2012-06-15 03:00:00+00:00,0.0
2012-06-15 04:00:00+00:00,0.0
2012-06-15 05:00:00+00:00,0.0
2012-06-15 06:00:00+00:00,0.0
2012-06-15 07:00:00+00:00,0.0
2012-06-15 08:00:00+00:00,0.0
2012-06-15 09:00:00+00:00,0.0
2012-06-15 10:00:00+00:00,0.0
2012-06-15 11:00:00+00:00,0.0717145
2012-06-15 12:00:00+00:00,0.28873804
2012-06-15 13:00:00+00:00,0.073329695
2012-06-15 14:00:00+00:00,0.47514090000000003
2012-06-15 15:00:00+00:00,0.54878545
2012-06-15 16:00:00+00:00,0.37378332
2012-06-15 17:00:00+00:00,0.4258719
2012-06-15 18:00:00+00:00,0.43944883
2012-06-15 19:00:00+00:00,0.60534376
2012-06-15 20:00:00+00:00,0.59840363
2012-06-15 21:00:00+00:00,0.61588496
2012-06-15 22:00:00+00:00,0.5401233
2012-06-15 23:00:00+00:00,0.20203947
2012-06-16 00:00:00+00:00,0.119506635
2012-06-16 01:00:00+00:00,0.0
2012-06-16 02:00:00+00:00,0.0
2012-06-16 03:00:00+00:00,0.0
2012-06-16 04:00:00+00:00,0.0
2012-06-16 05:00:00+00:00,0.0
2012-06-16 06:00:00+00:00,0.0
2012-06-16 07:00:00+00:00,0.0
2012-06-16 08:00:00+00:00,0.0
2012-06-16 09:00:00+00:00,0.0
2012-06-16 10:00:00+00:00,0.0
2012-06-16 11:00:00+00:00,0.059356067
2012-06-16 12:00:00+00:00,0.21036035
2012-06-16 13:00:00+00:00,0.15507196
2012-06-16 14:00:00+00:00,0.45855066
2012-06-16 15:00:00+00:00,0.50253546
2012-06-16 16:00:00+00:00,0.42232162
2012-06-16 17:00:00+00:00,0.5112755999999999
2012-06-16 18:00:00+00:00,0.20601039999999998
2012-06-16 19:00:00+00:00,0.28571784
2012-06-16 20:00:00+00:00,0.41880023
2012-06-16 21:00:00+00:00,0.06248869
2012-06-16 22:00:00+00:00,0.36997026
2012-06-16 23:00:00+00:00,0.16750906
2012-06-17 00:00:00+00:00,0.084076956
2012-06-17 01:00:00+00:00,0.0
2012-06-17 02:00:00+00:00,0.0
2012-06-17 03:00:00+00:00,0.0
2012-06-17 04:00:00+00:00,0.0
2012-06-17 05:00:00+00:00,0.0
2012-06-17 06:00:00+00:00,0.0
2012-06-17 07:00:00+00:00,0.0
2012-06-17 08:00:00+00:00,0.0
2012-06-17 09:00:00+00:00,0.0
2012-06-17 10:00:00+00:00,0.0
2012-06-17 11:00:00+00:00,0.020012261
2012-06-17 12:00:00+00:00,0.0658597
2012-06-17 13:00:00+00:00,0.5859358
2012-06-17 14:00:00+00:00,0.67336994
2012-06-17 15:00:00+00:00,0.7055375
2012-06-17 16:00:00+00:00,0.7076056
2012-06-17 17:00:00+00:00,0.7091553
2012-06-17 18:00:00+00:00,0.7054357
2012-06-17 19:00:00+00:00,0.70909005
2012-06-17 20:00:00+00:00,0.705435
2012-06-17 21:00:00+00:00,0.6838864
2012-06-17 22:00:00+00:00,0.57039666
2012-06-17 23:00:00+00:00,0.41687170000000007
2012-06-18 00:00:00+00:00,0.19890903
2012-06-18 01:00:00+00:00,0.0
2012-06-18 02:00:00+00:00,0.0
2012-06-18 03:00:00+00:00,0.0
2012-06-18 04:00:00+00:00,0.0
2012-06-18 05:00:00+00:00,0.0
2012-06-18 06:00:00+00:00,0.0
2012-06-18 07:00:00+00:00,0.0
2012-06-18 08:00:00+00:00,0.0
2012-06-18 09:00:00+00:00,0.0
2012-06-18 10:00:00+00:00,0.0
2012-06-18 11:00:00+00:00,0.11801884
2012-06-18 12:00:00+00:00,0.40932265
2012-06-18 13:00:00+00:00,0.6009432
2012-06-18 14:00:00+00:00,0.6774604000000001
2012-06-18 15:00:00+00:00,0.6985351
2012-06-18 16:00:00+00:00,0.6995135
2012-06-18 17:00:00+00:00,0.6617323
2012-06-18 18:00:00+00:00,0.621364
2012-06-18 19:00:00+00:00,0.5497297
2012-06-18 20:00:00+00:00,0.6045541
2012-06-18 21:00:00+00:00,0.6491343
2012-06-18 22:00:00+00:00,0.59017223
2012-06-18 23:00:00+00:00,0.46478959999999997
2012-06-19 00:00:00+00:00,0.19356021
2012-06-19 01:00:00+00:00,0.0
2012-06-19 02:00:00+00:00,0.0
2012-06-19 03:00:00+00:00,0.0
2012-06-19 04:00:00+00:00,0.0
2012-06-19 05:00:00+00:00,0.0
2012-06-19 06:00:00+00:00,0.0
2012-06-19 07:00:00+00:00,0.0
2012-06-19 08:00:00+00:00,0.0
2012-06-19 09:00:00+00:00,0.0
2012-06-19 10:00:00+00:00,0.0
2012-06-19 11:00:00+00:00,0.11185569
2012-06-19 12:00:00+00:00,0.39282355
2012-06-19 13:00:00+00:00,0.57817733
2012-06-19 14:00:00+00:00,0.6536165
2012-06-19 15:00:00+00:00,0.6677093000000001
2012-06-19 16:00:00+00:00,0.669952
2012-06-19 17:00:00+00:00,0.6647241
2012-06-19 18:00:00+00:00,0.64568806
2012-06-19 19:00:00+00:00,0.6256425999999999
2012-06-19 20:00:00+00:00,0.58400327
2012-06-19 21:00:00+00:00,0.54466224
2012-06-19 22:00:00+00:00,0.59739655
2012-06-19 23:00:00+00:00,0.48371179999999997
2012-06-20 00:00:00+00:00,0.20313124
2012-06-20 01:00:00+00:00,0.0
2012-06-20 02:00:00+00:00,0.0
2012-06-20 03:00:00+00:00,0.0
2012-06-20 04:00:00+00:00,0.0
2012-06-20 05:00:00+00:00,0.0
2012-06-20 06:00:00+00:00,0.0
2012-06-20 07:00:00+00:00,0.0
2012-06-20 08:00:00+00:00,0.0
2012-06-20 09:00:00+00:00,0.0
2012-06-20 10:00:00+00:00,0.0
2012-06-20 11:00:00+00:00,0.11776588
2012-06-20 12:00:00+00:00,0.41518974
2012-06-20 13:00:00+00:00,0.60099757
2012-06-20 14:00:00+00:00,0.6738132
2012-06-20 15:00:00+00:00,0.6980915
2012-06-20 16:00:00+00:00,0.6996831
2012-06-20 17:00:00+00:00,0.6928474
2012-06-20 18:00:00+00:00,0.5338609999999999
2012-06-20 19:00:00+00:00,0.6974376
2012-06-20 20:00:00+00:00,0.6916813
2012-06-20 21:00:00+00:00,0.6662511
2012-06-20 22:00:00+00:00,0.5985244000000001
2012-06-20 23:00:00+00:00,0.49051782
2012-06-21 00:00:00+00:00,0.20248229999999998
2012-06-21 01:00:00+00:00,0.0
2012-06-21 02:00:00+00:00,0.0
2012-06-21 03:00:00+00:00,0.0
2012-06-21 04:00:00+00:00,0.0
2012-06-21 05:00:00+00:00,0.0
2012-06-21 06:00:00+00:00,0.0
2012-06-21 07:00:00+00:00,0.0
2012-06-21 08:00:00+00:00,0.0
2012-06-21 09:00:00+00:00,0.0
2012-06-21 10:00:00+00:00,0.0
2012-06-21 11:00:00+00:00,0.08195153599999999
2012-06-21 12:00:00+00:00,0.39668316
2012-06-21 13:00:00+00:00,0.3502344
2012-06-21 14:00:00+00:00,0.51635325
2012-06-21 15:00:00+00:00,0.60402966
2012-06-21 16:00:00+00:00,0.5586698
2012-06-21 17:00:00+00:00,0.702289
2012-06-21 18:00:00+00:00,0.7046077
2012-06-21 19:00:00+00:00,0.7107234
2012-06-21 20:00:00+00:00,0.7141968000000001
2012-06-21 21:00:00+00:00,0.7068178
2012-06-21 22:00:00+00:00,0.66654676
2012-06-21 23:00:00+00:00,0.5641093
2012-06-22 00:00:00+00:00,0.25184947
2012-06-22 01:00:00+00:00,0.0
2012-06-22 02:00:00+00:00,0.0
2012-06-22 03:00:00+00:00,0.0
2012-06-22 04:00:00+00:00,0.0
2012-06-22 05:00:00+00:00,0.0
2012-06-22 06:00:00+00:00,0.0
2012-06-22 07:00:00+00:00,0.0
2012-06-22 08:00:00+00:00,0.0
2012-06-22 09:00:00+00:00,0.0
2012-06-22 10:00:00+00:00,0.0
2012-06-22 11:00:00+00:00,0.139499
2012-06-22 12:00:00+00:00,0.29294813
2012-06-22 13:00:00+00:00,0.49984458
2012-06-22 14:00:00+00:00,0.70067596
2012-06-22 15:00:00+00:00,0.7063313
2012-06-22 16:00:00+00:00,0.70605403
2012-06-22 17:00:00+00:00,0.70012355
2012-06-22 18:00:00+00:00,0.6536008000000001
2012-06-22 19:00:00+00:00,0.6601760999999999
2012-06-22 20:00:00+00:00,0.7012731
2012-06-22 21:00:00+00:00,0.6868232
2012-06-22 22:00:00+00:00,0.63114923
2012-06-22 23:00:00+00:00,0.5149419
2012-06-23 00:00:00+00:00,0.21698466
2012-06-23 01:00:00+00:00,0.0
2012-06-23 02:00:00+00:00,0.0
2012-06-23 03:00:00+00:00,0.0
2012-06-23 04:00:00+00:00,0.0
2012-06-23 05:00:00+00:00,0.0
2012-06-23 06:00:00+00:00,0.0
2012-06-23 07:00:00+00:00,0.0
2012-06-23 08:00:00+00:00,0.0
2012-06-23 09:00:00+00:00,0.0
2012-06-23 10:00:00+00:00,0.0
2012-06-23 11:00:00+00:00,0.12115971
2012-06-23 12:00:00+00:00,0.43536434
2012-06-23 13:00:00+00:00,0.6162644
2012-06-23 14:00:00+00:00,0.6694998999999999
2012-06-23 15:00:00+00:00,0.6816364
2012-06-23 16:00:00+00:00,0.6888586999999999
2012-06-23 17:00:00+00:00,0.6709677
2012-06-23 18:00:00+00:00,0.6335286
2012-06-23 19:00:00+00:00,0.6900391
2012-06-23 20:00:00+00:00,0.683801
2012-06-23 21:00:00+00:00,0.526109
2012-06-23 22:00:00+00:00,0.5599634
2012-06-23 23:00:00+00:00,0.47880524
2012-06-24 00:00:00+00:00,0.21098638
2012-06-24 01:00:00+00:00,0.0
2012-06-24 02:00:00+00:00,0.0
2012-06-24 03:00:00+00:00,0.0
2012-06-24 04:00:00+00:00,0.0
2012-06-24 05:00:00+00:00,0.0
2012-06-24 06:00:00+00:00,0.0
2012-06-24 07:00:00+00:00,0.0
2012-06-24 08:00:00+00:00,0.0
2012-06-24 09:00:00+00:00,0.0
2012-06-24 10:00:00+00:00,0.0
2012-06-24 11:00:00+00:00,0.05507566
2012-06-24 12:00:00+00:00,0.2009068
2012-06-24 13:00:00+00:00,0.5584788
2012-06-24 14:00:00+00:00,0.66770107
2012-06-24 15:00:00+00:00,0.70570016
2012-06-24 16:00:00+00:00,0.7057944
2012-06-24 17:00:00+00:00,0.7089335
2012-06-24 18:00:00+00:00,0.65120983
2012-06-24 19:00:00+00:00,0.48761213
2012-06-24 20:00:00+00:00,0.6688906
2012-06-24 21:00:00+00:00,0.7209098
2012-06-24 22:00:00+00:00,0.6868559000000001
2012-06-24 23:00:00+00:00,0.5878977
2012-06-25 00:00:00+00:00,0.27098307
2012-06-25 01:00:00+00:00,0.0
2012-06-25 02:00:00+00:00,0.0
2012-06-25 03:00:00+00:00,0.0
2012-06-25 04:00:00+00:00,0.0
2012-06-25 05:00:00+00:00,0.0
2012-06-25 06:00:00+00:00,0.0
2012-06-25 07:00:00+00:00,0.0
2012-06-25 08:00:00+00:00,0.0
2012-06-25 09:00:00+00:00,0.0
2012-06-25 10:00:00+00:00,0.0
2012-06-25 11:00:00+00:00,0.15852660000000002
2012-06-25 12:00:00+00:00,0.5146997
2012-06-25 13:00:00+00:00,0.71043074
2012-06-25 14:00:00+00:00,0.7664833000000001
2012-06-25 15:00:00+00:00,0.769
2012-06-25 16:00:00+00:00,0.7679581999999999
2012-06-25 17:00:00+00:00,0.7593819
2012-06-25 18:00:00+00:00,0.75373036
2012-06-25 19:00:00+00:00,0.75246143
2012-06-25 20:00:00+00:00,0.7517303000000001
2012-06-25 21:00:00+00:00,0.7434470000000001
2012-06-25 22:00:00+00:00,0.6964788000000001
2012-06-25 23:00:00+00:00,0.59365684
2012-06-26 00:00:00+00:00,0.27242866
2012-06-26 01:00:00+00:00,0.0
2012-06-26 02:00:00+00:00,0.0
2012-06-26 03:00:00+00:00,0.0
2012-06-26 04:00:00+00:00,0.0
2012-06-26 05:00:00+00:00,0.0
2012-06-26 06:00:00+00:00,0.0
2012-06-26 07:00:00+00:00,0.0
2012-06-26 08:00:00+00:00,0.0
2012-06-26 09:00:00+00:00,0.0
2012-06-26 10:00:00+00:00,0.0
2012-06-26 11:00:00+00:00,0.14613765
2012-06-26 12:00:00+00:00,0.48658288
2012-06-26 13:00:00+00:00,0.6724664
2012-06-26 14:00:00+00:00,0.7285433000000001
2012-06-26 15:00:00+00:00,0.7383951
2012-06-26 16:00:00+00:00,0.7316701
2012-06-26 17:00:00+00:00,0.71259856
2012-06-26 18:00:00+00:00,0.69349194
2012-06-26 19:00:00+00:00,0.68449444
2012-06-26 20:00:00+00:00,0.6805614999999999
2012-06-26 21:00:00+00:00,0.6827863000000001
2012-06-26 22:00:00+00:00,0.64284915
2012-06-26 23:00:00+00:00,0.5472030999999999
2012-06-27 00:00:00+00:00,0.24753639
2012-06-27 01:00:00+00:00,0.0
2012-06-27 02:00:00+00:00,0.0
2012-06-27 03:00:00+00:00,0.0
2012-06-27 04:00:00+00:00,0.0
2012-06-27 05:00:00+00:00,0.0
2012-06-27 06:00:00+00:00,0.0
2012-06-27 07:00:00+00:00,0.0
2012-06-27 08:00:00+00:00,0.0
2012-06-27 09:00:00+00:00,0.0
2012-06-27 10:00:00+00:00,0.0
2012-06-27 11:00:00+00:00,0.11803901
2012-06-27 12:00:00+00:00,0.42849123
2012-06-27 13:00:00+00:00,0.61794865
2012-06-27 14:00:00+00:00,0.6860679000000001
2012-06-27 15:00:00+00:00,0.7059300999999999
2012-06-27 16:00:00+00:00,0.70603716
2012-06-27 17:00:00+00:00,0.6972807
2012-06-27 18:00:00+00:00,0.69201916
2012-06-27 19:00:00+00:00,0.69243354
2012-06-27 20:00:00+00:00,0.6840429
2012-06-27 21:00:00+00:00,0.6675478
2012-06-27 22:00:00+00:00,0.4827967000000001
2012-06-27 23:00:00+00:00,0.38239402
2012-06-28 00:00:00+00:00,0.20964791
2012-06-28 01:00:00+00:00,0.0
2012-06-28 02:00:00+00:00,0.0
2012-06-28 03:00:00+00:00,0.0
2012-06-28 04:00:00+00:00,0.0
2012-06-28 05:00:00+00:00,0.0
2012-06-28 06:00:00+00:00,0.0
2012-06-28 07:00:00+00:00,0.0
2012-06-28 08:00:00+00:00,0.0
2012-06-28 09:00:00+00:00,0.0
2012-06-28 10:00:00+00:00,0.0
2012-06-28 11:00:00+00:00,0.107297346
2012-06-28 12:00:00+00:00,0.39208803
2012-06-28 13:00:00+00:00,0.5808446999999999
2012-06-28 14:00:00+00:00,0.6471779000000001
2012-06-28 15:00:00+00:00,0.6627835999999999
2012-06-28 16:00:00+00:00,0.6683274
2012-06-28 17:00:00+00:00,0.66292703
2012-06-28 18:00:00+00:00,0.66171116
2012-06-28 19:00:00+00:00,0.5537793000000001
2012-06-28 20:00:00+00:00,0.6608484
2012-06-28 21:00:00+00:00,0.6346998
2012-06-28 22:00:00+00:00,0.44389048
2012-06-28 23:00:00+00:00,0.19477803
2012-06-29 00:00:00+00:00,0.13104472
2012-06-29 01:00:00+00:00,0.0
2012-06-29 02:00:00+00:00,0.0
2012-06-29 03:00:00+00:00,0.0
2012-06-29 04:00:00+00:00,0.0
2012-06-29 05:00:00+00:00,0.0
2012-06-29 06:00:00+00:00,0.0
2012-06-29 07:00:00+00:00,0.0
2012-06-29 08:00:00+00:00,0.0
2012-06-29 09:00:00+00:00,0.0
2012-06-29 10:00:00+00:00,0.0
2012-06-29 11:00:00+00:00,0.08121675
2012-06-29 12:00:00+00:00,0.35840383
2012-06-29 13:00:00+00:00,0.5548183000000001
2012-06-29 14:00:00+00:00,0.63565
2012-06-29 15:00:00+00:00,0.6690154
2012-06-29 16:00:00+00:00,0.67212135
2012-06-29 17:00:00+00:00,0.66932744
2012-06-29 18:00:00+00:00,0.66628027
2012-06-29 19:00:00+00:00,0.66787314
2012-06-29 20:00:00+00:00,0.6673343
2012-06-29 21:00:00+00:00,0.64418775
2012-06-29 22:00:00+00:00,0.58465135
2012-06-29 23:00:00+00:00,0.45647064
2012-06-30 00:00:00+00:00,0.17932564
2012-06-30 01:00:00+00:00,0.0
2012-06-30 02:00:00+00:00,0.0
2012-06-30 03:00:00+00:00,0.0
2012-06-30 04:00:00+00:00,0.0
2012-06-30 05:00:00+00:00,0.0
2012-06-30 06:00:00+00:00,0.0
2012-06-30 07:00:00+00:00,0.0
2012-06-30 08:00:00+00:00,0.0
2012-06-30 09:00:00+00:00,0.0
2012-06-30 10:00:00+00:00,0.0
2012-06-30 11:00:00+00:00,0.018149886
2012-06-30 12:00:00+00:00,0.22079003
2012-06-30 13:00:00+00:00,0.35501707
2012-06-30 14:00:00+00:00,0.5527993
2012-06-30 15:00:00+00:00,0.63267356
2012-06-30 16:00:00+00:00,0.64898
2012-06-30 17:00:00+00:00,0.6474390999999999
2012-06-30 18:00:00+00:00,0.64083445
2012-06-30 19:00:00+00:00,0.6406203
2012-06-30 20:00:00+00:00,0.6263076999999999
2012-06-30 21:00:00+00:00,0.58960503
2012-06-30 22:00:00+00:00,0.5057822
2012-06-30 23:00:00+00:00,0.37540185
2012-07-01 00:00:00+00:00,0.027110456
2012-07-01 01:00:00+00:00,0.0
2012-07-01 02:00:00+00:00,0.0
2012-07-01 03:00:00+00:00,0.0
2012-07-01 04:00:00+00:00,0.0
2012-07-01 05:00:00+00:00,0.0
2012-07-01 06:00:00+00:00,0.0
2012-07-01 07:00:00+00:00,0.0
2012-07-01 08:00:00+00:00,0.0
2012-07-01 09:00:00+00:00,0.0
2012-07-01 10:00:00+00:00,0.0
2012-07-01 11:00:00+00:00,0.054525647000000003
2012-07-01 12:00:00+00:00,0.2874702
2012-07-01 13:00:00+00:00,0.37361595
2012-07-01 14:00:00+00:00,0.5224694999999999
2012-07-01 15:00:00+00:00,0.6068054
2012-07-01 16:00:00+00:00,0.65715855
2012-07-01 17:00:00+00:00,0.6644979
2012-07-01 18:00:00+00:00,0.65212536
2012-07-01 19:00:00+00:00,0.64418423
2012-07-01 20:00:00+00:00,0.6612361
2012-07-01 21:00:00+00:00,0.6478212
2012-07-01 22:00:00+00:00,0.58453256
2012-07-01 23:00:00+00:00,0.45403326
2012-07-02 00:00:00+00:00,0.18635707
2012-07-02 01:00:00+00:00,0.0
2012-07-02 02:00:00+00:00,0.0
2012-07-02 03:00:00+00:00,0.0
2012-07-02 04:00:00+00:00,0.0
2012-07-02 05:00:00+00:00,0.0
2012-07-02 06:00:00+00:00,0.0
2012-07-02 07:00:00+00:00,0.0
2012-07-02 08:00:00+00:00,0.0
2012-07-02 09:00:00+00:00,0.0
2012-07-02 10:00:00+00:00,0.0
2012-07-02 11:00:00+00:00,0.0017086076999999998
2012-07-02 12:00:00+00:00,0.020408139
2012-07-02 13:00:00+00:00,0.06989512
2012-07-02 14:00:00+00:00,0.1924846
2012-07-02 15:00:00+00:00,0.15661517
2012-07-02 16:00:00+00:00,0.24748427
2012-07-02 17:00:00+00:00,0.5515583000000001
2012-07-02 18:00:00+00:00,0.66052234
2012-07-02 19:00:00+00:00,0.66053665
2012-07-02 20:00:00+00:00,0.6078468
2012-07-02 21:00:00+00:00,0.46354374
2012-07-02 22:00:00+00:00,0.38746306
2012-07-02 23:00:00+00:00,0.39541350000000003
2012-07-03 00:00:00+00:00,0.13996896
2012-07-03 01:00:00+00:00,0.0
2012-07-03 02:00:00+00:00,0.0
2012-07-03 03:00:00+00:00,0.0
2012-07-03 04:00:00+00:00,0.0
2012-07-03 05:00:00+00:00,0.0
2012-07-03 06:00:00+00:00,0.0
2012-07-03 07:00:00+00:00,0.0
2012-07-03 08:00:00+00:00,0.0
2012-07-03 09:00:00+00:00,0.0
2012-07-03 10:00:00+00:00,0.0
2012-07-03 11:00:00+00:00,0.07366876
2012-07-03 12:00:00+00:00,0.34336925
2012-07-03 13:00:00+00:00,0.54039085
2012-07-03 14:00:00+00:00,0.6344151
2012-07-03 15:00:00+00:00,0.6713264
2012-07-03 16:00:00+00:00,0.6745388000000001
2012-07-03 17:00:00+00:00,0.6724953
2012-07-03 18:00:00+00:00,0.6655246
2012-07-03 19:00:00+00:00,0.6688903
2012-07-03 20:00:00+00:00,0.66418093
2012-07-03 21:00:00+00:00,0.6478909
2012-07-03 22:00:00+00:00,0.5924656
2012-07-03 23:00:00+00:00,0.46757776
2012-07-04 00:00:00+00:00,0.19564925
2012-07-04 01:00:00+00:00,0.0
2012-07-04 02:00:00+00:00,0.0
2012-07-04 03:00:00+00:00,0.0
2012-07-04 04:00:00+00:00,0.0
2012-07-04 05:00:00+00:00,0.0
2012-07-04 06:00:00+00:00,0.0
2012-07-04 07:00:00+00:00,0.0
2012-07-04 08:00:00+00:00,0.0
2012-07-04 09:00:00+00:00,0.0
2012-07-04 10:00:00+00:00,0.0
2012-07-04 11:00:00+00:00,0.0439864
2012-07-04 12:00:00+00:00,0.31042007
2012-07-04 13:00:00+00:00,0.51036704
2012-07-04 14:00:00+00:00,0.602136
2012-07-04 15:00:00+00:00,0.6368743
2012-07-04 16:00:00+00:00,0.64753556
2012-07-04 17:00:00+00:00,0.61810845
2012-07-04 18:00:00+00:00,0.29442275
2012-07-04 19:00:00+00:00,0.09073849
2012-07-04 20:00:00+00:00,0.08398345
2012-07-04 21:00:00+00:00,0.07802712
2012-07-04 22:00:00+00:00,0.2534907
2012-07-04 23:00:00+00:00,0.14601025
2012-07-05 00:00:00+00:00,0.0720371
2012-07-05 01:00:00+00:00,0.0
2012-07-05 02:00:00+00:00,0.0
2012-07-05 03:00:00+00:00,0.0
2012-07-05 04:00:00+00:00,0.0
2012-07-05 05:00:00+00:00,0.0
2012-07-05 06:00:00+00:00,0.0
2012-07-05 07:00:00+00:00,0.0
2012-07-05 08:00:00+00:00,0.0
2012-07-05 09:00:00+00:00,0.0
2012-07-05 10:00:00+00:00,0.0
2012-07-05 11:00:00+00:00,0.06502677
2012-07-05 12:00:00+00:00,0.32248423
2012-07-05 13:00:00+00:00,0.51822263
2012-07-05 14:00:00+00:00,0.5975425999999999
2012-07-05 15:00:00+00:00,0.6398049
2012-07-05 16:00:00+00:00,0.6435964
2012-07-05 17:00:00+00:00,0.6399657
2012-07-05 18:00:00+00:00,0.6193953000000001
2012-07-05 19:00:00+00:00,0.49311012
2012-07-05 20:00:00+00:00,0.46563774
2012-07-05 21:00:00+00:00,0.36921006
2012-07-05 22:00:00+00:00,0.4184569
2012-07-05 23:00:00+00:00,0.3475293
2012-07-06 00:00:00+00:00,0.14092681
2012-07-06 01:00:00+00:00,0.0
2012-07-06 02:00:00+00:00,0.0
2012-07-06 03:00:00+00:00,0.0
2012-07-06 04:00:00+00:00,0.0
2012-07-06 05:00:00+00:00,0.0
2012-07-06 06:00:00+00:00,0.0
2012-07-06 07:00:00+00:00,0.0
2012-07-06 08:00:00+00:00,0.0
2012-07-06 09:00:00+00:00,0.0
2012-07-06 10:00:00+00:00,0.0
2012-07-06 11:00:00+00:00,0.08509744
2012-07-06 12:00:00+00:00,0.35249877
2012-07-06 13:00:00+00:00,0.55297554
2012-07-06 14:00:00+00:00,0.6285648
2012-07-06 15:00:00+00:00,0.65429777
2012-07-06 16:00:00+00:00,0.65721506
2012-07-06 17:00:00+00:00,0.5676151999999999
2012-07-06 18:00:00+00:00,0.55225825
2012-07-06 19:00:00+00:00,0.5565063
2012-07-06 20:00:00+00:00,0.51046705
2012-07-06 21:00:00+00:00,0.5433374
2012-07-06 22:00:00+00:00,0.51677316
2012-07-06 23:00:00+00:00,0.41434237
2012-07-07 00:00:00+00:00,0.15338954
2012-07-07 01:00:00+00:00,0.0
2012-07-07 02:00:00+00:00,0.0
2012-07-07 03:00:00+00:00,0.0
2012-07-07 04:00:00+00:00,0.0
2012-07-07 05:00:00+00:00,0.0
2012-07-07 06:00:00+00:00,0.0
2012-07-07 07:00:00+00:00,0.0
2012-07-07 08:00:00+00:00,0.0
2012-07-07 09:00:00+00:00,0.0
2012-07-07 10:00:00+00:00,0.0
2012-07-07 11:00:00+00:00,0.04895417
2012-07-07 12:00:00+00:00,0.32334954
2012-07-07 13:00:00+00:00,0.4399774
2012-07-07 14:00:00+00:00,0.53991896
2012-07-07 15:00:00+00:00,0.6358273
2012-07-07 16:00:00+00:00,0.64836687
2012-07-07 17:00:00+00:00,0.6483699
2012-07-07 18:00:00+00:00,0.63894546
2012-07-07 19:00:00+00:00,0.62700903
2012-07-07 20:00:00+00:00,0.4982665
2012-07-07 21:00:00+00:00,0.13495752
2012-07-07 22:00:00+00:00,0.17904556
2012-07-07 23:00:00+00:00,0.046452115999999995
2012-07-08 00:00:00+00:00,0.025166236
2012-07-08 01:00:00+00:00,0.0
2012-07-08 02:00:00+00:00,0.0
2012-07-08 03:00:00+00:00,0.0
2012-07-08 04:00:00+00:00,0.0
2012-07-08 05:00:00+00:00,0.0
2012-07-08 06:00:00+00:00,0.0
2012-07-08 07:00:00+00:00,0.0
2012-07-08 08:00:00+00:00,0.0
2012-07-08 09:00:00+00:00,0.0
2012-07-08 10:00:00+00:00,0.0
2012-07-08 11:00:00+00:00,0.0077919364
2012-07-08 12:00:00+00:00,0.24334498
2012-07-08 13:00:00+00:00,0.14725414
2012-07-08 14:00:00+00:00,0.14102706
2012-07-08 15:00:00+00:00,0.1971731
2012-07-08 16:00:00+00:00,0.27231228
2012-07-08 17:00:00+00:00,0.20385182
2012-07-08 18:00:00+00:00,0.29381543
2012-07-08 19:00:00+00:00,0.2348785
2012-07-08 20:00:00+00:00,0.16819419
2012-07-08 21:00:00+00:00,0.1403398
2012-07-08 22:00:00+00:00,0.08127519999999999
2012-07-08 23:00:00+00:00,0.06598474
2012-07-09 00:00:00+00:00,0.03903904
2012-07-09 01:00:00+00:00,0.0
2012-07-09 02:00:00+00:00,0.0
2012-07-09 03:00:00+00:00,0.0
2012-07-09 04:00:00+00:00,0.0
2012-07-09 05:00:00+00:00,0.0
2012-07-09 06:00:00+00:00,0.0
2012-07-09 07:00:00+00:00,0.0
2012-07-09 08:00:00+00:00,0.0
2012-07-09 09:00:00+00:00,0.0
2012-07-09 10:00:00+00:00,0.0
2012-07-09 11:00:00+00:00,0.05666222
2012-07-09 12:00:00+00:00,0.20341803
2012-07-09 13:00:00+00:00,0.24749453
2012-07-09 14:00:00+00:00,0.46900967
2012-07-09 15:00:00+00:00,0.58709717
2012-07-09 16:00:00+00:00,0.66815645
2012-07-09 17:00:00+00:00,0.58621687
2012-07-09 18:00:00+00:00,0.63845325
2012-07-09 19:00:00+00:00,0.60941595
2012-07-09 20:00:00+00:00,0.52757037
2012-07-09 21:00:00+00:00,0.5349605
2012-07-09 22:00:00+00:00,0.5163148
2012-07-09 23:00:00+00:00,0.44950315
2012-07-10 00:00:00+00:00,0.19729229999999998
2012-07-10 01:00:00+00:00,0.0
2012-07-10 02:00:00+00:00,0.0
2012-07-10 03:00:00+00:00,0.0
2012-07-10 04:00:00+00:00,0.0
2012-07-10 05:00:00+00:00,0.0
2012-07-10 06:00:00+00:00,0.0
2012-07-10 07:00:00+00:00,0.0
2012-07-10 08:00:00+00:00,0.0
2012-07-10 09:00:00+00:00,0.0
2012-07-10 10:00:00+00:00,0.0
2012-07-10 11:00:00+00:00,0.085503146
2012-07-10 12:00:00+00:00,0.37527466
2012-07-10 13:00:00+00:00,0.58917737
2012-07-10 14:00:00+00:00,0.66922504
2012-07-10 15:00:00+00:00,0.69238865
2012-07-10 16:00:00+00:00,0.6910116
2012-07-10 17:00:00+00:00,0.54852813
2012-07-10 18:00:00+00:00,0.37496683
2012-07-10 19:00:00+00:00,0.36281043
2012-07-10 20:00:00+00:00,0.38726553
2012-07-10 21:00:00+00:00,0.49007353
2012-07-10 22:00:00+00:00,0.1778928
2012-07-10 23:00:00+00:00,0.22113283
2012-07-11 00:00:00+00:00,0.08285677400000001
2012-07-11 01:00:00+00:00,0.0
2012-07-11 02:00:00+00:00,0.0
2012-07-11 03:00:00+00:00,0.0
2012-07-11 04:00:00+00:00,0.0
2012-07-11 05:00:00+00:00,0.0
2012-07-11 06:00:00+00:00,0.0
2012-07-11 07:00:00+00:00,0.0
2012-07-11 08:00:00+00:00,0.0
2012-07-11 09:00:00+00:00,0.0
2012-07-11 10:00:00+00:00,0.0
2012-07-11 11:00:00+00:00,0.011782643
2012-07-11 12:00:00+00:00,0.108753204
2012-07-11 13:00:00+00:00,0.4524368
2012-07-11 14:00:00+00:00,0.50433856
2012-07-11 15:00:00+00:00,0.52379155
2012-07-11 16:00:00+00:00,0.53457487
2012-07-11 17:00:00+00:00,0.5050775
2012-07-11 18:00:00+00:00,0.51831263
2012-07-11 19:00:00+00:00,0.45452306
2012-07-11 20:00:00+00:00,0.17298432
2012-07-11 21:00:00+00:00,0.06155703
2012-07-11 22:00:00+00:00,0.17948273
2012-07-11 23:00:00+00:00,0.11229479
2012-07-12 00:00:00+00:00,0.032821286
2012-07-12 01:00:00+00:00,0.0
2012-07-12 02:00:00+00:00,0.0
2012-07-12 03:00:00+00:00,0.0
2012-07-12 04:00:00+00:00,0.0
2012-07-12 05:00:00+00:00,0.0
2012-07-12 06:00:00+00:00,0.0
2012-07-12 07:00:00+00:00,0.0
2012-07-12 08:00:00+00:00,0.0
2012-07-12 09:00:00+00:00,0.0
2012-07-12 10:00:00+00:00,0.0
2012-07-12 11:00:00+00:00,0.0012404339
2012-07-12 12:00:00+00:00,0.07467814
2012-07-12 13:00:00+00:00,0.030752774
2012-07-12 14:00:00+00:00,0.03807369
2012-07-12 15:00:00+00:00,0.08088581
2012-07-12 16:00:00+00:00,0.25549644
2012-07-12 17:00:00+00:00,0.26996908
2012-07-12 18:00:00+00:00,0.31946066
2012-07-12 19:00:00+00:00,0.38407636
2012-07-12 20:00:00+00:00,0.3026209
2012-07-12 21:00:00+00:00,0.32934737
2012-07-12 22:00:00+00:00,0.10989099
2012-07-12 23:00:00+00:00,0.31000075
2012-07-13 00:00:00+00:00,0.1187155
2012-07-13 01:00:00+00:00,0.0
2012-07-13 02:00:00+00:00,0.0
2012-07-13 03:00:00+00:00,0.0
2012-07-13 04:00:00+00:00,0.0
2012-07-13 05:00:00+00:00,0.0
2012-07-13 06:00:00+00:00,0.0
2012-07-13 07:00:00+00:00,0.0
2012-07-13 08:00:00+00:00,0.0
2012-07-13 09:00:00+00:00,0.0
2012-07-13 10:00:00+00:00,0.0
2012-07-13 11:00:00+00:00,0.065218754
2012-07-13 12:00:00+00:00,0.34588915
2012-07-13 13:00:00+00:00,0.52337456
2012-07-13 14:00:00+00:00,0.48606864
2012-07-13 15:00:00+00:00,0.6368798999999999
2012-07-13 16:00:00+00:00,0.49847797
2012-07-13 17:00:00+00:00,0.31193963
2012-07-13 18:00:00+00:00,0.21136197
2012-07-13 19:00:00+00:00,0.18790019
2012-07-13 20:00:00+00:00,0.08571294
2012-07-13 21:00:00+00:00,0.3116138
2012-07-13 22:00:00+00:00,0.100473866
2012-07-13 23:00:00+00:00,0.23978332
2012-07-14 00:00:00+00:00,0.17850410000000003
2012-07-14 01:00:00+00:00,0.0
2012-07-14 02:00:00+00:00,0.0
2012-07-14 03:00:00+00:00,0.0
2012-07-14 04:00:00+00:00,0.0
2012-07-14 05:00:00+00:00,0.0
2012-07-14 06:00:00+00:00,0.0
2012-07-14 07:00:00+00:00,0.0
2012-07-14 08:00:00+00:00,0.0
2012-07-14 09:00:00+00:00,0.0
2012-07-14 10:00:00+00:00,0.0
2012-07-14 11:00:00+00:00,0.0040672636
2012-07-14 12:00:00+00:00,0.0004896348
2012-07-14 13:00:00+00:00,0.06893314
2012-07-14 14:00:00+00:00,0.1342655
2012-07-14 15:00:00+00:00,0.11052392
2012-07-14 16:00:00+00:00,0.14251456
2012-07-14 17:00:00+00:00,0.398928
2012-07-14 18:00:00+00:00,0.6919744999999999
2012-07-14 19:00:00+00:00,0.6589731
2012-07-14 20:00:00+00:00,0.5730909000000001
2012-07-14 21:00:00+00:00,0.5787493
2012-07-14 22:00:00+00:00,0.39266613
2012-07-14 23:00:00+00:00,0.44270518
2012-07-15 00:00:00+00:00,0.18876359
2012-07-15 01:00:00+00:00,0.0
2012-07-15 02:00:00+00:00,0.0
2012-07-15 03:00:00+00:00,0.0
2012-07-15 04:00:00+00:00,0.0
2012-07-15 05:00:00+00:00,0.0
2012-07-15 06:00:00+00:00,0.0
2012-07-15 07:00:00+00:00,0.0
2012-07-15 08:00:00+00:00,0.0
2012-07-15 09:00:00+00:00,0.0
2012-07-15 10:00:00+00:00,0.0
2012-07-15 11:00:00+00:00,0.07104431
2012-07-15 12:00:00+00:00,0.3725384
2012-07-15 13:00:00+00:00,0.59452665
2012-07-15 14:00:00+00:00,0.6263642
2012-07-15 15:00:00+00:00,0.5410851
2012-07-15 16:00:00+00:00,0.47291964
2012-07-15 17:00:00+00:00,0.43620452
2012-07-15 18:00:00+00:00,0.6804142
2012-07-15 19:00:00+00:00,0.6302895000000001
2012-07-15 20:00:00+00:00,0.6606994
2012-07-15 21:00:00+00:00,0.6683463000000001
2012-07-15 22:00:00+00:00,0.5998979999999999
2012-07-15 23:00:00+00:00,0.48326840000000004
2012-07-16 00:00:00+00:00,0.15663745
2012-07-16 01:00:00+00:00,0.0
2012-07-16 02:00:00+00:00,0.0
2012-07-16 03:00:00+00:00,0.0
2012-07-16 04:00:00+00:00,0.0
2012-07-16 05:00:00+00:00,0.0
2012-07-16 06:00:00+00:00,0.0
2012-07-16 07:00:00+00:00,0.0
2012-07-16 08:00:00+00:00,0.0
2012-07-16 09:00:00+00:00,0.0
2012-07-16 10:00:00+00:00,0.0
2012-07-16 11:00:00+00:00,0.041557845
2012-07-16 12:00:00+00:00,0.3752448
2012-07-16 13:00:00+00:00,0.59939146
2012-07-16 14:00:00+00:00,0.66949004
2012-07-16 15:00:00+00:00,0.68511873
2012-07-16 16:00:00+00:00,0.68094367
2012-07-16 17:00:00+00:00,0.6657602
2012-07-16 18:00:00+00:00,0.5825262
2012-07-16 19:00:00+00:00,0.565116
2012-07-16 20:00:00+00:00,0.5875291
2012-07-16 21:00:00+00:00,0.6349176
2012-07-16 22:00:00+00:00,0.5885691999999999
2012-07-16 23:00:00+00:00,0.44846606
2012-07-17 00:00:00+00:00,0.165279
2012-07-17 01:00:00+00:00,0.0
2012-07-17 02:00:00+00:00,0.0
2012-07-17 03:00:00+00:00,0.0
2012-07-17 04:00:00+00:00,0.0
2012-07-17 05:00:00+00:00,0.0
2012-07-17 06:00:00+00:00,0.0
2012-07-17 07:00:00+00:00,0.0
2012-07-17 08:00:00+00:00,0.0
2012-07-17 09:00:00+00:00,0.0
2012-07-17 10:00:00+00:00,0.0
2012-07-17 11:00:00+00:00,0.010458291
2012-07-17 12:00:00+00:00,0.18739289
2012-07-17 13:00:00+00:00,0.52326864
2012-07-17 14:00:00+00:00,0.62466
2012-07-17 15:00:00+00:00,0.49737355
2012-07-17 16:00:00+00:00,0.5526582
2012-07-17 17:00:00+00:00,0.59156626
2012-07-17 18:00:00+00:00,0.59803534
2012-07-17 19:00:00+00:00,0.5856031
2012-07-17 20:00:00+00:00,0.5596262
2012-07-17 21:00:00+00:00,0.11031996
2012-07-17 22:00:00+00:00,0.061212163
2012-07-17 23:00:00+00:00,0.033817757000000004
2012-07-18 00:00:00+00:00,0.02154095
2012-07-18 01:00:00+00:00,0.0
2012-07-18 02:00:00+00:00,0.0
2012-07-18 03:00:00+00:00,0.0
2012-07-18 04:00:00+00:00,0.0
2012-07-18 05:00:00+00:00,0.0
2012-07-18 06:00:00+00:00,0.0
2012-07-18 07:00:00+00:00,0.0
2012-07-18 08:00:00+00:00,0.0
2012-07-18 09:00:00+00:00,0.0
2012-07-18 10:00:00+00:00,0.0
2012-07-18 11:00:00+00:00,0.038107622
2012-07-18 12:00:00+00:00,0.2601505
2012-07-18 13:00:00+00:00,0.17945966
2012-07-18 14:00:00+00:00,0.6456472
2012-07-18 15:00:00+00:00,0.6782764
2012-07-18 16:00:00+00:00,0.6718311
2012-07-18 17:00:00+00:00,0.61893564
2012-07-18 18:00:00+00:00,0.48071995
2012-07-18 19:00:00+00:00,0.3937692
2012-07-18 20:00:00+00:00,0.056252095999999994
2012-07-18 21:00:00+00:00,0.058177892
2012-07-18 22:00:00+00:00,0.28750929999999997
2012-07-18 23:00:00+00:00,0.10648927
2012-07-19 00:00:00+00:00,0.015254739
2012-07-19 01:00:00+00:00,0.0
2012-07-19 02:00:00+00:00,0.0
2012-07-19 03:00:00+00:00,0.0
2012-07-19 04:00:00+00:00,0.0
2012-07-19 05:00:00+00:00,0.0
2012-07-19 06:00:00+00:00,0.0
2012-07-19 07:00:00+00:00,0.0
2012-07-19 08:00:00+00:00,0.0
2012-07-19 09:00:00+00:00,0.0
2012-07-19 10:00:00+00:00,0.0
2012-07-19 11:00:00+00:00,0.0011605205000000001
2012-07-19 12:00:00+00:00,0.027060317
2012-07-19 13:00:00+00:00,0.15494607
2012-07-19 14:00:00+00:00,0.36073148
2012-07-19 15:00:00+00:00,0.2844414
2012-07-19 16:00:00+00:00,0.14028993
2012-07-19 17:00:00+00:00,0.16059224
2012-07-19 18:00:00+00:00,0.41313002
2012-07-19 19:00:00+00:00,0.6879662
2012-07-19 20:00:00+00:00,0.632099
2012-07-19 21:00:00+00:00,0.27149102
2012-07-19 22:00:00+00:00,0.16057979
2012-07-19 23:00:00+00:00,0.29747784
2012-07-20 00:00:00+00:00,0.058580062999999995
2012-07-20 01:00:00+00:00,0.0
2012-07-20 02:00:00+00:00,0.0
2012-07-20 03:00:00+00:00,0.0
2012-07-20 04:00:00+00:00,0.0
2012-07-20 05:00:00+00:00,0.0
2012-07-20 06:00:00+00:00,0.0
2012-07-20 07:00:00+00:00,0.0
2012-07-20 08:00:00+00:00,0.0
2012-07-20 09:00:00+00:00,0.0
2012-07-20 10:00:00+00:00,0.0
2012-07-20 11:00:00+00:00,0.05025993
2012-07-20 12:00:00+00:00,0.11800094
2012-07-20 13:00:00+00:00,0.24412279
2012-07-20 14:00:00+00:00,0.38867843
2012-07-20 15:00:00+00:00,0.6152243000000001
2012-07-20 16:00:00+00:00,0.33578175
2012-07-20 17:00:00+00:00,0.42280683
2012-07-20 18:00:00+00:00,0.3547978
2012-07-20 19:00:00+00:00,0.48515028
2012-07-20 20:00:00+00:00,0.53516823
2012-07-20 21:00:00+00:00,0.60254496
2012-07-20 22:00:00+00:00,0.50144744
2012-07-20 23:00:00+00:00,0.52810526
2012-07-21 00:00:00+00:00,0.20614909
2012-07-21 01:00:00+00:00,0.0
2012-07-21 02:00:00+00:00,0.0
2012-07-21 03:00:00+00:00,0.0
2012-07-21 04:00:00+00:00,0.0
2012-07-21 05:00:00+00:00,0.0
2012-07-21 06:00:00+00:00,0.0
2012-07-21 07:00:00+00:00,0.0
2012-07-21 08:00:00+00:00,0.0
2012-07-21 09:00:00+00:00,0.0
2012-07-21 10:00:00+00:00,0.0
2012-07-21 11:00:00+00:00,0.046437035999999994
2012-07-21 12:00:00+00:00,0.36503783
2012-07-21 13:00:00+00:00,0.59182125
2012-07-21 14:00:00+00:00,0.66436917
2012-07-21 15:00:00+00:00,0.6833686
2012-07-21 16:00:00+00:00,0.6821315
2012-07-21 17:00:00+00:00,0.6756714
2012-07-21 18:00:00+00:00,0.6671041999999999
2012-07-21 19:00:00+00:00,0.65324044
2012-07-21 20:00:00+00:00,0.6695738
2012-07-21 21:00:00+00:00,0.6136263000000001
2012-07-21 22:00:00+00:00,0.53323483
2012-07-21 23:00:00+00:00,0.47817567
2012-07-22 00:00:00+00:00,0.20123103
2012-07-22 01:00:00+00:00,0.0
2012-07-22 02:00:00+00:00,0.0
2012-07-22 03:00:00+00:00,0.0
2012-07-22 04:00:00+00:00,0.0
2012-07-22 05:00:00+00:00,0.0
2012-07-22 06:00:00+00:00,0.0
2012-07-22 07:00:00+00:00,0.0
2012-07-22 08:00:00+00:00,0.0
2012-07-22 09:00:00+00:00,0.0
2012-07-22 10:00:00+00:00,0.0
2012-07-22 11:00:00+00:00,0.037931032
2012-07-22 12:00:00+00:00,0.34409156
2012-07-22 13:00:00+00:00,0.45068329999999995
2012-07-22 14:00:00+00:00,0.5529301
2012-07-22 15:00:00+00:00,0.55136234
2012-07-22 16:00:00+00:00,0.57404596
2012-07-22 17:00:00+00:00,0.6552044
2012-07-22 18:00:00+00:00,0.6642079000000001
2012-07-22 19:00:00+00:00,0.6675432
2012-07-22 20:00:00+00:00,0.6658265999999999
2012-07-22 21:00:00+00:00,0.65290356
2012-07-22 22:00:00+00:00,0.59471846
2012-07-22 23:00:00+00:00,0.45487840000000007
2012-07-23 00:00:00+00:00,0.16324413
2012-07-23 01:00:00+00:00,0.0
2012-07-23 02:00:00+00:00,0.0
2012-07-23 03:00:00+00:00,0.0
2012-07-23 04:00:00+00:00,0.0
2012-07-23 05:00:00+00:00,0.0
2012-07-23 06:00:00+00:00,0.0
2012-07-23 07:00:00+00:00,0.0
2012-07-23 08:00:00+00:00,0.0
2012-07-23 09:00:00+00:00,0.0
2012-07-23 10:00:00+00:00,0.0
2012-07-23 11:00:00+00:00,0.0009062992999999999
2012-07-23 12:00:00+00:00,0.0645609
2012-07-23 13:00:00+00:00,0.31725636
2012-07-23 14:00:00+00:00,0.40482152
2012-07-23 15:00:00+00:00,0.1653997
2012-07-23 16:00:00+00:00,0.44474047
2012-07-23 17:00:00+00:00,0.5511039000000001
2012-07-23 18:00:00+00:00,0.5712357
2012-07-23 19:00:00+00:00,0.55706704
2012-07-23 20:00:00+00:00,0.5573831
2012-07-23 21:00:00+00:00,0.49081117
2012-07-23 22:00:00+00:00,0.42679927
2012-07-23 23:00:00+00:00,0.28019452
2012-07-24 00:00:00+00:00,0.021609798
2012-07-24 01:00:00+00:00,0.0
2012-07-24 02:00:00+00:00,0.0
2012-07-24 03:00:00+00:00,0.0
2012-07-24 04:00:00+00:00,0.0
2012-07-24 05:00:00+00:00,0.0
2012-07-24 06:00:00+00:00,0.0
2012-07-24 07:00:00+00:00,0.0
2012-07-24 08:00:00+00:00,0.0
2012-07-24 09:00:00+00:00,0.0
2012-07-24 10:00:00+00:00,0.0
2012-07-24 11:00:00+00:00,0.0039204946
2012-07-24 12:00:00+00:00,0.23624797
2012-07-24 13:00:00+00:00,0.49666455
2012-07-24 14:00:00+00:00,0.6066349
2012-07-24 15:00:00+00:00,0.64784414
2012-07-24 16:00:00+00:00,0.6565876
2012-07-24 17:00:00+00:00,0.6503342
2012-07-24 18:00:00+00:00,0.6548523
2012-07-24 19:00:00+00:00,0.6590471999999999
2012-07-24 20:00:00+00:00,0.5812588000000001
2012-07-24 21:00:00+00:00,0.4741022
2012-07-24 22:00:00+00:00,0.4323443
2012-07-24 23:00:00+00:00,0.4715422
2012-07-25 00:00:00+00:00,0.16877735
2012-07-25 01:00:00+00:00,0.0
2012-07-25 02:00:00+00:00,0.0
2012-07-25 03:00:00+00:00,0.0
2012-07-25 04:00:00+00:00,0.0
2012-07-25 05:00:00+00:00,0.0
2012-07-25 06:00:00+00:00,0.0
2012-07-25 07:00:00+00:00,0.0
2012-07-25 08:00:00+00:00,0.0
2012-07-25 09:00:00+00:00,0.0
2012-07-25 10:00:00+00:00,0.0
2012-07-25 11:00:00+00:00,0.020657325
2012-07-25 12:00:00+00:00,0.3458158
2012-07-25 13:00:00+00:00,0.59369504
2012-07-25 14:00:00+00:00,0.670929
2012-07-25 15:00:00+00:00,0.6901392
2012-07-25 16:00:00+00:00,0.68401533
2012-07-25 17:00:00+00:00,0.67595917
2012-07-25 18:00:00+00:00,0.66829175
2012-07-25 19:00:00+00:00,0.6708939
2012-07-25 20:00:00+00:00,0.6707113
2012-07-25 21:00:00+00:00,0.5899307
2012-07-25 22:00:00+00:00,0.12393536
2012-07-25 23:00:00+00:00,0.04481389400000001
2012-07-26 00:00:00+00:00,0.021418585
2012-07-26 01:00:00+00:00,0.0
2012-07-26 02:00:00+00:00,0.0
2012-07-26 03:00:00+00:00,0.0
2012-07-26 04:00:00+00:00,0.0
2012-07-26 05:00:00+00:00,0.0
2012-07-26 06:00:00+00:00,0.0
2012-07-26 07:00:00+00:00,0.0
2012-07-26 08:00:00+00:00,0.0
2012-07-26 09:00:00+00:00,0.0
2012-07-26 10:00:00+00:00,0.0
2012-07-26 11:00:00+00:00,0.0029042086
2012-07-26 12:00:00+00:00,0.10329328
2012-07-26 13:00:00+00:00,0.26769590000000004
2012-07-26 14:00:00+00:00,0.48916346
2012-07-26 15:00:00+00:00,0.70931995
2012-07-26 16:00:00+00:00,0.7062878
2012-07-26 17:00:00+00:00,0.61858606
2012-07-26 18:00:00+00:00,0.6774437
2012-07-26 19:00:00+00:00,0.6886302
2012-07-26 20:00:00+00:00,0.6696319000000001
2012-07-26 21:00:00+00:00,0.67224824
2012-07-26 22:00:00+00:00,0.60603726
2012-07-26 23:00:00+00:00,0.43932920000000003
2012-07-27 00:00:00+00:00,0.09446081
2012-07-27 01:00:00+00:00,0.0
2012-07-27 02:00:00+00:00,0.0
2012-07-27 03:00:00+00:00,0.0
2012-07-27 04:00:00+00:00,0.0
2012-07-27 05:00:00+00:00,0.0
2012-07-27 06:00:00+00:00,0.0
2012-07-27 07:00:00+00:00,0.0
2012-07-27 08:00:00+00:00,0.0
2012-07-27 09:00:00+00:00,0.0
2012-07-27 10:00:00+00:00,0.0
2012-07-27 11:00:00+00:00,0.0057969526
2012-07-27 12:00:00+00:00,0.35688174
2012-07-27 13:00:00+00:00,0.62209576
2012-07-27 14:00:00+00:00,0.5703946999999999
2012-07-27 15:00:00+00:00,0.5848984
2012-07-27 16:00:00+00:00,0.7122578
2012-07-27 17:00:00+00:00,0.6924737
2012-07-27 18:00:00+00:00,0.6685466999999999
2012-07-27 19:00:00+00:00,0.67869335
2012-07-27 20:00:00+00:00,0.6451161999999999
2012-07-27 21:00:00+00:00,0.67701006
2012-07-27 22:00:00+00:00,0.63916284
2012-07-27 23:00:00+00:00,0.50235355
2012-07-28 00:00:00+00:00,0.18142557
2012-07-28 01:00:00+00:00,0.0
2012-07-28 02:00:00+00:00,0.0
2012-07-28 03:00:00+00:00,0.0
2012-07-28 04:00:00+00:00,0.0
2012-07-28 05:00:00+00:00,0.0
2012-07-28 06:00:00+00:00,0.0
2012-07-28 07:00:00+00:00,0.0
2012-07-28 08:00:00+00:00,0.0
2012-07-28 09:00:00+00:00,0.0
2012-07-28 10:00:00+00:00,0.0
2012-07-28 11:00:00+00:00,0.00032412962000000006
2012-07-28 12:00:00+00:00,0.34244487
2012-07-28 13:00:00+00:00,0.60188156
2012-07-28 14:00:00+00:00,0.6810984
2012-07-28 15:00:00+00:00,0.7120935
2012-07-28 16:00:00+00:00,0.70426816
2012-07-28 17:00:00+00:00,0.63103104
2012-07-28 18:00:00+00:00,0.5862596999999999
2012-07-28 19:00:00+00:00,0.65314955
2012-07-28 20:00:00+00:00,0.6212907
2012-07-28 21:00:00+00:00,0.56830573
2012-07-28 22:00:00+00:00,0.5935180999999999
2012-07-28 23:00:00+00:00,0.4342358
2012-07-29 00:00:00+00:00,0.13601916
2012-07-29 01:00:00+00:00,0.0
2012-07-29 02:00:00+00:00,0.0
2012-07-29 03:00:00+00:00,0.0
2012-07-29 04:00:00+00:00,0.0
2012-07-29 05:00:00+00:00,0.0
2012-07-29 06:00:00+00:00,0.0
2012-07-29 07:00:00+00:00,0.0
2012-07-29 08:00:00+00:00,0.0
2012-07-29 09:00:00+00:00,0.0
2012-07-29 10:00:00+00:00,0.0
2012-07-29 11:00:00+00:00,0.0
2012-07-29 12:00:00+00:00,0.31652305
2012-07-29 13:00:00+00:00,0.57739186
2012-07-29 14:00:00+00:00,0.6650326
2012-07-29 15:00:00+00:00,0.689312
2012-07-29 16:00:00+00:00,0.6910426
2012-07-29 17:00:00+00:00,0.63874745
2012-07-29 18:00:00+00:00,0.6109621999999999
2012-07-29 19:00:00+00:00,0.6734623000000001
2012-07-29 20:00:00+00:00,0.67292315
2012-07-29 21:00:00+00:00,0.57156146
2012-07-29 22:00:00+00:00,0.46417603
2012-07-29 23:00:00+00:00,0.3431921
2012-07-30 00:00:00+00:00,0.15602511
2012-07-30 01:00:00+00:00,0.0
2012-07-30 02:00:00+00:00,0.0
2012-07-30 03:00:00+00:00,0.0
2012-07-30 04:00:00+00:00,0.0
2012-07-30 05:00:00+00:00,0.0
2012-07-30 06:00:00+00:00,0.0
2012-07-30 07:00:00+00:00,0.0
2012-07-30 08:00:00+00:00,0.0
2012-07-30 09:00:00+00:00,0.0
2012-07-30 10:00:00+00:00,0.0
2012-07-30 11:00:00+00:00,0.0
2012-07-30 12:00:00+00:00,0.31689385
2012-07-30 13:00:00+00:00,0.5731361
2012-07-30 14:00:00+00:00,0.6594474
2012-07-30 15:00:00+00:00,0.6819625
2012-07-30 16:00:00+00:00,0.6483919
2012-07-30 17:00:00+00:00,0.6006684
2012-07-30 18:00:00+00:00,0.6571191999999999
2012-07-30 19:00:00+00:00,0.65884215
2012-07-30 20:00:00+00:00,0.6258764
2012-07-30 21:00:00+00:00,0.6352468000000001
2012-07-30 22:00:00+00:00,0.5830326
2012-07-30 23:00:00+00:00,0.39654866
2012-07-31 00:00:00+00:00,0.13327456
2012-07-31 01:00:00+00:00,0.0
2012-07-31 02:00:00+00:00,0.0
2012-07-31 03:00:00+00:00,0.0
2012-07-31 04:00:00+00:00,0.0
2012-07-31 05:00:00+00:00,0.0
2012-07-31 06:00:00+00:00,0.0
2012-07-31 07:00:00+00:00,0.0
2012-07-31 08:00:00+00:00,0.0
2012-07-31 09:00:00+00:00,0.0
2012-07-31 10:00:00+00:00,0.0
2012-07-31 11:00:00+00:00,0.0
2012-07-31 12:00:00+00:00,0.2876637
2012-07-31 13:00:00+00:00,0.55409974
2012-07-31 14:00:00+00:00,0.6481551
2012-07-31 15:00:00+00:00,0.6805427
2012-07-31 16:00:00+00:00,0.68733615
2012-07-31 17:00:00+00:00,0.68189347
2012-07-31 18:00:00+00:00,0.60922223
2012-07-31 19:00:00+00:00,0.68968546
2012-07-31 20:00:00+00:00,0.6921999
2012-07-31 21:00:00+00:00,0.69341624
2012-07-31 22:00:00+00:00,0.64272285
2012-07-31 23:00:00+00:00,0.49946722
2012-08-01 00:00:00+00:00,0.17330877
2012-08-01 01:00:00+00:00,0.0
2012-08-01 02:00:00+00:00,0.0
2012-08-01 03:00:00+00:00,0.0
2012-08-01 04:00:00+00:00,0.0
2012-08-01 05:00:00+00:00,0.0
2012-08-01 06:00:00+00:00,0.0
2012-08-01 07:00:00+00:00,0.0
2012-08-01 08:00:00+00:00,0.0
2012-08-01 09:00:00+00:00,0.0
2012-08-01 10:00:00+00:00,0.0
2012-08-01 11:00:00+00:00,0.0
2012-08-01 12:00:00+00:00,0.35185456
2012-08-01 13:00:00+00:00,0.61524355
2012-08-01 14:00:00+00:00,0.66937417
2012-08-01 15:00:00+00:00,0.6747995
2012-08-01 16:00:00+00:00,0.67168
2012-08-01 17:00:00+00:00,0.6654686
2012-08-01 18:00:00+00:00,0.6577979
2012-08-01 19:00:00+00:00,0.660062
2012-08-01 20:00:00+00:00,0.6601569
2012-08-01 21:00:00+00:00,0.6607201
2012-08-01 22:00:00+00:00,0.6168465999999999
2012-08-01 23:00:00+00:00,0.4695901
2012-08-02 00:00:00+00:00,0.15405208
2012-08-02 01:00:00+00:00,0.0
2012-08-02 02:00:00+00:00,0.0
2012-08-02 03:00:00+00:00,0.0
2012-08-02 04:00:00+00:00,0.0
2012-08-02 05:00:00+00:00,0.0
2012-08-02 06:00:00+00:00,0.0
2012-08-02 07:00:00+00:00,0.0
2012-08-02 08:00:00+00:00,0.0
2012-08-02 09:00:00+00:00,0.0
2012-08-02 10:00:00+00:00,0.0
2012-08-02 11:00:00+00:00,0.0
2012-08-02 12:00:00+00:00,0.033669516000000003
2012-08-02 13:00:00+00:00,0.038738858
2012-08-02 14:00:00+00:00,0.24983160000000001
2012-08-02 15:00:00+00:00,0.16484542
2012-08-02 16:00:00+00:00,0.16821569
2012-08-02 17:00:00+00:00,0.12111705
2012-08-02 18:00:00+00:00,0.09090119
2012-08-02 19:00:00+00:00,0.14553677
2012-08-02 20:00:00+00:00,0.22670555
2012-08-02 21:00:00+00:00,0.46702552
2012-08-02 22:00:00+00:00,0.419361
2012-08-02 23:00:00+00:00,0.3307159
2012-08-03 00:00:00+00:00,0.08515943599999999
2012-08-03 01:00:00+00:00,0.0
2012-08-03 02:00:00+00:00,0.0
2012-08-03 03:00:00+00:00,0.0
2012-08-03 04:00:00+00:00,0.0
2012-08-03 05:00:00+00:00,0.0
2012-08-03 06:00:00+00:00,0.0
2012-08-03 07:00:00+00:00,0.0
2012-08-03 08:00:00+00:00,0.0
2012-08-03 09:00:00+00:00,0.0
2012-08-03 10:00:00+00:00,0.0
2012-08-03 11:00:00+00:00,0.0
2012-08-03 12:00:00+00:00,0.07620313
2012-08-03 13:00:00+00:00,0.26122582
2012-08-03 14:00:00+00:00,0.6077778
2012-08-03 15:00:00+00:00,0.47044387
2012-08-03 16:00:00+00:00,0.4108029
2012-08-03 17:00:00+00:00,0.56522214
2012-08-03 18:00:00+00:00,0.59832734
2012-08-03 19:00:00+00:00,0.54760313
2012-08-03 20:00:00+00:00,0.58401036
2012-08-03 21:00:00+00:00,0.55824655
2012-08-03 22:00:00+00:00,0.43328568
2012-08-03 23:00:00+00:00,0.22172204
2012-08-04 00:00:00+00:00,0.016017208
2012-08-04 01:00:00+00:00,0.0
2012-08-04 02:00:00+00:00,0.0
2012-08-04 03:00:00+00:00,0.0
2012-08-04 04:00:00+00:00,0.0
2012-08-04 05:00:00+00:00,0.0
2012-08-04 06:00:00+00:00,0.0
2012-08-04 07:00:00+00:00,0.0
2012-08-04 08:00:00+00:00,0.0
2012-08-04 09:00:00+00:00,0.0
2012-08-04 10:00:00+00:00,0.0
2012-08-04 11:00:00+00:00,0.0
2012-08-04 12:00:00+00:00,0.014692653
2012-08-04 13:00:00+00:00,0.18728676
2012-08-04 14:00:00+00:00,0.21358424
2012-08-04 15:00:00+00:00,0.49985519999999994
2012-08-04 16:00:00+00:00,0.4489611
2012-08-04 17:00:00+00:00,0.25519598
2012-08-04 18:00:00+00:00,0.32249588
2012-08-04 19:00:00+00:00,0.30943906
2012-08-04 20:00:00+00:00,0.39888227
2012-08-04 21:00:00+00:00,0.44804153
2012-08-04 22:00:00+00:00,0.17829013
2012-08-04 23:00:00+00:00,0.14140823
2012-08-05 00:00:00+00:00,0.017725978
2012-08-05 01:00:00+00:00,0.0
2012-08-05 02:00:00+00:00,0.0
2012-08-05 03:00:00+00:00,0.0
2012-08-05 04:00:00+00:00,0.0
2012-08-05 05:00:00+00:00,0.0
2012-08-05 06:00:00+00:00,0.0
2012-08-05 07:00:00+00:00,0.0
2012-08-05 08:00:00+00:00,0.0
2012-08-05 09:00:00+00:00,0.0
2012-08-05 10:00:00+00:00,0.0
2012-08-05 11:00:00+00:00,0.0
2012-08-05 12:00:00+00:00,0.19941337
2012-08-05 13:00:00+00:00,0.25502458
2012-08-05 14:00:00+00:00,0.54585534
2012-08-05 15:00:00+00:00,0.5122496
2012-08-05 16:00:00+00:00,0.61478853
2012-08-05 17:00:00+00:00,0.6695532
2012-08-05 18:00:00+00:00,0.57447374
2012-08-05 19:00:00+00:00,0.62788254
2012-08-05 20:00:00+00:00,0.5903215
2012-08-05 21:00:00+00:00,0.5685464
2012-08-05 22:00:00+00:00,0.5490857
2012-08-05 23:00:00+00:00,0.26308888
2012-08-06 00:00:00+00:00,0.10870269
2012-08-06 01:00:00+00:00,0.0
2012-08-06 02:00:00+00:00,0.0
2012-08-06 03:00:00+00:00,0.0
2012-08-06 04:00:00+00:00,0.0
2012-08-06 05:00:00+00:00,0.0
2012-08-06 06:00:00+00:00,0.0
2012-08-06 07:00:00+00:00,0.0
2012-08-06 08:00:00+00:00,0.0
2012-08-06 09:00:00+00:00,0.0
2012-08-06 10:00:00+00:00,0.0
2012-08-06 11:00:00+00:00,0.0
2012-08-06 12:00:00+00:00,0.27095294
2012-08-06 13:00:00+00:00,0.54305446
2012-08-06 14:00:00+00:00,0.6296781
2012-08-06 15:00:00+00:00,0.65597403
2012-08-06 16:00:00+00:00,0.6608933000000001
2012-08-06 17:00:00+00:00,0.6610891
2012-08-06 18:00:00+00:00,0.6585880000000001
2012-08-06 19:00:00+00:00,0.66699827
2012-08-06 20:00:00+00:00,0.67537016
2012-08-06 21:00:00+00:00,0.66587144
2012-08-06 22:00:00+00:00,0.6153233
2012-08-06 23:00:00+00:00,0.44803867
2012-08-07 00:00:00+00:00,0.13359177
2012-08-07 01:00:00+00:00,0.0
2012-08-07 02:00:00+00:00,0.0
2012-08-07 03:00:00+00:00,0.0
2012-08-07 04:00:00+00:00,0.0
2012-08-07 05:00:00+00:00,0.0
2012-08-07 06:00:00+00:00,0.0
2012-08-07 07:00:00+00:00,0.0
2012-08-07 08:00:00+00:00,0.0
2012-08-07 09:00:00+00:00,0.0
2012-08-07 10:00:00+00:00,0.0
2012-08-07 11:00:00+00:00,0.0
2012-08-07 12:00:00+00:00,0.30795443
2012-08-07 13:00:00+00:00,0.59305775
2012-08-07 14:00:00+00:00,0.6691905
2012-08-07 15:00:00+00:00,0.6811339
2012-08-07 16:00:00+00:00,0.67773783
2012-08-07 17:00:00+00:00,0.6684829000000001
2012-08-07 18:00:00+00:00,0.66174334
2012-08-07 19:00:00+00:00,0.66465247
2012-08-07 20:00:00+00:00,0.66649777
2012-08-07 21:00:00+00:00,0.66323745
2012-08-07 22:00:00+00:00,0.607109
2012-08-07 23:00:00+00:00,0.43782693
2012-08-08 00:00:00+00:00,0.12707235
2012-08-08 01:00:00+00:00,0.0
2012-08-08 02:00:00+00:00,0.0
2012-08-08 03:00:00+00:00,0.0
2012-08-08 04:00:00+00:00,0.0
2012-08-08 05:00:00+00:00,0.0
2012-08-08 06:00:00+00:00,0.0
2012-08-08 07:00:00+00:00,0.0
2012-08-08 08:00:00+00:00,0.0
2012-08-08 09:00:00+00:00,0.0
2012-08-08 10:00:00+00:00,0.0
2012-08-08 11:00:00+00:00,0.0
2012-08-08 12:00:00+00:00,0.21992399
2012-08-08 13:00:00+00:00,0.22182201
2012-08-08 14:00:00+00:00,0.3205257
2012-08-08 15:00:00+00:00,0.46844393
2012-08-08 16:00:00+00:00,0.61569345
2012-08-08 17:00:00+00:00,0.64924914
2012-08-08 18:00:00+00:00,0.5610356
2012-08-08 19:00:00+00:00,0.42638803
2012-08-08 20:00:00+00:00,0.13973176
2012-08-08 21:00:00+00:00,0.11158013
2012-08-08 22:00:00+00:00,0.48488367
2012-08-08 23:00:00+00:00,0.37692815
2012-08-09 00:00:00+00:00,0.058823925
2012-08-09 01:00:00+00:00,0.0
2012-08-09 02:00:00+00:00,0.0
2012-08-09 03:00:00+00:00,0.0
2012-08-09 04:00:00+00:00,0.0
2012-08-09 05:00:00+00:00,0.0
2012-08-09 06:00:00+00:00,0.0
2012-08-09 07:00:00+00:00,0.0
2012-08-09 08:00:00+00:00,0.0
2012-08-09 09:00:00+00:00,0.0
2012-08-09 10:00:00+00:00,0.0
2012-08-09 11:00:00+00:00,0.0
2012-08-09 12:00:00+00:00,0.06356145
2012-08-09 13:00:00+00:00,0.10182724
2012-08-09 14:00:00+00:00,0.08523985
2012-08-09 15:00:00+00:00,0.47931194
2012-08-09 16:00:00+00:00,0.61833686
2012-08-09 17:00:00+00:00,0.6504553000000001
2012-08-09 18:00:00+00:00,0.70182514
2012-08-09 19:00:00+00:00,0.70412606
2012-08-09 20:00:00+00:00,0.713588
2012-08-09 21:00:00+00:00,0.71191406
2012-08-09 22:00:00+00:00,0.6492161
2012-08-09 23:00:00+00:00,0.45681596
2012-08-10 00:00:00+00:00,0.10679131
2012-08-10 01:00:00+00:00,0.0
2012-08-10 02:00:00+00:00,0.0
2012-08-10 03:00:00+00:00,0.0
2012-08-10 04:00:00+00:00,0.0
2012-08-10 05:00:00+00:00,0.0
2012-08-10 06:00:00+00:00,0.0
2012-08-10 07:00:00+00:00,0.0
2012-08-10 08:00:00+00:00,0.0
2012-08-10 09:00:00+00:00,0.0
2012-08-10 10:00:00+00:00,0.0
2012-08-10 11:00:00+00:00,0.0
2012-08-10 12:00:00+00:00,0.30068094
2012-08-10 13:00:00+00:00,0.60724944
2012-08-10 14:00:00+00:00,0.68491155
2012-08-10 15:00:00+00:00,0.5421626
2012-08-10 16:00:00+00:00,0.5465327
2012-08-10 17:00:00+00:00,0.43396816
2012-08-10 18:00:00+00:00,0.40169737
2012-08-10 19:00:00+00:00,0.65732217
2012-08-10 20:00:00+00:00,0.71341574
2012-08-10 21:00:00+00:00,0.69147736
2012-08-10 22:00:00+00:00,0.6576217
2012-08-10 23:00:00+00:00,0.46924812
2012-08-11 00:00:00+00:00,0.13188529999999998
2012-08-11 01:00:00+00:00,0.0
2012-08-11 02:00:00+00:00,0.0
2012-08-11 03:00:00+00:00,0.0
2012-08-11 04:00:00+00:00,0.0
2012-08-11 05:00:00+00:00,0.0
2012-08-11 06:00:00+00:00,0.0
2012-08-11 07:00:00+00:00,0.0
2012-08-11 08:00:00+00:00,0.0
2012-08-11 09:00:00+00:00,0.0
2012-08-11 10:00:00+00:00,0.0
2012-08-11 11:00:00+00:00,0.0
2012-08-11 12:00:00+00:00,0.32049376
2012-08-11 13:00:00+00:00,0.61913836
2012-08-11 14:00:00+00:00,0.6969274999999999
2012-08-11 15:00:00+00:00,0.71246374
2012-08-11 16:00:00+00:00,0.7096001000000001
2012-08-11 17:00:00+00:00,0.6987284
2012-08-11 18:00:00+00:00,0.6621807
2012-08-11 19:00:00+00:00,0.5140264
2012-08-11 20:00:00+00:00,0.6491452
2012-08-11 21:00:00+00:00,0.52966064
2012-08-11 22:00:00+00:00,0.5630893
2012-08-11 23:00:00+00:00,0.19853792
2012-08-12 00:00:00+00:00,0.10557208
2012-08-12 01:00:00+00:00,0.0
2012-08-12 02:00:00+00:00,0.0
2012-08-12 03:00:00+00:00,0.0
2012-08-12 04:00:00+00:00,0.0
2012-08-12 05:00:00+00:00,0.0
2012-08-12 06:00:00+00:00,0.0
2012-08-12 07:00:00+00:00,0.0
2012-08-12 08:00:00+00:00,0.0
2012-08-12 09:00:00+00:00,0.0
2012-08-12 10:00:00+00:00,0.0
2012-08-12 11:00:00+00:00,0.0
2012-08-12 12:00:00+00:00,0.25678536
2012-08-12 13:00:00+00:00,0.5501828000000001
2012-08-12 14:00:00+00:00,0.6029317
2012-08-12 15:00:00+00:00,0.49080870000000004
2012-08-12 16:00:00+00:00,0.33427638
2012-08-12 17:00:00+00:00,0.24920050000000002
2012-08-12 18:00:00+00:00,0.17890346
2012-08-12 19:00:00+00:00,0.44795725
2012-08-12 20:00:00+00:00,0.31928262
2012-08-12 21:00:00+00:00,0.48330280000000003
2012-08-12 22:00:00+00:00,0.48131084
2012-08-12 23:00:00+00:00,0.16308613
2012-08-13 00:00:00+00:00,0.018330367
2012-08-13 01:00:00+00:00,0.0
2012-08-13 02:00:00+00:00,0.0
2012-08-13 03:00:00+00:00,0.0
2012-08-13 04:00:00+00:00,0.0
2012-08-13 05:00:00+00:00,0.0
2012-08-13 06:00:00+00:00,0.0
2012-08-13 07:00:00+00:00,0.0
2012-08-13 08:00:00+00:00,0.0
2012-08-13 09:00:00+00:00,0.0
2012-08-13 10:00:00+00:00,0.0
2012-08-13 11:00:00+00:00,0.0
2012-08-13 12:00:00+00:00,0.011503998999999999
2012-08-13 13:00:00+00:00,0.024077377999999997
2012-08-13 14:00:00+00:00,0.25891620000000004
2012-08-13 15:00:00+00:00,0.35640459999999996
2012-08-13 16:00:00+00:00,0.26827714
2012-08-13 17:00:00+00:00,0.42027846
2012-08-13 18:00:00+00:00,0.47278258
2012-08-13 19:00:00+00:00,0.5092260999999999
2012-08-13 20:00:00+00:00,0.6747251999999999
2012-08-13 21:00:00+00:00,0.51898795
2012-08-13 22:00:00+00:00,0.38203052
2012-08-13 23:00:00+00:00,0.2102299
2012-08-14 00:00:00+00:00,0.04100996
2012-08-14 01:00:00+00:00,0.0
2012-08-14 02:00:00+00:00,0.0
2012-08-14 03:00:00+00:00,0.0
2012-08-14 04:00:00+00:00,0.0
2012-08-14 05:00:00+00:00,0.0
2012-08-14 06:00:00+00:00,0.0
2012-08-14 07:00:00+00:00,0.0
2012-08-14 08:00:00+00:00,0.0
2012-08-14 09:00:00+00:00,0.0
2012-08-14 10:00:00+00:00,0.0
2012-08-14 11:00:00+00:00,0.0
2012-08-14 12:00:00+00:00,0.12137861
2012-08-14 13:00:00+00:00,0.23938279
2012-08-14 14:00:00+00:00,0.64667076
2012-08-14 15:00:00+00:00,0.506595
2012-08-14 16:00:00+00:00,0.6451534000000001
2012-08-14 17:00:00+00:00,0.65800554
2012-08-14 18:00:00+00:00,0.66114646
2012-08-14 19:00:00+00:00,0.64483994
2012-08-14 20:00:00+00:00,0.6632033
2012-08-14 21:00:00+00:00,0.64951235
2012-08-14 22:00:00+00:00,0.59425414
2012-08-14 23:00:00+00:00,0.3994359
2012-08-15 00:00:00+00:00,0.09197222
2012-08-15 01:00:00+00:00,0.0
2012-08-15 02:00:00+00:00,0.0
2012-08-15 03:00:00+00:00,0.0
2012-08-15 04:00:00+00:00,0.0
2012-08-15 05:00:00+00:00,0.0
2012-08-15 06:00:00+00:00,0.0
2012-08-15 07:00:00+00:00,0.0
2012-08-15 08:00:00+00:00,0.0
2012-08-15 09:00:00+00:00,0.0
2012-08-15 10:00:00+00:00,0.0
2012-08-15 11:00:00+00:00,0.0
2012-08-15 12:00:00+00:00,0.2694061
2012-08-15 13:00:00+00:00,0.57646537
2012-08-15 14:00:00+00:00,0.6611329
2012-08-15 15:00:00+00:00,0.6839105999999999
2012-08-15 16:00:00+00:00,0.67924577
2012-08-15 17:00:00+00:00,0.6633219
2012-08-15 18:00:00+00:00,0.6376762
2012-08-15 19:00:00+00:00,0.62355983
2012-08-15 20:00:00+00:00,0.5862761
2012-08-15 21:00:00+00:00,0.49754342
2012-08-15 22:00:00+00:00,0.4169082
2012-08-15 23:00:00+00:00,0.19241093
2012-08-16 00:00:00+00:00,0.010054282
2012-08-16 01:00:00+00:00,0.0
2012-08-16 02:00:00+00:00,0.0
2012-08-16 03:00:00+00:00,0.0
2012-08-16 04:00:00+00:00,0.0
2012-08-16 05:00:00+00:00,0.0
2012-08-16 06:00:00+00:00,0.0
2012-08-16 07:00:00+00:00,0.0
2012-08-16 08:00:00+00:00,0.0
2012-08-16 09:00:00+00:00,0.0
2012-08-16 10:00:00+00:00,0.0
2012-08-16 11:00:00+00:00,0.0
2012-08-16 12:00:00+00:00,0.022515444
2012-08-16 13:00:00+00:00,0.045661766
2012-08-16 14:00:00+00:00,0.077607386
2012-08-16 15:00:00+00:00,0.20672849999999998
2012-08-16 16:00:00+00:00,0.28309265
2012-08-16 17:00:00+00:00,0.41698408
2012-08-16 18:00:00+00:00,0.40845552
2012-08-16 19:00:00+00:00,0.59534615
2012-08-16 20:00:00+00:00,0.57734096
2012-08-16 21:00:00+00:00,0.651466
2012-08-16 22:00:00+00:00,0.5974616999999999
2012-08-16 23:00:00+00:00,0.39349678
2012-08-17 00:00:00+00:00,0.0826863
2012-08-17 01:00:00+00:00,0.0
2012-08-17 02:00:00+00:00,0.0
2012-08-17 03:00:00+00:00,0.0
2012-08-17 04:00:00+00:00,0.0
2012-08-17 05:00:00+00:00,0.0
2012-08-17 06:00:00+00:00,0.0
2012-08-17 07:00:00+00:00,0.0
2012-08-17 08:00:00+00:00,0.0
2012-08-17 09:00:00+00:00,0.0
2012-08-17 10:00:00+00:00,0.0
2012-08-17 11:00:00+00:00,0.0
2012-08-17 12:00:00+00:00,0.29311725
2012-08-17 13:00:00+00:00,0.6236186
2012-08-17 14:00:00+00:00,0.70313835
2012-08-17 15:00:00+00:00,0.54635
2012-08-17 16:00:00+00:00,0.4785718
2012-08-17 17:00:00+00:00,0.52670026
2012-08-17 18:00:00+00:00,0.6230089
2012-08-17 19:00:00+00:00,0.6854070999999999
2012-08-17 20:00:00+00:00,0.65259206
2012-08-17 21:00:00+00:00,0.65996855
2012-08-17 22:00:00+00:00,0.63015336
2012-08-17 23:00:00+00:00,0.38383663
2012-08-18 00:00:00+00:00,0.068945214
2012-08-18 01:00:00+00:00,0.0
2012-08-18 02:00:00+00:00,0.0
2012-08-18 03:00:00+00:00,0.0
2012-08-18 04:00:00+00:00,0.0
2012-08-18 05:00:00+00:00,0.0
2012-08-18 06:00:00+00:00,0.0
2012-08-18 07:00:00+00:00,0.0
2012-08-18 08:00:00+00:00,0.0
2012-08-18 09:00:00+00:00,0.0
2012-08-18 10:00:00+00:00,0.0
2012-08-18 11:00:00+00:00,0.0
2012-08-18 12:00:00+00:00,0.24426697
2012-08-18 13:00:00+00:00,0.56430167
2012-08-18 14:00:00+00:00,0.6578106
2012-08-18 15:00:00+00:00,0.6837048000000001
2012-08-18 16:00:00+00:00,0.6822236999999999
2012-08-18 17:00:00+00:00,0.6670235
2012-08-18 18:00:00+00:00,0.6710116999999999
2012-08-18 19:00:00+00:00,0.60736394
2012-08-18 20:00:00+00:00,0.5390015
2012-08-18 21:00:00+00:00,0.5796359999999999
2012-08-18 22:00:00+00:00,0.62734026
2012-08-18 23:00:00+00:00,0.40038374
2012-08-19 00:00:00+00:00,0.0678755
2012-08-19 01:00:00+00:00,0.0
2012-08-19 02:00:00+00:00,0.0
2012-08-19 03:00:00+00:00,0.0
2012-08-19 04:00:00+00:00,0.0
2012-08-19 05:00:00+00:00,0.0
2012-08-19 06:00:00+00:00,0.0
2012-08-19 07:00:00+00:00,0.0
2012-08-19 08:00:00+00:00,0.0
2012-08-19 09:00:00+00:00,0.0
2012-08-19 10:00:00+00:00,0.0
2012-08-19 11:00:00+00:00,0.0
2012-08-19 12:00:00+00:00,0.27116096
2012-08-19 13:00:00+00:00,0.59869915
2012-08-19 14:00:00+00:00,0.6850310000000001
2012-08-19 15:00:00+00:00,0.6980845
2012-08-19 16:00:00+00:00,0.6704908
2012-08-19 17:00:00+00:00,0.5603216
2012-08-19 18:00:00+00:00,0.6171843000000001
2012-08-19 19:00:00+00:00,0.5531715
2012-08-19 20:00:00+00:00,0.6400680999999999
2012-08-19 21:00:00+00:00,0.4593632
2012-08-19 22:00:00+00:00,0.32840988
2012-08-19 23:00:00+00:00,0.38099140000000004
2012-08-20 00:00:00+00:00,0.053798184000000006
2012-08-20 01:00:00+00:00,0.0
2012-08-20 02:00:00+00:00,0.0
2012-08-20 03:00:00+00:00,0.0
2012-08-20 04:00:00+00:00,0.0
2012-08-20 05:00:00+00:00,0.0
2012-08-20 06:00:00+00:00,0.0
2012-08-20 07:00:00+00:00,0.0
2012-08-20 08:00:00+00:00,0.0
2012-08-20 09:00:00+00:00,0.0
2012-08-20 10:00:00+00:00,0.0
2012-08-20 11:00:00+00:00,0.0
2012-08-20 12:00:00+00:00,0.2493926
2012-08-20 13:00:00+00:00,0.29841647
2012-08-20 14:00:00+00:00,0.43438329999999997
2012-08-20 15:00:00+00:00,0.6505016
2012-08-20 16:00:00+00:00,0.5912313
2012-08-20 17:00:00+00:00,0.6572266
2012-08-20 18:00:00+00:00,0.6051816999999999
2012-08-20 19:00:00+00:00,0.47893476
2012-08-20 20:00:00+00:00,0.057394455999999996
2012-08-20 21:00:00+00:00,0.09393841
2012-08-20 22:00:00+00:00,0.07327164
2012-08-20 23:00:00+00:00,0.13514285
2012-08-21 00:00:00+00:00,0.03508301
2012-08-21 01:00:00+00:00,0.0
2012-08-21 02:00:00+00:00,0.0
2012-08-21 03:00:00+00:00,0.0
2012-08-21 04:00:00+00:00,0.0
2012-08-21 05:00:00+00:00,0.0
2012-08-21 06:00:00+00:00,0.0
2012-08-21 07:00:00+00:00,0.0
2012-08-21 08:00:00+00:00,0.0
2012-08-21 09:00:00+00:00,0.0
2012-08-21 10:00:00+00:00,0.0
2012-08-21 11:00:00+00:00,0.0
2012-08-21 12:00:00+00:00,0.25847483
2012-08-21 13:00:00+00:00,0.59168744
2012-08-21 14:00:00+00:00,0.6653441
2012-08-21 15:00:00+00:00,0.6794018000000001
2012-08-21 16:00:00+00:00,0.67058015
2012-08-21 17:00:00+00:00,0.6579575
2012-08-21 18:00:00+00:00,0.6450144
2012-08-21 19:00:00+00:00,0.6544456
2012-08-21 20:00:00+00:00,0.6618125
2012-08-21 21:00:00+00:00,0.6616894
2012-08-21 22:00:00+00:00,0.6061345
2012-08-21 23:00:00+00:00,0.38232997
2012-08-22 00:00:00+00:00,0.03575362
2012-08-22 01:00:00+00:00,0.0
2012-08-22 02:00:00+00:00,0.0
2012-08-22 03:00:00+00:00,0.0
2012-08-22 04:00:00+00:00,0.0
2012-08-22 05:00:00+00:00,0.0
2012-08-22 06:00:00+00:00,0.0
2012-08-22 07:00:00+00:00,0.0
2012-08-22 08:00:00+00:00,0.0
2012-08-22 09:00:00+00:00,0.0
2012-08-22 10:00:00+00:00,0.0
2012-08-22 11:00:00+00:00,0.0
2012-08-22 12:00:00+00:00,0.26258534
2012-08-22 13:00:00+00:00,0.60152316
2012-08-22 14:00:00+00:00,0.68179464
2012-08-22 15:00:00+00:00,0.6923178000000001
2012-08-22 16:00:00+00:00,0.68110514
2012-08-22 17:00:00+00:00,0.66710234
2012-08-22 18:00:00+00:00,0.65753365
2012-08-22 19:00:00+00:00,0.66168934
2012-08-22 20:00:00+00:00,0.6656553000000001
2012-08-22 21:00:00+00:00,0.6636345
2012-08-22 22:00:00+00:00,0.6042731
2012-08-22 23:00:00+00:00,0.37324175
2012-08-23 00:00:00+00:00,0.020746695
2012-08-23 01:00:00+00:00,0.0
2012-08-23 02:00:00+00:00,0.0
2012-08-23 03:00:00+00:00,0.0
2012-08-23 04:00:00+00:00,0.0
2012-08-23 05:00:00+00:00,0.0
2012-08-23 06:00:00+00:00,0.0
2012-08-23 07:00:00+00:00,0.0
2012-08-23 08:00:00+00:00,0.0
2012-08-23 09:00:00+00:00,0.0
2012-08-23 10:00:00+00:00,0.0
2012-08-23 11:00:00+00:00,0.0
2012-08-23 12:00:00+00:00,0.24867833
2012-08-23 13:00:00+00:00,0.5899898
2012-08-23 14:00:00+00:00,0.6721929
2012-08-23 15:00:00+00:00,0.68945193
2012-08-23 16:00:00+00:00,0.67094797
2012-08-23 17:00:00+00:00,0.6580852
2012-08-23 18:00:00+00:00,0.65107596
2012-08-23 19:00:00+00:00,0.6553234
2012-08-23 20:00:00+00:00,0.6600993
2012-08-23 21:00:00+00:00,0.6603686
2012-08-23 22:00:00+00:00,0.59857875
2012-08-23 23:00:00+00:00,0.36118314
2012-08-24 00:00:00+00:00,0.0042152684000000004
2012-08-24 01:00:00+00:00,0.0
2012-08-24 02:00:00+00:00,0.0
2012-08-24 03:00:00+00:00,0.0
2012-08-24 04:00:00+00:00,0.0
2012-08-24 05:00:00+00:00,0.0
2012-08-24 06:00:00+00:00,0.0
2012-08-24 07:00:00+00:00,0.0
2012-08-24 08:00:00+00:00,0.0
2012-08-24 09:00:00+00:00,0.0
2012-08-24 10:00:00+00:00,0.0
2012-08-24 11:00:00+00:00,0.0
2012-08-24 12:00:00+00:00,0.23818834
2012-08-24 13:00:00+00:00,0.57020605
2012-08-24 14:00:00+00:00,0.6407931
2012-08-24 15:00:00+00:00,0.66000164
2012-08-24 16:00:00+00:00,0.6470312
2012-08-24 17:00:00+00:00,0.631717
2012-08-24 18:00:00+00:00,0.6263404
2012-08-24 19:00:00+00:00,0.6295234000000001
2012-08-24 20:00:00+00:00,0.61036795
2012-08-24 21:00:00+00:00,0.6362251999999999
2012-08-24 22:00:00+00:00,0.5730233
2012-08-24 23:00:00+00:00,0.33238676
2012-08-25 00:00:00+00:00,0.0
2012-08-25 01:00:00+00:00,0.0
2012-08-25 02:00:00+00:00,0.0
2012-08-25 03:00:00+00:00,0.0
2012-08-25 04:00:00+00:00,0.0
2012-08-25 05:00:00+00:00,0.0
2012-08-25 06:00:00+00:00,0.0
2012-08-25 07:00:00+00:00,0.0
2012-08-25 08:00:00+00:00,0.0
2012-08-25 09:00:00+00:00,0.0
2012-08-25 10:00:00+00:00,0.0
2012-08-25 11:00:00+00:00,0.0
2012-08-25 12:00:00+00:00,0.20796134
2012-08-25 13:00:00+00:00,0.5257145999999999
2012-08-25 14:00:00+00:00,0.6235276
2012-08-25 15:00:00+00:00,0.64002514
2012-08-25 16:00:00+00:00,0.58630466
2012-08-25 17:00:00+00:00,0.6366919
2012-08-25 18:00:00+00:00,0.5585643
2012-08-25 19:00:00+00:00,0.48723587
2012-08-25 20:00:00+00:00,0.44865543
2012-08-25 21:00:00+00:00,0.49770147
2012-08-25 22:00:00+00:00,0.36765653
2012-08-25 23:00:00+00:00,0.24466403
2012-08-26 00:00:00+00:00,0.0
2012-08-26 01:00:00+00:00,0.0
2012-08-26 02:00:00+00:00,0.0
2012-08-26 03:00:00+00:00,0.0
2012-08-26 04:00:00+00:00,0.0
2012-08-26 05:00:00+00:00,0.0
2012-08-26 06:00:00+00:00,0.0
2012-08-26 07:00:00+00:00,0.0
2012-08-26 08:00:00+00:00,0.0
2012-08-26 09:00:00+00:00,0.0
2012-08-26 10:00:00+00:00,0.0
2012-08-26 11:00:00+00:00,0.0
2012-08-26 12:00:00+00:00,0.19847067
2012-08-26 13:00:00+00:00,0.519825
2012-08-26 14:00:00+00:00,0.5133523
2012-08-26 15:00:00+00:00,0.19889176
2012-08-26 16:00:00+00:00,0.58372635
2012-08-26 17:00:00+00:00,0.6096077
2012-08-26 18:00:00+00:00,0.623496
2012-08-26 19:00:00+00:00,0.26833070000000003
2012-08-26 20:00:00+00:00,0.31389725
2012-08-26 21:00:00+00:00,0.37850565
2012-08-26 22:00:00+00:00,0.50482434
2012-08-26 23:00:00+00:00,0.16509734
2012-08-27 00:00:00+00:00,0.0
2012-08-27 01:00:00+00:00,0.0
2012-08-27 02:00:00+00:00,0.0
2012-08-27 03:00:00+00:00,0.0
2012-08-27 04:00:00+00:00,0.0
2012-08-27 05:00:00+00:00,0.0
2012-08-27 06:00:00+00:00,0.0
2012-08-27 07:00:00+00:00,0.0
2012-08-27 08:00:00+00:00,0.0
2012-08-27 09:00:00+00:00,0.0
2012-08-27 10:00:00+00:00,0.0
2012-08-27 11:00:00+00:00,0.0
2012-08-27 12:00:00+00:00,0.03212936
2012-08-27 13:00:00+00:00,0.17507745
2012-08-27 14:00:00+00:00,0.14433771
2012-08-27 15:00:00+00:00,0.5247314999999999
2012-08-27 16:00:00+00:00,0.52935153
2012-08-27 17:00:00+00:00,0.5187755000000001
2012-08-27 18:00:00+00:00,0.6144154000000001
2012-08-27 19:00:00+00:00,0.62094617
2012-08-27 20:00:00+00:00,0.50417733
2012-08-27 21:00:00+00:00,0.6636367
2012-08-27 22:00:00+00:00,0.58740866
2012-08-27 23:00:00+00:00,0.32859984
2012-08-28 00:00:00+00:00,0.0
2012-08-28 01:00:00+00:00,0.0
2012-08-28 02:00:00+00:00,0.0
2012-08-28 03:00:00+00:00,0.0
2012-08-28 04:00:00+00:00,0.0
2012-08-28 05:00:00+00:00,0.0
2012-08-28 06:00:00+00:00,0.0
2012-08-28 07:00:00+00:00,0.0
2012-08-28 08:00:00+00:00,0.0
2012-08-28 09:00:00+00:00,0.0
2012-08-28 10:00:00+00:00,0.0
2012-08-28 11:00:00+00:00,0.0
2012-08-28 12:00:00+00:00,0.21591075
2012-08-28 13:00:00+00:00,0.5656164
2012-08-28 14:00:00+00:00,0.65994495
2012-08-28 15:00:00+00:00,0.6827346
2012-08-28 16:00:00+00:00,0.6667736
2012-08-28 17:00:00+00:00,0.65462506
2012-08-28 18:00:00+00:00,0.6465015000000001
2012-08-28 19:00:00+00:00,0.6571866999999999
2012-08-28 20:00:00+00:00,0.6667847
2012-08-28 21:00:00+00:00,0.6561077
2012-08-28 22:00:00+00:00,0.59051836
2012-08-28 23:00:00+00:00,0.31940788
2012-08-29 00:00:00+00:00,0.0
2012-08-29 01:00:00+00:00,0.0
2012-08-29 02:00:00+00:00,0.0
2012-08-29 03:00:00+00:00,0.0
2012-08-29 04:00:00+00:00,0.0
2012-08-29 05:00:00+00:00,0.0
2012-08-29 06:00:00+00:00,0.0
2012-08-29 07:00:00+00:00,0.0
2012-08-29 08:00:00+00:00,0.0
2012-08-29 09:00:00+00:00,0.0
2012-08-29 10:00:00+00:00,0.0
2012-08-29 11:00:00+00:00,0.0
2012-08-29 12:00:00+00:00,0.23033383
2012-08-29 13:00:00+00:00,0.5878493
2012-08-29 14:00:00+00:00,0.6728940999999999
2012-08-29 15:00:00+00:00,0.68417704
2012-08-29 16:00:00+00:00,0.6592581
2012-08-29 17:00:00+00:00,0.6391171999999999
2012-08-29 18:00:00+00:00,0.62773854
2012-08-29 19:00:00+00:00,0.63225013
2012-08-29 20:00:00+00:00,0.63394535
2012-08-29 21:00:00+00:00,0.6148003000000001
2012-08-29 22:00:00+00:00,0.53145456
2012-08-29 23:00:00+00:00,0.26482059999999996
2012-08-30 00:00:00+00:00,0.0
2012-08-30 01:00:00+00:00,0.0
2012-08-30 02:00:00+00:00,0.0
2012-08-30 03:00:00+00:00,0.0
2012-08-30 04:00:00+00:00,0.0
2012-08-30 05:00:00+00:00,0.0
2012-08-30 06:00:00+00:00,0.0
2012-08-30 07:00:00+00:00,0.0
2012-08-30 08:00:00+00:00,0.0
2012-08-30 09:00:00+00:00,0.0
2012-08-30 10:00:00+00:00,0.0
2012-08-30 11:00:00+00:00,0.0
2012-08-30 12:00:00+00:00,0.20844965
2012-08-30 13:00:00+00:00,0.52179813
2012-08-30 14:00:00+00:00,0.18767527
2012-08-30 15:00:00+00:00,0.33036456
2012-08-30 16:00:00+00:00,0.43682578
2012-08-30 17:00:00+00:00,0.31934443
2012-08-30 18:00:00+00:00,0.16162722
2012-08-30 19:00:00+00:00,0.18088496
2012-08-30 20:00:00+00:00,0.4729085
2012-08-30 21:00:00+00:00,0.38156313
2012-08-30 22:00:00+00:00,0.41598052
2012-08-30 23:00:00+00:00,0.21733302
2012-08-31 00:00:00+00:00,0.0
2012-08-31 01:00:00+00:00,0.0
2012-08-31 02:00:00+00:00,0.0
2012-08-31 03:00:00+00:00,0.0
2012-08-31 04:00:00+00:00,0.0
2012-08-31 05:00:00+00:00,0.0
2012-08-31 06:00:00+00:00,0.0
2012-08-31 07:00:00+00:00,0.0
2012-08-31 08:00:00+00:00,0.0
2012-08-31 09:00:00+00:00,0.0
2012-08-31 10:00:00+00:00,0.0
2012-08-31 11:00:00+00:00,0.0
2012-08-31 12:00:00+00:00,0.014678641000000001
2012-08-31 13:00:00+00:00,0.36555856
2012-08-31 14:00:00+00:00,0.10603399
2012-08-31 15:00:00+00:00,0.36709213
2012-08-31 16:00:00+00:00,0.3329738
2012-08-31 17:00:00+00:00,0.4483474
2012-08-31 18:00:00+00:00,0.51478595
2012-08-31 19:00:00+00:00,0.52795374
2012-08-31 20:00:00+00:00,0.49619457
2012-08-31 21:00:00+00:00,0.46816862
2012-08-31 22:00:00+00:00,0.5051869999999999
2012-08-31 23:00:00+00:00,0.21146943
2012-09-01 00:00:00+00:00,0.0
2012-09-01 01:00:00+00:00,0.0
2012-09-01 02:00:00+00:00,0.0
2012-09-01 03:00:00+00:00,0.0
2012-09-01 04:00:00+00:00,0.0
2012-09-01 05:00:00+00:00,0.0
2012-09-01 06:00:00+00:00,0.0
2012-09-01 07:00:00+00:00,0.0
2012-09-01 08:00:00+00:00,0.0
2012-09-01 09:00:00+00:00,0.0
2012-09-01 10:00:00+00:00,0.0
2012-09-01 11:00:00+00:00,0.0
2012-09-01 12:00:00+00:00,0.024784282
2012-09-01 13:00:00+00:00,0.02803731
2012-09-01 14:00:00+00:00,0.17639479
2012-09-01 15:00:00+00:00,0.1387901
2012-09-01 16:00:00+00:00,0.21773705
2012-09-01 17:00:00+00:00,0.17716289
2012-09-01 18:00:00+00:00,0.33578423
2012-09-01 19:00:00+00:00,0.08766196
2012-09-01 20:00:00+00:00,0.09251117
2012-09-01 21:00:00+00:00,0.049989726
2012-09-01 22:00:00+00:00,0.019251322
2012-09-01 23:00:00+00:00,0.0032517826
2012-09-02 00:00:00+00:00,0.0
2012-09-02 01:00:00+00:00,0.0
2012-09-02 02:00:00+00:00,0.0
2012-09-02 03:00:00+00:00,0.0
2012-09-02 04:00:00+00:00,0.0
2012-09-02 05:00:00+00:00,0.0
2012-09-02 06:00:00+00:00,0.0
2012-09-02 07:00:00+00:00,0.0
2012-09-02 08:00:00+00:00,0.0
2012-09-02 09:00:00+00:00,0.0
2012-09-02 10:00:00+00:00,0.0
2012-09-02 11:00:00+00:00,0.0
2012-09-02 12:00:00+00:00,0.0011450978
2012-09-02 13:00:00+00:00,0.04279325
2012-09-02 14:00:00+00:00,0.072394036
2012-09-02 15:00:00+00:00,0.14755844
2012-09-02 16:00:00+00:00,0.120022945
2012-09-02 17:00:00+00:00,0.3591782
2012-09-02 18:00:00+00:00,0.4341772
2012-09-02 19:00:00+00:00,0.16630208
2012-09-02 20:00:00+00:00,0.28260246
2012-09-02 21:00:00+00:00,0.38377243
2012-09-02 22:00:00+00:00,0.3207494
2012-09-02 23:00:00+00:00,0.21919487
2012-09-03 00:00:00+00:00,0.0
2012-09-03 01:00:00+00:00,0.0
2012-09-03 02:00:00+00:00,0.0
2012-09-03 03:00:00+00:00,0.0
2012-09-03 04:00:00+00:00,0.0
2012-09-03 05:00:00+00:00,0.0
2012-09-03 06:00:00+00:00,0.0
2012-09-03 07:00:00+00:00,0.0
2012-09-03 08:00:00+00:00,0.0
2012-09-03 09:00:00+00:00,0.0
2012-09-03 10:00:00+00:00,0.0
2012-09-03 11:00:00+00:00,0.0
2012-09-03 12:00:00+00:00,0.18017021
2012-09-03 13:00:00+00:00,0.16497096
2012-09-03 14:00:00+00:00,0.10571185
2012-09-03 15:00:00+00:00,0.13893163
2012-09-03 16:00:00+00:00,0.3247144
2012-09-03 17:00:00+00:00,0.39460409999999996
2012-09-03 18:00:00+00:00,0.48771679999999995
2012-09-03 19:00:00+00:00,0.45793999999999996
2012-09-03 20:00:00+00:00,0.42936620000000003
2012-09-03 21:00:00+00:00,0.6114973000000001
2012-09-03 22:00:00+00:00,0.52333033
2012-09-03 23:00:00+00:00,0.23142919
2012-09-04 00:00:00+00:00,0.0
2012-09-04 01:00:00+00:00,0.0
2012-09-04 02:00:00+00:00,0.0
2012-09-04 03:00:00+00:00,0.0
2012-09-04 04:00:00+00:00,0.0
2012-09-04 05:00:00+00:00,0.0
2012-09-04 06:00:00+00:00,0.0
2012-09-04 07:00:00+00:00,0.0
2012-09-04 08:00:00+00:00,0.0
2012-09-04 09:00:00+00:00,0.0
2012-09-04 10:00:00+00:00,0.0
2012-09-04 11:00:00+00:00,0.0
2012-09-04 12:00:00+00:00,0.15582098
2012-09-04 13:00:00+00:00,0.46781590000000006
2012-09-04 14:00:00+00:00,0.58057106
2012-09-04 15:00:00+00:00,0.6081496
2012-09-04 16:00:00+00:00,0.5683823
2012-09-04 17:00:00+00:00,0.5822033000000001
2012-09-04 18:00:00+00:00,0.51679665
2012-09-04 19:00:00+00:00,0.49560386
2012-09-04 20:00:00+00:00,0.4427352
2012-09-04 21:00:00+00:00,0.02495997
2012-09-04 22:00:00+00:00,0.018554982
2012-09-04 23:00:00+00:00,0.104265705
2012-09-05 00:00:00+00:00,0.0
2012-09-05 01:00:00+00:00,0.0
2012-09-05 02:00:00+00:00,0.0
2012-09-05 03:00:00+00:00,0.0
2012-09-05 04:00:00+00:00,0.0
2012-09-05 05:00:00+00:00,0.0
2012-09-05 06:00:00+00:00,0.0
2012-09-05 07:00:00+00:00,0.0
2012-09-05 08:00:00+00:00,0.0
2012-09-05 09:00:00+00:00,0.0
2012-09-05 10:00:00+00:00,0.0
2012-09-05 11:00:00+00:00,0.0
2012-09-05 12:00:00+00:00,0.15382178
2012-09-05 13:00:00+00:00,0.23182687
2012-09-05 14:00:00+00:00,0.1713124
2012-09-05 15:00:00+00:00,0.3368365
2012-09-05 16:00:00+00:00,0.53471607
2012-09-05 17:00:00+00:00,0.61455274
2012-09-05 18:00:00+00:00,0.6088720999999999
2012-09-05 19:00:00+00:00,0.61866593
2012-09-05 20:00:00+00:00,0.6279066999999999
2012-09-05 21:00:00+00:00,0.61574215
2012-09-05 22:00:00+00:00,0.5234447
2012-09-05 23:00:00+00:00,0.22248805
2012-09-06 00:00:00+00:00,0.0
2012-09-06 01:00:00+00:00,0.0
2012-09-06 02:00:00+00:00,0.0
2012-09-06 03:00:00+00:00,0.0
2012-09-06 04:00:00+00:00,0.0
2012-09-06 05:00:00+00:00,0.0
2012-09-06 06:00:00+00:00,0.0
2012-09-06 07:00:00+00:00,0.0
2012-09-06 08:00:00+00:00,0.0
2012-09-06 09:00:00+00:00,0.0
2012-09-06 10:00:00+00:00,0.0
2012-09-06 11:00:00+00:00,0.0
2012-09-06 12:00:00+00:00,0.15535352
2012-09-06 13:00:00+00:00,0.39554006
2012-09-06 14:00:00+00:00,0.5073926999999999
2012-09-06 15:00:00+00:00,0.64427537
2012-09-06 16:00:00+00:00,0.46667594
2012-09-06 17:00:00+00:00,0.5153654000000001
2012-09-06 18:00:00+00:00,0.62113154
2012-09-06 19:00:00+00:00,0.6321398
2012-09-06 20:00:00+00:00,0.5827517
2012-09-06 21:00:00+00:00,0.62928414
2012-09-06 22:00:00+00:00,0.5448213000000001
2012-09-06 23:00:00+00:00,0.23406373
2012-09-07 00:00:00+00:00,0.0
2012-09-07 01:00:00+00:00,0.0
2012-09-07 02:00:00+00:00,0.0
2012-09-07 03:00:00+00:00,0.0
2012-09-07 04:00:00+00:00,0.0
2012-09-07 05:00:00+00:00,0.0
2012-09-07 06:00:00+00:00,0.0
2012-09-07 07:00:00+00:00,0.0
2012-09-07 08:00:00+00:00,0.0
2012-09-07 09:00:00+00:00,0.0
2012-09-07 10:00:00+00:00,0.0
2012-09-07 11:00:00+00:00,0.0
2012-09-07 12:00:00+00:00,0.006480399499999999
2012-09-07 13:00:00+00:00,0.17553638
2012-09-07 14:00:00+00:00,0.010927343999999999
2012-09-07 15:00:00+00:00,0.06109438
2012-09-07 16:00:00+00:00,0.17684746
2012-09-07 17:00:00+00:00,0.4429681
2012-09-07 18:00:00+00:00,0.5298828000000001
2012-09-07 19:00:00+00:00,0.42163829999999997
2012-09-07 20:00:00+00:00,0.48728386
2012-09-07 21:00:00+00:00,0.6819748999999999
2012-09-07 22:00:00+00:00,0.41572174
2012-09-07 23:00:00+00:00,0.26543218
2012-09-08 00:00:00+00:00,0.0
2012-09-08 01:00:00+00:00,0.0
2012-09-08 02:00:00+00:00,0.0
2012-09-08 03:00:00+00:00,0.0
2012-09-08 04:00:00+00:00,0.0
2012-09-08 05:00:00+00:00,0.0
2012-09-08 06:00:00+00:00,0.0
2012-09-08 07:00:00+00:00,0.0
2012-09-08 08:00:00+00:00,0.0
2012-09-08 09:00:00+00:00,0.0
2012-09-08 10:00:00+00:00,0.0
2012-09-08 11:00:00+00:00,0.0
2012-09-08 12:00:00+00:00,0.19269885
2012-09-08 13:00:00+00:00,0.5619135999999999
2012-09-08 14:00:00+00:00,0.6856116
2012-09-08 15:00:00+00:00,0.6982546
2012-09-08 16:00:00+00:00,0.68127894
2012-09-08 17:00:00+00:00,0.6651251
2012-09-08 18:00:00+00:00,0.62168133
2012-09-08 19:00:00+00:00,0.66600114
2012-09-08 20:00:00+00:00,0.57910347
2012-09-08 21:00:00+00:00,0.51148504
2012-09-08 22:00:00+00:00,0.42754090000000006
2012-09-08 23:00:00+00:00,0.23793024
2012-09-09 00:00:00+00:00,0.0
2012-09-09 01:00:00+00:00,0.0
2012-09-09 02:00:00+00:00,0.0
2012-09-09 03:00:00+00:00,0.0
2012-09-09 04:00:00+00:00,0.0
2012-09-09 05:00:00+00:00,0.0
2012-09-09 06:00:00+00:00,0.0
2012-09-09 07:00:00+00:00,0.0
2012-09-09 08:00:00+00:00,0.0
2012-09-09 09:00:00+00:00,0.0
2012-09-09 10:00:00+00:00,0.0
2012-09-09 11:00:00+00:00,0.0
2012-09-09 12:00:00+00:00,0.18162887
2012-09-09 13:00:00+00:00,0.5517225
2012-09-09 14:00:00+00:00,0.6807979999999999
2012-09-09 15:00:00+00:00,0.70115024
2012-09-09 16:00:00+00:00,0.68129766
2012-09-09 17:00:00+00:00,0.6632123000000001
2012-09-09 18:00:00+00:00,0.6573713999999999
2012-09-09 19:00:00+00:00,0.6700294
2012-09-09 20:00:00+00:00,0.6854433000000001
2012-09-09 21:00:00+00:00,0.67531866
2012-09-09 22:00:00+00:00,0.6020504
2012-09-09 23:00:00+00:00,0.25370798
2012-09-10 00:00:00+00:00,0.0
2012-09-10 01:00:00+00:00,0.0
2012-09-10 02:00:00+00:00,0.0
2012-09-10 03:00:00+00:00,0.0
2012-09-10 04:00:00+00:00,0.0
2012-09-10 05:00:00+00:00,0.0
2012-09-10 06:00:00+00:00,0.0
2012-09-10 07:00:00+00:00,0.0
2012-09-10 08:00:00+00:00,0.0
2012-09-10 09:00:00+00:00,0.0
2012-09-10 10:00:00+00:00,0.0
2012-09-10 11:00:00+00:00,0.0
2012-09-10 12:00:00+00:00,0.19569346
2012-09-10 13:00:00+00:00,0.5757329000000001
2012-09-10 14:00:00+00:00,0.69257337
2012-09-10 15:00:00+00:00,0.70292354
2012-09-10 16:00:00+00:00,0.6797326
2012-09-10 17:00:00+00:00,0.6571606
2012-09-10 18:00:00+00:00,0.6495308000000001
2012-09-10 19:00:00+00:00,0.6577423000000001
2012-09-10 20:00:00+00:00,0.6679016999999999
2012-09-10 21:00:00+00:00,0.6557231
2012-09-10 22:00:00+00:00,0.58317953
2012-09-10 23:00:00+00:00,0.24046803
2012-09-11 00:00:00+00:00,0.0
2012-09-11 01:00:00+00:00,0.0
2012-09-11 02:00:00+00:00,0.0
2012-09-11 03:00:00+00:00,0.0
2012-09-11 04:00:00+00:00,0.0
2012-09-11 05:00:00+00:00,0.0
2012-09-11 06:00:00+00:00,0.0
2012-09-11 07:00:00+00:00,0.0
2012-09-11 08:00:00+00:00,0.0
2012-09-11 09:00:00+00:00,0.0
2012-09-11 10:00:00+00:00,0.0
2012-09-11 11:00:00+00:00,0.0
2012-09-11 12:00:00+00:00,0.15974128
2012-09-11 13:00:00+00:00,0.5060967000000001
2012-09-11 14:00:00+00:00,0.63756734
2012-09-11 15:00:00+00:00,0.65673643
2012-09-11 16:00:00+00:00,0.6413758
2012-09-11 17:00:00+00:00,0.58140033
2012-09-11 18:00:00+00:00,0.4034238
2012-09-11 19:00:00+00:00,0.5435618
2012-09-11 20:00:00+00:00,0.6198424
2012-09-11 21:00:00+00:00,0.5172752
2012-09-11 22:00:00+00:00,0.4034046
2012-09-11 23:00:00+00:00,0.18223132
2012-09-12 00:00:00+00:00,0.0
2012-09-12 01:00:00+00:00,0.0
2012-09-12 02:00:00+00:00,0.0
2012-09-12 03:00:00+00:00,0.0
2012-09-12 04:00:00+00:00,0.0
2012-09-12 05:00:00+00:00,0.0
2012-09-12 06:00:00+00:00,0.0
2012-09-12 07:00:00+00:00,0.0
2012-09-12 08:00:00+00:00,0.0
2012-09-12 09:00:00+00:00,0.0
2012-09-12 10:00:00+00:00,0.0
2012-09-12 11:00:00+00:00,0.0
2012-09-12 12:00:00+00:00,0.027617035
2012-09-12 13:00:00+00:00,0.10445910000000001
2012-09-12 14:00:00+00:00,0.38675472
2012-09-12 15:00:00+00:00,0.45245415
2012-09-12 16:00:00+00:00,0.53578573
2012-09-12 17:00:00+00:00,0.49211800000000006
2012-09-12 18:00:00+00:00,0.5402809000000001
2012-09-12 19:00:00+00:00,0.48303756
2012-09-12 20:00:00+00:00,0.47987208
2012-09-12 21:00:00+00:00,0.3578678
2012-09-12 22:00:00+00:00,0.41946352
2012-09-12 23:00:00+00:00,0.17797634
2012-09-13 00:00:00+00:00,0.0
2012-09-13 01:00:00+00:00,0.0
2012-09-13 02:00:00+00:00,0.0
2012-09-13 03:00:00+00:00,0.0
2012-09-13 04:00:00+00:00,0.0
2012-09-13 05:00:00+00:00,0.0
2012-09-13 06:00:00+00:00,0.0
2012-09-13 07:00:00+00:00,0.0
2012-09-13 08:00:00+00:00,0.0
2012-09-13 09:00:00+00:00,0.0
2012-09-13 10:00:00+00:00,0.0
2012-09-13 11:00:00+00:00,0.0
2012-09-13 12:00:00+00:00,0.13118762
2012-09-13 13:00:00+00:00,0.4577143
2012-09-13 14:00:00+00:00,0.60807794
2012-09-13 15:00:00+00:00,0.63887006
2012-09-13 16:00:00+00:00,0.6255708999999999
2012-09-13 17:00:00+00:00,0.57653165
2012-09-13 18:00:00+00:00,0.5230338999999999
2012-09-13 19:00:00+00:00,0.1914146
2012-09-13 20:00:00+00:00,0.14665975
2012-09-13 21:00:00+00:00,0.20325463
2012-09-13 22:00:00+00:00,0.047768258
2012-09-13 23:00:00+00:00,0.010059365
2012-09-14 00:00:00+00:00,0.0
2012-09-14 01:00:00+00:00,0.0
2012-09-14 02:00:00+00:00,0.0
2012-09-14 03:00:00+00:00,0.0
2012-09-14 04:00:00+00:00,0.0
2012-09-14 05:00:00+00:00,0.0
2012-09-14 06:00:00+00:00,0.0
2012-09-14 07:00:00+00:00,0.0
2012-09-14 08:00:00+00:00,0.0
2012-09-14 09:00:00+00:00,0.0
2012-09-14 10:00:00+00:00,0.0
2012-09-14 11:00:00+00:00,0.0
2012-09-14 12:00:00+00:00,0.06580526
2012-09-14 13:00:00+00:00,0.40291402
2012-09-14 14:00:00+00:00,0.6397313
2012-09-14 15:00:00+00:00,0.69626284
2012-09-14 16:00:00+00:00,0.5765929
2012-09-14 17:00:00+00:00,0.65554434
2012-09-14 18:00:00+00:00,0.6489246999999999
2012-09-14 19:00:00+00:00,0.64841825
2012-09-14 20:00:00+00:00,0.59681195
2012-09-14 21:00:00+00:00,0.44370829999999994
2012-09-14 22:00:00+00:00,0.43798000000000004
2012-09-14 23:00:00+00:00,0.16924286
2012-09-15 00:00:00+00:00,0.0
2012-09-15 01:00:00+00:00,0.0
2012-09-15 02:00:00+00:00,0.0
2012-09-15 03:00:00+00:00,0.0
2012-09-15 04:00:00+00:00,0.0
2012-09-15 05:00:00+00:00,0.0
2012-09-15 06:00:00+00:00,0.0
2012-09-15 07:00:00+00:00,0.0
2012-09-15 08:00:00+00:00,0.0
2012-09-15 09:00:00+00:00,0.0
2012-09-15 10:00:00+00:00,0.0
2012-09-15 11:00:00+00:00,0.0
2012-09-15 12:00:00+00:00,0.0036990020000000003
2012-09-15 13:00:00+00:00,0.06236494
2012-09-15 14:00:00+00:00,0.394073
2012-09-15 15:00:00+00:00,0.59068716
2012-09-15 16:00:00+00:00,0.5706009
2012-09-15 17:00:00+00:00,0.5187762
2012-09-15 18:00:00+00:00,0.6039793000000001
2012-09-15 19:00:00+00:00,0.61886287
2012-09-15 20:00:00+00:00,0.45209563
2012-09-15 21:00:00+00:00,0.61812097
2012-09-15 22:00:00+00:00,0.5036477
2012-09-15 23:00:00+00:00,0.17069493
2012-09-16 00:00:00+00:00,0.0
2012-09-16 01:00:00+00:00,0.0
2012-09-16 02:00:00+00:00,0.0
2012-09-16 03:00:00+00:00,0.0
2012-09-16 04:00:00+00:00,0.0
2012-09-16 05:00:00+00:00,0.0
2012-09-16 06:00:00+00:00,0.0
2012-09-16 07:00:00+00:00,0.0
2012-09-16 08:00:00+00:00,0.0
2012-09-16 09:00:00+00:00,0.0
2012-09-16 10:00:00+00:00,0.0
2012-09-16 11:00:00+00:00,0.0
2012-09-16 12:00:00+00:00,0.01843598
2012-09-16 13:00:00+00:00,0.0693925
2012-09-16 14:00:00+00:00,0.120866574
2012-09-16 15:00:00+00:00,0.08277639
2012-09-16 16:00:00+00:00,0.08225464
2012-09-16 17:00:00+00:00,0.10808671
2012-09-16 18:00:00+00:00,0.17618924
2012-09-16 19:00:00+00:00,0.117082626
2012-09-16 20:00:00+00:00,0.10716814
2012-09-16 21:00:00+00:00,0.06957905
2012-09-16 22:00:00+00:00,0.047882445
2012-09-16 23:00:00+00:00,0.014160652
2012-09-17 00:00:00+00:00,0.0
2012-09-17 01:00:00+00:00,0.0
2012-09-17 02:00:00+00:00,0.0
2012-09-17 03:00:00+00:00,0.0
2012-09-17 04:00:00+00:00,0.0
2012-09-17 05:00:00+00:00,0.0
2012-09-17 06:00:00+00:00,0.0
2012-09-17 07:00:00+00:00,0.0
2012-09-17 08:00:00+00:00,0.0
2012-09-17 09:00:00+00:00,0.0
2012-09-17 10:00:00+00:00,0.0
2012-09-17 11:00:00+00:00,0.0
2012-09-17 12:00:00+00:00,0.0010050674
2012-09-17 13:00:00+00:00,0.030250799
2012-09-17 14:00:00+00:00,0.09743984
2012-09-17 15:00:00+00:00,0.13059516
2012-09-17 16:00:00+00:00,0.14736088
2012-09-17 17:00:00+00:00,0.19800724
2012-09-17 18:00:00+00:00,0.16050404
2012-09-17 19:00:00+00:00,0.28983325
2012-09-17 20:00:00+00:00,0.64110774
2012-09-17 21:00:00+00:00,0.5143823000000001
2012-09-17 22:00:00+00:00,0.55054396
2012-09-17 23:00:00+00:00,0.18340254
2012-09-18 00:00:00+00:00,0.0
2012-09-18 01:00:00+00:00,0.0
2012-09-18 02:00:00+00:00,0.0
2012-09-18 03:00:00+00:00,0.0
2012-09-18 04:00:00+00:00,0.0
2012-09-18 05:00:00+00:00,0.0
2012-09-18 06:00:00+00:00,0.0
2012-09-18 07:00:00+00:00,0.0
2012-09-18 08:00:00+00:00,0.0
2012-09-18 09:00:00+00:00,0.0
2012-09-18 10:00:00+00:00,0.0
2012-09-18 11:00:00+00:00,0.0
2012-09-18 12:00:00+00:00,0.15897992
2012-09-18 13:00:00+00:00,0.5446835999999999
2012-09-18 14:00:00+00:00,0.70219404
2012-09-18 15:00:00+00:00,0.7071973000000001
2012-09-18 16:00:00+00:00,0.6801105
2012-09-18 17:00:00+00:00,0.6561961
2012-09-18 18:00:00+00:00,0.64741117
2012-09-18 19:00:00+00:00,0.65900683
2012-09-18 20:00:00+00:00,0.67523444
2012-09-18 21:00:00+00:00,0.6609111999999999
2012-09-18 22:00:00+00:00,0.544953
2012-09-18 23:00:00+00:00,0.17704688
2012-09-19 00:00:00+00:00,0.0
2012-09-19 01:00:00+00:00,0.0
2012-09-19 02:00:00+00:00,0.0
2012-09-19 03:00:00+00:00,0.0
2012-09-19 04:00:00+00:00,0.0
2012-09-19 05:00:00+00:00,0.0
2012-09-19 06:00:00+00:00,0.0
2012-09-19 07:00:00+00:00,0.0
2012-09-19 08:00:00+00:00,0.0
2012-09-19 09:00:00+00:00,0.0
2012-09-19 10:00:00+00:00,0.0
2012-09-19 11:00:00+00:00,0.0
2012-09-19 12:00:00+00:00,0.14270546
2012-09-19 13:00:00+00:00,0.5152034000000001
2012-09-19 14:00:00+00:00,0.67038053
2012-09-19 15:00:00+00:00,0.6801663
2012-09-19 16:00:00+00:00,0.65582335
2012-09-19 17:00:00+00:00,0.6340089
2012-09-19 18:00:00+00:00,0.6301379
2012-09-19 19:00:00+00:00,0.6394877
2012-09-19 20:00:00+00:00,0.6539593
2012-09-19 21:00:00+00:00,0.5249019
2012-09-19 22:00:00+00:00,0.47431943
2012-09-19 23:00:00+00:00,0.13485895
2012-09-20 00:00:00+00:00,0.0
2012-09-20 01:00:00+00:00,0.0
2012-09-20 02:00:00+00:00,0.0
2012-09-20 03:00:00+00:00,0.0
2012-09-20 04:00:00+00:00,0.0
2012-09-20 05:00:00+00:00,0.0
2012-09-20 06:00:00+00:00,0.0
2012-09-20 07:00:00+00:00,0.0
2012-09-20 08:00:00+00:00,0.0
2012-09-20 09:00:00+00:00,0.0
2012-09-20 10:00:00+00:00,0.0
2012-09-20 11:00:00+00:00,0.0
2012-09-20 12:00:00+00:00,0.08345306
2012-09-20 13:00:00+00:00,0.3953625
2012-09-20 14:00:00+00:00,0.5341387
2012-09-20 15:00:00+00:00,0.554804
2012-09-20 16:00:00+00:00,0.47762072
2012-09-20 17:00:00+00:00,0.5134556
2012-09-20 18:00:00+00:00,0.50185746
2012-09-20 19:00:00+00:00,0.22352092
2012-09-20 20:00:00+00:00,0.05306138
2012-09-20 21:00:00+00:00,0.5149308
2012-09-20 22:00:00+00:00,0.0976413
2012-09-20 23:00:00+00:00,0.08829141
2012-09-21 00:00:00+00:00,0.0
2012-09-21 01:00:00+00:00,0.0
2012-09-21 02:00:00+00:00,0.0
2012-09-21 03:00:00+00:00,0.0
2012-09-21 04:00:00+00:00,0.0
2012-09-21 05:00:00+00:00,0.0
2012-09-21 06:00:00+00:00,0.0
2012-09-21 07:00:00+00:00,0.0
2012-09-21 08:00:00+00:00,0.0
2012-09-21 09:00:00+00:00,0.0
2012-09-21 10:00:00+00:00,0.0
2012-09-21 11:00:00+00:00,0.0
2012-09-21 12:00:00+00:00,0.10887821
2012-09-21 13:00:00+00:00,0.4382272
2012-09-21 14:00:00+00:00,0.63353366
2012-09-21 15:00:00+00:00,0.68078995
2012-09-21 16:00:00+00:00,0.66213953
2012-09-21 17:00:00+00:00,0.6462514
2012-09-21 18:00:00+00:00,0.64371854
2012-09-21 19:00:00+00:00,0.6425685999999999
2012-09-21 20:00:00+00:00,0.65005785
2012-09-21 21:00:00+00:00,0.50965595
2012-09-21 22:00:00+00:00,0.50488794
2012-09-21 23:00:00+00:00,0.14733745
2012-09-22 00:00:00+00:00,0.0
2012-09-22 01:00:00+00:00,0.0
2012-09-22 02:00:00+00:00,0.0
2012-09-22 03:00:00+00:00,0.0
2012-09-22 04:00:00+00:00,0.0
2012-09-22 05:00:00+00:00,0.0
2012-09-22 06:00:00+00:00,0.0
2012-09-22 07:00:00+00:00,0.0
2012-09-22 08:00:00+00:00,0.0
2012-09-22 09:00:00+00:00,0.0
2012-09-22 10:00:00+00:00,0.0
2012-09-22 11:00:00+00:00,0.0
2012-09-22 12:00:00+00:00,0.13407020000000003
2012-09-22 13:00:00+00:00,0.509027
2012-09-22 14:00:00+00:00,0.6743295
2012-09-22 15:00:00+00:00,0.68733656
2012-09-22 16:00:00+00:00,0.647247
2012-09-22 17:00:00+00:00,0.5508579
2012-09-22 18:00:00+00:00,0.5656784
2012-09-22 19:00:00+00:00,0.54470575
2012-09-22 20:00:00+00:00,0.4359606
2012-09-22 21:00:00+00:00,0.4652349
2012-09-22 22:00:00+00:00,0.34652627
2012-09-22 23:00:00+00:00,0.09930292
2012-09-23 00:00:00+00:00,0.0
2012-09-23 01:00:00+00:00,0.0
2012-09-23 02:00:00+00:00,0.0
2012-09-23 03:00:00+00:00,0.0
2012-09-23 04:00:00+00:00,0.0
2012-09-23 05:00:00+00:00,0.0
2012-09-23 06:00:00+00:00,0.0
2012-09-23 07:00:00+00:00,0.0
2012-09-23 08:00:00+00:00,0.0
2012-09-23 09:00:00+00:00,0.0
2012-09-23 10:00:00+00:00,0.0
2012-09-23 11:00:00+00:00,0.0
2012-09-23 12:00:00+00:00,0.09320837
2012-09-23 13:00:00+00:00,0.36557436
2012-09-23 14:00:00+00:00,0.48421034
2012-09-23 15:00:00+00:00,0.5009691
2012-09-23 16:00:00+00:00,0.5067099
2012-09-23 17:00:00+00:00,0.2952631
2012-09-23 18:00:00+00:00,0.29614872
2012-09-23 19:00:00+00:00,0.27084264
2012-09-23 20:00:00+00:00,0.22856228
2012-09-23 21:00:00+00:00,0.18980466
2012-09-23 22:00:00+00:00,0.12084515400000001
2012-09-23 23:00:00+00:00,0.018992744
2012-09-24 00:00:00+00:00,0.0
2012-09-24 01:00:00+00:00,0.0
2012-09-24 02:00:00+00:00,0.0
2012-09-24 03:00:00+00:00,0.0
2012-09-24 04:00:00+00:00,0.0
2012-09-24 05:00:00+00:00,0.0
2012-09-24 06:00:00+00:00,0.0
2012-09-24 07:00:00+00:00,0.0
2012-09-24 08:00:00+00:00,0.0
2012-09-24 09:00:00+00:00,0.0
2012-09-24 10:00:00+00:00,0.0
2012-09-24 11:00:00+00:00,0.0
2012-09-24 12:00:00+00:00,0.0049203536
2012-09-24 13:00:00+00:00,0.016675318
2012-09-24 14:00:00+00:00,0.015809393999999997
2012-09-24 15:00:00+00:00,0.045269564000000005
2012-09-24 16:00:00+00:00,0.05944191
2012-09-24 17:00:00+00:00,0.07440616
2012-09-24 18:00:00+00:00,0.11319812
2012-09-24 19:00:00+00:00,0.33156872
2012-09-24 20:00:00+00:00,0.39342922
2012-09-24 21:00:00+00:00,0.50685114
2012-09-24 22:00:00+00:00,0.32260033
2012-09-24 23:00:00+00:00,0.05995762
2012-09-25 00:00:00+00:00,0.0
2012-09-25 01:00:00+00:00,0.0
2012-09-25 02:00:00+00:00,0.0
2012-09-25 03:00:00+00:00,0.0
2012-09-25 04:00:00+00:00,0.0
2012-09-25 05:00:00+00:00,0.0
2012-09-25 06:00:00+00:00,0.0
2012-09-25 07:00:00+00:00,0.0
2012-09-25 08:00:00+00:00,0.0
2012-09-25 09:00:00+00:00,0.0
2012-09-25 10:00:00+00:00,0.0
2012-09-25 11:00:00+00:00,0.0
2012-09-25 12:00:00+00:00,0.00972654
2012-09-25 13:00:00+00:00,0.25046307
2012-09-25 14:00:00+00:00,0.21434252
2012-09-25 15:00:00+00:00,0.2477177
2012-09-25 16:00:00+00:00,0.4047774
2012-09-25 17:00:00+00:00,0.4349698
2012-09-25 18:00:00+00:00,0.5164993
2012-09-25 19:00:00+00:00,0.50196946
2012-09-25 20:00:00+00:00,0.3890563
2012-09-25 21:00:00+00:00,0.17290285
2012-09-25 22:00:00+00:00,0.24107842
2012-09-25 23:00:00+00:00,0.03690689
2012-09-26 00:00:00+00:00,0.0
2012-09-26 01:00:00+00:00,0.0
2012-09-26 02:00:00+00:00,0.0
2012-09-26 03:00:00+00:00,0.0
2012-09-26 04:00:00+00:00,0.0
2012-09-26 05:00:00+00:00,0.0
2012-09-26 06:00:00+00:00,0.0
2012-09-26 07:00:00+00:00,0.0
2012-09-26 08:00:00+00:00,0.0
2012-09-26 09:00:00+00:00,0.0
2012-09-26 10:00:00+00:00,0.0
2012-09-26 11:00:00+00:00,0.0
2012-09-26 12:00:00+00:00,0.0067478343999999996
2012-09-26 13:00:00+00:00,0.14040971
2012-09-26 14:00:00+00:00,0.37640604
2012-09-26 15:00:00+00:00,0.09418497
2012-09-26 16:00:00+00:00,0.27706367
2012-09-26 17:00:00+00:00,0.36524809999999996
2012-09-26 18:00:00+00:00,0.35987124
2012-09-26 19:00:00+00:00,0.34894148
2012-09-26 20:00:00+00:00,0.5091772
2012-09-26 21:00:00+00:00,0.46774676
2012-09-26 22:00:00+00:00,0.18835539
2012-09-26 23:00:00+00:00,0.020547101
2012-09-27 00:00:00+00:00,0.0
2012-09-27 01:00:00+00:00,0.0
2012-09-27 02:00:00+00:00,0.0
2012-09-27 03:00:00+00:00,0.0
2012-09-27 04:00:00+00:00,0.0
2012-09-27 05:00:00+00:00,0.0
2012-09-27 06:00:00+00:00,0.0
2012-09-27 07:00:00+00:00,0.0
2012-09-27 08:00:00+00:00,0.0
2012-09-27 09:00:00+00:00,0.0
2012-09-27 10:00:00+00:00,0.0
2012-09-27 11:00:00+00:00,0.0
2012-09-27 12:00:00+00:00,0.0007634533
2012-09-27 13:00:00+00:00,0.019682208
2012-09-27 14:00:00+00:00,0.1405835
2012-09-27 15:00:00+00:00,0.06548337
2012-09-27 16:00:00+00:00,0.13597459
2012-09-27 17:00:00+00:00,0.32318515
2012-09-27 18:00:00+00:00,0.2400397
2012-09-27 19:00:00+00:00,0.22924569
2012-09-27 20:00:00+00:00,0.06682923
2012-09-27 21:00:00+00:00,0.2618866
2012-09-27 22:00:00+00:00,0.0796655
2012-09-27 23:00:00+00:00,0.0049026846
2012-09-28 00:00:00+00:00,0.0
2012-09-28 01:00:00+00:00,0.0
2012-09-28 02:00:00+00:00,0.0
2012-09-28 03:00:00+00:00,0.0
2012-09-28 04:00:00+00:00,0.0
2012-09-28 05:00:00+00:00,0.0
2012-09-28 06:00:00+00:00,0.0
2012-09-28 07:00:00+00:00,0.0
2012-09-28 08:00:00+00:00,0.0
2012-09-28 09:00:00+00:00,0.0
2012-09-28 10:00:00+00:00,0.0
2012-09-28 11:00:00+00:00,0.0
2012-09-28 12:00:00+00:00,0.05300011
2012-09-28 13:00:00+00:00,0.015780483999999997
2012-09-28 14:00:00+00:00,0.11405133
2012-09-28 15:00:00+00:00,0.19149382
2012-09-28 16:00:00+00:00,0.4754538
2012-09-28 17:00:00+00:00,0.5970303000000001
2012-09-28 18:00:00+00:00,0.59348214
2012-09-28 19:00:00+00:00,0.6089945
2012-09-28 20:00:00+00:00,0.6234128000000001
2012-09-28 21:00:00+00:00,0.5789108000000001
2012-09-28 22:00:00+00:00,0.38128132
2012-09-28 23:00:00+00:00,0.056137506
2012-09-29 00:00:00+00:00,0.0
2012-09-29 01:00:00+00:00,0.0
2012-09-29 02:00:00+00:00,0.0
2012-09-29 03:00:00+00:00,0.0
2012-09-29 04:00:00+00:00,0.0
2012-09-29 05:00:00+00:00,0.0
2012-09-29 06:00:00+00:00,0.0
2012-09-29 07:00:00+00:00,0.0
2012-09-29 08:00:00+00:00,0.0
2012-09-29 09:00:00+00:00,0.0
2012-09-29 10:00:00+00:00,0.0
2012-09-29 11:00:00+00:00,0.0
2012-09-29 12:00:00+00:00,0.07410582
2012-09-29 13:00:00+00:00,0.43341208
2012-09-29 14:00:00+00:00,0.628413
2012-09-29 15:00:00+00:00,0.5224757999999999
2012-09-29 16:00:00+00:00,0.5595711
2012-09-29 17:00:00+00:00,0.5240027
2012-09-29 18:00:00+00:00,0.5022511
2012-09-29 19:00:00+00:00,0.47273278
2012-09-29 20:00:00+00:00,0.42330417
2012-09-29 21:00:00+00:00,0.35660362
2012-09-29 22:00:00+00:00,0.12560838
2012-09-29 23:00:00+00:00,0.0038863614
2012-09-30 00:00:00+00:00,0.0
2012-09-30 01:00:00+00:00,0.0
2012-09-30 02:00:00+00:00,0.0
2012-09-30 03:00:00+00:00,0.0
2012-09-30 04:00:00+00:00,0.0
2012-09-30 05:00:00+00:00,0.0
2012-09-30 06:00:00+00:00,0.0
2012-09-30 07:00:00+00:00,0.0
2012-09-30 08:00:00+00:00,0.0
2012-09-30 09:00:00+00:00,0.0
2012-09-30 10:00:00+00:00,0.0
2012-09-30 11:00:00+00:00,0.0
2012-09-30 12:00:00+00:00,0.0012391035
2012-09-30 13:00:00+00:00,0.051162172
2012-09-30 14:00:00+00:00,0.062928826
2012-09-30 15:00:00+00:00,0.39427128
2012-09-30 16:00:00+00:00,0.11155728
2012-09-30 17:00:00+00:00,0.15799685
2012-09-30 18:00:00+00:00,0.16098483
2012-09-30 19:00:00+00:00,0.11856505
2012-09-30 20:00:00+00:00,0.09222451
2012-09-30 21:00:00+00:00,0.014410093
2012-09-30 22:00:00+00:00,0.025869632000000004
2012-09-30 23:00:00+00:00,0.0
2012-10-01 00:00:00+00:00,0.0
2012-10-01 01:00:00+00:00,0.0
2012-10-01 02:00:00+00:00,0.0
2012-10-01 03:00:00+00:00,0.0
2012-10-01 04:00:00+00:00,0.0
2012-10-01 05:00:00+00:00,0.0
2012-10-01 06:00:00+00:00,0.0
2012-10-01 07:00:00+00:00,0.0
2012-10-01 08:00:00+00:00,0.0
2012-10-01 09:00:00+00:00,0.0
2012-10-01 10:00:00+00:00,0.0
2012-10-01 11:00:00+00:00,0.0
2012-10-01 12:00:00+00:00,0.027779208
2012-10-01 13:00:00+00:00,0.042714108
2012-10-01 14:00:00+00:00,0.10647413
2012-10-01 15:00:00+00:00,0.11666252
2012-10-01 16:00:00+00:00,0.16974355
2012-10-01 17:00:00+00:00,0.34097072
2012-10-01 18:00:00+00:00,0.40266785
2012-10-01 19:00:00+00:00,0.59242404
2012-10-01 20:00:00+00:00,0.55156803
2012-10-01 21:00:00+00:00,0.21371067
2012-10-01 22:00:00+00:00,0.21324283
2012-10-01 23:00:00+00:00,0.0064458735
2012-10-02 00:00:00+00:00,0.0
2012-10-02 01:00:00+00:00,0.0
2012-10-02 02:00:00+00:00,0.0
2012-10-02 03:00:00+00:00,0.0
2012-10-02 04:00:00+00:00,0.0
2012-10-02 05:00:00+00:00,0.0
2012-10-02 06:00:00+00:00,0.0
2012-10-02 07:00:00+00:00,0.0
2012-10-02 08:00:00+00:00,0.0
2012-10-02 09:00:00+00:00,0.0
2012-10-02 10:00:00+00:00,0.0
2012-10-02 11:00:00+00:00,0.0
2012-10-02 12:00:00+00:00,0.046644785
2012-10-02 13:00:00+00:00,0.40697524
2012-10-02 14:00:00+00:00,0.62264025
2012-10-02 15:00:00+00:00,0.65115047
2012-10-02 16:00:00+00:00,0.5841685000000001
2012-10-02 17:00:00+00:00,0.509141
2012-10-02 18:00:00+00:00,0.60043705
2012-10-02 19:00:00+00:00,0.44139525
2012-10-02 20:00:00+00:00,0.42800018
2012-10-02 21:00:00+00:00,0.34766862
2012-10-02 22:00:00+00:00,0.16295445
2012-10-02 23:00:00+00:00,0.0
2012-10-03 00:00:00+00:00,0.0
2012-10-03 01:00:00+00:00,0.0
2012-10-03 02:00:00+00:00,0.0
2012-10-03 03:00:00+00:00,0.0
2012-10-03 04:00:00+00:00,0.0
2012-10-03 05:00:00+00:00,0.0
2012-10-03 06:00:00+00:00,0.0
2012-10-03 07:00:00+00:00,0.0
2012-10-03 08:00:00+00:00,0.0
2012-10-03 09:00:00+00:00,0.0
2012-10-03 10:00:00+00:00,0.0
2012-10-03 11:00:00+00:00,0.0
2012-10-03 12:00:00+00:00,0.03479978
2012-10-03 13:00:00+00:00,0.37139526
2012-10-03 14:00:00+00:00,0.5781568
2012-10-03 15:00:00+00:00,0.61109245
2012-10-03 16:00:00+00:00,0.5929515999999999
2012-10-03 17:00:00+00:00,0.57153267
2012-10-03 18:00:00+00:00,0.56181675
2012-10-03 19:00:00+00:00,0.60185814
2012-10-03 20:00:00+00:00,0.6140236
2012-10-03 21:00:00+00:00,0.5726571
2012-10-03 22:00:00+00:00,0.34127915
2012-10-03 23:00:00+00:00,0.0
2012-10-04 00:00:00+00:00,0.0
2012-10-04 01:00:00+00:00,0.0
2012-10-04 02:00:00+00:00,0.0
2012-10-04 03:00:00+00:00,0.0
2012-10-04 04:00:00+00:00,0.0
2012-10-04 05:00:00+00:00,0.0
2012-10-04 06:00:00+00:00,0.0
2012-10-04 07:00:00+00:00,0.0
2012-10-04 08:00:00+00:00,0.0
2012-10-04 09:00:00+00:00,0.0
2012-10-04 10:00:00+00:00,0.0
2012-10-04 11:00:00+00:00,0.0
2012-10-04 12:00:00+00:00,0.027137661
2012-10-04 13:00:00+00:00,0.375653
2012-10-04 14:00:00+00:00,0.58223104
2012-10-04 15:00:00+00:00,0.6102578000000001
2012-10-04 16:00:00+00:00,0.5903619999999999
2012-10-04 17:00:00+00:00,0.40259448
2012-10-04 18:00:00+00:00,0.36073282
2012-10-04 19:00:00+00:00,0.3260817
2012-10-04 20:00:00+00:00,0.39914876
2012-10-04 21:00:00+00:00,0.31143899999999997
2012-10-04 22:00:00+00:00,0.043540124000000006
2012-10-04 23:00:00+00:00,0.0
2012-10-05 00:00:00+00:00,0.0
2012-10-05 01:00:00+00:00,0.0
2012-10-05 02:00:00+00:00,0.0
2012-10-05 03:00:00+00:00,0.0
2012-10-05 04:00:00+00:00,0.0
2012-10-05 05:00:00+00:00,0.0
2012-10-05 06:00:00+00:00,0.0
2012-10-05 07:00:00+00:00,0.0
2012-10-05 08:00:00+00:00,0.0
2012-10-05 09:00:00+00:00,0.0
2012-10-05 10:00:00+00:00,0.0
2012-10-05 11:00:00+00:00,0.0
2012-10-05 12:00:00+00:00,0.019805498
2012-10-05 13:00:00+00:00,0.34762698
2012-10-05 14:00:00+00:00,0.65641475
2012-10-05 15:00:00+00:00,0.68021214
2012-10-05 16:00:00+00:00,0.6461967
2012-10-05 17:00:00+00:00,0.62068594
2012-10-05 18:00:00+00:00,0.62001973
2012-10-05 19:00:00+00:00,0.6405584
2012-10-05 20:00:00+00:00,0.6494305
2012-10-05 21:00:00+00:00,0.60154825
2012-10-05 22:00:00+00:00,0.2886809
2012-10-05 23:00:00+00:00,0.0
2012-10-06 00:00:00+00:00,0.0
2012-10-06 01:00:00+00:00,0.0
2012-10-06 02:00:00+00:00,0.0
2012-10-06 03:00:00+00:00,0.0
2012-10-06 04:00:00+00:00,0.0
2012-10-06 05:00:00+00:00,0.0
2012-10-06 06:00:00+00:00,0.0
2012-10-06 07:00:00+00:00,0.0
2012-10-06 08:00:00+00:00,0.0
2012-10-06 09:00:00+00:00,0.0
2012-10-06 10:00:00+00:00,0.0
2012-10-06 11:00:00+00:00,0.0
2012-10-06 12:00:00+00:00,0.0
2012-10-06 13:00:00+00:00,0.017405309
2012-10-06 14:00:00+00:00,0.059722573
2012-10-06 15:00:00+00:00,0.08677234
2012-10-06 16:00:00+00:00,0.23222786
2012-10-06 17:00:00+00:00,0.48673433
2012-10-06 18:00:00+00:00,0.532963
2012-10-06 19:00:00+00:00,0.59526134
2012-10-06 20:00:00+00:00,0.5846180000000001
2012-10-06 21:00:00+00:00,0.56377435
2012-10-06 22:00:00+00:00,0.3732448
2012-10-06 23:00:00+00:00,0.0
2012-10-07 00:00:00+00:00,0.0
2012-10-07 01:00:00+00:00,0.0
2012-10-07 02:00:00+00:00,0.0
2012-10-07 03:00:00+00:00,0.0
2012-10-07 04:00:00+00:00,0.0
2012-10-07 05:00:00+00:00,0.0
2012-10-07 06:00:00+00:00,0.0
2012-10-07 07:00:00+00:00,0.0
2012-10-07 08:00:00+00:00,0.0
2012-10-07 09:00:00+00:00,0.0
2012-10-07 10:00:00+00:00,0.0
2012-10-07 11:00:00+00:00,0.0
2012-10-07 12:00:00+00:00,0.0
2012-10-07 13:00:00+00:00,0.08311039999999999
2012-10-07 14:00:00+00:00,0.1739933
2012-10-07 15:00:00+00:00,0.15171787
2012-10-07 16:00:00+00:00,0.29796365
2012-10-07 17:00:00+00:00,0.3889498
2012-10-07 18:00:00+00:00,0.4421825
2012-10-07 19:00:00+00:00,0.43909073
2012-10-07 20:00:00+00:00,0.527501
2012-10-07 21:00:00+00:00,0.5541858000000001
2012-10-07 22:00:00+00:00,0.34812954
2012-10-07 23:00:00+00:00,0.0
2012-10-08 00:00:00+00:00,0.0
2012-10-08 01:00:00+00:00,0.0
2012-10-08 02:00:00+00:00,0.0
2012-10-08 03:00:00+00:00,0.0
2012-10-08 04:00:00+00:00,0.0
2012-10-08 05:00:00+00:00,0.0
2012-10-08 06:00:00+00:00,0.0
2012-10-08 07:00:00+00:00,0.0
2012-10-08 08:00:00+00:00,0.0
2012-10-08 09:00:00+00:00,0.0
2012-10-08 10:00:00+00:00,0.0
2012-10-08 11:00:00+00:00,0.0
2012-10-08 12:00:00+00:00,0.0
2012-10-08 13:00:00+00:00,0.41585335
2012-10-08 14:00:00+00:00,0.6441249
2012-10-08 15:00:00+00:00,0.65454644
2012-10-08 16:00:00+00:00,0.62566245
2012-10-08 17:00:00+00:00,0.60340554
2012-10-08 18:00:00+00:00,0.60577214
2012-10-08 19:00:00+00:00,0.6285940999999999
2012-10-08 20:00:00+00:00,0.65308064
2012-10-08 21:00:00+00:00,0.6278979
2012-10-08 22:00:00+00:00,0.35616943
2012-10-08 23:00:00+00:00,0.0
2012-10-09 00:00:00+00:00,0.0
2012-10-09 01:00:00+00:00,0.0
2012-10-09 02:00:00+00:00,0.0
2012-10-09 03:00:00+00:00,0.0
2012-10-09 04:00:00+00:00,0.0
2012-10-09 05:00:00+00:00,0.0
2012-10-09 06:00:00+00:00,0.0
2012-10-09 07:00:00+00:00,0.0
2012-10-09 08:00:00+00:00,0.0
2012-10-09 09:00:00+00:00,0.0
2012-10-09 10:00:00+00:00,0.0
2012-10-09 11:00:00+00:00,0.0
2012-10-09 12:00:00+00:00,0.0
2012-10-09 13:00:00+00:00,0.17302229
2012-10-09 14:00:00+00:00,0.07833641
2012-10-09 15:00:00+00:00,0.21804336
2012-10-09 16:00:00+00:00,0.6161163000000001
2012-10-09 17:00:00+00:00,0.61641693
2012-10-09 18:00:00+00:00,0.62010366
2012-10-09 19:00:00+00:00,0.6450461999999999
2012-10-09 20:00:00+00:00,0.6694743000000001
2012-10-09 21:00:00+00:00,0.63976103
2012-10-09 22:00:00+00:00,0.35486892
2012-10-09 23:00:00+00:00,0.0
2012-10-10 00:00:00+00:00,0.0
2012-10-10 01:00:00+00:00,0.0
2012-10-10 02:00:00+00:00,0.0
2012-10-10 03:00:00+00:00,0.0
2012-10-10 04:00:00+00:00,0.0
2012-10-10 05:00:00+00:00,0.0
2012-10-10 06:00:00+00:00,0.0
2012-10-10 07:00:00+00:00,0.0
2012-10-10 08:00:00+00:00,0.0
2012-10-10 09:00:00+00:00,0.0
2012-10-10 10:00:00+00:00,0.0
2012-10-10 11:00:00+00:00,0.0
2012-10-10 12:00:00+00:00,0.0
2012-10-10 13:00:00+00:00,0.42832842
2012-10-10 14:00:00+00:00,0.65817064
2012-10-10 15:00:00+00:00,0.6607552
2012-10-10 16:00:00+00:00,0.62146556
2012-10-10 17:00:00+00:00,0.59118396
2012-10-10 18:00:00+00:00,0.59082234
2012-10-10 19:00:00+00:00,0.61144704
2012-10-10 20:00:00+00:00,0.6297026
2012-10-10 21:00:00+00:00,0.5924617
2012-10-10 22:00:00+00:00,0.32466778
2012-10-10 23:00:00+00:00,0.0
2012-10-11 00:00:00+00:00,0.0
2012-10-11 01:00:00+00:00,0.0
2012-10-11 02:00:00+00:00,0.0
2012-10-11 03:00:00+00:00,0.0
2012-10-11 04:00:00+00:00,0.0
2012-10-11 05:00:00+00:00,0.0
2012-10-11 06:00:00+00:00,0.0
2012-10-11 07:00:00+00:00,0.0
2012-10-11 08:00:00+00:00,0.0
2012-10-11 09:00:00+00:00,0.0
2012-10-11 10:00:00+00:00,0.0
2012-10-11 11:00:00+00:00,0.0
2012-10-11 12:00:00+00:00,0.0
2012-10-11 13:00:00+00:00,0.17827365
2012-10-11 14:00:00+00:00,0.14553705
2012-10-11 15:00:00+00:00,0.29274806
2012-10-11 16:00:00+00:00,0.5855795
2012-10-11 17:00:00+00:00,0.5699293000000001
2012-10-11 18:00:00+00:00,0.57114846
2012-10-11 19:00:00+00:00,0.5927864
2012-10-11 20:00:00+00:00,0.60920846
2012-10-11 21:00:00+00:00,0.57302386
2012-10-11 22:00:00+00:00,0.30018207
2012-10-11 23:00:00+00:00,0.0
2012-10-12 00:00:00+00:00,0.0
2012-10-12 01:00:00+00:00,0.0
2012-10-12 02:00:00+00:00,0.0
2012-10-12 03:00:00+00:00,0.0
2012-10-12 04:00:00+00:00,0.0
2012-10-12 05:00:00+00:00,0.0
2012-10-12 06:00:00+00:00,0.0
2012-10-12 07:00:00+00:00,0.0
2012-10-12 08:00:00+00:00,0.0
2012-10-12 09:00:00+00:00,0.0
2012-10-12 10:00:00+00:00,0.0
2012-10-12 11:00:00+00:00,0.0
2012-10-12 12:00:00+00:00,0.0
2012-10-12 13:00:00+00:00,0.34998652
2012-10-12 14:00:00+00:00,0.57208276
2012-10-12 15:00:00+00:00,0.5951434
2012-10-12 16:00:00+00:00,0.56171983
2012-10-12 17:00:00+00:00,0.5330403
2012-10-12 18:00:00+00:00,0.35544086
2012-10-12 19:00:00+00:00,0.29970723
2012-10-12 20:00:00+00:00,0.20643903
2012-10-12 21:00:00+00:00,0.20676303
2012-10-12 22:00:00+00:00,0.09371502
2012-10-12 23:00:00+00:00,0.0
2012-10-13 00:00:00+00:00,0.0
2012-10-13 01:00:00+00:00,0.0
2012-10-13 02:00:00+00:00,0.0
2012-10-13 03:00:00+00:00,0.0
2012-10-13 04:00:00+00:00,0.0
2012-10-13 05:00:00+00:00,0.0
2012-10-13 06:00:00+00:00,0.0
2012-10-13 07:00:00+00:00,0.0
2012-10-13 08:00:00+00:00,0.0
2012-10-13 09:00:00+00:00,0.0
2012-10-13 10:00:00+00:00,0.0
2012-10-13 11:00:00+00:00,0.0
2012-10-13 12:00:00+00:00,0.0
2012-10-13 13:00:00+00:00,0.09027642
2012-10-13 14:00:00+00:00,0.19765794
2012-10-13 15:00:00+00:00,0.44869873
2012-10-13 16:00:00+00:00,0.28656915
2012-10-13 17:00:00+00:00,0.21588571
2012-10-13 18:00:00+00:00,0.27180229999999994
2012-10-13 19:00:00+00:00,0.21323693
2012-10-13 20:00:00+00:00,0.15235047
2012-10-13 21:00:00+00:00,0.25133273
2012-10-13 22:00:00+00:00,0.0742471
2012-10-13 23:00:00+00:00,0.0
2012-10-14 00:00:00+00:00,0.0
2012-10-14 01:00:00+00:00,0.0
2012-10-14 02:00:00+00:00,0.0
2012-10-14 03:00:00+00:00,0.0
2012-10-14 04:00:00+00:00,0.0
2012-10-14 05:00:00+00:00,0.0
2012-10-14 06:00:00+00:00,0.0
2012-10-14 07:00:00+00:00,0.0
2012-10-14 08:00:00+00:00,0.0
2012-10-14 09:00:00+00:00,0.0
2012-10-14 10:00:00+00:00,0.0
2012-10-14 11:00:00+00:00,0.0
2012-10-14 12:00:00+00:00,0.0
2012-10-14 13:00:00+00:00,0.34665918
2012-10-14 14:00:00+00:00,0.59762025
2012-10-14 15:00:00+00:00,0.5541293
2012-10-14 16:00:00+00:00,0.59061086
2012-10-14 17:00:00+00:00,0.55408156
2012-10-14 18:00:00+00:00,0.58087176
2012-10-14 19:00:00+00:00,0.6076537
2012-10-14 20:00:00+00:00,0.6266550000000001
2012-10-14 21:00:00+00:00,0.5723772
2012-10-14 22:00:00+00:00,0.28348243
2012-10-14 23:00:00+00:00,0.0
2012-10-15 00:00:00+00:00,0.0
2012-10-15 01:00:00+00:00,0.0
2012-10-15 02:00:00+00:00,0.0
2012-10-15 03:00:00+00:00,0.0
2012-10-15 04:00:00+00:00,0.0
2012-10-15 05:00:00+00:00,0.0
2012-10-15 06:00:00+00:00,0.0
2012-10-15 07:00:00+00:00,0.0
2012-10-15 08:00:00+00:00,0.0
2012-10-15 09:00:00+00:00,0.0
2012-10-15 10:00:00+00:00,0.0
2012-10-15 11:00:00+00:00,0.0
2012-10-15 12:00:00+00:00,0.0
2012-10-15 13:00:00+00:00,0.36974403
2012-10-15 14:00:00+00:00,0.61481494
2012-10-15 15:00:00+00:00,0.6256109999999999
2012-10-15 16:00:00+00:00,0.5892056999999999
2012-10-15 17:00:00+00:00,0.56244683
2012-10-15 18:00:00+00:00,0.56210715
2012-10-15 19:00:00+00:00,0.58134586
2012-10-15 20:00:00+00:00,0.5976503000000001
2012-10-15 21:00:00+00:00,0.50631607
2012-10-15 22:00:00+00:00,0.20287466
2012-10-15 23:00:00+00:00,0.0
2012-10-16 00:00:00+00:00,0.0
2012-10-16 01:00:00+00:00,0.0
2012-10-16 02:00:00+00:00,0.0
2012-10-16 03:00:00+00:00,0.0
2012-10-16 04:00:00+00:00,0.0
2012-10-16 05:00:00+00:00,0.0
2012-10-16 06:00:00+00:00,0.0
2012-10-16 07:00:00+00:00,0.0
2012-10-16 08:00:00+00:00,0.0
2012-10-16 09:00:00+00:00,0.0
2012-10-16 10:00:00+00:00,0.0
2012-10-16 11:00:00+00:00,0.0
2012-10-16 12:00:00+00:00,0.0
2012-10-16 13:00:00+00:00,0.3250947
2012-10-16 14:00:00+00:00,0.57563245
2012-10-16 15:00:00+00:00,0.5747331999999999
2012-10-16 16:00:00+00:00,0.5751082
2012-10-16 17:00:00+00:00,0.54205906
2012-10-16 18:00:00+00:00,0.5355656
2012-10-16 19:00:00+00:00,0.3463902
2012-10-16 20:00:00+00:00,0.53035814
2012-10-16 21:00:00+00:00,0.36573592
2012-10-16 22:00:00+00:00,0.11204716
2012-10-16 23:00:00+00:00,0.0
2012-10-17 00:00:00+00:00,0.0
2012-10-17 01:00:00+00:00,0.0
2012-10-17 02:00:00+00:00,0.0
2012-10-17 03:00:00+00:00,0.0
2012-10-17 04:00:00+00:00,0.0
2012-10-17 05:00:00+00:00,0.0
2012-10-17 06:00:00+00:00,0.0
2012-10-17 07:00:00+00:00,0.0
2012-10-17 08:00:00+00:00,0.0
2012-10-17 09:00:00+00:00,0.0
2012-10-17 10:00:00+00:00,0.0
2012-10-17 11:00:00+00:00,0.0
2012-10-17 12:00:00+00:00,0.0
2012-10-17 13:00:00+00:00,0.34073836
2012-10-17 14:00:00+00:00,0.59469306
2012-10-17 15:00:00+00:00,0.61972576
2012-10-17 16:00:00+00:00,0.5950711999999999
2012-10-17 17:00:00+00:00,0.5153757000000001
2012-10-17 18:00:00+00:00,0.4618516
2012-10-17 19:00:00+00:00,0.26959914
2012-10-17 20:00:00+00:00,0.57586133
2012-10-17 21:00:00+00:00,0.5711176
2012-10-17 22:00:00+00:00,0.25457308
2012-10-17 23:00:00+00:00,0.0
2012-10-18 00:00:00+00:00,0.0
2012-10-18 01:00:00+00:00,0.0
2012-10-18 02:00:00+00:00,0.0
2012-10-18 03:00:00+00:00,0.0
2012-10-18 04:00:00+00:00,0.0
2012-10-18 05:00:00+00:00,0.0
2012-10-18 06:00:00+00:00,0.0
2012-10-18 07:00:00+00:00,0.0
2012-10-18 08:00:00+00:00,0.0
2012-10-18 09:00:00+00:00,0.0
2012-10-18 10:00:00+00:00,0.0
2012-10-18 11:00:00+00:00,0.0
2012-10-18 12:00:00+00:00,0.0
2012-10-18 13:00:00+00:00,0.30409995
2012-10-18 14:00:00+00:00,0.59254235
2012-10-18 15:00:00+00:00,0.35702184
2012-10-18 16:00:00+00:00,0.21636498
2012-10-18 17:00:00+00:00,0.30010277
2012-10-18 18:00:00+00:00,0.07024666
2012-10-18 19:00:00+00:00,0.11512686
2012-10-18 20:00:00+00:00,0.055372905
2012-10-18 21:00:00+00:00,0.027480467999999997
2012-10-18 22:00:00+00:00,0.004585708
2012-10-18 23:00:00+00:00,0.0
2012-10-19 00:00:00+00:00,0.0
2012-10-19 01:00:00+00:00,0.0
2012-10-19 02:00:00+00:00,0.0
2012-10-19 03:00:00+00:00,0.0
2012-10-19 04:00:00+00:00,0.0
2012-10-19 05:00:00+00:00,0.0
2012-10-19 06:00:00+00:00,0.0
2012-10-19 07:00:00+00:00,0.0
2012-10-19 08:00:00+00:00,0.0
2012-10-19 09:00:00+00:00,0.0
2012-10-19 10:00:00+00:00,0.0
2012-10-19 11:00:00+00:00,0.0
2012-10-19 12:00:00+00:00,0.0
2012-10-19 13:00:00+00:00,0.07092042
2012-10-19 14:00:00+00:00,0.2201643
2012-10-19 15:00:00+00:00,0.19486362
2012-10-19 16:00:00+00:00,0.25186414
2012-10-19 17:00:00+00:00,0.09419606
2012-10-19 18:00:00+00:00,0.073952466
2012-10-19 19:00:00+00:00,0.14881997
2012-10-19 20:00:00+00:00,0.052928004
2012-10-19 21:00:00+00:00,0.09020598
2012-10-19 22:00:00+00:00,0.13095167
2012-10-19 23:00:00+00:00,0.0
2012-10-20 00:00:00+00:00,0.0
2012-10-20 01:00:00+00:00,0.0
2012-10-20 02:00:00+00:00,0.0
2012-10-20 03:00:00+00:00,0.0
2012-10-20 04:00:00+00:00,0.0
2012-10-20 05:00:00+00:00,0.0
2012-10-20 06:00:00+00:00,0.0
2012-10-20 07:00:00+00:00,0.0
2012-10-20 08:00:00+00:00,0.0
2012-10-20 09:00:00+00:00,0.0
2012-10-20 10:00:00+00:00,0.0
2012-10-20 11:00:00+00:00,0.0
2012-10-20 12:00:00+00:00,0.0
2012-10-20 13:00:00+00:00,0.3116264
2012-10-20 14:00:00+00:00,0.57304007
2012-10-20 15:00:00+00:00,0.5999582
2012-10-20 16:00:00+00:00,0.5659396
2012-10-20 17:00:00+00:00,0.53277767
2012-10-20 18:00:00+00:00,0.53349113
2012-10-20 19:00:00+00:00,0.5573325
2012-10-20 20:00:00+00:00,0.5738551
2012-10-20 21:00:00+00:00,0.5268430000000001
2012-10-20 22:00:00+00:00,0.22285418
2012-10-20 23:00:00+00:00,0.0
2012-10-21 00:00:00+00:00,0.0
2012-10-21 01:00:00+00:00,0.0
2012-10-21 02:00:00+00:00,0.0
2012-10-21 03:00:00+00:00,0.0
2012-10-21 04:00:00+00:00,0.0
2012-10-21 05:00:00+00:00,0.0
2012-10-21 06:00:00+00:00,0.0
2012-10-21 07:00:00+00:00,0.0
2012-10-21 08:00:00+00:00,0.0
2012-10-21 09:00:00+00:00,0.0
2012-10-21 10:00:00+00:00,0.0
2012-10-21 11:00:00+00:00,0.0
2012-10-21 12:00:00+00:00,0.0
2012-10-21 13:00:00+00:00,0.005781421
2012-10-21 14:00:00+00:00,0.08571412
2012-10-21 15:00:00+00:00,0.16917868
2012-10-21 16:00:00+00:00,0.26949233
2012-10-21 17:00:00+00:00,0.39105555
2012-10-21 18:00:00+00:00,0.46067557
2012-10-21 19:00:00+00:00,0.5321529
2012-10-21 20:00:00+00:00,0.39834990000000003
2012-10-21 21:00:00+00:00,0.30762836
2012-10-21 22:00:00+00:00,0.16843282
2012-10-21 23:00:00+00:00,0.0
2012-10-22 00:00:00+00:00,0.0
2012-10-22 01:00:00+00:00,0.0
2012-10-22 02:00:00+00:00,0.0
2012-10-22 03:00:00+00:00,0.0
2012-10-22 04:00:00+00:00,0.0
2012-10-22 05:00:00+00:00,0.0
2012-10-22 06:00:00+00:00,0.0
2012-10-22 07:00:00+00:00,0.0
2012-10-22 08:00:00+00:00,0.0
2012-10-22 09:00:00+00:00,0.0
2012-10-22 10:00:00+00:00,0.0
2012-10-22 11:00:00+00:00,0.0
2012-10-22 12:00:00+00:00,0.0
2012-10-22 13:00:00+00:00,0.20253672
2012-10-22 14:00:00+00:00,0.50980276
2012-10-22 15:00:00+00:00,0.571922
2012-10-22 16:00:00+00:00,0.5473049
2012-10-22 17:00:00+00:00,0.51861256
2012-10-22 18:00:00+00:00,0.52178663
2012-10-22 19:00:00+00:00,0.5414763000000001
2012-10-22 20:00:00+00:00,0.558801
2012-10-22 21:00:00+00:00,0.48106570000000004
2012-10-22 22:00:00+00:00,0.109260045
2012-10-22 23:00:00+00:00,0.0
2012-10-23 00:00:00+00:00,0.0
2012-10-23 01:00:00+00:00,0.0
2012-10-23 02:00:00+00:00,0.0
2012-10-23 03:00:00+00:00,0.0
2012-10-23 04:00:00+00:00,0.0
2012-10-23 05:00:00+00:00,0.0
2012-10-23 06:00:00+00:00,0.0
2012-10-23 07:00:00+00:00,0.0
2012-10-23 08:00:00+00:00,0.0
2012-10-23 09:00:00+00:00,0.0
2012-10-23 10:00:00+00:00,0.0
2012-10-23 11:00:00+00:00,0.0
2012-10-23 12:00:00+00:00,0.0
2012-10-23 13:00:00+00:00,0.26908255
2012-10-23 14:00:00+00:00,0.5333432
2012-10-23 15:00:00+00:00,0.56794846
2012-10-23 16:00:00+00:00,0.5413657
2012-10-23 17:00:00+00:00,0.5135397
2012-10-23 18:00:00+00:00,0.5169309
2012-10-23 19:00:00+00:00,0.5460884
2012-10-23 20:00:00+00:00,0.5638506999999999
2012-10-23 21:00:00+00:00,0.5152856
2012-10-23 22:00:00+00:00,0.20490250000000002
2012-10-23 23:00:00+00:00,0.0
2012-10-24 00:00:00+00:00,0.0
2012-10-24 01:00:00+00:00,0.0
2012-10-24 02:00:00+00:00,0.0
2012-10-24 03:00:00+00:00,0.0
2012-10-24 04:00:00+00:00,0.0
2012-10-24 05:00:00+00:00,0.0
2012-10-24 06:00:00+00:00,0.0
2012-10-24 07:00:00+00:00,0.0
2012-10-24 08:00:00+00:00,0.0
2012-10-24 09:00:00+00:00,0.0
2012-10-24 10:00:00+00:00,0.0
2012-10-24 11:00:00+00:00,0.0
2012-10-24 12:00:00+00:00,0.0
2012-10-24 13:00:00+00:00,0.28869575
2012-10-24 14:00:00+00:00,0.5559629
2012-10-24 15:00:00+00:00,0.57388276
2012-10-24 16:00:00+00:00,0.5455406
2012-10-24 17:00:00+00:00,0.5167114
2012-10-24 18:00:00+00:00,0.5220203
2012-10-24 19:00:00+00:00,0.5503789000000001
2012-10-24 20:00:00+00:00,0.5682629
2012-10-24 21:00:00+00:00,0.5177576
2012-10-24 22:00:00+00:00,0.1964056
2012-10-24 23:00:00+00:00,0.0
2012-10-25 00:00:00+00:00,0.0
2012-10-25 01:00:00+00:00,0.0
2012-10-25 02:00:00+00:00,0.0
2012-10-25 03:00:00+00:00,0.0
2012-10-25 04:00:00+00:00,0.0
2012-10-25 05:00:00+00:00,0.0
2012-10-25 06:00:00+00:00,0.0
2012-10-25 07:00:00+00:00,0.0
2012-10-25 08:00:00+00:00,0.0
2012-10-25 09:00:00+00:00,0.0
2012-10-25 10:00:00+00:00,0.0
2012-10-25 11:00:00+00:00,0.0
2012-10-25 12:00:00+00:00,0.0
2012-10-25 13:00:00+00:00,0.08497652
2012-10-25 14:00:00+00:00,0.17917062
2012-10-25 15:00:00+00:00,0.17491978
2012-10-25 16:00:00+00:00,0.26781505
2012-10-25 17:00:00+00:00,0.3219396
2012-10-25 18:00:00+00:00,0.29428017
2012-10-25 19:00:00+00:00,0.24288799
2012-10-25 20:00:00+00:00,0.19941233
2012-10-25 21:00:00+00:00,0.16973962
2012-10-25 22:00:00+00:00,0.00476755
2012-10-25 23:00:00+00:00,0.0
2012-10-26 00:00:00+00:00,0.0
2012-10-26 01:00:00+00:00,0.0
2012-10-26 02:00:00+00:00,0.0
2012-10-26 03:00:00+00:00,0.0
2012-10-26 04:00:00+00:00,0.0
2012-10-26 05:00:00+00:00,0.0
2012-10-26 06:00:00+00:00,0.0
2012-10-26 07:00:00+00:00,0.0
2012-10-26 08:00:00+00:00,0.0
2012-10-26 09:00:00+00:00,0.0
2012-10-26 10:00:00+00:00,0.0
2012-10-26 11:00:00+00:00,0.0
2012-10-26 12:00:00+00:00,0.0
2012-10-26 13:00:00+00:00,0.0016253456
2012-10-26 14:00:00+00:00,0.03091848
2012-10-26 15:00:00+00:00,0.07776654
2012-10-26 16:00:00+00:00,0.099448174
2012-10-26 17:00:00+00:00,0.16833869
2012-10-26 18:00:00+00:00,0.21109788
2012-10-26 19:00:00+00:00,0.057979424
2012-10-26 20:00:00+00:00,0.061923
2012-10-26 21:00:00+00:00,0.044302
2012-10-26 22:00:00+00:00,0.090624735
2012-10-26 23:00:00+00:00,0.0
2012-10-27 00:00:00+00:00,0.0
2012-10-27 01:00:00+00:00,0.0
2012-10-27 02:00:00+00:00,0.0
2012-10-27 03:00:00+00:00,0.0
2012-10-27 04:00:00+00:00,0.0
2012-10-27 05:00:00+00:00,0.0
2012-10-27 06:00:00+00:00,0.0
2012-10-27 07:00:00+00:00,0.0
2012-10-27 08:00:00+00:00,0.0
2012-10-27 09:00:00+00:00,0.0
2012-10-27 10:00:00+00:00,0.0
2012-10-27 11:00:00+00:00,0.0
2012-10-27 12:00:00+00:00,0.0
2012-10-27 13:00:00+00:00,0.21400233
2012-10-27 14:00:00+00:00,0.09788499
2012-10-27 15:00:00+00:00,0.040735476
2012-10-27 16:00:00+00:00,0.10352893
2012-10-27 17:00:00+00:00,0.13184112
2012-10-27 18:00:00+00:00,0.21349742
2012-10-27 19:00:00+00:00,0.07926012
2012-10-27 20:00:00+00:00,0.04251339
2012-10-27 21:00:00+00:00,0.021948167999999997
2012-10-27 22:00:00+00:00,0.00688745
2012-10-27 23:00:00+00:00,0.0
2012-10-28 00:00:00+00:00,0.0
2012-10-28 01:00:00+00:00,0.0
2012-10-28 02:00:00+00:00,0.0
2012-10-28 03:00:00+00:00,0.0
2012-10-28 04:00:00+00:00,0.0
2012-10-28 05:00:00+00:00,0.0
2012-10-28 06:00:00+00:00,0.0
2012-10-28 07:00:00+00:00,0.0
2012-10-28 08:00:00+00:00,0.0
2012-10-28 09:00:00+00:00,0.0
2012-10-28 10:00:00+00:00,0.0
2012-10-28 11:00:00+00:00,0.0
2012-10-28 12:00:00+00:00,0.0
2012-10-28 13:00:00+00:00,0.0801959
2012-10-28 14:00:00+00:00,0.34705640000000004
2012-10-28 15:00:00+00:00,0.3199459
2012-10-28 16:00:00+00:00,0.2031206
2012-10-28 17:00:00+00:00,0.20903447
2012-10-28 18:00:00+00:00,0.13322808
2012-10-28 19:00:00+00:00,0.11905348
2012-10-28 20:00:00+00:00,0.15103495
2012-10-28 21:00:00+00:00,0.076431364
2012-10-28 22:00:00+00:00,0.013432131000000002
2012-10-28 23:00:00+00:00,0.0
2012-10-29 00:00:00+00:00,0.0
2012-10-29 01:00:00+00:00,0.0
2012-10-29 02:00:00+00:00,0.0
2012-10-29 03:00:00+00:00,0.0
2012-10-29 04:00:00+00:00,0.0
2012-10-29 05:00:00+00:00,0.0
2012-10-29 06:00:00+00:00,0.0
2012-10-29 07:00:00+00:00,0.0
2012-10-29 08:00:00+00:00,0.0
2012-10-29 09:00:00+00:00,0.0
2012-10-29 10:00:00+00:00,0.0
2012-10-29 11:00:00+00:00,0.0
2012-10-29 12:00:00+00:00,0.0
2012-10-29 13:00:00+00:00,0.0030460166999999997
2012-10-29 14:00:00+00:00,0.037476305
2012-10-29 15:00:00+00:00,0.07098201
2012-10-29 16:00:00+00:00,0.062624
2012-10-29 17:00:00+00:00,0.14587967
2012-10-29 18:00:00+00:00,0.14478232
2012-10-29 19:00:00+00:00,0.07137567
2012-10-29 20:00:00+00:00,0.13260438
2012-10-29 21:00:00+00:00,0.19964361
2012-10-29 22:00:00+00:00,0.030685376
2012-10-29 23:00:00+00:00,0.0
2012-10-30 00:00:00+00:00,0.0
2012-10-30 01:00:00+00:00,0.0
2012-10-30 02:00:00+00:00,0.0
2012-10-30 03:00:00+00:00,0.0
2012-10-30 04:00:00+00:00,0.0
2012-10-30 05:00:00+00:00,0.0
2012-10-30 06:00:00+00:00,0.0
2012-10-30 07:00:00+00:00,0.0
2012-10-30 08:00:00+00:00,0.0
2012-10-30 09:00:00+00:00,0.0
2012-10-30 10:00:00+00:00,0.0
2012-10-30 11:00:00+00:00,0.0
2012-10-30 12:00:00+00:00,0.0
2012-10-30 13:00:00+00:00,0.2052491
2012-10-30 14:00:00+00:00,0.18906848
2012-10-30 15:00:00+00:00,0.22125441
2012-10-30 16:00:00+00:00,0.27435526
2012-10-30 17:00:00+00:00,0.31704608
2012-10-30 18:00:00+00:00,0.25479978
2012-10-30 19:00:00+00:00,0.16675755
2012-10-30 20:00:00+00:00,0.20164594
2012-10-30 21:00:00+00:00,0.16119482
2012-10-30 22:00:00+00:00,0.08034729
2012-10-30 23:00:00+00:00,0.0
2012-10-31 00:00:00+00:00,0.0
2012-10-31 01:00:00+00:00,0.0
2012-10-31 02:00:00+00:00,0.0
2012-10-31 03:00:00+00:00,0.0
2012-10-31 04:00:00+00:00,0.0
2012-10-31 05:00:00+00:00,0.0
2012-10-31 06:00:00+00:00,0.0
2012-10-31 07:00:00+00:00,0.0
2012-10-31 08:00:00+00:00,0.0
2012-10-31 09:00:00+00:00,0.0
2012-10-31 10:00:00+00:00,0.0
2012-10-31 11:00:00+00:00,0.0
2012-10-31 12:00:00+00:00,0.0
2012-10-31 13:00:00+00:00,0.2786338
2012-10-31 14:00:00+00:00,0.6093708999999999
2012-10-31 15:00:00+00:00,0.48208314
2012-10-31 16:00:00+00:00,0.5193207000000001
2012-10-31 17:00:00+00:00,0.47806293
2012-10-31 18:00:00+00:00,0.54830676
2012-10-31 19:00:00+00:00,0.5816109
2012-10-31 20:00:00+00:00,0.6050972
2012-10-31 21:00:00+00:00,0.38257423
2012-10-31 22:00:00+00:00,0.16148779
2012-10-31 23:00:00+00:00,0.0
2012-11-01 00:00:00+00:00,0.0
2012-11-01 01:00:00+00:00,0.0
2012-11-01 02:00:00+00:00,0.0
2012-11-01 03:00:00+00:00,0.0
2012-11-01 04:00:00+00:00,0.0
2012-11-01 05:00:00+00:00,0.0
2012-11-01 06:00:00+00:00,0.0
2012-11-01 07:00:00+00:00,0.0
2012-11-01 08:00:00+00:00,0.0
2012-11-01 09:00:00+00:00,0.0
2012-11-01 10:00:00+00:00,0.0
2012-11-01 11:00:00+00:00,0.0
2012-11-01 12:00:00+00:00,0.0
2012-11-01 13:00:00+00:00,0.232922
2012-11-01 14:00:00+00:00,0.55976444
2012-11-01 15:00:00+00:00,0.6051470999999999
2012-11-01 16:00:00+00:00,0.56717366
2012-11-01 17:00:00+00:00,0.53046507
2012-11-01 18:00:00+00:00,0.5312418000000001
2012-11-01 19:00:00+00:00,0.5622531
2012-11-01 20:00:00+00:00,0.5827964
2012-11-01 21:00:00+00:00,0.49433820000000006
2012-11-01 22:00:00+00:00,0.06479852
2012-11-01 23:00:00+00:00,0.0
2012-11-02 00:00:00+00:00,0.0
2012-11-02 01:00:00+00:00,0.0
2012-11-02 02:00:00+00:00,0.0
2012-11-02 03:00:00+00:00,0.0
2012-11-02 04:00:00+00:00,0.0
2012-11-02 05:00:00+00:00,0.0
2012-11-02 06:00:00+00:00,0.0
2012-11-02 07:00:00+00:00,0.0
2012-11-02 08:00:00+00:00,0.0
2012-11-02 09:00:00+00:00,0.0
2012-11-02 10:00:00+00:00,0.0
2012-11-02 11:00:00+00:00,0.0
2012-11-02 12:00:00+00:00,0.0
2012-11-02 13:00:00+00:00,0.12302492
2012-11-02 14:00:00+00:00,0.11147998
2012-11-02 15:00:00+00:00,0.037831000000000004
2012-11-02 16:00:00+00:00,0.11415093
2012-11-02 17:00:00+00:00,0.32650408
2012-11-02 18:00:00+00:00,0.30970812
2012-11-02 19:00:00+00:00,0.18769546
2012-11-02 20:00:00+00:00,0.09528661
2012-11-02 21:00:00+00:00,0.026452845
2012-11-02 22:00:00+00:00,0.0017288645
2012-11-02 23:00:00+00:00,0.0
2012-11-03 00:00:00+00:00,0.0
2012-11-03 01:00:00+00:00,0.0
2012-11-03 02:00:00+00:00,0.0
2012-11-03 03:00:00+00:00,0.0
2012-11-03 04:00:00+00:00,0.0
2012-11-03 05:00:00+00:00,0.0
2012-11-03 06:00:00+00:00,0.0
2012-11-03 07:00:00+00:00,0.0
2012-11-03 08:00:00+00:00,0.0
2012-11-03 09:00:00+00:00,0.0
2012-11-03 10:00:00+00:00,0.0
2012-11-03 11:00:00+00:00,0.0
2012-11-03 12:00:00+00:00,0.0
2012-11-03 13:00:00+00:00,0.079195425
2012-11-03 14:00:00+00:00,0.43527874
2012-11-03 15:00:00+00:00,0.41593966
2012-11-03 16:00:00+00:00,0.44491988
2012-11-03 17:00:00+00:00,0.43565035
2012-11-03 18:00:00+00:00,0.43241552
2012-11-03 19:00:00+00:00,0.5497721
2012-11-03 20:00:00+00:00,0.56635636
2012-11-03 21:00:00+00:00,0.4752795999999999
2012-11-03 22:00:00+00:00,0.13986133
2012-11-03 23:00:00+00:00,0.0
2012-11-04 00:00:00+00:00,0.0
2012-11-04 01:00:00+00:00,0.0
2012-11-04 02:00:00+00:00,0.0
2012-11-04 03:00:00+00:00,0.0
2012-11-04 04:00:00+00:00,0.0
2012-11-04 05:00:00+00:00,0.0
2012-11-04 06:00:00+00:00,0.0
2012-11-04 07:00:00+00:00,0.0
2012-11-04 08:00:00+00:00,0.0
2012-11-04 09:00:00+00:00,0.0
2012-11-04 10:00:00+00:00,0.0
2012-11-04 11:00:00+00:00,0.0
2012-11-04 12:00:00+00:00,0.0
2012-11-04 13:00:00+00:00,0.1997648
2012-11-04 14:00:00+00:00,0.55083483
2012-11-04 15:00:00+00:00,0.5790867
2012-11-04 16:00:00+00:00,0.4658528
2012-11-04 17:00:00+00:00,0.40080774
2012-11-04 18:00:00+00:00,0.3900214
2012-11-04 19:00:00+00:00,0.3696963
2012-11-04 20:00:00+00:00,0.5391069
2012-11-04 21:00:00+00:00,0.43945736
2012-11-04 22:00:00+00:00,0.078373305
2012-11-04 23:00:00+00:00,0.0
2012-11-05 00:00:00+00:00,0.0
2012-11-05 01:00:00+00:00,0.0
2012-11-05 02:00:00+00:00,0.0
2012-11-05 03:00:00+00:00,0.0
2012-11-05 04:00:00+00:00,0.0
2012-11-05 05:00:00+00:00,0.0
2012-11-05 06:00:00+00:00,0.0
2012-11-05 07:00:00+00:00,0.0
2012-11-05 08:00:00+00:00,0.0
2012-11-05 09:00:00+00:00,0.0
2012-11-05 10:00:00+00:00,0.0
2012-11-05 11:00:00+00:00,0.0
2012-11-05 12:00:00+00:00,0.0
2012-11-05 13:00:00+00:00,0.21745820000000005
2012-11-05 14:00:00+00:00,0.5405717
2012-11-05 15:00:00+00:00,0.5692829
2012-11-05 16:00:00+00:00,0.52684134
2012-11-05 17:00:00+00:00,0.49920509999999996
2012-11-05 18:00:00+00:00,0.45306522
2012-11-05 19:00:00+00:00,0.5416525999999999
2012-11-05 20:00:00+00:00,0.50628847
2012-11-05 21:00:00+00:00,0.3731927
2012-11-05 22:00:00+00:00,0.12685573
2012-11-05 23:00:00+00:00,0.0
2012-11-06 00:00:00+00:00,0.0
2012-11-06 01:00:00+00:00,0.0
2012-11-06 02:00:00+00:00,0.0
2012-11-06 03:00:00+00:00,0.0
2012-11-06 04:00:00+00:00,0.0
2012-11-06 05:00:00+00:00,0.0
2012-11-06 06:00:00+00:00,0.0
2012-11-06 07:00:00+00:00,0.0
2012-11-06 08:00:00+00:00,0.0
2012-11-06 09:00:00+00:00,0.0
2012-11-06 10:00:00+00:00,0.0
2012-11-06 11:00:00+00:00,0.0
2012-11-06 12:00:00+00:00,0.0
2012-11-06 13:00:00+00:00,0.018174607
2012-11-06 14:00:00+00:00,0.029417662
2012-11-06 15:00:00+00:00,0.048745245
2012-11-06 16:00:00+00:00,0.13737327
2012-11-06 17:00:00+00:00,0.24267201
2012-11-06 18:00:00+00:00,0.44917613
2012-11-06 19:00:00+00:00,0.42802292
2012-11-06 20:00:00+00:00,0.31783059999999996
2012-11-06 21:00:00+00:00,0.3742601
2012-11-06 22:00:00+00:00,0.09669229
2012-11-06 23:00:00+00:00,0.0
2012-11-07 00:00:00+00:00,0.0
2012-11-07 01:00:00+00:00,0.0
2012-11-07 02:00:00+00:00,0.0
2012-11-07 03:00:00+00:00,0.0
2012-11-07 04:00:00+00:00,0.0
2012-11-07 05:00:00+00:00,0.0
2012-11-07 06:00:00+00:00,0.0
2012-11-07 07:00:00+00:00,0.0
2012-11-07 08:00:00+00:00,0.0
2012-11-07 09:00:00+00:00,0.0
2012-11-07 10:00:00+00:00,0.0
2012-11-07 11:00:00+00:00,0.0
2012-11-07 12:00:00+00:00,0.0
2012-11-07 13:00:00+00:00,0.18854266
2012-11-07 14:00:00+00:00,0.51720196
2012-11-07 15:00:00+00:00,0.5653609
2012-11-07 16:00:00+00:00,0.53132945
2012-11-07 17:00:00+00:00,0.4945076
2012-11-07 18:00:00+00:00,0.5004105999999999
2012-11-07 19:00:00+00:00,0.53661853
2012-11-07 20:00:00+00:00,0.55442095
2012-11-07 21:00:00+00:00,0.44153902
2012-11-07 22:00:00+00:00,0.113220595
2012-11-07 23:00:00+00:00,0.0
2012-11-08 00:00:00+00:00,0.0
2012-11-08 01:00:00+00:00,0.0
2012-11-08 02:00:00+00:00,0.0
2012-11-08 03:00:00+00:00,0.0
2012-11-08 04:00:00+00:00,0.0
2012-11-08 05:00:00+00:00,0.0
2012-11-08 06:00:00+00:00,0.0
2012-11-08 07:00:00+00:00,0.0
2012-11-08 08:00:00+00:00,0.0
2012-11-08 09:00:00+00:00,0.0
2012-11-08 10:00:00+00:00,0.0
2012-11-08 11:00:00+00:00,0.0
2012-11-08 12:00:00+00:00,0.0
2012-11-08 13:00:00+00:00,0.1988723
2012-11-08 14:00:00+00:00,0.5323460999999999
2012-11-08 15:00:00+00:00,0.56979376
2012-11-08 16:00:00+00:00,0.52866966
2012-11-08 17:00:00+00:00,0.48928136
2012-11-08 18:00:00+00:00,0.48837087
2012-11-08 19:00:00+00:00,0.5186955
2012-11-08 20:00:00+00:00,0.44033933
2012-11-08 21:00:00+00:00,0.2967504
2012-11-08 22:00:00+00:00,0.074564084
2012-11-08 23:00:00+00:00,0.0
2012-11-09 00:00:00+00:00,0.0
2012-11-09 01:00:00+00:00,0.0
2012-11-09 02:00:00+00:00,0.0
2012-11-09 03:00:00+00:00,0.0
2012-11-09 04:00:00+00:00,0.0
2012-11-09 05:00:00+00:00,0.0
2012-11-09 06:00:00+00:00,0.0
2012-11-09 07:00:00+00:00,0.0
2012-11-09 08:00:00+00:00,0.0
2012-11-09 09:00:00+00:00,0.0
2012-11-09 10:00:00+00:00,0.0
2012-11-09 11:00:00+00:00,0.0
2012-11-09 12:00:00+00:00,0.0
2012-11-09 13:00:00+00:00,0.19404384
2012-11-09 14:00:00+00:00,0.5275312
2012-11-09 15:00:00+00:00,0.5603570999999999
2012-11-09 16:00:00+00:00,0.5189023
2012-11-09 17:00:00+00:00,0.4819528
2012-11-09 18:00:00+00:00,0.48658448
2012-11-09 19:00:00+00:00,0.52324164
2012-11-09 20:00:00+00:00,0.5490210999999999
2012-11-09 21:00:00+00:00,0.43981612
2012-11-09 22:00:00+00:00,0.103035025
2012-11-09 23:00:00+00:00,0.0
2012-11-10 00:00:00+00:00,0.0
2012-11-10 01:00:00+00:00,0.0
2012-11-10 02:00:00+00:00,0.0
2012-11-10 03:00:00+00:00,0.0
2012-11-10 04:00:00+00:00,0.0
2012-11-10 05:00:00+00:00,0.0
2012-11-10 06:00:00+00:00,0.0
2012-11-10 07:00:00+00:00,0.0
2012-11-10 08:00:00+00:00,0.0
2012-11-10 09:00:00+00:00,0.0
2012-11-10 10:00:00+00:00,0.0
2012-11-10 11:00:00+00:00,0.0
2012-11-10 12:00:00+00:00,0.0
2012-11-10 13:00:00+00:00,0.13150899
2012-11-10 14:00:00+00:00,0.52114946
2012-11-10 15:00:00+00:00,0.46212828
2012-11-10 16:00:00+00:00,0.42146876
2012-11-10 17:00:00+00:00,0.4293679
2012-11-10 18:00:00+00:00,0.38756490000000005
2012-11-10 19:00:00+00:00,0.38284138
2012-11-10 20:00:00+00:00,0.31533846
2012-11-10 21:00:00+00:00,0.23787576
2012-11-10 22:00:00+00:00,0.056214105
2012-11-10 23:00:00+00:00,0.0
2012-11-11 00:00:00+00:00,0.0
2012-11-11 01:00:00+00:00,0.0
2012-11-11 02:00:00+00:00,0.0
2012-11-11 03:00:00+00:00,0.0
2012-11-11 04:00:00+00:00,0.0
2012-11-11 05:00:00+00:00,0.0
2012-11-11 06:00:00+00:00,0.0
2012-11-11 07:00:00+00:00,0.0
2012-11-11 08:00:00+00:00,0.0
2012-11-11 09:00:00+00:00,0.0
2012-11-11 10:00:00+00:00,0.0
2012-11-11 11:00:00+00:00,0.0
2012-11-11 12:00:00+00:00,0.0
2012-11-11 13:00:00+00:00,0.008834313
2012-11-11 14:00:00+00:00,0.019247357
2012-11-11 15:00:00+00:00,0.047324963
2012-11-11 16:00:00+00:00,0.12759662
2012-11-11 17:00:00+00:00,0.10417833
2012-11-11 18:00:00+00:00,0.015686696
2012-11-11 19:00:00+00:00,0.050997123
2012-11-11 20:00:00+00:00,0.07109801
2012-11-11 21:00:00+00:00,0.43517277
2012-11-11 22:00:00+00:00,0.09700404
2012-11-11 23:00:00+00:00,0.0
2012-11-12 00:00:00+00:00,0.0
2012-11-12 01:00:00+00:00,0.0
2012-11-12 02:00:00+00:00,0.0
2012-11-12 03:00:00+00:00,0.0
2012-11-12 04:00:00+00:00,0.0
2012-11-12 05:00:00+00:00,0.0
2012-11-12 06:00:00+00:00,0.0
2012-11-12 07:00:00+00:00,0.0
2012-11-12 08:00:00+00:00,0.0
2012-11-12 09:00:00+00:00,0.0
2012-11-12 10:00:00+00:00,0.0
2012-11-12 11:00:00+00:00,0.0
2012-11-12 12:00:00+00:00,0.0
2012-11-12 13:00:00+00:00,0.18245336
2012-11-12 14:00:00+00:00,0.52642107
2012-11-12 15:00:00+00:00,0.5802695999999999
2012-11-12 16:00:00+00:00,0.538528
2012-11-12 17:00:00+00:00,0.501025
2012-11-12 18:00:00+00:00,0.5067362
2012-11-12 19:00:00+00:00,0.54617345
2012-11-12 20:00:00+00:00,0.5744703
2012-11-12 21:00:00+00:00,0.44656822
2012-11-12 22:00:00+00:00,0.08705828
2012-11-12 23:00:00+00:00,0.0
2012-11-13 00:00:00+00:00,0.0
2012-11-13 01:00:00+00:00,0.0
2012-11-13 02:00:00+00:00,0.0
2012-11-13 03:00:00+00:00,0.0
2012-11-13 04:00:00+00:00,0.0
2012-11-13 05:00:00+00:00,0.0
2012-11-13 06:00:00+00:00,0.0
2012-11-13 07:00:00+00:00,0.0
2012-11-13 08:00:00+00:00,0.0
2012-11-13 09:00:00+00:00,0.0
2012-11-13 10:00:00+00:00,0.0
2012-11-13 11:00:00+00:00,0.0
2012-11-13 12:00:00+00:00,0.0
2012-11-13 13:00:00+00:00,0.11593348
2012-11-13 14:00:00+00:00,0.40696326
2012-11-13 15:00:00+00:00,0.45701572
2012-11-13 16:00:00+00:00,0.39963755
2012-11-13 17:00:00+00:00,0.37413168
2012-11-13 18:00:00+00:00,0.39530963
2012-11-13 19:00:00+00:00,0.32550007
2012-11-13 20:00:00+00:00,0.46001184
2012-11-13 21:00:00+00:00,0.26564008
2012-11-13 22:00:00+00:00,0.04000322
2012-11-13 23:00:00+00:00,0.0
2012-11-14 00:00:00+00:00,0.0
2012-11-14 01:00:00+00:00,0.0
2012-11-14 02:00:00+00:00,0.0
2012-11-14 03:00:00+00:00,0.0
2012-11-14 04:00:00+00:00,0.0
2012-11-14 05:00:00+00:00,0.0
2012-11-14 06:00:00+00:00,0.0
2012-11-14 07:00:00+00:00,0.0
2012-11-14 08:00:00+00:00,0.0
2012-11-14 09:00:00+00:00,0.0
2012-11-14 10:00:00+00:00,0.0
2012-11-14 11:00:00+00:00,0.0
2012-11-14 12:00:00+00:00,0.0
2012-11-14 13:00:00+00:00,0.15495402
2012-11-14 14:00:00+00:00,0.49455005
2012-11-14 15:00:00+00:00,0.55101776
2012-11-14 16:00:00+00:00,0.51546234
2012-11-14 17:00:00+00:00,0.47493282
2012-11-14 18:00:00+00:00,0.39502543
2012-11-14 19:00:00+00:00,0.43070647
2012-11-14 20:00:00+00:00,0.37334126
2012-11-14 21:00:00+00:00,0.22715181
2012-11-14 22:00:00+00:00,0.03535681
2012-11-14 23:00:00+00:00,0.0
2012-11-15 00:00:00+00:00,0.0
2012-11-15 01:00:00+00:00,0.0
2012-11-15 02:00:00+00:00,0.0
2012-11-15 03:00:00+00:00,0.0
2012-11-15 04:00:00+00:00,0.0
2012-11-15 05:00:00+00:00,0.0
2012-11-15 06:00:00+00:00,0.0
2012-11-15 07:00:00+00:00,0.0
2012-11-15 08:00:00+00:00,0.0
2012-11-15 09:00:00+00:00,0.0
2012-11-15 10:00:00+00:00,0.0
2012-11-15 11:00:00+00:00,0.0
2012-11-15 12:00:00+00:00,0.0
2012-11-15 13:00:00+00:00,0.14311561
2012-11-15 14:00:00+00:00,0.47865438
2012-11-15 15:00:00+00:00,0.5496794
2012-11-15 16:00:00+00:00,0.51496536
2012-11-15 17:00:00+00:00,0.4767037
2012-11-15 18:00:00+00:00,0.48055163
2012-11-15 19:00:00+00:00,0.5201254
2012-11-15 20:00:00+00:00,0.5399491999999999
2012-11-15 21:00:00+00:00,0.39600188
2012-11-15 22:00:00+00:00,0.058937237
2012-11-15 23:00:00+00:00,0.0
2012-11-16 00:00:00+00:00,0.0
2012-11-16 01:00:00+00:00,0.0
2012-11-16 02:00:00+00:00,0.0
2012-11-16 03:00:00+00:00,0.0
2012-11-16 04:00:00+00:00,0.0
2012-11-16 05:00:00+00:00,0.0
2012-11-16 06:00:00+00:00,0.0
2012-11-16 07:00:00+00:00,0.0
2012-11-16 08:00:00+00:00,0.0
2012-11-16 09:00:00+00:00,0.0
2012-11-16 10:00:00+00:00,0.0
2012-11-16 11:00:00+00:00,0.0
2012-11-16 12:00:00+00:00,0.0
2012-11-16 13:00:00+00:00,0.14730214
2012-11-16 14:00:00+00:00,0.48960373
2012-11-16 15:00:00+00:00,0.5579881
2012-11-16 16:00:00+00:00,0.5159064999999999
2012-11-16 17:00:00+00:00,0.4749224
2012-11-16 18:00:00+00:00,0.47712669999999996
2012-11-16 19:00:00+00:00,0.5170826
2012-11-16 20:00:00+00:00,0.54570234
2012-11-16 21:00:00+00:00,0.4135894
2012-11-16 22:00:00+00:00,0.057046372000000005
2012-11-16 23:00:00+00:00,0.0
2012-11-17 00:00:00+00:00,0.0
2012-11-17 01:00:00+00:00,0.0
2012-11-17 02:00:00+00:00,0.0
2012-11-17 03:00:00+00:00,0.0
2012-11-17 04:00:00+00:00,0.0
2012-11-17 05:00:00+00:00,0.0
2012-11-17 06:00:00+00:00,0.0
2012-11-17 07:00:00+00:00,0.0
2012-11-17 08:00:00+00:00,0.0
2012-11-17 09:00:00+00:00,0.0
2012-11-17 10:00:00+00:00,0.0
2012-11-17 11:00:00+00:00,0.0
2012-11-17 12:00:00+00:00,0.0
2012-11-17 13:00:00+00:00,0.14106941
2012-11-17 14:00:00+00:00,0.49434277
2012-11-17 15:00:00+00:00,0.5578692
2012-11-17 16:00:00+00:00,0.5089559
2012-11-17 17:00:00+00:00,0.46497065
2012-11-17 18:00:00+00:00,0.46881530000000005
2012-11-17 19:00:00+00:00,0.5094542999999999
2012-11-17 20:00:00+00:00,0.5370573000000001
2012-11-17 21:00:00+00:00,0.40527996
2012-11-17 22:00:00+00:00,0.04984911
2012-11-17 23:00:00+00:00,0.0
2012-11-18 00:00:00+00:00,0.0
2012-11-18 01:00:00+00:00,0.0
2012-11-18 02:00:00+00:00,0.0
2012-11-18 03:00:00+00:00,0.0
2012-11-18 04:00:00+00:00,0.0
2012-11-18 05:00:00+00:00,0.0
2012-11-18 06:00:00+00:00,0.0
2012-11-18 07:00:00+00:00,0.0
2012-11-18 08:00:00+00:00,0.0
2012-11-18 09:00:00+00:00,0.0
2012-11-18 10:00:00+00:00,0.0
2012-11-18 11:00:00+00:00,0.0
2012-11-18 12:00:00+00:00,0.0
2012-11-18 13:00:00+00:00,0.06668824
2012-11-18 14:00:00+00:00,0.21065673
2012-11-18 15:00:00+00:00,0.46819994
2012-11-18 16:00:00+00:00,0.37782709999999997
2012-11-18 17:00:00+00:00,0.31494695
2012-11-18 18:00:00+00:00,0.35955483
2012-11-18 19:00:00+00:00,0.43187479999999995
2012-11-18 20:00:00+00:00,0.27521840000000003
2012-11-18 21:00:00+00:00,0.23173958
2012-11-18 22:00:00+00:00,0.025580356000000002
2012-11-18 23:00:00+00:00,0.0
2012-11-19 00:00:00+00:00,0.0
2012-11-19 01:00:00+00:00,0.0
2012-11-19 02:00:00+00:00,0.0
2012-11-19 03:00:00+00:00,0.0
2012-11-19 04:00:00+00:00,0.0
2012-11-19 05:00:00+00:00,0.0
2012-11-19 06:00:00+00:00,0.0
2012-11-19 07:00:00+00:00,0.0
2012-11-19 08:00:00+00:00,0.0
2012-11-19 09:00:00+00:00,0.0
2012-11-19 10:00:00+00:00,0.0
2012-11-19 11:00:00+00:00,0.0
2012-11-19 12:00:00+00:00,0.0
2012-11-19 13:00:00+00:00,0.11818305
2012-11-19 14:00:00+00:00,0.43240753
2012-11-19 15:00:00+00:00,0.47347972
2012-11-19 16:00:00+00:00,0.4530741
2012-11-19 17:00:00+00:00,0.43396840000000003
2012-11-19 18:00:00+00:00,0.43365875
2012-11-19 19:00:00+00:00,0.3296376
2012-11-19 20:00:00+00:00,0.13218607
2012-11-19 21:00:00+00:00,0.16430229999999998
2012-11-19 22:00:00+00:00,0.009261802
2012-11-19 23:00:00+00:00,0.0
2012-11-20 00:00:00+00:00,0.0
2012-11-20 01:00:00+00:00,0.0
2012-11-20 02:00:00+00:00,0.0
2012-11-20 03:00:00+00:00,0.0
2012-11-20 04:00:00+00:00,0.0
2012-11-20 05:00:00+00:00,0.0
2012-11-20 06:00:00+00:00,0.0
2012-11-20 07:00:00+00:00,0.0
2012-11-20 08:00:00+00:00,0.0
2012-11-20 09:00:00+00:00,0.0
2012-11-20 10:00:00+00:00,0.0
2012-11-20 11:00:00+00:00,0.0
2012-11-20 12:00:00+00:00,0.0
2012-11-20 13:00:00+00:00,0.058168568
2012-11-20 14:00:00+00:00,0.24107777
2012-11-20 15:00:00+00:00,0.31855807
2012-11-20 16:00:00+00:00,0.46065155
2012-11-20 17:00:00+00:00,0.42815596
2012-11-20 18:00:00+00:00,0.43565288
2012-11-20 19:00:00+00:00,0.47108373
2012-11-20 20:00:00+00:00,0.49037109999999995
2012-11-20 21:00:00+00:00,0.3567641
2012-11-20 22:00:00+00:00,0.026505586
2012-11-20 23:00:00+00:00,0.0
2012-11-21 00:00:00+00:00,0.0
2012-11-21 01:00:00+00:00,0.0
2012-11-21 02:00:00+00:00,0.0
2012-11-21 03:00:00+00:00,0.0
2012-11-21 04:00:00+00:00,0.0
2012-11-21 05:00:00+00:00,0.0
2012-11-21 06:00:00+00:00,0.0
2012-11-21 07:00:00+00:00,0.0
2012-11-21 08:00:00+00:00,0.0
2012-11-21 09:00:00+00:00,0.0
2012-11-21 10:00:00+00:00,0.0
2012-11-21 11:00:00+00:00,0.0
2012-11-21 12:00:00+00:00,0.0
2012-11-21 13:00:00+00:00,0.11182407
2012-11-21 14:00:00+00:00,0.4412132
2012-11-21 15:00:00+00:00,0.5334511
2012-11-21 16:00:00+00:00,0.4955812
2012-11-21 17:00:00+00:00,0.45299232
2012-11-21 18:00:00+00:00,0.45416626
2012-11-21 19:00:00+00:00,0.49487045
2012-11-21 20:00:00+00:00,0.47142544
2012-11-21 21:00:00+00:00,0.25813904
2012-11-21 22:00:00+00:00,0.012854746
2012-11-21 23:00:00+00:00,0.0
2012-11-22 00:00:00+00:00,0.0
2012-11-22 01:00:00+00:00,0.0
2012-11-22 02:00:00+00:00,0.0
2012-11-22 03:00:00+00:00,0.0
2012-11-22 04:00:00+00:00,0.0
2012-11-22 05:00:00+00:00,0.0
2012-11-22 06:00:00+00:00,0.0
2012-11-22 07:00:00+00:00,0.0
2012-11-22 08:00:00+00:00,0.0
2012-11-22 09:00:00+00:00,0.0
2012-11-22 10:00:00+00:00,0.0
2012-11-22 11:00:00+00:00,0.0
2012-11-22 12:00:00+00:00,0.0
2012-11-22 13:00:00+00:00,0.0011959762
2012-11-22 14:00:00+00:00,0.048132382
2012-11-22 15:00:00+00:00,0.04779696
2012-11-22 16:00:00+00:00,0.14512607
2012-11-22 17:00:00+00:00,0.474109
2012-11-22 18:00:00+00:00,0.47988293
2012-11-22 19:00:00+00:00,0.5234143
2012-11-22 20:00:00+00:00,0.5542709
2012-11-22 21:00:00+00:00,0.38275483
2012-11-22 22:00:00+00:00,0.016647005
2012-11-22 23:00:00+00:00,0.0
2012-11-23 00:00:00+00:00,0.0
2012-11-23 01:00:00+00:00,0.0
2012-11-23 02:00:00+00:00,0.0
2012-11-23 03:00:00+00:00,0.0
2012-11-23 04:00:00+00:00,0.0
2012-11-23 05:00:00+00:00,0.0
2012-11-23 06:00:00+00:00,0.0
2012-11-23 07:00:00+00:00,0.0
2012-11-23 08:00:00+00:00,0.0
2012-11-23 09:00:00+00:00,0.0
2012-11-23 10:00:00+00:00,0.0
2012-11-23 11:00:00+00:00,0.0
2012-11-23 12:00:00+00:00,0.0
2012-11-23 13:00:00+00:00,0.03954152
2012-11-23 14:00:00+00:00,0.18385953
2012-11-23 15:00:00+00:00,0.26485825
2012-11-23 16:00:00+00:00,0.32974863
2012-11-23 17:00:00+00:00,0.3847879
2012-11-23 18:00:00+00:00,0.42897326
2012-11-23 19:00:00+00:00,0.52800214
2012-11-23 20:00:00+00:00,0.55408776
2012-11-23 21:00:00+00:00,0.40120918
2012-11-23 22:00:00+00:00,0.010939408000000001
2012-11-23 23:00:00+00:00,0.0
2012-11-24 00:00:00+00:00,0.0
2012-11-24 01:00:00+00:00,0.0
2012-11-24 02:00:00+00:00,0.0
2012-11-24 03:00:00+00:00,0.0
2012-11-24 04:00:00+00:00,0.0
2012-11-24 05:00:00+00:00,0.0
2012-11-24 06:00:00+00:00,0.0
2012-11-24 07:00:00+00:00,0.0
2012-11-24 08:00:00+00:00,0.0
2012-11-24 09:00:00+00:00,0.0
2012-11-24 10:00:00+00:00,0.0
2012-11-24 11:00:00+00:00,0.0
2012-11-24 12:00:00+00:00,0.0
2012-11-24 13:00:00+00:00,0.032342505
2012-11-24 14:00:00+00:00,0.21643677
2012-11-24 15:00:00+00:00,0.21660936
2012-11-24 16:00:00+00:00,0.3264605
2012-11-24 17:00:00+00:00,0.34050240000000004
2012-11-24 18:00:00+00:00,0.44613904
2012-11-24 19:00:00+00:00,0.33842078
2012-11-24 20:00:00+00:00,0.16046788
2012-11-24 21:00:00+00:00,0.07991135
2012-11-24 22:00:00+00:00,0.0
2012-11-24 23:00:00+00:00,0.0
2012-11-25 00:00:00+00:00,0.0
2012-11-25 01:00:00+00:00,0.0
2012-11-25 02:00:00+00:00,0.0
2012-11-25 03:00:00+00:00,0.0
2012-11-25 04:00:00+00:00,0.0
2012-11-25 05:00:00+00:00,0.0
2012-11-25 06:00:00+00:00,0.0
2012-11-25 07:00:00+00:00,0.0
2012-11-25 08:00:00+00:00,0.0
2012-11-25 09:00:00+00:00,0.0
2012-11-25 10:00:00+00:00,0.0
2012-11-25 11:00:00+00:00,0.0
2012-11-25 12:00:00+00:00,0.0
2012-11-25 13:00:00+00:00,0.07363385
2012-11-25 14:00:00+00:00,0.40549865
2012-11-25 15:00:00+00:00,0.48728338
2012-11-25 16:00:00+00:00,0.16949128
2012-11-25 17:00:00+00:00,0.10416562
2012-11-25 18:00:00+00:00,0.13715348
2012-11-25 19:00:00+00:00,0.040622822999999995
2012-11-25 20:00:00+00:00,0.024174072
2012-11-25 21:00:00+00:00,0.049087394000000006
2012-11-25 22:00:00+00:00,0.0
2012-11-25 23:00:00+00:00,0.0
2012-11-26 00:00:00+00:00,0.0
2012-11-26 01:00:00+00:00,0.0
2012-11-26 02:00:00+00:00,0.0
2012-11-26 03:00:00+00:00,0.0
2012-11-26 04:00:00+00:00,0.0
2012-11-26 05:00:00+00:00,0.0
2012-11-26 06:00:00+00:00,0.0
2012-11-26 07:00:00+00:00,0.0
2012-11-26 08:00:00+00:00,0.0
2012-11-26 09:00:00+00:00,0.0
2012-11-26 10:00:00+00:00,0.0
2012-11-26 11:00:00+00:00,0.0
2012-11-26 12:00:00+00:00,0.0
2012-11-26 13:00:00+00:00,0.0021525484
2012-11-26 14:00:00+00:00,0.09539806
2012-11-26 15:00:00+00:00,0.044501197
2012-11-26 16:00:00+00:00,0.07210036
2012-11-26 17:00:00+00:00,0.16876772
2012-11-26 18:00:00+00:00,0.21063767
2012-11-26 19:00:00+00:00,0.13657498
2012-11-26 20:00:00+00:00,0.11508384
2012-11-26 21:00:00+00:00,0.37932655
2012-11-26 22:00:00+00:00,0.0
2012-11-26 23:00:00+00:00,0.0
2012-11-27 00:00:00+00:00,0.0
2012-11-27 01:00:00+00:00,0.0
2012-11-27 02:00:00+00:00,0.0
2012-11-27 03:00:00+00:00,0.0
2012-11-27 04:00:00+00:00,0.0
2012-11-27 05:00:00+00:00,0.0
2012-11-27 06:00:00+00:00,0.0
2012-11-27 07:00:00+00:00,0.0
2012-11-27 08:00:00+00:00,0.0
2012-11-27 09:00:00+00:00,0.0
2012-11-27 10:00:00+00:00,0.0
2012-11-27 11:00:00+00:00,0.0
2012-11-27 12:00:00+00:00,0.0
2012-11-27 13:00:00+00:00,0.058343782999999996
2012-11-27 14:00:00+00:00,0.39738572
2012-11-27 15:00:00+00:00,0.53401464
2012-11-27 16:00:00+00:00,0.5020992999999999
2012-11-27 17:00:00+00:00,0.460229
2012-11-27 18:00:00+00:00,0.4631607
2012-11-27 19:00:00+00:00,0.5068594
2012-11-27 20:00:00+00:00,0.53062946
2012-11-27 21:00:00+00:00,0.37889472
2012-11-27 22:00:00+00:00,0.0
2012-11-27 23:00:00+00:00,0.0
2012-11-28 00:00:00+00:00,0.0
2012-11-28 01:00:00+00:00,0.0
2012-11-28 02:00:00+00:00,0.0
2012-11-28 03:00:00+00:00,0.0
2012-11-28 04:00:00+00:00,0.0
2012-11-28 05:00:00+00:00,0.0
2012-11-28 06:00:00+00:00,0.0
2012-11-28 07:00:00+00:00,0.0
2012-11-28 08:00:00+00:00,0.0
2012-11-28 09:00:00+00:00,0.0
2012-11-28 10:00:00+00:00,0.0
2012-11-28 11:00:00+00:00,0.0
2012-11-28 12:00:00+00:00,0.0
2012-11-28 13:00:00+00:00,0.048893042000000005
2012-11-28 14:00:00+00:00,0.41305798
2012-11-28 15:00:00+00:00,0.5382134
2012-11-28 16:00:00+00:00,0.5014946
2012-11-28 17:00:00+00:00,0.4542090999999999
2012-11-28 18:00:00+00:00,0.45200968
2012-11-28 19:00:00+00:00,0.49142364
2012-11-28 20:00:00+00:00,0.5077241
2012-11-28 21:00:00+00:00,0.19292887
2012-11-28 22:00:00+00:00,0.0
2012-11-28 23:00:00+00:00,0.0
2012-11-29 00:00:00+00:00,0.0
2012-11-29 01:00:00+00:00,0.0
2012-11-29 02:00:00+00:00,0.0
2012-11-29 03:00:00+00:00,0.0
2012-11-29 04:00:00+00:00,0.0
2012-11-29 05:00:00+00:00,0.0
2012-11-29 06:00:00+00:00,0.0
2012-11-29 07:00:00+00:00,0.0
2012-11-29 08:00:00+00:00,0.0
2012-11-29 09:00:00+00:00,0.0
2012-11-29 10:00:00+00:00,0.0
2012-11-29 11:00:00+00:00,0.0
2012-11-29 12:00:00+00:00,0.0
2012-11-29 13:00:00+00:00,0.033560578
2012-11-29 14:00:00+00:00,0.37224016
2012-11-29 15:00:00+00:00,0.49839750000000005
2012-11-29 16:00:00+00:00,0.37611726
2012-11-29 17:00:00+00:00,0.43254173
2012-11-29 18:00:00+00:00,0.43190965
2012-11-29 19:00:00+00:00,0.4660675
2012-11-29 20:00:00+00:00,0.28190595
2012-11-29 21:00:00+00:00,0.32671684
2012-11-29 22:00:00+00:00,0.0
2012-11-29 23:00:00+00:00,0.0
2012-11-30 00:00:00+00:00,0.0
2012-11-30 01:00:00+00:00,0.0
2012-11-30 02:00:00+00:00,0.0
2012-11-30 03:00:00+00:00,0.0
2012-11-30 04:00:00+00:00,0.0
2012-11-30 05:00:00+00:00,0.0
2012-11-30 06:00:00+00:00,0.0
2012-11-30 07:00:00+00:00,0.0
2012-11-30 08:00:00+00:00,0.0
2012-11-30 09:00:00+00:00,0.0
2012-11-30 10:00:00+00:00,0.0
2012-11-30 11:00:00+00:00,0.0
2012-11-30 12:00:00+00:00,0.0
2012-11-30 13:00:00+00:00,0.006195455999999999
2012-11-30 14:00:00+00:00,0.09411737
2012-11-30 15:00:00+00:00,0.12152298
2012-11-30 16:00:00+00:00,0.19515263
2012-11-30 17:00:00+00:00,0.28176928
2012-11-30 18:00:00+00:00,0.3339572
2012-11-30 19:00:00+00:00,0.43484166
2012-11-30 20:00:00+00:00,0.29335618
2012-11-30 21:00:00+00:00,0.29832378
2012-11-30 22:00:00+00:00,0.0
2012-11-30 23:00:00+00:00,0.0
2012-12-01 00:00:00+00:00,0.0
2012-12-01 01:00:00+00:00,0.0
2012-12-01 02:00:00+00:00,0.0
2012-12-01 03:00:00+00:00,0.0
2012-12-01 04:00:00+00:00,0.0
2012-12-01 05:00:00+00:00,0.0
2012-12-01 06:00:00+00:00,0.0
2012-12-01 07:00:00+00:00,0.0
2012-12-01 08:00:00+00:00,0.0
2012-12-01 09:00:00+00:00,0.0
2012-12-01 10:00:00+00:00,0.0
2012-12-01 11:00:00+00:00,0.0
2012-12-01 12:00:00+00:00,0.0
2012-12-01 13:00:00+00:00,0.0049189115
2012-12-01 14:00:00+00:00,0.24947779999999997
2012-12-01 15:00:00+00:00,0.17493978
2012-12-01 16:00:00+00:00,0.08552305
2012-12-01 17:00:00+00:00,0.09699475
2012-12-01 18:00:00+00:00,0.013605638
2012-12-01 19:00:00+00:00,0.049449495999999996
2012-12-01 20:00:00+00:00,0.10215467
2012-12-01 21:00:00+00:00,0.12470835400000001
2012-12-01 22:00:00+00:00,0.0
2012-12-01 23:00:00+00:00,0.0
2012-12-02 00:00:00+00:00,0.0
2012-12-02 01:00:00+00:00,0.0
2012-12-02 02:00:00+00:00,0.0
2012-12-02 03:00:00+00:00,0.0
2012-12-02 04:00:00+00:00,0.0
2012-12-02 05:00:00+00:00,0.0
2012-12-02 06:00:00+00:00,0.0
2012-12-02 07:00:00+00:00,0.0
2012-12-02 08:00:00+00:00,0.0
2012-12-02 09:00:00+00:00,0.0
2012-12-02 10:00:00+00:00,0.0
2012-12-02 11:00:00+00:00,0.0
2012-12-02 12:00:00+00:00,0.0
2012-12-02 13:00:00+00:00,0.00020349586999999998
2012-12-02 14:00:00+00:00,0.1986539
2012-12-02 15:00:00+00:00,0.37653604
2012-12-02 16:00:00+00:00,0.32019904
2012-12-02 17:00:00+00:00,0.301169
2012-12-02 18:00:00+00:00,0.31552485
2012-12-02 19:00:00+00:00,0.33279374
2012-12-02 20:00:00+00:00,0.42843378
2012-12-02 21:00:00+00:00,0.14947863
2012-12-02 22:00:00+00:00,0.0
2012-12-02 23:00:00+00:00,0.0
2012-12-03 00:00:00+00:00,0.0
2012-12-03 01:00:00+00:00,0.0
2012-12-03 02:00:00+00:00,0.0
2012-12-03 03:00:00+00:00,0.0
2012-12-03 04:00:00+00:00,0.0
2012-12-03 05:00:00+00:00,0.0
2012-12-03 06:00:00+00:00,0.0
2012-12-03 07:00:00+00:00,0.0
2012-12-03 08:00:00+00:00,0.0
2012-12-03 09:00:00+00:00,0.0
2012-12-03 10:00:00+00:00,0.0
2012-12-03 11:00:00+00:00,0.0
2012-12-03 12:00:00+00:00,0.0
2012-12-03 13:00:00+00:00,0.0
2012-12-03 14:00:00+00:00,0.03330783
2012-12-03 15:00:00+00:00,0.020488778
2012-12-03 16:00:00+00:00,0.08169039
2012-12-03 17:00:00+00:00,0.06352133
2012-12-03 18:00:00+00:00,0.046911287999999995
2012-12-03 19:00:00+00:00,0.010328074
2012-12-03 20:00:00+00:00,0.039671358
2012-12-03 21:00:00+00:00,0.032684173
2012-12-03 22:00:00+00:00,0.0
2012-12-03 23:00:00+00:00,0.0
2012-12-04 00:00:00+00:00,0.0
2012-12-04 01:00:00+00:00,0.0
2012-12-04 02:00:00+00:00,0.0
2012-12-04 03:00:00+00:00,0.0
2012-12-04 04:00:00+00:00,0.0
2012-12-04 05:00:00+00:00,0.0
2012-12-04 06:00:00+00:00,0.0
2012-12-04 07:00:00+00:00,0.0
2012-12-04 08:00:00+00:00,0.0
2012-12-04 09:00:00+00:00,0.0
2012-12-04 10:00:00+00:00,0.0
2012-12-04 11:00:00+00:00,0.0
2012-12-04 12:00:00+00:00,0.0
2012-12-04 13:00:00+00:00,0.0
2012-12-04 14:00:00+00:00,0.36334740000000004
2012-12-04 15:00:00+00:00,0.50804186
2012-12-04 16:00:00+00:00,0.47574013
2012-12-04 17:00:00+00:00,0.43316233
2012-12-04 18:00:00+00:00,0.43405962
2012-12-04 19:00:00+00:00,0.47845167
2012-12-04 20:00:00+00:00,0.51143205
2012-12-04 21:00:00+00:00,0.36585334
2012-12-04 22:00:00+00:00,0.0
2012-12-04 23:00:00+00:00,0.0
2012-12-05 00:00:00+00:00,0.0
2012-12-05 01:00:00+00:00,0.0
2012-12-05 02:00:00+00:00,0.0
2012-12-05 03:00:00+00:00,0.0
2012-12-05 04:00:00+00:00,0.0
2012-12-05 05:00:00+00:00,0.0
2012-12-05 06:00:00+00:00,0.0
2012-12-05 07:00:00+00:00,0.0
2012-12-05 08:00:00+00:00,0.0
2012-12-05 09:00:00+00:00,0.0
2012-12-05 10:00:00+00:00,0.0
2012-12-05 11:00:00+00:00,0.0
2012-12-05 12:00:00+00:00,0.0
2012-12-05 13:00:00+00:00,0.0
2012-12-05 14:00:00+00:00,0.24959607
2012-12-05 15:00:00+00:00,0.37611187
2012-12-05 16:00:00+00:00,0.30128157
2012-12-05 17:00:00+00:00,0.23900081
2012-12-05 18:00:00+00:00,0.21472489999999997
2012-12-05 19:00:00+00:00,0.21917872
2012-12-05 20:00:00+00:00,0.05104293
2012-12-05 21:00:00+00:00,0.028215333999999998
2012-12-05 22:00:00+00:00,0.0
2012-12-05 23:00:00+00:00,0.0
2012-12-06 00:00:00+00:00,0.0
2012-12-06 01:00:00+00:00,0.0
2012-12-06 02:00:00+00:00,0.0
2012-12-06 03:00:00+00:00,0.0
2012-12-06 04:00:00+00:00,0.0
2012-12-06 05:00:00+00:00,0.0
2012-12-06 06:00:00+00:00,0.0
2012-12-06 07:00:00+00:00,0.0
2012-12-06 08:00:00+00:00,0.0
2012-12-06 09:00:00+00:00,0.0
2012-12-06 10:00:00+00:00,0.0
2012-12-06 11:00:00+00:00,0.0
2012-12-06 12:00:00+00:00,0.0
2012-12-06 13:00:00+00:00,0.0
2012-12-06 14:00:00+00:00,0.009073767
2012-12-06 15:00:00+00:00,0.023527753999999998
2012-12-06 16:00:00+00:00,0.041934595
2012-12-06 17:00:00+00:00,0.09169079
2012-12-06 18:00:00+00:00,0.1141349
2012-12-06 19:00:00+00:00,0.080927916
2012-12-06 20:00:00+00:00,0.048289105
2012-12-06 21:00:00+00:00,0.024768277999999998
2012-12-06 22:00:00+00:00,0.0
2012-12-06 23:00:00+00:00,0.0
2012-12-07 00:00:00+00:00,0.0
2012-12-07 01:00:00+00:00,0.0
2012-12-07 02:00:00+00:00,0.0
2012-12-07 03:00:00+00:00,0.0
2012-12-07 04:00:00+00:00,0.0
2012-12-07 05:00:00+00:00,0.0
2012-12-07 06:00:00+00:00,0.0
2012-12-07 07:00:00+00:00,0.0
2012-12-07 08:00:00+00:00,0.0
2012-12-07 09:00:00+00:00,0.0
2012-12-07 10:00:00+00:00,0.0
2012-12-07 11:00:00+00:00,0.0
2012-12-07 12:00:00+00:00,0.0
2012-12-07 13:00:00+00:00,0.0
2012-12-07 14:00:00+00:00,0.0055541685
2012-12-07 15:00:00+00:00,0.0480669
2012-12-07 16:00:00+00:00,0.09842074
2012-12-07 17:00:00+00:00,0.06703423
2012-12-07 18:00:00+00:00,0.096925505
2012-12-07 19:00:00+00:00,0.11421991
2012-12-07 20:00:00+00:00,0.1709608
2012-12-07 21:00:00+00:00,0.057185248
2012-12-07 22:00:00+00:00,0.0
2012-12-07 23:00:00+00:00,0.0
2012-12-08 00:00:00+00:00,0.0
2012-12-08 01:00:00+00:00,0.0
2012-12-08 02:00:00+00:00,0.0
2012-12-08 03:00:00+00:00,0.0
2012-12-08 04:00:00+00:00,0.0
2012-12-08 05:00:00+00:00,0.0
2012-12-08 06:00:00+00:00,0.0
2012-12-08 07:00:00+00:00,0.0
2012-12-08 08:00:00+00:00,0.0
2012-12-08 09:00:00+00:00,0.0
2012-12-08 10:00:00+00:00,0.0
2012-12-08 11:00:00+00:00,0.0
2012-12-08 12:00:00+00:00,0.0
2012-12-08 13:00:00+00:00,0.0
2012-12-08 14:00:00+00:00,0.013807713000000001
2012-12-08 15:00:00+00:00,0.051539615
2012-12-08 16:00:00+00:00,0.14904179
2012-12-08 17:00:00+00:00,0.10743447
2012-12-08 18:00:00+00:00,0.059598982
2012-12-08 19:00:00+00:00,0.09118545
2012-12-08 20:00:00+00:00,0.031233022000000003
2012-12-08 21:00:00+00:00,0.08073722
2012-12-08 22:00:00+00:00,0.0
2012-12-08 23:00:00+00:00,0.0
2012-12-09 00:00:00+00:00,0.0
2012-12-09 01:00:00+00:00,0.0
2012-12-09 02:00:00+00:00,0.0
2012-12-09 03:00:00+00:00,0.0
2012-12-09 04:00:00+00:00,0.0
2012-12-09 05:00:00+00:00,0.0
2012-12-09 06:00:00+00:00,0.0
2012-12-09 07:00:00+00:00,0.0
2012-12-09 08:00:00+00:00,0.0
2012-12-09 09:00:00+00:00,0.0
2012-12-09 10:00:00+00:00,0.0
2012-12-09 11:00:00+00:00,0.0
2012-12-09 12:00:00+00:00,0.0
2012-12-09 13:00:00+00:00,0.0
2012-12-09 14:00:00+00:00,0.0002339761
2012-12-09 15:00:00+00:00,0.03411652
2012-12-09 16:00:00+00:00,0.037235327
2012-12-09 17:00:00+00:00,0.10883506
2012-12-09 18:00:00+00:00,0.080038525
2012-12-09 19:00:00+00:00,0.06318582
2012-12-09 20:00:00+00:00,0.029779398999999998
2012-12-09 21:00:00+00:00,0.011375743
2012-12-09 22:00:00+00:00,0.0
2012-12-09 23:00:00+00:00,0.0
2012-12-10 00:00:00+00:00,0.0
2012-12-10 01:00:00+00:00,0.0
2012-12-10 02:00:00+00:00,0.0
2012-12-10 03:00:00+00:00,0.0
2012-12-10 04:00:00+00:00,0.0
2012-12-10 05:00:00+00:00,0.0
2012-12-10 06:00:00+00:00,0.0
2012-12-10 07:00:00+00:00,0.0
2012-12-10 08:00:00+00:00,0.0
2012-12-10 09:00:00+00:00,0.0
2012-12-10 10:00:00+00:00,0.0
2012-12-10 11:00:00+00:00,0.0
2012-12-10 12:00:00+00:00,0.0
2012-12-10 13:00:00+00:00,0.0
2012-12-10 14:00:00+00:00,0.0122573525
2012-12-10 15:00:00+00:00,0.07142279
2012-12-10 16:00:00+00:00,0.10690997
2012-12-10 17:00:00+00:00,0.11663991
2012-12-10 18:00:00+00:00,0.15264045
2012-12-10 19:00:00+00:00,0.33174235
2012-12-10 20:00:00+00:00,0.51610106
2012-12-10 21:00:00+00:00,0.36527637
2012-12-10 22:00:00+00:00,0.0
2012-12-10 23:00:00+00:00,0.0
2012-12-11 00:00:00+00:00,0.0
2012-12-11 01:00:00+00:00,0.0
2012-12-11 02:00:00+00:00,0.0
2012-12-11 03:00:00+00:00,0.0
2012-12-11 04:00:00+00:00,0.0
2012-12-11 05:00:00+00:00,0.0
2012-12-11 06:00:00+00:00,0.0
2012-12-11 07:00:00+00:00,0.0
2012-12-11 08:00:00+00:00,0.0
2012-12-11 09:00:00+00:00,0.0
2012-12-11 10:00:00+00:00,0.0
2012-12-11 11:00:00+00:00,0.0
2012-12-11 12:00:00+00:00,0.0
2012-12-11 13:00:00+00:00,0.0
2012-12-11 14:00:00+00:00,0.35058224
2012-12-11 15:00:00+00:00,0.5278206
2012-12-11 16:00:00+00:00,0.49467266
2012-12-11 17:00:00+00:00,0.44414768
2012-12-11 18:00:00+00:00,0.44051850000000004
2012-12-11 19:00:00+00:00,0.48569670000000004
2012-12-11 20:00:00+00:00,0.523079
2012-12-11 21:00:00+00:00,0.38010457
2012-12-11 22:00:00+00:00,0.0
2012-12-11 23:00:00+00:00,0.0
2012-12-12 00:00:00+00:00,0.0
2012-12-12 01:00:00+00:00,0.0
2012-12-12 02:00:00+00:00,0.0
2012-12-12 03:00:00+00:00,0.0
2012-12-12 04:00:00+00:00,0.0
2012-12-12 05:00:00+00:00,0.0
2012-12-12 06:00:00+00:00,0.0
2012-12-12 07:00:00+00:00,0.0
2012-12-12 08:00:00+00:00,0.0
2012-12-12 09:00:00+00:00,0.0
2012-12-12 10:00:00+00:00,0.0
2012-12-12 11:00:00+00:00,0.0
2012-12-12 12:00:00+00:00,0.0
2012-12-12 13:00:00+00:00,0.0
2012-12-12 14:00:00+00:00,0.35226333
2012-12-12 15:00:00+00:00,0.5283379
2012-12-12 16:00:00+00:00,0.49099955
2012-12-12 17:00:00+00:00,0.43894604
2012-12-12 18:00:00+00:00,0.43403777
2012-12-12 19:00:00+00:00,0.47825944
2012-12-12 20:00:00+00:00,0.5119284000000001
2012-12-12 21:00:00+00:00,0.38050157
2012-12-12 22:00:00+00:00,0.0
2012-12-12 23:00:00+00:00,0.0
2012-12-13 00:00:00+00:00,0.0
2012-12-13 01:00:00+00:00,0.0
2012-12-13 02:00:00+00:00,0.0
2012-12-13 03:00:00+00:00,0.0
2012-12-13 04:00:00+00:00,0.0
2012-12-13 05:00:00+00:00,0.0
2012-12-13 06:00:00+00:00,0.0
2012-12-13 07:00:00+00:00,0.0
2012-12-13 08:00:00+00:00,0.0
2012-12-13 09:00:00+00:00,0.0
2012-12-13 10:00:00+00:00,0.0
2012-12-13 11:00:00+00:00,0.0
2012-12-13 12:00:00+00:00,0.0
2012-12-13 13:00:00+00:00,0.0
2012-12-13 14:00:00+00:00,0.35168722
2012-12-13 15:00:00+00:00,0.523246
2012-12-13 16:00:00+00:00,0.49003705
2012-12-13 17:00:00+00:00,0.43749040000000006
2012-12-13 18:00:00+00:00,0.43022278
2012-12-13 19:00:00+00:00,0.43998435
2012-12-13 20:00:00+00:00,0.37536094
2012-12-13 21:00:00+00:00,0.31172907
2012-12-13 22:00:00+00:00,0.0
2012-12-13 23:00:00+00:00,0.0
2012-12-14 00:00:00+00:00,0.0
2012-12-14 01:00:00+00:00,0.0
2012-12-14 02:00:00+00:00,0.0
2012-12-14 03:00:00+00:00,0.0
2012-12-14 04:00:00+00:00,0.0
2012-12-14 05:00:00+00:00,0.0
2012-12-14 06:00:00+00:00,0.0
2012-12-14 07:00:00+00:00,0.0
2012-12-14 08:00:00+00:00,0.0
2012-12-14 09:00:00+00:00,0.0
2012-12-14 10:00:00+00:00,0.0
2012-12-14 11:00:00+00:00,0.0
2012-12-14 12:00:00+00:00,0.0
2012-12-14 13:00:00+00:00,0.0
2012-12-14 14:00:00+00:00,0.04328844
2012-12-14 15:00:00+00:00,0.060687795
2012-12-14 16:00:00+00:00,0.13087386
2012-12-14 17:00:00+00:00,0.085645735
2012-12-14 18:00:00+00:00,0.19879547
2012-12-14 19:00:00+00:00,0.13934189
2012-12-14 20:00:00+00:00,0.04673361
2012-12-14 21:00:00+00:00,0.06340972
2012-12-14 22:00:00+00:00,0.0
2012-12-14 23:00:00+00:00,0.0
2012-12-15 00:00:00+00:00,0.0
2012-12-15 01:00:00+00:00,0.0
2012-12-15 02:00:00+00:00,0.0
2012-12-15 03:00:00+00:00,0.0
2012-12-15 04:00:00+00:00,0.0
2012-12-15 05:00:00+00:00,0.0
2012-12-15 06:00:00+00:00,0.0
2012-12-15 07:00:00+00:00,0.0
2012-12-15 08:00:00+00:00,0.0
2012-12-15 09:00:00+00:00,0.0
2012-12-15 10:00:00+00:00,0.0
2012-12-15 11:00:00+00:00,0.0
2012-12-15 12:00:00+00:00,0.0
2012-12-15 13:00:00+00:00,0.0
2012-12-15 14:00:00+00:00,0.06837247
2012-12-15 15:00:00+00:00,0.07082234
2012-12-15 16:00:00+00:00,0.075738475
2012-12-15 17:00:00+00:00,0.13190766
2012-12-15 18:00:00+00:00,0.21893352
2012-12-15 19:00:00+00:00,0.10476646
2012-12-15 20:00:00+00:00,0.08920443
2012-12-15 21:00:00+00:00,0.03881369
2012-12-15 22:00:00+00:00,0.0
2012-12-15 23:00:00+00:00,0.0
2012-12-16 00:00:00+00:00,0.0
2012-12-16 01:00:00+00:00,0.0
2012-12-16 02:00:00+00:00,0.0
2012-12-16 03:00:00+00:00,0.0
2012-12-16 04:00:00+00:00,0.0
2012-12-16 05:00:00+00:00,0.0
2012-12-16 06:00:00+00:00,0.0
2012-12-16 07:00:00+00:00,0.0
2012-12-16 08:00:00+00:00,0.0
2012-12-16 09:00:00+00:00,0.0
2012-12-16 10:00:00+00:00,0.0
2012-12-16 11:00:00+00:00,0.0
2012-12-16 12:00:00+00:00,0.0
2012-12-16 13:00:00+00:00,0.0
2012-12-16 14:00:00+00:00,0.0022955632
2012-12-16 15:00:00+00:00,0.054819386
2012-12-16 16:00:00+00:00,0.07237389999999999
2012-12-16 17:00:00+00:00,0.2906222
2012-12-16 18:00:00+00:00,0.25228524
2012-12-16 19:00:00+00:00,0.34641936
2012-12-16 20:00:00+00:00,0.21176888
2012-12-16 21:00:00+00:00,0.005616863299999999
2012-12-16 22:00:00+00:00,0.0
2012-12-16 23:00:00+00:00,0.0
2012-12-17 00:00:00+00:00,0.0
2012-12-17 01:00:00+00:00,0.0
2012-12-17 02:00:00+00:00,0.0
2012-12-17 03:00:00+00:00,0.0
2012-12-17 04:00:00+00:00,0.0
2012-12-17 05:00:00+00:00,0.0
2012-12-17 06:00:00+00:00,0.0
2012-12-17 07:00:00+00:00,0.0
2012-12-17 08:00:00+00:00,0.0
2012-12-17 09:00:00+00:00,0.0
2012-12-17 10:00:00+00:00,0.0
2012-12-17 11:00:00+00:00,0.0
2012-12-17 12:00:00+00:00,0.0
2012-12-17 13:00:00+00:00,0.0
2012-12-17 14:00:00+00:00,0.25836214
2012-12-17 15:00:00+00:00,0.035867076
2012-12-17 16:00:00+00:00,0.049377866
2012-12-17 17:00:00+00:00,0.07024122
2012-12-17 18:00:00+00:00,0.21625948
2012-12-17 19:00:00+00:00,0.19362521
2012-12-17 20:00:00+00:00,0.49104095
2012-12-17 21:00:00+00:00,0.35134786
2012-12-17 22:00:00+00:00,0.000696143
2012-12-17 23:00:00+00:00,0.0
2012-12-18 00:00:00+00:00,0.0
2012-12-18 01:00:00+00:00,0.0
2012-12-18 02:00:00+00:00,0.0
2012-12-18 03:00:00+00:00,0.0
2012-12-18 04:00:00+00:00,0.0
2012-12-18 05:00:00+00:00,0.0
2012-12-18 06:00:00+00:00,0.0
2012-12-18 07:00:00+00:00,0.0
2012-12-18 08:00:00+00:00,0.0
2012-12-18 09:00:00+00:00,0.0
2012-12-18 10:00:00+00:00,0.0
2012-12-18 11:00:00+00:00,0.0
2012-12-18 12:00:00+00:00,0.0
2012-12-18 13:00:00+00:00,0.0
2012-12-18 14:00:00+00:00,0.17917417
2012-12-18 15:00:00+00:00,0.32541516
2012-12-18 16:00:00+00:00,0.36867568
2012-12-18 17:00:00+00:00,0.35147628
2012-12-18 18:00:00+00:00,0.3600812
2012-12-18 19:00:00+00:00,0.45364594
2012-12-18 20:00:00+00:00,0.3881604
2012-12-18 21:00:00+00:00,0.19537449
2012-12-18 22:00:00+00:00,0.0
2012-12-18 23:00:00+00:00,0.0
2012-12-19 00:00:00+00:00,0.0
2012-12-19 01:00:00+00:00,0.0
2012-12-19 02:00:00+00:00,0.0
2012-12-19 03:00:00+00:00,0.0
2012-12-19 04:00:00+00:00,0.0
2012-12-19 05:00:00+00:00,0.0
2012-12-19 06:00:00+00:00,0.0
2012-12-19 07:00:00+00:00,0.0
2012-12-19 08:00:00+00:00,0.0
2012-12-19 09:00:00+00:00,0.0
2012-12-19 10:00:00+00:00,0.0
2012-12-19 11:00:00+00:00,0.0
2012-12-19 12:00:00+00:00,0.0
2012-12-19 13:00:00+00:00,0.0
2012-12-19 14:00:00+00:00,0.00528981
2012-12-19 15:00:00+00:00,0.007229299000000001
2012-12-19 16:00:00+00:00,0.025220417999999998
2012-12-19 17:00:00+00:00,0.046900917
2012-12-19 18:00:00+00:00,0.042428546
2012-12-19 19:00:00+00:00,0.14617378
2012-12-19 20:00:00+00:00,0.027426067999999998
2012-12-19 21:00:00+00:00,0.0021864518
2012-12-19 22:00:00+00:00,0.0028964025
2012-12-19 23:00:00+00:00,0.0
2012-12-20 00:00:00+00:00,0.0
2012-12-20 01:00:00+00:00,0.0
2012-12-20 02:00:00+00:00,0.0
2012-12-20 03:00:00+00:00,0.0
2012-12-20 04:00:00+00:00,0.0
2012-12-20 05:00:00+00:00,0.0
2012-12-20 06:00:00+00:00,0.0
2012-12-20 07:00:00+00:00,0.0
2012-12-20 08:00:00+00:00,0.0
2012-12-20 09:00:00+00:00,0.0
2012-12-20 10:00:00+00:00,0.0
2012-12-20 11:00:00+00:00,0.0
2012-12-20 12:00:00+00:00,0.0
2012-12-20 13:00:00+00:00,0.0
2012-12-20 14:00:00+00:00,0.016454402
2012-12-20 15:00:00+00:00,0.07421601
2012-12-20 16:00:00+00:00,0.07230094
2012-12-20 17:00:00+00:00,0.10511648
2012-12-20 18:00:00+00:00,0.19167152
2012-12-20 19:00:00+00:00,0.15898466
2012-12-20 20:00:00+00:00,0.07708201
2012-12-20 21:00:00+00:00,0.18310578
2012-12-20 22:00:00+00:00,0.018225871
2012-12-20 23:00:00+00:00,0.0
2012-12-21 00:00:00+00:00,0.0
2012-12-21 01:00:00+00:00,0.0
2012-12-21 02:00:00+00:00,0.0
2012-12-21 03:00:00+00:00,0.0
2012-12-21 04:00:00+00:00,0.0
2012-12-21 05:00:00+00:00,0.0
2012-12-21 06:00:00+00:00,0.0
2012-12-21 07:00:00+00:00,0.0
2012-12-21 08:00:00+00:00,0.0
2012-12-21 09:00:00+00:00,0.0
2012-12-21 10:00:00+00:00,0.0
2012-12-21 11:00:00+00:00,0.0
2012-12-21 12:00:00+00:00,0.0
2012-12-21 13:00:00+00:00,0.0
2012-12-21 14:00:00+00:00,0.32201406
2012-12-21 15:00:00+00:00,0.53250927
2012-12-21 16:00:00+00:00,0.5025455
2012-12-21 17:00:00+00:00,0.45093286
2012-12-21 18:00:00+00:00,0.43998912
2012-12-21 19:00:00+00:00,0.48170832
2012-12-21 20:00:00+00:00,0.521505
2012-12-21 21:00:00+00:00,0.39603576
2012-12-21 22:00:00+00:00,0.025463855
2012-12-21 23:00:00+00:00,0.0
2012-12-22 00:00:00+00:00,0.0
2012-12-22 01:00:00+00:00,0.0
2012-12-22 02:00:00+00:00,0.0
2012-12-22 03:00:00+00:00,0.0
2012-12-22 04:00:00+00:00,0.0
2012-12-22 05:00:00+00:00,0.0
2012-12-22 06:00:00+00:00,0.0
2012-12-22 07:00:00+00:00,0.0
2012-12-22 08:00:00+00:00,0.0
2012-12-22 09:00:00+00:00,0.0
2012-12-22 10:00:00+00:00,0.0
2012-12-22 11:00:00+00:00,0.0
2012-12-22 12:00:00+00:00,0.0
2012-12-22 13:00:00+00:00,0.0
2012-12-22 14:00:00+00:00,0.14891702
2012-12-22 15:00:00+00:00,0.17991346
2012-12-22 16:00:00+00:00,0.15727833
2012-12-22 17:00:00+00:00,0.31660703
2012-12-22 18:00:00+00:00,0.35234633
2012-12-22 19:00:00+00:00,0.44649896
2012-12-22 20:00:00+00:00,0.47147903
2012-12-22 21:00:00+00:00,0.30130532
2012-12-22 22:00:00+00:00,0.021489783999999998
2012-12-22 23:00:00+00:00,0.0
2012-12-23 00:00:00+00:00,0.0
2012-12-23 01:00:00+00:00,0.0
2012-12-23 02:00:00+00:00,0.0
2012-12-23 03:00:00+00:00,0.0
2012-12-23 04:00:00+00:00,0.0
2012-12-23 05:00:00+00:00,0.0
2012-12-23 06:00:00+00:00,0.0
2012-12-23 07:00:00+00:00,0.0
2012-12-23 08:00:00+00:00,0.0
2012-12-23 09:00:00+00:00,0.0
2012-12-23 10:00:00+00:00,0.0
2012-12-23 11:00:00+00:00,0.0
2012-12-23 12:00:00+00:00,0.0
2012-12-23 13:00:00+00:00,0.0
2012-12-23 14:00:00+00:00,0.017616978000000002
2012-12-23 15:00:00+00:00,0.022551328
2012-12-23 16:00:00+00:00,0.030214585
2012-12-23 17:00:00+00:00,0.06407867
2012-12-23 18:00:00+00:00,0.08090189
2012-12-23 19:00:00+00:00,0.09007786
2012-12-23 20:00:00+00:00,0.05282443
2012-12-23 21:00:00+00:00,0.034539416
2012-12-23 22:00:00+00:00,0.0074747343999999995
2012-12-23 23:00:00+00:00,0.0
2012-12-24 00:00:00+00:00,0.0
2012-12-24 01:00:00+00:00,0.0
2012-12-24 02:00:00+00:00,0.0
2012-12-24 03:00:00+00:00,0.0
2012-12-24 04:00:00+00:00,0.0
2012-12-24 05:00:00+00:00,0.0
2012-12-24 06:00:00+00:00,0.0
2012-12-24 07:00:00+00:00,0.0
2012-12-24 08:00:00+00:00,0.0
2012-12-24 09:00:00+00:00,0.0
2012-12-24 10:00:00+00:00,0.0
2012-12-24 11:00:00+00:00,0.0
2012-12-24 12:00:00+00:00,0.0
2012-12-24 13:00:00+00:00,0.0
2012-12-24 14:00:00+00:00,0.07143614400000001
2012-12-24 15:00:00+00:00,0.093718655
2012-12-24 16:00:00+00:00,0.20867965
2012-12-24 17:00:00+00:00,0.1598655
2012-12-24 18:00:00+00:00,0.1416967
2012-12-24 19:00:00+00:00,0.19423984
2012-12-24 20:00:00+00:00,0.19639525
2012-12-24 21:00:00+00:00,0.07429795
2012-12-24 22:00:00+00:00,0.0012202881
2012-12-24 23:00:00+00:00,0.0
2012-12-25 00:00:00+00:00,0.0
2012-12-25 01:00:00+00:00,0.0
2012-12-25 02:00:00+00:00,0.0
2012-12-25 03:00:00+00:00,0.0
2012-12-25 04:00:00+00:00,0.0
2012-12-25 05:00:00+00:00,0.0
2012-12-25 06:00:00+00:00,0.0
2012-12-25 07:00:00+00:00,0.0
2012-12-25 08:00:00+00:00,0.0
2012-12-25 09:00:00+00:00,0.0
2012-12-25 10:00:00+00:00,0.0
2012-12-25 11:00:00+00:00,0.0
2012-12-25 12:00:00+00:00,0.0
2012-12-25 13:00:00+00:00,0.0
2012-12-25 14:00:00+00:00,0.18356867
2012-12-25 15:00:00+00:00,0.04542173
2012-12-25 16:00:00+00:00,0.022940626000000002
2012-12-25 17:00:00+00:00,0.04414564
2012-12-25 18:00:00+00:00,0.042909354000000004
2012-12-25 19:00:00+00:00,0.024061062999999997
2012-12-25 20:00:00+00:00,0.0075935964
2012-12-25 21:00:00+00:00,0.22299226
2012-12-25 22:00:00+00:00,0.014376554
2012-12-25 23:00:00+00:00,0.0
2012-12-26 00:00:00+00:00,0.0
2012-12-26 01:00:00+00:00,0.0
2012-12-26 02:00:00+00:00,0.0
2012-12-26 03:00:00+00:00,0.0
2012-12-26 04:00:00+00:00,0.0
2012-12-26 05:00:00+00:00,0.0
2012-12-26 06:00:00+00:00,0.0
2012-12-26 07:00:00+00:00,0.0
2012-12-26 08:00:00+00:00,0.0
2012-12-26 09:00:00+00:00,0.0
2012-12-26 10:00:00+00:00,0.0
2012-12-26 11:00:00+00:00,0.0
2012-12-26 12:00:00+00:00,0.0
2012-12-26 13:00:00+00:00,0.0
2012-12-26 14:00:00+00:00,0.016300611
2012-12-26 15:00:00+00:00,0.038207599999999994
2012-12-26 16:00:00+00:00,0.065473646
2012-12-26 17:00:00+00:00,0.09044541
2012-12-26 18:00:00+00:00,0.20632255
2012-12-26 19:00:00+00:00,0.09412715
2012-12-26 20:00:00+00:00,0.037732563999999996
2012-12-26 21:00:00+00:00,0.025829576
2012-12-26 22:00:00+00:00,0.00016051683999999998
2012-12-26 23:00:00+00:00,0.0
2012-12-27 00:00:00+00:00,0.0
2012-12-27 01:00:00+00:00,0.0
2012-12-27 02:00:00+00:00,0.0
2012-12-27 03:00:00+00:00,0.0
2012-12-27 04:00:00+00:00,0.0
2012-12-27 05:00:00+00:00,0.0
2012-12-27 06:00:00+00:00,0.0
2012-12-27 07:00:00+00:00,0.0
2012-12-27 08:00:00+00:00,0.0
2012-12-27 09:00:00+00:00,0.0
2012-12-27 10:00:00+00:00,0.0
2012-12-27 11:00:00+00:00,0.0
2012-12-27 12:00:00+00:00,0.0
2012-12-27 13:00:00+00:00,0.0
2012-12-27 14:00:00+00:00,0.011584388999999999
2012-12-27 15:00:00+00:00,0.11801885
2012-12-27 16:00:00+00:00,0.13419801
2012-12-27 17:00:00+00:00,0.10196249
2012-12-27 18:00:00+00:00,0.2063846
2012-12-27 19:00:00+00:00,0.19542909
2012-12-27 20:00:00+00:00,0.08849888
2012-12-27 21:00:00+00:00,0.11071271
2012-12-27 22:00:00+00:00,0.006852304599999999
2012-12-27 23:00:00+00:00,0.0
2012-12-28 00:00:00+00:00,0.0
2012-12-28 01:00:00+00:00,0.0
2012-12-28 02:00:00+00:00,0.0
2012-12-28 03:00:00+00:00,0.0
2012-12-28 04:00:00+00:00,0.0
2012-12-28 05:00:00+00:00,0.0
2012-12-28 06:00:00+00:00,0.0
2012-12-28 07:00:00+00:00,0.0
2012-12-28 08:00:00+00:00,0.0
2012-12-28 09:00:00+00:00,0.0
2012-12-28 10:00:00+00:00,0.0
2012-12-28 11:00:00+00:00,0.0
2012-12-28 12:00:00+00:00,0.0
2012-12-28 13:00:00+00:00,0.0
2012-12-28 14:00:00+00:00,0.038227412999999995
2012-12-28 15:00:00+00:00,0.039807156
2012-12-28 16:00:00+00:00,0.03986825
2012-12-28 17:00:00+00:00,0.093684666
2012-12-28 18:00:00+00:00,0.08951395
2012-12-28 19:00:00+00:00,0.07917246
2012-12-28 20:00:00+00:00,0.02728934
2012-12-28 21:00:00+00:00,0.038833242000000004
2012-12-28 22:00:00+00:00,0.0048634815
2012-12-28 23:00:00+00:00,0.0
2012-12-29 00:00:00+00:00,0.0
2012-12-29 01:00:00+00:00,0.0
2012-12-29 02:00:00+00:00,0.0
2012-12-29 03:00:00+00:00,0.0
2012-12-29 04:00:00+00:00,0.0
2012-12-29 05:00:00+00:00,0.0
2012-12-29 06:00:00+00:00,0.0
2012-12-29 07:00:00+00:00,0.0
2012-12-29 08:00:00+00:00,0.0
2012-12-29 09:00:00+00:00,0.0
2012-12-29 10:00:00+00:00,0.0
2012-12-29 11:00:00+00:00,0.0
2012-12-29 12:00:00+00:00,0.0
2012-12-29 13:00:00+00:00,0.0
2012-12-29 14:00:00+00:00,0.13397387
2012-12-29 15:00:00+00:00,0.37851295
2012-12-29 16:00:00+00:00,0.52300113
2012-12-29 17:00:00+00:00,0.471555
2012-12-29 18:00:00+00:00,0.45913026
2012-12-29 19:00:00+00:00,0.49846850000000004
2012-12-29 20:00:00+00:00,0.21376006
2012-12-29 21:00:00+00:00,0.048331834000000004
2012-12-29 22:00:00+00:00,0.0036909562
2012-12-29 23:00:00+00:00,0.0
2012-12-30 00:00:00+00:00,0.0
2012-12-30 01:00:00+00:00,0.0
2012-12-30 02:00:00+00:00,0.0
2012-12-30 03:00:00+00:00,0.0
2012-12-30 04:00:00+00:00,0.0
2012-12-30 05:00:00+00:00,0.0
2012-12-30 06:00:00+00:00,0.0
2012-12-30 07:00:00+00:00,0.0
2012-12-30 08:00:00+00:00,0.0
2012-12-30 09:00:00+00:00,0.0
2012-12-30 10:00:00+00:00,0.0
2012-12-30 11:00:00+00:00,0.0
2012-12-30 12:00:00+00:00,0.0
2012-12-30 13:00:00+00:00,0.0
2012-12-30 14:00:00+00:00,0.092206694
2012-12-30 15:00:00+00:00,0.095562495
2012-12-30 16:00:00+00:00,0.09918832
2012-12-30 17:00:00+00:00,0.10801453
2012-12-30 18:00:00+00:00,0.10704872
2012-12-30 19:00:00+00:00,0.17639507
2012-12-30 20:00:00+00:00,0.12637804
2012-12-30 21:00:00+00:00,0.046383999999999995
2012-12-30 22:00:00+00:00,0.0038009271999999996
2012-12-30 23:00:00+00:00,0.0
2012-12-31 00:00:00+00:00,0.0
2012-12-31 01:00:00+00:00,0.0
2012-12-31 02:00:00+00:00,0.0
2012-12-31 03:00:00+00:00,0.0
2012-12-31 04:00:00+00:00,0.0
2012-12-31 05:00:00+00:00,0.0
2012-12-31 06:00:00+00:00,0.0
2012-12-31 07:00:00+00:00,0.0
2012-12-31 08:00:00+00:00,0.0
2012-12-31 09:00:00+00:00,0.0
2012-12-31 10:00:00+00:00,0.0
2012-12-31 11:00:00+00:00,0.0
2012-12-31 12:00:00+00:00,0.0
2012-12-31 13:00:00+00:00,0.0
2012-12-31 14:00:00+00:00,0.29916954
2012-12-31 15:00:00+00:00,0.5258881
2012-12-31 16:00:00+00:00,0.51400983
2012-12-31 17:00:00+00:00,0.33519328
2012-12-31 18:00:00+00:00,0.45216966
2012-12-31 19:00:00+00:00,0.4893733
2012-12-31 20:00:00+00:00,0.5273781999999999
2012-12-31 21:00:00+00:00,0.4411758
2012-12-31 22:00:00+00:00,0.09935262
2012-12-31 23:00:00+00:00,0.0
2013-01-01 00:00:00+00:00,0.0
2013-01-01 01:00:00+00:00,0.0
2013-01-01 02:00:00+00:00,0.0
2013-01-01 03:00:00+00:00,0.0
2013-01-01 04:00:00+00:00,0.0
2013-01-01 05:00:00+00:00,0.0
2013-01-01 06:00:00+00:00,0.0
2013-01-01 07:00:00+00:00,0.0
2013-01-01 08:00:00+00:00,0.0
2013-01-01 09:00:00+00:00,0.0
2013-01-01 10:00:00+00:00,0.0
2013-01-01 11:00:00+00:00,0.0
2013-01-01 12:00:00+00:00,0.0
2013-01-01 13:00:00+00:00,0.0
2013-01-01 14:00:00+00:00,0.3043336
2013-01-01 15:00:00+00:00,0.53511995
2013-01-01 16:00:00+00:00,0.5198147
2013-01-01 17:00:00+00:00,0.46804795
2013-01-01 18:00:00+00:00,0.45349455
2013-01-01 19:00:00+00:00,0.49323425
2013-01-01 20:00:00+00:00,0.5301934
2013-01-01 21:00:00+00:00,0.43745112
2013-01-01 22:00:00+00:00,0.104127206
2013-01-01 23:00:00+00:00,0.0
2013-01-02 00:00:00+00:00,0.0
2013-01-02 01:00:00+00:00,0.0
2013-01-02 02:00:00+00:00,0.0
2013-01-02 03:00:00+00:00,0.0
2013-01-02 04:00:00+00:00,0.0
2013-01-02 05:00:00+00:00,0.0
2013-01-02 06:00:00+00:00,0.0
2013-01-02 07:00:00+00:00,0.0
2013-01-02 08:00:00+00:00,0.0
2013-01-02 09:00:00+00:00,0.0
2013-01-02 10:00:00+00:00,0.0
2013-01-02 11:00:00+00:00,0.0
2013-01-02 12:00:00+00:00,0.0
2013-01-02 13:00:00+00:00,0.0
2013-01-02 14:00:00+00:00,0.27975777
2013-01-02 15:00:00+00:00,0.5034082999999999
2013-01-02 16:00:00+00:00,0.4981259
2013-01-02 17:00:00+00:00,0.38166514
2013-01-02 18:00:00+00:00,0.44652805
2013-01-02 19:00:00+00:00,0.31936535
2013-01-02 20:00:00+00:00,0.09905314400000001
2013-01-02 21:00:00+00:00,0.42227563
2013-01-02 22:00:00+00:00,0.108367786
2013-01-02 23:00:00+00:00,0.0
2013-01-03 00:00:00+00:00,0.0
2013-01-03 01:00:00+00:00,0.0
2013-01-03 02:00:00+00:00,0.0
2013-01-03 03:00:00+00:00,0.0
2013-01-03 04:00:00+00:00,0.0
2013-01-03 05:00:00+00:00,0.0
2013-01-03 06:00:00+00:00,0.0
2013-01-03 07:00:00+00:00,0.0
2013-01-03 08:00:00+00:00,0.0
2013-01-03 09:00:00+00:00,0.0
2013-01-03 10:00:00+00:00,0.0
2013-01-03 11:00:00+00:00,0.0
2013-01-03 12:00:00+00:00,0.0
2013-01-03 13:00:00+00:00,0.0
2013-01-03 14:00:00+00:00,0.2884932
2013-01-03 15:00:00+00:00,0.5058487
2013-01-03 16:00:00+00:00,0.49763206
2013-01-03 17:00:00+00:00,0.38501078
2013-01-03 18:00:00+00:00,0.34296232
2013-01-03 19:00:00+00:00,0.39986774
2013-01-03 20:00:00+00:00,0.44070640000000005
2013-01-03 21:00:00+00:00,0.13001294
2013-01-03 22:00:00+00:00,0.0380346
2013-01-03 23:00:00+00:00,0.0
2013-01-04 00:00:00+00:00,0.0
2013-01-04 01:00:00+00:00,0.0
2013-01-04 02:00:00+00:00,0.0
2013-01-04 03:00:00+00:00,0.0
2013-01-04 04:00:00+00:00,0.0
2013-01-04 05:00:00+00:00,0.0
2013-01-04 06:00:00+00:00,0.0
2013-01-04 07:00:00+00:00,0.0
2013-01-04 08:00:00+00:00,0.0
2013-01-04 09:00:00+00:00,0.0
2013-01-04 10:00:00+00:00,0.0
2013-01-04 11:00:00+00:00,0.0
2013-01-04 12:00:00+00:00,0.0
2013-01-04 13:00:00+00:00,0.0
2013-01-04 14:00:00+00:00,0.058497988
2013-01-04 15:00:00+00:00,0.11529179
2013-01-04 16:00:00+00:00,0.30636972
2013-01-04 17:00:00+00:00,0.30904946
2013-01-04 18:00:00+00:00,0.04509259
2013-01-04 19:00:00+00:00,0.04205884
2013-01-04 20:00:00+00:00,0.022263957
2013-01-04 21:00:00+00:00,0.097735815
2013-01-04 22:00:00+00:00,0.022067392
2013-01-04 23:00:00+00:00,0.0
2013-01-05 00:00:00+00:00,0.0
2013-01-05 01:00:00+00:00,0.0
2013-01-05 02:00:00+00:00,0.0
2013-01-05 03:00:00+00:00,0.0
2013-01-05 04:00:00+00:00,0.0
2013-01-05 05:00:00+00:00,0.0
2013-01-05 06:00:00+00:00,0.0
2013-01-05 07:00:00+00:00,0.0
2013-01-05 08:00:00+00:00,0.0
2013-01-05 09:00:00+00:00,0.0
2013-01-05 10:00:00+00:00,0.0
2013-01-05 11:00:00+00:00,0.0
2013-01-05 12:00:00+00:00,0.0
2013-01-05 13:00:00+00:00,0.0
2013-01-05 14:00:00+00:00,0.29629615
2013-01-05 15:00:00+00:00,0.5315667
2013-01-05 16:00:00+00:00,0.521897
2013-01-05 17:00:00+00:00,0.46936566
2013-01-05 18:00:00+00:00,0.4533005
2013-01-05 19:00:00+00:00,0.49261579999999994
2013-01-05 20:00:00+00:00,0.54191214
2013-01-05 21:00:00+00:00,0.4796804
2013-01-05 22:00:00+00:00,0.14006561
2013-01-05 23:00:00+00:00,0.0
2013-01-06 00:00:00+00:00,0.0
2013-01-06 01:00:00+00:00,0.0
2013-01-06 02:00:00+00:00,0.0
2013-01-06 03:00:00+00:00,0.0
2013-01-06 04:00:00+00:00,0.0
2013-01-06 05:00:00+00:00,0.0
2013-01-06 06:00:00+00:00,0.0
2013-01-06 07:00:00+00:00,0.0
2013-01-06 08:00:00+00:00,0.0
2013-01-06 09:00:00+00:00,0.0
2013-01-06 10:00:00+00:00,0.0
2013-01-06 11:00:00+00:00,0.0
2013-01-06 12:00:00+00:00,0.0
2013-01-06 13:00:00+00:00,0.0
2013-01-06 14:00:00+00:00,0.19439517
2013-01-06 15:00:00+00:00,0.51065326
2013-01-06 16:00:00+00:00,0.48014548
2013-01-06 17:00:00+00:00,0.39013323
2013-01-06 18:00:00+00:00,0.43491527
2013-01-06 19:00:00+00:00,0.47560412
2013-01-06 20:00:00+00:00,0.5165159
2013-01-06 21:00:00+00:00,0.24241729999999997
2013-01-06 22:00:00+00:00,0.11687114
2013-01-06 23:00:00+00:00,0.0
2013-01-07 00:00:00+00:00,0.0
2013-01-07 01:00:00+00:00,0.0
2013-01-07 02:00:00+00:00,0.0
2013-01-07 03:00:00+00:00,0.0
2013-01-07 04:00:00+00:00,0.0
2013-01-07 05:00:00+00:00,0.0
2013-01-07 06:00:00+00:00,0.0
2013-01-07 07:00:00+00:00,0.0
2013-01-07 08:00:00+00:00,0.0
2013-01-07 09:00:00+00:00,0.0
2013-01-07 10:00:00+00:00,0.0
2013-01-07 11:00:00+00:00,0.0
2013-01-07 12:00:00+00:00,0.0
2013-01-07 13:00:00+00:00,0.0
2013-01-07 14:00:00+00:00,0.0028350737
2013-01-07 15:00:00+00:00,0.0154328365
2013-01-07 16:00:00+00:00,0.06132985
2013-01-07 17:00:00+00:00,0.17871235
2013-01-07 18:00:00+00:00,0.2686131
2013-01-07 19:00:00+00:00,0.38913888
2013-01-07 20:00:00+00:00,0.35442644
2013-01-07 21:00:00+00:00,0.32455972
2013-01-07 22:00:00+00:00,0.09786565
2013-01-07 23:00:00+00:00,0.0
2013-01-08 00:00:00+00:00,0.0
2013-01-08 01:00:00+00:00,0.0
2013-01-08 02:00:00+00:00,0.0
2013-01-08 03:00:00+00:00,0.0
2013-01-08 04:00:00+00:00,0.0
2013-01-08 05:00:00+00:00,0.0
2013-01-08 06:00:00+00:00,0.0
2013-01-08 07:00:00+00:00,0.0
2013-01-08 08:00:00+00:00,0.0
2013-01-08 09:00:00+00:00,0.0
2013-01-08 10:00:00+00:00,0.0
2013-01-08 11:00:00+00:00,0.0
2013-01-08 12:00:00+00:00,0.0
2013-01-08 13:00:00+00:00,0.0
2013-01-08 14:00:00+00:00,0.07581765
2013-01-08 15:00:00+00:00,0.018659782
2013-01-08 16:00:00+00:00,0.017749399
2013-01-08 17:00:00+00:00,0.028413797
2013-01-08 18:00:00+00:00,0.15197950000000002
2013-01-08 19:00:00+00:00,0.071191795
2013-01-08 20:00:00+00:00,0.060270164
2013-01-08 21:00:00+00:00,0.06218843
2013-01-08 22:00:00+00:00,0.014979043999999999
2013-01-08 23:00:00+00:00,0.0
2013-01-09 00:00:00+00:00,0.0
2013-01-09 01:00:00+00:00,0.0
2013-01-09 02:00:00+00:00,0.0
2013-01-09 03:00:00+00:00,0.0
2013-01-09 04:00:00+00:00,0.0
2013-01-09 05:00:00+00:00,0.0
2013-01-09 06:00:00+00:00,0.0
2013-01-09 07:00:00+00:00,0.0
2013-01-09 08:00:00+00:00,0.0
2013-01-09 09:00:00+00:00,0.0
2013-01-09 10:00:00+00:00,0.0
2013-01-09 11:00:00+00:00,0.0
2013-01-09 12:00:00+00:00,0.0
2013-01-09 13:00:00+00:00,0.0
2013-01-09 14:00:00+00:00,0.013406508999999999
2013-01-09 15:00:00+00:00,0.18845771
2013-01-09 16:00:00+00:00,0.36024140000000004
2013-01-09 17:00:00+00:00,0.40577328
2013-01-09 18:00:00+00:00,0.37197164
2013-01-09 19:00:00+00:00,0.33342
2013-01-09 20:00:00+00:00,0.2850785
2013-01-09 21:00:00+00:00,0.43976125
2013-01-09 22:00:00+00:00,0.12407819999999999
2013-01-09 23:00:00+00:00,0.0
2013-01-10 00:00:00+00:00,0.0
2013-01-10 01:00:00+00:00,0.0
2013-01-10 02:00:00+00:00,0.0
2013-01-10 03:00:00+00:00,0.0
2013-01-10 04:00:00+00:00,0.0
2013-01-10 05:00:00+00:00,0.0
2013-01-10 06:00:00+00:00,0.0
2013-01-10 07:00:00+00:00,0.0
2013-01-10 08:00:00+00:00,0.0
2013-01-10 09:00:00+00:00,0.0
2013-01-10 10:00:00+00:00,0.0
2013-01-10 11:00:00+00:00,0.0
2013-01-10 12:00:00+00:00,0.0
2013-01-10 13:00:00+00:00,0.0
2013-01-10 14:00:00+00:00,0.09461852
2013-01-10 15:00:00+00:00,0.05304962
2013-01-10 16:00:00+00:00,0.052544735
2013-01-10 17:00:00+00:00,0.051742606
2013-01-10 18:00:00+00:00,0.09113675
2013-01-10 19:00:00+00:00,0.14900774
2013-01-10 20:00:00+00:00,0.07672959
2013-01-10 21:00:00+00:00,0.021447316
2013-01-10 22:00:00+00:00,0.0008160353
2013-01-10 23:00:00+00:00,0.0
2013-01-11 00:00:00+00:00,0.0
2013-01-11 01:00:00+00:00,0.0
2013-01-11 02:00:00+00:00,0.0
2013-01-11 03:00:00+00:00,0.0
2013-01-11 04:00:00+00:00,0.0
2013-01-11 05:00:00+00:00,0.0
2013-01-11 06:00:00+00:00,0.0
2013-01-11 07:00:00+00:00,0.0
2013-01-11 08:00:00+00:00,0.0
2013-01-11 09:00:00+00:00,0.0
2013-01-11 10:00:00+00:00,0.0
2013-01-11 11:00:00+00:00,0.0
2013-01-11 12:00:00+00:00,0.0
2013-01-11 13:00:00+00:00,0.0
2013-01-11 14:00:00+00:00,0.039640262999999995
2013-01-11 15:00:00+00:00,0.09069876
2013-01-11 16:00:00+00:00,0.041131888
2013-01-11 17:00:00+00:00,0.038908713
2013-01-11 18:00:00+00:00,0.07794226
2013-01-11 19:00:00+00:00,0.052104
2013-01-11 20:00:00+00:00,0.038383752
2013-01-11 21:00:00+00:00,0.14999118
2013-01-11 22:00:00+00:00,0.0061125704000000005
2013-01-11 23:00:00+00:00,0.0
2013-01-12 00:00:00+00:00,0.0
2013-01-12 01:00:00+00:00,0.0
2013-01-12 02:00:00+00:00,0.0
2013-01-12 03:00:00+00:00,0.0
2013-01-12 04:00:00+00:00,0.0
2013-01-12 05:00:00+00:00,0.0
2013-01-12 06:00:00+00:00,0.0
2013-01-12 07:00:00+00:00,0.0
2013-01-12 08:00:00+00:00,0.0
2013-01-12 09:00:00+00:00,0.0
2013-01-12 10:00:00+00:00,0.0
2013-01-12 11:00:00+00:00,0.0
2013-01-12 12:00:00+00:00,0.0
2013-01-12 13:00:00+00:00,0.0
2013-01-12 14:00:00+00:00,0.07370738
2013-01-12 15:00:00+00:00,0.121846475
2013-01-12 16:00:00+00:00,0.23038721
2013-01-12 17:00:00+00:00,0.30673406
2013-01-12 18:00:00+00:00,0.28923909999999997
2013-01-12 19:00:00+00:00,0.1971361
2013-01-12 20:00:00+00:00,0.097325526
2013-01-12 21:00:00+00:00,0.033933662
2013-01-12 22:00:00+00:00,0.01222913
2013-01-12 23:00:00+00:00,0.0
2013-01-13 00:00:00+00:00,0.0
2013-01-13 01:00:00+00:00,0.0
2013-01-13 02:00:00+00:00,0.0
2013-01-13 03:00:00+00:00,0.0
2013-01-13 04:00:00+00:00,0.0
2013-01-13 05:00:00+00:00,0.0
2013-01-13 06:00:00+00:00,0.0
2013-01-13 07:00:00+00:00,0.0
2013-01-13 08:00:00+00:00,0.0
2013-01-13 09:00:00+00:00,0.0
2013-01-13 10:00:00+00:00,0.0
2013-01-13 11:00:00+00:00,0.0
2013-01-13 12:00:00+00:00,0.0
2013-01-13 13:00:00+00:00,0.0
2013-01-13 14:00:00+00:00,0.021952976000000003
2013-01-13 15:00:00+00:00,0.079570055
2013-01-13 16:00:00+00:00,0.062152963
2013-01-13 17:00:00+00:00,0.18994576
2013-01-13 18:00:00+00:00,0.17252749
2013-01-13 19:00:00+00:00,0.17881306
2013-01-13 20:00:00+00:00,0.05565371
2013-01-13 21:00:00+00:00,0.042519085
2013-01-13 22:00:00+00:00,0.007920319
2013-01-13 23:00:00+00:00,0.0
2013-01-14 00:00:00+00:00,0.0
2013-01-14 01:00:00+00:00,0.0
2013-01-14 02:00:00+00:00,0.0
2013-01-14 03:00:00+00:00,0.0
2013-01-14 04:00:00+00:00,0.0
2013-01-14 05:00:00+00:00,0.0
2013-01-14 06:00:00+00:00,0.0
2013-01-14 07:00:00+00:00,0.0
2013-01-14 08:00:00+00:00,0.0
2013-01-14 09:00:00+00:00,0.0
2013-01-14 10:00:00+00:00,0.0
2013-01-14 11:00:00+00:00,0.0
2013-01-14 12:00:00+00:00,0.0
2013-01-14 13:00:00+00:00,0.0
2013-01-14 14:00:00+00:00,0.0036460766999999996
2013-01-14 15:00:00+00:00,0.002434843
2013-01-14 16:00:00+00:00,0.01893645
2013-01-14 17:00:00+00:00,0.04175589
2013-01-14 18:00:00+00:00,0.06374227
2013-01-14 19:00:00+00:00,0.06829156
2013-01-14 20:00:00+00:00,0.07861272
2013-01-14 21:00:00+00:00,0.029470421
2013-01-14 22:00:00+00:00,0.018918686
2013-01-14 23:00:00+00:00,0.0
2013-01-15 00:00:00+00:00,0.0
2013-01-15 01:00:00+00:00,0.0
2013-01-15 02:00:00+00:00,0.0
2013-01-15 03:00:00+00:00,0.0
2013-01-15 04:00:00+00:00,0.0
2013-01-15 05:00:00+00:00,0.0
2013-01-15 06:00:00+00:00,0.0
2013-01-15 07:00:00+00:00,0.0
2013-01-15 08:00:00+00:00,0.0
2013-01-15 09:00:00+00:00,0.0
2013-01-15 10:00:00+00:00,0.0
2013-01-15 11:00:00+00:00,0.0
2013-01-15 12:00:00+00:00,0.0
2013-01-15 13:00:00+00:00,0.0
2013-01-15 14:00:00+00:00,0.005690730600000001
2013-01-15 15:00:00+00:00,0.056019686
2013-01-15 16:00:00+00:00,0.19716471
2013-01-15 17:00:00+00:00,0.27598315
2013-01-15 18:00:00+00:00,0.47234607
2013-01-15 19:00:00+00:00,0.50594115
2013-01-15 20:00:00+00:00,0.31418306
2013-01-15 21:00:00+00:00,0.28177172
2013-01-15 22:00:00+00:00,0.19096312
2013-01-15 23:00:00+00:00,0.0
2013-01-16 00:00:00+00:00,0.0
2013-01-16 01:00:00+00:00,0.0
2013-01-16 02:00:00+00:00,0.0
2013-01-16 03:00:00+00:00,0.0
2013-01-16 04:00:00+00:00,0.0
2013-01-16 05:00:00+00:00,0.0
2013-01-16 06:00:00+00:00,0.0
2013-01-16 07:00:00+00:00,0.0
2013-01-16 08:00:00+00:00,0.0
2013-01-16 09:00:00+00:00,0.0
2013-01-16 10:00:00+00:00,0.0
2013-01-16 11:00:00+00:00,0.0
2013-01-16 12:00:00+00:00,0.0
2013-01-16 13:00:00+00:00,0.0
2013-01-16 14:00:00+00:00,0.34354654
2013-01-16 15:00:00+00:00,0.5654537
2013-01-16 16:00:00+00:00,0.5509921999999999
2013-01-16 17:00:00+00:00,0.49963546
2013-01-16 18:00:00+00:00,0.48136264
2013-01-16 19:00:00+00:00,0.5175576
2013-01-16 20:00:00+00:00,0.5673408000000001
2013-01-16 21:00:00+00:00,0.54309416
2013-01-16 22:00:00+00:00,0.2166504
2013-01-16 23:00:00+00:00,0.0
2013-01-17 00:00:00+00:00,0.0
2013-01-17 01:00:00+00:00,0.0
2013-01-17 02:00:00+00:00,0.0
2013-01-17 03:00:00+00:00,0.0
2013-01-17 04:00:00+00:00,0.0
2013-01-17 05:00:00+00:00,0.0
2013-01-17 06:00:00+00:00,0.0
2013-01-17 07:00:00+00:00,0.0
2013-01-17 08:00:00+00:00,0.0
2013-01-17 09:00:00+00:00,0.0
2013-01-17 10:00:00+00:00,0.0
2013-01-17 11:00:00+00:00,0.0
2013-01-17 12:00:00+00:00,0.0
2013-01-17 13:00:00+00:00,0.0
2013-01-17 14:00:00+00:00,0.34448624
2013-01-17 15:00:00+00:00,0.56793225
2013-01-17 16:00:00+00:00,0.5545204
2013-01-17 17:00:00+00:00,0.50090355
2013-01-17 18:00:00+00:00,0.48003745
2013-01-17 19:00:00+00:00,0.51329637
2013-01-17 20:00:00+00:00,0.55916876
2013-01-17 21:00:00+00:00,0.5349324000000001
2013-01-17 22:00:00+00:00,0.20776561
2013-01-17 23:00:00+00:00,0.0
2013-01-18 00:00:00+00:00,0.0
2013-01-18 01:00:00+00:00,0.0
2013-01-18 02:00:00+00:00,0.0
2013-01-18 03:00:00+00:00,0.0
2013-01-18 04:00:00+00:00,0.0
2013-01-18 05:00:00+00:00,0.0
2013-01-18 06:00:00+00:00,0.0
2013-01-18 07:00:00+00:00,0.0
2013-01-18 08:00:00+00:00,0.0
2013-01-18 09:00:00+00:00,0.0
2013-01-18 10:00:00+00:00,0.0
2013-01-18 11:00:00+00:00,0.0
2013-01-18 12:00:00+00:00,0.0
2013-01-18 13:00:00+00:00,0.0
2013-01-18 14:00:00+00:00,0.35221790000000003
2013-01-18 15:00:00+00:00,0.5807385
2013-01-18 16:00:00+00:00,0.565207
2013-01-18 17:00:00+00:00,0.51048243
2013-01-18 18:00:00+00:00,0.48809373
2013-01-18 19:00:00+00:00,0.51865983
2013-01-18 20:00:00+00:00,0.561229
2013-01-18 21:00:00+00:00,0.5298997
2013-01-18 22:00:00+00:00,0.2148058
2013-01-18 23:00:00+00:00,0.0
2013-01-19 00:00:00+00:00,0.0
2013-01-19 01:00:00+00:00,0.0
2013-01-19 02:00:00+00:00,0.0
2013-01-19 03:00:00+00:00,0.0
2013-01-19 04:00:00+00:00,0.0
2013-01-19 05:00:00+00:00,0.0
2013-01-19 06:00:00+00:00,0.0
2013-01-19 07:00:00+00:00,0.0
2013-01-19 08:00:00+00:00,0.0
2013-01-19 09:00:00+00:00,0.0
2013-01-19 10:00:00+00:00,0.0
2013-01-19 11:00:00+00:00,0.0
2013-01-19 12:00:00+00:00,0.0
2013-01-19 13:00:00+00:00,0.0
2013-01-19 14:00:00+00:00,0.33908940000000004
2013-01-19 15:00:00+00:00,0.45121855
2013-01-19 16:00:00+00:00,0.5555213999999999
2013-01-19 17:00:00+00:00,0.4094142
2013-01-19 18:00:00+00:00,0.45562562
2013-01-19 19:00:00+00:00,0.5512617
2013-01-19 20:00:00+00:00,0.60487807
2013-01-19 21:00:00+00:00,0.5842543
2013-01-19 22:00:00+00:00,0.23952916
2013-01-19 23:00:00+00:00,0.0
2013-01-20 00:00:00+00:00,0.0
2013-01-20 01:00:00+00:00,0.0
2013-01-20 02:00:00+00:00,0.0
2013-01-20 03:00:00+00:00,0.0
2013-01-20 04:00:00+00:00,0.0
2013-01-20 05:00:00+00:00,0.0
2013-01-20 06:00:00+00:00,0.0
2013-01-20 07:00:00+00:00,0.0
2013-01-20 08:00:00+00:00,0.0
2013-01-20 09:00:00+00:00,0.0
2013-01-20 10:00:00+00:00,0.0
2013-01-20 11:00:00+00:00,0.0
2013-01-20 12:00:00+00:00,0.0
2013-01-20 13:00:00+00:00,0.0
2013-01-20 14:00:00+00:00,0.37982953
2013-01-20 15:00:00+00:00,0.6122203
2013-01-20 16:00:00+00:00,0.59556824
2013-01-20 17:00:00+00:00,0.54219174
2013-01-20 18:00:00+00:00,0.51987684
2013-01-20 19:00:00+00:00,0.55367833
2013-01-20 20:00:00+00:00,0.29538918
2013-01-20 21:00:00+00:00,0.2938564
2013-01-20 22:00:00+00:00,0.24780573
2013-01-20 23:00:00+00:00,0.0
2013-01-21 00:00:00+00:00,0.0
2013-01-21 01:00:00+00:00,0.0
2013-01-21 02:00:00+00:00,0.0
2013-01-21 03:00:00+00:00,0.0
2013-01-21 04:00:00+00:00,0.0
2013-01-21 05:00:00+00:00,0.0
2013-01-21 06:00:00+00:00,0.0
2013-01-21 07:00:00+00:00,0.0
2013-01-21 08:00:00+00:00,0.0
2013-01-21 09:00:00+00:00,0.0
2013-01-21 10:00:00+00:00,0.0
2013-01-21 11:00:00+00:00,0.0
2013-01-21 12:00:00+00:00,0.0
2013-01-21 13:00:00+00:00,0.0
2013-01-21 14:00:00+00:00,0.02965305
2013-01-21 15:00:00+00:00,0.059388477
2013-01-21 16:00:00+00:00,0.18506134
2013-01-21 17:00:00+00:00,0.48653009999999997
2013-01-21 18:00:00+00:00,0.43351495
2013-01-21 19:00:00+00:00,0.5164765
2013-01-21 20:00:00+00:00,0.55790615
2013-01-21 21:00:00+00:00,0.13060208
2013-01-21 22:00:00+00:00,0.06630354
2013-01-21 23:00:00+00:00,0.0
2013-01-22 00:00:00+00:00,0.0
2013-01-22 01:00:00+00:00,0.0
2013-01-22 02:00:00+00:00,0.0
2013-01-22 03:00:00+00:00,0.0
2013-01-22 04:00:00+00:00,0.0
2013-01-22 05:00:00+00:00,0.0
2013-01-22 06:00:00+00:00,0.0
2013-01-22 07:00:00+00:00,0.0
2013-01-22 08:00:00+00:00,0.0
2013-01-22 09:00:00+00:00,0.0
2013-01-22 10:00:00+00:00,0.0
2013-01-22 11:00:00+00:00,0.0
2013-01-22 12:00:00+00:00,0.0
2013-01-22 13:00:00+00:00,0.0
2013-01-22 14:00:00+00:00,0.27626923
2013-01-22 15:00:00+00:00,0.4482464
2013-01-22 16:00:00+00:00,0.5921071
2013-01-22 17:00:00+00:00,0.43992287
2013-01-22 18:00:00+00:00,0.43231317
2013-01-22 19:00:00+00:00,0.46009700000000003
2013-01-22 20:00:00+00:00,0.49927029999999994
2013-01-22 21:00:00+00:00,0.37545100000000003
2013-01-22 22:00:00+00:00,0.09072704599999999
2013-01-22 23:00:00+00:00,0.0
2013-01-23 00:00:00+00:00,0.0
2013-01-23 01:00:00+00:00,0.0
2013-01-23 02:00:00+00:00,0.0
2013-01-23 03:00:00+00:00,0.0
2013-01-23 04:00:00+00:00,0.0
2013-01-23 05:00:00+00:00,0.0
2013-01-23 06:00:00+00:00,0.0
2013-01-23 07:00:00+00:00,0.0
2013-01-23 08:00:00+00:00,0.0
2013-01-23 09:00:00+00:00,0.0
2013-01-23 10:00:00+00:00,0.0
2013-01-23 11:00:00+00:00,0.0
2013-01-23 12:00:00+00:00,0.0
2013-01-23 13:00:00+00:00,0.0
2013-01-23 14:00:00+00:00,0.011301978
2013-01-23 15:00:00+00:00,0.017566497
2013-01-23 16:00:00+00:00,0.06711626
2013-01-23 17:00:00+00:00,0.04186454
2013-01-23 18:00:00+00:00,0.060221102
2013-01-23 19:00:00+00:00,0.11697974
2013-01-23 20:00:00+00:00,0.4927214
2013-01-23 21:00:00+00:00,0.47558594
2013-01-23 22:00:00+00:00,0.2085611
2013-01-23 23:00:00+00:00,0.0
2013-01-24 00:00:00+00:00,0.0
2013-01-24 01:00:00+00:00,0.0
2013-01-24 02:00:00+00:00,0.0
2013-01-24 03:00:00+00:00,0.0
2013-01-24 04:00:00+00:00,0.0
2013-01-24 05:00:00+00:00,0.0
2013-01-24 06:00:00+00:00,0.0
2013-01-24 07:00:00+00:00,0.0
2013-01-24 08:00:00+00:00,0.0
2013-01-24 09:00:00+00:00,0.0
2013-01-24 10:00:00+00:00,0.0
2013-01-24 11:00:00+00:00,0.0
2013-01-24 12:00:00+00:00,0.0
2013-01-24 13:00:00+00:00,0.0
2013-01-24 14:00:00+00:00,0.37026754
2013-01-24 15:00:00+00:00,0.43602476
2013-01-24 16:00:00+00:00,0.54041827
2013-01-24 17:00:00+00:00,0.52394146
2013-01-24 18:00:00+00:00,0.5055753
2013-01-24 19:00:00+00:00,0.5351763
2013-01-24 20:00:00+00:00,0.57456815
2013-01-24 21:00:00+00:00,0.5442011
2013-01-24 22:00:00+00:00,0.25402573
2013-01-24 23:00:00+00:00,0.0
2013-01-25 00:00:00+00:00,0.0
2013-01-25 01:00:00+00:00,0.0
2013-01-25 02:00:00+00:00,0.0
2013-01-25 03:00:00+00:00,0.0
2013-01-25 04:00:00+00:00,0.0
2013-01-25 05:00:00+00:00,0.0
2013-01-25 06:00:00+00:00,0.0
2013-01-25 07:00:00+00:00,0.0
2013-01-25 08:00:00+00:00,0.0
2013-01-25 09:00:00+00:00,0.0
2013-01-25 10:00:00+00:00,0.0
2013-01-25 11:00:00+00:00,0.0
2013-01-25 12:00:00+00:00,0.0
2013-01-25 13:00:00+00:00,0.0
2013-01-25 14:00:00+00:00,0.2737817
2013-01-25 15:00:00+00:00,0.3732563
2013-01-25 16:00:00+00:00,0.34438086
2013-01-25 17:00:00+00:00,0.38370973
2013-01-25 18:00:00+00:00,0.33431584
2013-01-25 19:00:00+00:00,0.28170490000000004
2013-01-25 20:00:00+00:00,0.1695887
2013-01-25 21:00:00+00:00,0.06841502
2013-01-25 22:00:00+00:00,0.03608333
2013-01-25 23:00:00+00:00,0.0
2013-01-26 00:00:00+00:00,0.0
2013-01-26 01:00:00+00:00,0.0
2013-01-26 02:00:00+00:00,0.0
2013-01-26 03:00:00+00:00,0.0
2013-01-26 04:00:00+00:00,0.0
2013-01-26 05:00:00+00:00,0.0
2013-01-26 06:00:00+00:00,0.0
2013-01-26 07:00:00+00:00,0.0
2013-01-26 08:00:00+00:00,0.0
2013-01-26 09:00:00+00:00,0.0
2013-01-26 10:00:00+00:00,0.0
2013-01-26 11:00:00+00:00,0.0
2013-01-26 12:00:00+00:00,0.0
2013-01-26 13:00:00+00:00,0.0
2013-01-26 14:00:00+00:00,0.269392
2013-01-26 15:00:00+00:00,0.32538846
2013-01-26 16:00:00+00:00,0.029099554
2013-01-26 17:00:00+00:00,0.035957187
2013-01-26 18:00:00+00:00,0.030555405
2013-01-26 19:00:00+00:00,0.032167982000000005
2013-01-26 20:00:00+00:00,0.023839206
2013-01-26 21:00:00+00:00,0.011184633999999999
2013-01-26 22:00:00+00:00,0.009918182
2013-01-26 23:00:00+00:00,0.0
2013-01-27 00:00:00+00:00,0.0
2013-01-27 01:00:00+00:00,0.0
2013-01-27 02:00:00+00:00,0.0
2013-01-27 03:00:00+00:00,0.0
2013-01-27 04:00:00+00:00,0.0
2013-01-27 05:00:00+00:00,0.0
2013-01-27 06:00:00+00:00,0.0
2013-01-27 07:00:00+00:00,0.0
2013-01-27 08:00:00+00:00,0.0
2013-01-27 09:00:00+00:00,0.0
2013-01-27 10:00:00+00:00,0.0
2013-01-27 11:00:00+00:00,0.0
2013-01-27 12:00:00+00:00,0.0
2013-01-27 13:00:00+00:00,0.0
2013-01-27 14:00:00+00:00,0.19886261
2013-01-27 15:00:00+00:00,0.42054659999999994
2013-01-27 16:00:00+00:00,0.34933355
2013-01-27 17:00:00+00:00,0.31143525
2013-01-27 18:00:00+00:00,0.29963157
2013-01-27 19:00:00+00:00,0.20603281
2013-01-27 20:00:00+00:00,0.32552168
2013-01-27 21:00:00+00:00,0.123737775
2013-01-27 22:00:00+00:00,0.08089848
2013-01-27 23:00:00+00:00,0.0
2013-01-28 00:00:00+00:00,0.0
2013-01-28 01:00:00+00:00,0.0
2013-01-28 02:00:00+00:00,0.0
2013-01-28 03:00:00+00:00,0.0
2013-01-28 04:00:00+00:00,0.0
2013-01-28 05:00:00+00:00,0.0
2013-01-28 06:00:00+00:00,0.0
2013-01-28 07:00:00+00:00,0.0
2013-01-28 08:00:00+00:00,0.0
2013-01-28 09:00:00+00:00,0.0
2013-01-28 10:00:00+00:00,0.0
2013-01-28 11:00:00+00:00,0.0
2013-01-28 12:00:00+00:00,0.0
2013-01-28 13:00:00+00:00,0.0
2013-01-28 14:00:00+00:00,0.007842871999999999
2013-01-28 15:00:00+00:00,0.018244207
2013-01-28 16:00:00+00:00,0.009375175
2013-01-28 17:00:00+00:00,0.044111427
2013-01-28 18:00:00+00:00,0.044846185
2013-01-28 19:00:00+00:00,0.057222214
2013-01-28 20:00:00+00:00,0.027996331
2013-01-28 21:00:00+00:00,0.02027343
2013-01-28 22:00:00+00:00,0.0030917965
2013-01-28 23:00:00+00:00,0.0
2013-01-29 00:00:00+00:00,0.0
2013-01-29 01:00:00+00:00,0.0
2013-01-29 02:00:00+00:00,0.0
2013-01-29 03:00:00+00:00,0.0
2013-01-29 04:00:00+00:00,0.0
2013-01-29 05:00:00+00:00,0.0
2013-01-29 06:00:00+00:00,0.0
2013-01-29 07:00:00+00:00,0.0
2013-01-29 08:00:00+00:00,0.0
2013-01-29 09:00:00+00:00,0.0
2013-01-29 10:00:00+00:00,0.0
2013-01-29 11:00:00+00:00,0.0
2013-01-29 12:00:00+00:00,0.0
2013-01-29 13:00:00+00:00,0.0
2013-01-29 14:00:00+00:00,0.0322293
2013-01-29 15:00:00+00:00,0.19356485
2013-01-29 16:00:00+00:00,0.25814304
2013-01-29 17:00:00+00:00,0.20840725
2013-01-29 18:00:00+00:00,0.2693196
2013-01-29 19:00:00+00:00,0.4604406
2013-01-29 20:00:00+00:00,0.20417759
2013-01-29 21:00:00+00:00,0.21479810000000002
2013-01-29 22:00:00+00:00,0.104678035
2013-01-29 23:00:00+00:00,0.0
2013-01-30 00:00:00+00:00,0.0
2013-01-30 01:00:00+00:00,0.0
2013-01-30 02:00:00+00:00,0.0
2013-01-30 03:00:00+00:00,0.0
2013-01-30 04:00:00+00:00,0.0
2013-01-30 05:00:00+00:00,0.0
2013-01-30 06:00:00+00:00,0.0
2013-01-30 07:00:00+00:00,0.0
2013-01-30 08:00:00+00:00,0.0
2013-01-30 09:00:00+00:00,0.0
2013-01-30 10:00:00+00:00,0.0
2013-01-30 11:00:00+00:00,0.0
2013-01-30 12:00:00+00:00,0.0
2013-01-30 13:00:00+00:00,0.0
2013-01-30 14:00:00+00:00,0.4464411
2013-01-30 15:00:00+00:00,0.66043365
2013-01-30 16:00:00+00:00,0.6527109
2013-01-30 17:00:00+00:00,0.60286003
2013-01-30 18:00:00+00:00,0.57634383
2013-01-30 19:00:00+00:00,0.605114
2013-01-30 20:00:00+00:00,0.64711934
2013-01-30 21:00:00+00:00,0.62111855
2013-01-30 22:00:00+00:00,0.32433975
2013-01-30 23:00:00+00:00,0.0
2013-01-31 00:00:00+00:00,0.0
2013-01-31 01:00:00+00:00,0.0
2013-01-31 02:00:00+00:00,0.0
2013-01-31 03:00:00+00:00,0.0
2013-01-31 04:00:00+00:00,0.0
2013-01-31 05:00:00+00:00,0.0
2013-01-31 06:00:00+00:00,0.0
2013-01-31 07:00:00+00:00,0.0
2013-01-31 08:00:00+00:00,0.0
2013-01-31 09:00:00+00:00,0.0
2013-01-31 10:00:00+00:00,0.0
2013-01-31 11:00:00+00:00,0.0
2013-01-31 12:00:00+00:00,0.0
2013-01-31 13:00:00+00:00,0.0
2013-01-31 14:00:00+00:00,0.026421877000000003
2013-01-31 15:00:00+00:00,0.08029074
2013-01-31 16:00:00+00:00,0.13653502
2013-01-31 17:00:00+00:00,0.23915881
2013-01-31 18:00:00+00:00,0.34628147
2013-01-31 19:00:00+00:00,0.24252538
2013-01-31 20:00:00+00:00,0.06955311
2013-01-31 21:00:00+00:00,0.11526898
2013-01-31 22:00:00+00:00,0.048951842
2013-01-31 23:00:00+00:00,0.0
2013-02-01 00:00:00+00:00,0.0
2013-02-01 01:00:00+00:00,0.0
2013-02-01 02:00:00+00:00,0.0
2013-02-01 03:00:00+00:00,0.0
2013-02-01 04:00:00+00:00,0.0
2013-02-01 05:00:00+00:00,0.0
2013-02-01 06:00:00+00:00,0.0
2013-02-01 07:00:00+00:00,0.0
2013-02-01 08:00:00+00:00,0.0
2013-02-01 09:00:00+00:00,0.0
2013-02-01 10:00:00+00:00,0.0
2013-02-01 11:00:00+00:00,0.0
2013-02-01 12:00:00+00:00,0.0
2013-02-01 13:00:00+00:00,0.0
2013-02-01 14:00:00+00:00,0.014663772
2013-02-01 15:00:00+00:00,0.07526366
2013-02-01 16:00:00+00:00,0.1696473
2013-02-01 17:00:00+00:00,0.19940603
2013-02-01 18:00:00+00:00,0.15225351
2013-02-01 19:00:00+00:00,0.10345931
2013-02-01 20:00:00+00:00,0.04845503
2013-02-01 21:00:00+00:00,0.03636998
2013-02-01 22:00:00+00:00,0.008269710500000001
2013-02-01 23:00:00+00:00,0.0
2013-02-02 00:00:00+00:00,0.0
2013-02-02 01:00:00+00:00,0.0
2013-02-02 02:00:00+00:00,0.0
2013-02-02 03:00:00+00:00,0.0
2013-02-02 04:00:00+00:00,0.0
2013-02-02 05:00:00+00:00,0.0
2013-02-02 06:00:00+00:00,0.0
2013-02-02 07:00:00+00:00,0.0
2013-02-02 08:00:00+00:00,0.0
2013-02-02 09:00:00+00:00,0.0
2013-02-02 10:00:00+00:00,0.0
2013-02-02 11:00:00+00:00,0.0
2013-02-02 12:00:00+00:00,0.0
2013-02-02 13:00:00+00:00,0.0
2013-02-02 14:00:00+00:00,0.054198977
2013-02-02 15:00:00+00:00,0.26791665
2013-02-02 16:00:00+00:00,0.19339879
2013-02-02 17:00:00+00:00,0.20966665
2013-02-02 18:00:00+00:00,0.31513566
2013-02-02 19:00:00+00:00,0.18087645
2013-02-02 20:00:00+00:00,0.15226091
2013-02-02 21:00:00+00:00,0.07397431
2013-02-02 22:00:00+00:00,0.22939408
2013-02-02 23:00:00+00:00,0.0
2013-02-03 00:00:00+00:00,0.0
2013-02-03 01:00:00+00:00,0.0
2013-02-03 02:00:00+00:00,0.0
2013-02-03 03:00:00+00:00,0.0
2013-02-03 04:00:00+00:00,0.0
2013-02-03 05:00:00+00:00,0.0
2013-02-03 06:00:00+00:00,0.0
2013-02-03 07:00:00+00:00,0.0
2013-02-03 08:00:00+00:00,0.0
2013-02-03 09:00:00+00:00,0.0
2013-02-03 10:00:00+00:00,0.0
2013-02-03 11:00:00+00:00,0.0
2013-02-03 12:00:00+00:00,0.0
2013-02-03 13:00:00+00:00,0.00361153
2013-02-03 14:00:00+00:00,0.37076682
2013-02-03 15:00:00+00:00,0.16064113
2013-02-03 16:00:00+00:00,0.26375183
2013-02-03 17:00:00+00:00,0.29039085
2013-02-03 18:00:00+00:00,0.3948875
2013-02-03 19:00:00+00:00,0.39361933
2013-02-03 20:00:00+00:00,0.39999359999999995
2013-02-03 21:00:00+00:00,0.21451312
2013-02-03 22:00:00+00:00,0.32292995
2013-02-03 23:00:00+00:00,0.0
2013-02-04 00:00:00+00:00,0.0
2013-02-04 01:00:00+00:00,0.0
2013-02-04 02:00:00+00:00,0.0
2013-02-04 03:00:00+00:00,0.0
2013-02-04 04:00:00+00:00,0.0
2013-02-04 05:00:00+00:00,0.0
2013-02-04 06:00:00+00:00,0.0
2013-02-04 07:00:00+00:00,0.0
2013-02-04 08:00:00+00:00,0.0
2013-02-04 09:00:00+00:00,0.0
2013-02-04 10:00:00+00:00,0.0
2013-02-04 11:00:00+00:00,0.0
2013-02-04 12:00:00+00:00,0.0
2013-02-04 13:00:00+00:00,0.018707354
2013-02-04 14:00:00+00:00,0.39968459999999995
2013-02-04 15:00:00+00:00,0.24956237
2013-02-04 16:00:00+00:00,0.308742
2013-02-04 17:00:00+00:00,0.30462262
2013-02-04 18:00:00+00:00,0.34991375
2013-02-04 19:00:00+00:00,0.35098624
2013-02-04 20:00:00+00:00,0.5723201
2013-02-04 21:00:00+00:00,0.5422191999999999
2013-02-04 22:00:00+00:00,0.30764559999999996
2013-02-04 23:00:00+00:00,0.0
2013-02-05 00:00:00+00:00,0.0
2013-02-05 01:00:00+00:00,0.0
2013-02-05 02:00:00+00:00,0.0
2013-02-05 03:00:00+00:00,0.0
2013-02-05 04:00:00+00:00,0.0
2013-02-05 05:00:00+00:00,0.0
2013-02-05 06:00:00+00:00,0.0
2013-02-05 07:00:00+00:00,0.0
2013-02-05 08:00:00+00:00,0.0
2013-02-05 09:00:00+00:00,0.0
2013-02-05 10:00:00+00:00,0.0
2013-02-05 11:00:00+00:00,0.0
2013-02-05 12:00:00+00:00,0.0
2013-02-05 13:00:00+00:00,0.018256394
2013-02-05 14:00:00+00:00,0.32741046
2013-02-05 15:00:00+00:00,0.54059935
2013-02-05 16:00:00+00:00,0.42327118
2013-02-05 17:00:00+00:00,0.42568287
2013-02-05 18:00:00+00:00,0.45296270000000005
2013-02-05 19:00:00+00:00,0.47075346
2013-02-05 20:00:00+00:00,0.49835384
2013-02-05 21:00:00+00:00,0.49414068
2013-02-05 22:00:00+00:00,0.32410148
2013-02-05 23:00:00+00:00,0.0
2013-02-06 00:00:00+00:00,0.0
2013-02-06 01:00:00+00:00,0.0
2013-02-06 02:00:00+00:00,0.0
2013-02-06 03:00:00+00:00,0.0
2013-02-06 04:00:00+00:00,0.0
2013-02-06 05:00:00+00:00,0.0
2013-02-06 06:00:00+00:00,0.0
2013-02-06 07:00:00+00:00,0.0
2013-02-06 08:00:00+00:00,0.0
2013-02-06 09:00:00+00:00,0.0
2013-02-06 10:00:00+00:00,0.0
2013-02-06 11:00:00+00:00,0.0
2013-02-06 12:00:00+00:00,0.0
2013-02-06 13:00:00+00:00,0.0043567554
2013-02-06 14:00:00+00:00,0.034101304
2013-02-06 15:00:00+00:00,0.04134558
2013-02-06 16:00:00+00:00,0.052740574000000005
2013-02-06 17:00:00+00:00,0.12205178
2013-02-06 18:00:00+00:00,0.09626376
2013-02-06 19:00:00+00:00,0.09788203
2013-02-06 20:00:00+00:00,0.052860472
2013-02-06 21:00:00+00:00,0.023550112
2013-02-06 22:00:00+00:00,0.005677156
2013-02-06 23:00:00+00:00,0.0
2013-02-07 00:00:00+00:00,0.0
2013-02-07 01:00:00+00:00,0.0
2013-02-07 02:00:00+00:00,0.0
2013-02-07 03:00:00+00:00,0.0
2013-02-07 04:00:00+00:00,0.0
2013-02-07 05:00:00+00:00,0.0
2013-02-07 06:00:00+00:00,0.0
2013-02-07 07:00:00+00:00,0.0
2013-02-07 08:00:00+00:00,0.0
2013-02-07 09:00:00+00:00,0.0
2013-02-07 10:00:00+00:00,0.0
2013-02-07 11:00:00+00:00,0.0
2013-02-07 12:00:00+00:00,0.0
2013-02-07 13:00:00+00:00,0.06441633
2013-02-07 14:00:00+00:00,0.47274995
2013-02-07 15:00:00+00:00,0.6461511
2013-02-07 16:00:00+00:00,0.62880635
2013-02-07 17:00:00+00:00,0.5837026999999999
2013-02-07 18:00:00+00:00,0.5306390000000001
2013-02-07 19:00:00+00:00,0.5824136
2013-02-07 20:00:00+00:00,0.53871596
2013-02-07 21:00:00+00:00,0.5523045999999999
2013-02-07 22:00:00+00:00,0.18939134
2013-02-07 23:00:00+00:00,0.0
2013-02-08 00:00:00+00:00,0.0
2013-02-08 01:00:00+00:00,0.0
2013-02-08 02:00:00+00:00,0.0
2013-02-08 03:00:00+00:00,0.0
2013-02-08 04:00:00+00:00,0.0
2013-02-08 05:00:00+00:00,0.0
2013-02-08 06:00:00+00:00,0.0
2013-02-08 07:00:00+00:00,0.0
2013-02-08 08:00:00+00:00,0.0
2013-02-08 09:00:00+00:00,0.0
2013-02-08 10:00:00+00:00,0.0
2013-02-08 11:00:00+00:00,0.0
2013-02-08 12:00:00+00:00,0.0
2013-02-08 13:00:00+00:00,0.0015151117000000002
2013-02-08 14:00:00+00:00,0.016285446000000002
2013-02-08 15:00:00+00:00,0.09884155
2013-02-08 16:00:00+00:00,0.35034975
2013-02-08 17:00:00+00:00,0.31456152
2013-02-08 18:00:00+00:00,0.29794937
2013-02-08 19:00:00+00:00,0.3289112
2013-02-08 20:00:00+00:00,0.07377566
2013-02-08 21:00:00+00:00,0.04599825
2013-02-08 22:00:00+00:00,0.044035702999999995
2013-02-08 23:00:00+00:00,0.0
2013-02-09 00:00:00+00:00,0.0
2013-02-09 01:00:00+00:00,0.0
2013-02-09 02:00:00+00:00,0.0
2013-02-09 03:00:00+00:00,0.0
2013-02-09 04:00:00+00:00,0.0
2013-02-09 05:00:00+00:00,0.0
2013-02-09 06:00:00+00:00,0.0
2013-02-09 07:00:00+00:00,0.0
2013-02-09 08:00:00+00:00,0.0
2013-02-09 09:00:00+00:00,0.0
2013-02-09 10:00:00+00:00,0.0
2013-02-09 11:00:00+00:00,0.0
2013-02-09 12:00:00+00:00,0.0
2013-02-09 13:00:00+00:00,0.08578844
2013-02-09 14:00:00+00:00,0.46771803
2013-02-09 15:00:00+00:00,0.5077194
2013-02-09 16:00:00+00:00,0.52758926
2013-02-09 17:00:00+00:00,0.48068076
2013-02-09 18:00:00+00:00,0.46500787
2013-02-09 19:00:00+00:00,0.4408089
2013-02-09 20:00:00+00:00,0.48780063
2013-02-09 21:00:00+00:00,0.46542743
2013-02-09 22:00:00+00:00,0.38612536
2013-02-09 23:00:00+00:00,0.0
2013-02-10 00:00:00+00:00,0.0
2013-02-10 01:00:00+00:00,0.0
2013-02-10 02:00:00+00:00,0.0
2013-02-10 03:00:00+00:00,0.0
2013-02-10 04:00:00+00:00,0.0
2013-02-10 05:00:00+00:00,0.0
2013-02-10 06:00:00+00:00,0.0
2013-02-10 07:00:00+00:00,0.0
2013-02-10 08:00:00+00:00,0.0
2013-02-10 09:00:00+00:00,0.0
2013-02-10 10:00:00+00:00,0.0
2013-02-10 11:00:00+00:00,0.0
2013-02-10 12:00:00+00:00,0.0
2013-02-10 13:00:00+00:00,0.10058965
2013-02-10 14:00:00+00:00,0.4886455
2013-02-10 15:00:00+00:00,0.63971484
2013-02-10 16:00:00+00:00,0.6163791999999999
2013-02-10 17:00:00+00:00,0.5720232
2013-02-10 18:00:00+00:00,0.5469668000000001
2013-02-10 19:00:00+00:00,0.49110502
2013-02-10 20:00:00+00:00,0.29349923
2013-02-10 21:00:00+00:00,0.28099662
2013-02-10 22:00:00+00:00,0.20930892
2013-02-10 23:00:00+00:00,0.0
2013-02-11 00:00:00+00:00,0.0
2013-02-11 01:00:00+00:00,0.0
2013-02-11 02:00:00+00:00,0.0
2013-02-11 03:00:00+00:00,0.0
2013-02-11 04:00:00+00:00,0.0
2013-02-11 05:00:00+00:00,0.0
2013-02-11 06:00:00+00:00,0.0
2013-02-11 07:00:00+00:00,0.0
2013-02-11 08:00:00+00:00,0.0
2013-02-11 09:00:00+00:00,0.0
2013-02-11 10:00:00+00:00,0.0
2013-02-11 11:00:00+00:00,0.0
2013-02-11 12:00:00+00:00,0.0
2013-02-11 13:00:00+00:00,0.022476522000000002
2013-02-11 14:00:00+00:00,0.0074655237
2013-02-11 15:00:00+00:00,0.10810133
2013-02-11 16:00:00+00:00,0.07160883
2013-02-11 17:00:00+00:00,0.057017945
2013-02-11 18:00:00+00:00,0.1867068
2013-02-11 19:00:00+00:00,0.30309448
2013-02-11 20:00:00+00:00,0.29698166
2013-02-11 21:00:00+00:00,0.10500645
2013-02-11 22:00:00+00:00,0.37404412
2013-02-11 23:00:00+00:00,0.0
2013-02-12 00:00:00+00:00,0.0
2013-02-12 01:00:00+00:00,0.0
2013-02-12 02:00:00+00:00,0.0
2013-02-12 03:00:00+00:00,0.0
2013-02-12 04:00:00+00:00,0.0
2013-02-12 05:00:00+00:00,0.0
2013-02-12 06:00:00+00:00,0.0
2013-02-12 07:00:00+00:00,0.0
2013-02-12 08:00:00+00:00,0.0
2013-02-12 09:00:00+00:00,0.0
2013-02-12 10:00:00+00:00,0.0
2013-02-12 11:00:00+00:00,0.0
2013-02-12 12:00:00+00:00,0.0
2013-02-12 13:00:00+00:00,0.089174055
2013-02-12 14:00:00+00:00,0.41453162
2013-02-12 15:00:00+00:00,0.5167825
2013-02-12 16:00:00+00:00,0.61986244
2013-02-12 17:00:00+00:00,0.5850489000000001
2013-02-12 18:00:00+00:00,0.57029796
2013-02-12 19:00:00+00:00,0.59256864
2013-02-12 20:00:00+00:00,0.6275390000000001
2013-02-12 21:00:00+00:00,0.6125716
2013-02-12 22:00:00+00:00,0.27525565
2013-02-12 23:00:00+00:00,0.0
2013-02-13 00:00:00+00:00,0.0
2013-02-13 01:00:00+00:00,0.0
2013-02-13 02:00:00+00:00,0.0
2013-02-13 03:00:00+00:00,0.0
2013-02-13 04:00:00+00:00,0.0
2013-02-13 05:00:00+00:00,0.0
2013-02-13 06:00:00+00:00,0.0
2013-02-13 07:00:00+00:00,0.0
2013-02-13 08:00:00+00:00,0.0
2013-02-13 09:00:00+00:00,0.0
2013-02-13 10:00:00+00:00,0.0
2013-02-13 11:00:00+00:00,0.0
2013-02-13 12:00:00+00:00,0.0
2013-02-13 13:00:00+00:00,0.018223967
2013-02-13 14:00:00+00:00,0.29602635
2013-02-13 15:00:00+00:00,0.32011077
2013-02-13 16:00:00+00:00,0.21079117
2013-02-13 17:00:00+00:00,0.1556023
2013-02-13 18:00:00+00:00,0.17781249
2013-02-13 19:00:00+00:00,0.20644043
2013-02-13 20:00:00+00:00,0.35206020000000005
2013-02-13 21:00:00+00:00,0.33698496
2013-02-13 22:00:00+00:00,0.41198450000000003
2013-02-13 23:00:00+00:00,0.0
2013-02-14 00:00:00+00:00,0.0
2013-02-14 01:00:00+00:00,0.0
2013-02-14 02:00:00+00:00,0.0
2013-02-14 03:00:00+00:00,0.0
2013-02-14 04:00:00+00:00,0.0
2013-02-14 05:00:00+00:00,0.0
2013-02-14 06:00:00+00:00,0.0
2013-02-14 07:00:00+00:00,0.0
2013-02-14 08:00:00+00:00,0.0
2013-02-14 09:00:00+00:00,0.0
2013-02-14 10:00:00+00:00,0.0
2013-02-14 11:00:00+00:00,0.0
2013-02-14 12:00:00+00:00,0.0
2013-02-14 13:00:00+00:00,0.07058569
2013-02-14 14:00:00+00:00,0.5293978
2013-02-14 15:00:00+00:00,0.35590038
2013-02-14 16:00:00+00:00,0.3156919
2013-02-14 17:00:00+00:00,0.23680976
2013-02-14 18:00:00+00:00,0.33143032
2013-02-14 19:00:00+00:00,0.5989956999999999
2013-02-14 20:00:00+00:00,0.37658358
2013-02-14 21:00:00+00:00,0.40180734
2013-02-14 22:00:00+00:00,0.12639372
2013-02-14 23:00:00+00:00,0.0
2013-02-15 00:00:00+00:00,0.0
2013-02-15 01:00:00+00:00,0.0
2013-02-15 02:00:00+00:00,0.0
2013-02-15 03:00:00+00:00,0.0
2013-02-15 04:00:00+00:00,0.0
2013-02-15 05:00:00+00:00,0.0
2013-02-15 06:00:00+00:00,0.0
2013-02-15 07:00:00+00:00,0.0
2013-02-15 08:00:00+00:00,0.0
2013-02-15 09:00:00+00:00,0.0
2013-02-15 10:00:00+00:00,0.0
2013-02-15 11:00:00+00:00,0.0
2013-02-15 12:00:00+00:00,0.0
2013-02-15 13:00:00+00:00,0.1543364
2013-02-15 14:00:00+00:00,0.5602275
2013-02-15 15:00:00+00:00,0.6173930000000001
2013-02-15 16:00:00+00:00,0.6730479
2013-02-15 17:00:00+00:00,0.63516617
2013-02-15 18:00:00+00:00,0.6175503999999999
2013-02-15 19:00:00+00:00,0.6372876000000001
2013-02-15 20:00:00+00:00,0.66981745
2013-02-15 21:00:00+00:00,0.6651798000000001
2013-02-15 22:00:00+00:00,0.44499463
2013-02-15 23:00:00+00:00,0.014803201
2013-02-16 00:00:00+00:00,0.0
2013-02-16 01:00:00+00:00,0.0
2013-02-16 02:00:00+00:00,0.0
2013-02-16 03:00:00+00:00,0.0
2013-02-16 04:00:00+00:00,0.0
2013-02-16 05:00:00+00:00,0.0
2013-02-16 06:00:00+00:00,0.0
2013-02-16 07:00:00+00:00,0.0
2013-02-16 08:00:00+00:00,0.0
2013-02-16 09:00:00+00:00,0.0
2013-02-16 10:00:00+00:00,0.0
2013-02-16 11:00:00+00:00,0.0
2013-02-16 12:00:00+00:00,0.0
2013-02-16 13:00:00+00:00,0.012772169
2013-02-16 14:00:00+00:00,0.35029328
2013-02-16 15:00:00+00:00,0.58247006
2013-02-16 16:00:00+00:00,0.51752293
2013-02-16 17:00:00+00:00,0.53665763
2013-02-16 18:00:00+00:00,0.47768274
2013-02-16 19:00:00+00:00,0.54485846
2013-02-16 20:00:00+00:00,0.6271272
2013-02-16 21:00:00+00:00,0.5831514
2013-02-16 22:00:00+00:00,0.29909784
2013-02-16 23:00:00+00:00,0.025667092000000002
2013-02-17 00:00:00+00:00,0.0
2013-02-17 01:00:00+00:00,0.0
2013-02-17 02:00:00+00:00,0.0
2013-02-17 03:00:00+00:00,0.0
2013-02-17 04:00:00+00:00,0.0
2013-02-17 05:00:00+00:00,0.0
2013-02-17 06:00:00+00:00,0.0
2013-02-17 07:00:00+00:00,0.0
2013-02-17 08:00:00+00:00,0.0
2013-02-17 09:00:00+00:00,0.0
2013-02-17 10:00:00+00:00,0.0
2013-02-17 11:00:00+00:00,0.0
2013-02-17 12:00:00+00:00,0.0
2013-02-17 13:00:00+00:00,0.034202714
2013-02-17 14:00:00+00:00,0.17825897
2013-02-17 15:00:00+00:00,0.23982348
2013-02-17 16:00:00+00:00,0.15908214
2013-02-17 17:00:00+00:00,0.23319559
2013-02-17 18:00:00+00:00,0.41845736
2013-02-17 19:00:00+00:00,0.57142013
2013-02-17 20:00:00+00:00,0.68969315
2013-02-17 21:00:00+00:00,0.690925
2013-02-17 22:00:00+00:00,0.47735550000000004
2013-02-17 23:00:00+00:00,0.047136575
2013-02-18 00:00:00+00:00,0.0
2013-02-18 01:00:00+00:00,0.0
2013-02-18 02:00:00+00:00,0.0
2013-02-18 03:00:00+00:00,0.0
2013-02-18 04:00:00+00:00,0.0
2013-02-18 05:00:00+00:00,0.0
2013-02-18 06:00:00+00:00,0.0
2013-02-18 07:00:00+00:00,0.0
2013-02-18 08:00:00+00:00,0.0
2013-02-18 09:00:00+00:00,0.0
2013-02-18 10:00:00+00:00,0.0
2013-02-18 11:00:00+00:00,0.0
2013-02-18 12:00:00+00:00,0.0
2013-02-18 13:00:00+00:00,0.1856178
2013-02-18 14:00:00+00:00,0.5945798000000001
2013-02-18 15:00:00+00:00,0.70111126
2013-02-18 16:00:00+00:00,0.67724866
2013-02-18 17:00:00+00:00,0.5220744
2013-02-18 18:00:00+00:00,0.5351098000000001
2013-02-18 19:00:00+00:00,0.5363728
2013-02-18 20:00:00+00:00,0.5314757
2013-02-18 21:00:00+00:00,0.5664621999999999
2013-02-18 22:00:00+00:00,0.35042235
2013-02-18 23:00:00+00:00,0.04114419
2013-02-19 00:00:00+00:00,0.0
2013-02-19 01:00:00+00:00,0.0
2013-02-19 02:00:00+00:00,0.0
2013-02-19 03:00:00+00:00,0.0
2013-02-19 04:00:00+00:00,0.0
2013-02-19 05:00:00+00:00,0.0
2013-02-19 06:00:00+00:00,0.0
2013-02-19 07:00:00+00:00,0.0
2013-02-19 08:00:00+00:00,0.0
2013-02-19 09:00:00+00:00,0.0
2013-02-19 10:00:00+00:00,0.0
2013-02-19 11:00:00+00:00,0.0
2013-02-19 12:00:00+00:00,0.0
2013-02-19 13:00:00+00:00,0.17503731
2013-02-19 14:00:00+00:00,0.57008606
2013-02-19 15:00:00+00:00,0.6757445
2013-02-19 16:00:00+00:00,0.6629196999999999
2013-02-19 17:00:00+00:00,0.5861946
2013-02-19 18:00:00+00:00,0.5157073
2013-02-19 19:00:00+00:00,0.51179415
2013-02-19 20:00:00+00:00,0.47294949999999997
2013-02-19 21:00:00+00:00,0.12681825
2013-02-19 22:00:00+00:00,0.04401697
2013-02-19 23:00:00+00:00,0.0007519292999999999
2013-02-20 00:00:00+00:00,0.0
2013-02-20 01:00:00+00:00,0.0
2013-02-20 02:00:00+00:00,0.0
2013-02-20 03:00:00+00:00,0.0
2013-02-20 04:00:00+00:00,0.0
2013-02-20 05:00:00+00:00,0.0
2013-02-20 06:00:00+00:00,0.0
2013-02-20 07:00:00+00:00,0.0
2013-02-20 08:00:00+00:00,0.0
2013-02-20 09:00:00+00:00,0.0
2013-02-20 10:00:00+00:00,0.0
2013-02-20 11:00:00+00:00,0.0
2013-02-20 12:00:00+00:00,0.0
2013-02-20 13:00:00+00:00,0.121212035
2013-02-20 14:00:00+00:00,0.13054915
2013-02-20 15:00:00+00:00,0.1323986
2013-02-20 16:00:00+00:00,0.31237155
2013-02-20 17:00:00+00:00,0.3561071
2013-02-20 18:00:00+00:00,0.46904722
2013-02-20 19:00:00+00:00,0.59707755
2013-02-20 20:00:00+00:00,0.6196948
2013-02-20 21:00:00+00:00,0.5961666
2013-02-20 22:00:00+00:00,0.41158906
2013-02-20 23:00:00+00:00,0.06566258
2013-02-21 00:00:00+00:00,0.0
2013-02-21 01:00:00+00:00,0.0
2013-02-21 02:00:00+00:00,0.0
2013-02-21 03:00:00+00:00,0.0
2013-02-21 04:00:00+00:00,0.0
2013-02-21 05:00:00+00:00,0.0
2013-02-21 06:00:00+00:00,0.0
2013-02-21 07:00:00+00:00,0.0
2013-02-21 08:00:00+00:00,0.0
2013-02-21 09:00:00+00:00,0.0
2013-02-21 10:00:00+00:00,0.0
2013-02-21 11:00:00+00:00,0.0
2013-02-21 12:00:00+00:00,0.0
2013-02-21 13:00:00+00:00,0.026632216
2013-02-21 14:00:00+00:00,0.25769407
2013-02-21 15:00:00+00:00,0.5567251999999999
2013-02-21 16:00:00+00:00,0.6010505
2013-02-21 17:00:00+00:00,0.52728057
2013-02-21 18:00:00+00:00,0.5832973000000001
2013-02-21 19:00:00+00:00,0.53890395
2013-02-21 20:00:00+00:00,0.6058581000000001
2013-02-21 21:00:00+00:00,0.505065
2013-02-21 22:00:00+00:00,0.44096667
2013-02-21 23:00:00+00:00,0.08260167
2013-02-22 00:00:00+00:00,0.0
2013-02-22 01:00:00+00:00,0.0
2013-02-22 02:00:00+00:00,0.0
2013-02-22 03:00:00+00:00,0.0
2013-02-22 04:00:00+00:00,0.0
2013-02-22 05:00:00+00:00,0.0
2013-02-22 06:00:00+00:00,0.0
2013-02-22 07:00:00+00:00,0.0
2013-02-22 08:00:00+00:00,0.0
2013-02-22 09:00:00+00:00,0.0
2013-02-22 10:00:00+00:00,0.0
2013-02-22 11:00:00+00:00,0.0
2013-02-22 12:00:00+00:00,0.0
2013-02-22 13:00:00+00:00,0.18797192
2013-02-22 14:00:00+00:00,0.57841706
2013-02-22 15:00:00+00:00,0.6773018
2013-02-22 16:00:00+00:00,0.6607609999999999
2013-02-22 17:00:00+00:00,0.6243368
2013-02-22 18:00:00+00:00,0.6120786
2013-02-22 19:00:00+00:00,0.63080174
2013-02-22 20:00:00+00:00,0.66265213
2013-02-22 21:00:00+00:00,0.6580999
2013-02-22 22:00:00+00:00,0.4824645
2013-02-22 23:00:00+00:00,0.09920157
2013-02-23 00:00:00+00:00,0.0
2013-02-23 01:00:00+00:00,0.0
2013-02-23 02:00:00+00:00,0.0
2013-02-23 03:00:00+00:00,0.0
2013-02-23 04:00:00+00:00,0.0
2013-02-23 05:00:00+00:00,0.0
2013-02-23 06:00:00+00:00,0.0
2013-02-23 07:00:00+00:00,0.0
2013-02-23 08:00:00+00:00,0.0
2013-02-23 09:00:00+00:00,0.0
2013-02-23 10:00:00+00:00,0.0
2013-02-23 11:00:00+00:00,0.0
2013-02-23 12:00:00+00:00,0.0
2013-02-23 13:00:00+00:00,0.20432720000000001
2013-02-23 14:00:00+00:00,0.5935505999999999
2013-02-23 15:00:00+00:00,0.5965844
2013-02-23 16:00:00+00:00,0.5128265000000001
2013-02-23 17:00:00+00:00,0.63889265
2013-02-23 18:00:00+00:00,0.5842951
2013-02-23 19:00:00+00:00,0.6440669
2013-02-23 20:00:00+00:00,0.6703134
2013-02-23 21:00:00+00:00,0.6291806999999999
2013-02-23 22:00:00+00:00,0.38599426
2013-02-23 23:00:00+00:00,0.10844335
2013-02-24 00:00:00+00:00,0.0
2013-02-24 01:00:00+00:00,0.0
2013-02-24 02:00:00+00:00,0.0
2013-02-24 03:00:00+00:00,0.0
2013-02-24 04:00:00+00:00,0.0
2013-02-24 05:00:00+00:00,0.0
2013-02-24 06:00:00+00:00,0.0
2013-02-24 07:00:00+00:00,0.0
2013-02-24 08:00:00+00:00,0.0
2013-02-24 09:00:00+00:00,0.0
2013-02-24 10:00:00+00:00,0.0
2013-02-24 11:00:00+00:00,0.0
2013-02-24 12:00:00+00:00,0.0
2013-02-24 13:00:00+00:00,0.0031822256
2013-02-24 14:00:00+00:00,0.017719155
2013-02-24 15:00:00+00:00,0.042203847
2013-02-24 16:00:00+00:00,0.038736917
2013-02-24 17:00:00+00:00,0.06828612
2013-02-24 18:00:00+00:00,0.030790372000000003
2013-02-24 19:00:00+00:00,0.13729405
2013-02-24 20:00:00+00:00,0.039192226000000004
2013-02-24 21:00:00+00:00,0.16168149
2013-02-24 22:00:00+00:00,0.035441667
2013-02-24 23:00:00+00:00,0.0030489867
2013-02-25 00:00:00+00:00,0.0
2013-02-25 01:00:00+00:00,0.0
2013-02-25 02:00:00+00:00,0.0
2013-02-25 03:00:00+00:00,0.0
2013-02-25 04:00:00+00:00,0.0
2013-02-25 05:00:00+00:00,0.0
2013-02-25 06:00:00+00:00,0.0
2013-02-25 07:00:00+00:00,0.0
2013-02-25 08:00:00+00:00,0.0
2013-02-25 09:00:00+00:00,0.0
2013-02-25 10:00:00+00:00,0.0
2013-02-25 11:00:00+00:00,0.0
2013-02-25 12:00:00+00:00,0.0
2013-02-25 13:00:00+00:00,0.10340458
2013-02-25 14:00:00+00:00,0.010655153999999998
2013-02-25 15:00:00+00:00,0.04981935
2013-02-25 16:00:00+00:00,0.12444665
2013-02-25 17:00:00+00:00,0.13671024
2013-02-25 18:00:00+00:00,0.122496285
2013-02-25 19:00:00+00:00,0.12099833
2013-02-25 20:00:00+00:00,0.058371000000000006
2013-02-25 21:00:00+00:00,0.035818953
2013-02-25 22:00:00+00:00,0.022835268
2013-02-25 23:00:00+00:00,0.00067981967
2013-02-26 00:00:00+00:00,0.0
2013-02-26 01:00:00+00:00,0.0
2013-02-26 02:00:00+00:00,0.0
2013-02-26 03:00:00+00:00,0.0
2013-02-26 04:00:00+00:00,0.0
2013-02-26 05:00:00+00:00,0.0
2013-02-26 06:00:00+00:00,0.0
2013-02-26 07:00:00+00:00,0.0
2013-02-26 08:00:00+00:00,0.0
2013-02-26 09:00:00+00:00,0.0
2013-02-26 10:00:00+00:00,0.0
2013-02-26 11:00:00+00:00,0.0
2013-02-26 12:00:00+00:00,0.0
2013-02-26 13:00:00+00:00,0.00045966206
2013-02-26 14:00:00+00:00,0.014489532
2013-02-26 15:00:00+00:00,0.037144593999999996
2013-02-26 16:00:00+00:00,0.100963734
2013-02-26 17:00:00+00:00,0.107322566
2013-02-26 18:00:00+00:00,0.08072785
2013-02-26 19:00:00+00:00,0.07975059
2013-02-26 20:00:00+00:00,0.043548795999999994
2013-02-26 21:00:00+00:00,0.024049455
2013-02-26 22:00:00+00:00,0.010355066500000001
2013-02-26 23:00:00+00:00,0.083493456
2013-02-27 00:00:00+00:00,0.0
2013-02-27 01:00:00+00:00,0.0
2013-02-27 02:00:00+00:00,0.0
2013-02-27 03:00:00+00:00,0.0
2013-02-27 04:00:00+00:00,0.0
2013-02-27 05:00:00+00:00,0.0
2013-02-27 06:00:00+00:00,0.0
2013-02-27 07:00:00+00:00,0.0
2013-02-27 08:00:00+00:00,0.0
2013-02-27 09:00:00+00:00,0.0
2013-02-27 10:00:00+00:00,0.0
2013-02-27 11:00:00+00:00,0.0
2013-02-27 12:00:00+00:00,0.0
2013-02-27 13:00:00+00:00,0.0043541566
2013-02-27 14:00:00+00:00,0.104185686
2013-02-27 15:00:00+00:00,0.17982416
2013-02-27 16:00:00+00:00,0.32599232
2013-02-27 17:00:00+00:00,0.36515879999999995
2013-02-27 18:00:00+00:00,0.45454399999999995
2013-02-27 19:00:00+00:00,0.45640728
2013-02-27 20:00:00+00:00,0.49363009999999996
2013-02-27 21:00:00+00:00,0.35334998
2013-02-27 22:00:00+00:00,0.04837327
2013-02-27 23:00:00+00:00,0.004886501
2013-02-28 00:00:00+00:00,0.0
2013-02-28 01:00:00+00:00,0.0
2013-02-28 02:00:00+00:00,0.0
2013-02-28 03:00:00+00:00,0.0
2013-02-28 04:00:00+00:00,0.0
2013-02-28 05:00:00+00:00,0.0
2013-02-28 06:00:00+00:00,0.0
2013-02-28 07:00:00+00:00,0.0
2013-02-28 08:00:00+00:00,0.0
2013-02-28 09:00:00+00:00,0.0
2013-02-28 10:00:00+00:00,0.0
2013-02-28 11:00:00+00:00,0.0
2013-02-28 12:00:00+00:00,0.0
2013-02-28 13:00:00+00:00,0.018187668
2013-02-28 14:00:00+00:00,0.14657202
2013-02-28 15:00:00+00:00,0.21847005
2013-02-28 16:00:00+00:00,0.2365902
2013-02-28 17:00:00+00:00,0.2948329
2013-02-28 18:00:00+00:00,0.2141721
2013-02-28 19:00:00+00:00,0.28641120000000003
2013-02-28 20:00:00+00:00,0.23380524
2013-02-28 21:00:00+00:00,0.2603951
2013-02-28 22:00:00+00:00,0.12423574
2013-02-28 23:00:00+00:00,0.104530364
2013-03-01 00:00:00+00:00,0.0
2013-03-01 01:00:00+00:00,0.0
2013-03-01 02:00:00+00:00,0.0
2013-03-01 03:00:00+00:00,0.0
2013-03-01 04:00:00+00:00,0.0
2013-03-01 05:00:00+00:00,0.0
2013-03-01 06:00:00+00:00,0.0
2013-03-01 07:00:00+00:00,0.0
2013-03-01 08:00:00+00:00,0.0
2013-03-01 09:00:00+00:00,0.0
2013-03-01 10:00:00+00:00,0.0
2013-03-01 11:00:00+00:00,0.0
2013-03-01 12:00:00+00:00,0.0
2013-03-01 13:00:00+00:00,0.009916666
2013-03-01 14:00:00+00:00,0.11488696
2013-03-01 15:00:00+00:00,0.1338054
2013-03-01 16:00:00+00:00,0.20146646
2013-03-01 17:00:00+00:00,0.3096991
2013-03-01 18:00:00+00:00,0.27857095
2013-03-01 19:00:00+00:00,0.3154805
2013-03-01 20:00:00+00:00,0.4364012
2013-03-01 21:00:00+00:00,0.32110559999999994
2013-03-01 22:00:00+00:00,0.5313308000000001
2013-03-01 23:00:00+00:00,0.14073761
2013-03-02 00:00:00+00:00,0.0
2013-03-02 01:00:00+00:00,0.0
2013-03-02 02:00:00+00:00,0.0
2013-03-02 03:00:00+00:00,0.0
2013-03-02 04:00:00+00:00,0.0
2013-03-02 05:00:00+00:00,0.0
2013-03-02 06:00:00+00:00,0.0
2013-03-02 07:00:00+00:00,0.0
2013-03-02 08:00:00+00:00,0.0
2013-03-02 09:00:00+00:00,0.0
2013-03-02 10:00:00+00:00,0.0
2013-03-02 11:00:00+00:00,0.0
2013-03-02 12:00:00+00:00,0.0
2013-03-02 13:00:00+00:00,0.2619489
2013-03-02 14:00:00+00:00,0.47737345
2013-03-02 15:00:00+00:00,0.47218072
2013-03-02 16:00:00+00:00,0.59195787
2013-03-02 17:00:00+00:00,0.6330799
2013-03-02 18:00:00+00:00,0.54844606
2013-03-02 19:00:00+00:00,0.41585535
2013-03-02 20:00:00+00:00,0.26892418
2013-03-02 21:00:00+00:00,0.23500645
2013-03-02 22:00:00+00:00,0.0379051
2013-03-02 23:00:00+00:00,0.012827399
2013-03-03 00:00:00+00:00,0.0
2013-03-03 01:00:00+00:00,0.0
2013-03-03 02:00:00+00:00,0.0
2013-03-03 03:00:00+00:00,0.0
2013-03-03 04:00:00+00:00,0.0
2013-03-03 05:00:00+00:00,0.0
2013-03-03 06:00:00+00:00,0.0
2013-03-03 07:00:00+00:00,0.0
2013-03-03 08:00:00+00:00,0.0
2013-03-03 09:00:00+00:00,0.0
2013-03-03 10:00:00+00:00,0.0
2013-03-03 11:00:00+00:00,0.0
2013-03-03 12:00:00+00:00,0.0
2013-03-03 13:00:00+00:00,0.00049586996
2013-03-03 14:00:00+00:00,0.009168131999999999
2013-03-03 15:00:00+00:00,0.04840678
2013-03-03 16:00:00+00:00,0.10060734
2013-03-03 17:00:00+00:00,0.09235214
2013-03-03 18:00:00+00:00,0.17718270000000003
2013-03-03 19:00:00+00:00,0.069290556
2013-03-03 20:00:00+00:00,0.02664184
2013-03-03 21:00:00+00:00,0.039886322
2013-03-03 22:00:00+00:00,0.020710198
2013-03-03 23:00:00+00:00,0.0011905927
2013-03-04 00:00:00+00:00,0.0
2013-03-04 01:00:00+00:00,0.0
2013-03-04 02:00:00+00:00,0.0
2013-03-04 03:00:00+00:00,0.0
2013-03-04 04:00:00+00:00,0.0
2013-03-04 05:00:00+00:00,0.0
2013-03-04 06:00:00+00:00,0.0
2013-03-04 07:00:00+00:00,0.0
2013-03-04 08:00:00+00:00,0.0
2013-03-04 09:00:00+00:00,0.0
2013-03-04 10:00:00+00:00,0.0
2013-03-04 11:00:00+00:00,0.0
2013-03-04 12:00:00+00:00,0.0
2013-03-04 13:00:00+00:00,0.0012706358
2013-03-04 14:00:00+00:00,0.09518652400000001
2013-03-04 15:00:00+00:00,0.08027116
2013-03-04 16:00:00+00:00,0.13811411
2013-03-04 17:00:00+00:00,0.16910286
2013-03-04 18:00:00+00:00,0.20374495
2013-03-04 19:00:00+00:00,0.1881509
2013-03-04 20:00:00+00:00,0.13066176
2013-03-04 21:00:00+00:00,0.072145924
2013-03-04 22:00:00+00:00,0.030840127000000002
2013-03-04 23:00:00+00:00,0.13800849
2013-03-05 00:00:00+00:00,0.0
2013-03-05 01:00:00+00:00,0.0
2013-03-05 02:00:00+00:00,0.0
2013-03-05 03:00:00+00:00,0.0
2013-03-05 04:00:00+00:00,0.0
2013-03-05 05:00:00+00:00,0.0
2013-03-05 06:00:00+00:00,0.0
2013-03-05 07:00:00+00:00,0.0
2013-03-05 08:00:00+00:00,0.0
2013-03-05 09:00:00+00:00,0.0
2013-03-05 10:00:00+00:00,0.0
2013-03-05 11:00:00+00:00,0.0
2013-03-05 12:00:00+00:00,0.0
2013-03-05 13:00:00+00:00,0.0041021747
2013-03-05 14:00:00+00:00,0.061777487
2013-03-05 15:00:00+00:00,0.103791885
2013-03-05 16:00:00+00:00,0.24008001
2013-03-05 17:00:00+00:00,0.31463027
2013-03-05 18:00:00+00:00,0.26130575
2013-03-05 19:00:00+00:00,0.23709081
2013-03-05 20:00:00+00:00,0.15498924
2013-03-05 21:00:00+00:00,0.12724374
2013-03-05 22:00:00+00:00,0.053975344
2013-03-05 23:00:00+00:00,0.15241787
2013-03-06 00:00:00+00:00,0.0
2013-03-06 01:00:00+00:00,0.0
2013-03-06 02:00:00+00:00,0.0
2013-03-06 03:00:00+00:00,0.0
2013-03-06 04:00:00+00:00,0.0
2013-03-06 05:00:00+00:00,0.0
2013-03-06 06:00:00+00:00,0.0
2013-03-06 07:00:00+00:00,0.0
2013-03-06 08:00:00+00:00,0.0
2013-03-06 09:00:00+00:00,0.0
2013-03-06 10:00:00+00:00,0.0
2013-03-06 11:00:00+00:00,0.0
2013-03-06 12:00:00+00:00,0.0
2013-03-06 13:00:00+00:00,0.30208415
2013-03-06 14:00:00+00:00,0.64929396
2013-03-06 15:00:00+00:00,0.7014038
2013-03-06 16:00:00+00:00,0.68913436
2013-03-06 17:00:00+00:00,0.6598965999999999
2013-03-06 18:00:00+00:00,0.6476175000000001
2013-03-06 19:00:00+00:00,0.6606326
2013-03-06 20:00:00+00:00,0.6886416
2013-03-06 21:00:00+00:00,0.6756146
2013-03-06 22:00:00+00:00,0.54524213
2013-03-06 23:00:00+00:00,0.16964725
2013-03-07 00:00:00+00:00,0.0
2013-03-07 01:00:00+00:00,0.0
2013-03-07 02:00:00+00:00,0.0
2013-03-07 03:00:00+00:00,0.0
2013-03-07 04:00:00+00:00,0.0
2013-03-07 05:00:00+00:00,0.0
2013-03-07 06:00:00+00:00,0.0
2013-03-07 07:00:00+00:00,0.0
2013-03-07 08:00:00+00:00,0.0
2013-03-07 09:00:00+00:00,0.0
2013-03-07 10:00:00+00:00,0.0
2013-03-07 11:00:00+00:00,0.0
2013-03-07 12:00:00+00:00,0.0
2013-03-07 13:00:00+00:00,0.23236114
2013-03-07 14:00:00+00:00,0.45355743
2013-03-07 15:00:00+00:00,0.43542529999999996
2013-03-07 16:00:00+00:00,0.64799726
2013-03-07 17:00:00+00:00,0.6234015
2013-03-07 18:00:00+00:00,0.62000394
2013-03-07 19:00:00+00:00,0.6339584
2013-03-07 20:00:00+00:00,0.65058684
2013-03-07 21:00:00+00:00,0.55622596
2013-03-07 22:00:00+00:00,0.15357155
2013-03-07 23:00:00+00:00,0.05336894
2013-03-08 00:00:00+00:00,0.0
2013-03-08 01:00:00+00:00,0.0
2013-03-08 02:00:00+00:00,0.0
2013-03-08 03:00:00+00:00,0.0
2013-03-08 04:00:00+00:00,0.0
2013-03-08 05:00:00+00:00,0.0
2013-03-08 06:00:00+00:00,0.0
2013-03-08 07:00:00+00:00,0.0
2013-03-08 08:00:00+00:00,0.0
2013-03-08 09:00:00+00:00,0.0
2013-03-08 10:00:00+00:00,0.0
2013-03-08 11:00:00+00:00,0.0
2013-03-08 12:00:00+00:00,0.0
2013-03-08 13:00:00+00:00,0.029156527
2013-03-08 14:00:00+00:00,0.14645031
2013-03-08 15:00:00+00:00,0.29082084
2013-03-08 16:00:00+00:00,0.5751841
2013-03-08 17:00:00+00:00,0.43818957
2013-03-08 18:00:00+00:00,0.46584457
2013-03-08 19:00:00+00:00,0.50281155
2013-03-08 20:00:00+00:00,0.29927114
2013-03-08 21:00:00+00:00,0.23199847
2013-03-08 22:00:00+00:00,0.22677719999999998
2013-03-08 23:00:00+00:00,0.01787046
2013-03-09 00:00:00+00:00,0.0
2013-03-09 01:00:00+00:00,0.0
2013-03-09 02:00:00+00:00,0.0
2013-03-09 03:00:00+00:00,0.0
2013-03-09 04:00:00+00:00,0.0
2013-03-09 05:00:00+00:00,0.0
2013-03-09 06:00:00+00:00,0.0
2013-03-09 07:00:00+00:00,0.0
2013-03-09 08:00:00+00:00,0.0
2013-03-09 09:00:00+00:00,0.0
2013-03-09 10:00:00+00:00,0.0
2013-03-09 11:00:00+00:00,0.0
2013-03-09 12:00:00+00:00,0.0
2013-03-09 13:00:00+00:00,0.028948246
2013-03-09 14:00:00+00:00,0.015286201999999999
2013-03-09 15:00:00+00:00,0.046774764
2013-03-09 16:00:00+00:00,0.039624535
2013-03-09 17:00:00+00:00,0.055575266
2013-03-09 18:00:00+00:00,0.082420416
2013-03-09 19:00:00+00:00,0.10863317
2013-03-09 20:00:00+00:00,0.08951334
2013-03-09 21:00:00+00:00,0.059236363
2013-03-09 22:00:00+00:00,0.021042736
2013-03-09 23:00:00+00:00,0.17230545
2013-03-10 00:00:00+00:00,0.0
2013-03-10 01:00:00+00:00,0.0
2013-03-10 02:00:00+00:00,0.0
2013-03-10 03:00:00+00:00,0.0
2013-03-10 04:00:00+00:00,0.0
2013-03-10 05:00:00+00:00,0.0
2013-03-10 06:00:00+00:00,0.0
2013-03-10 07:00:00+00:00,0.0
2013-03-10 08:00:00+00:00,0.0
2013-03-10 09:00:00+00:00,0.0
2013-03-10 10:00:00+00:00,0.0
2013-03-10 11:00:00+00:00,0.0
2013-03-10 12:00:00+00:00,0.0
2013-03-10 13:00:00+00:00,0.0061473665
2013-03-10 14:00:00+00:00,0.06682663
2013-03-10 15:00:00+00:00,0.19767724
2013-03-10 16:00:00+00:00,0.41008377
2013-03-10 17:00:00+00:00,0.44619712
2013-03-10 18:00:00+00:00,0.5441884
2013-03-10 19:00:00+00:00,0.67043585
2013-03-10 20:00:00+00:00,0.35750902
2013-03-10 21:00:00+00:00,0.64102566
2013-03-10 22:00:00+00:00,0.5610782
2013-03-10 23:00:00+00:00,0.10810539999999999
2013-03-11 00:00:00+00:00,0.0
2013-03-11 01:00:00+00:00,0.0
2013-03-11 02:00:00+00:00,0.0
2013-03-11 03:00:00+00:00,0.0
2013-03-11 04:00:00+00:00,0.0
2013-03-11 05:00:00+00:00,0.0
2013-03-11 06:00:00+00:00,0.0
2013-03-11 07:00:00+00:00,0.0
2013-03-11 08:00:00+00:00,0.0
2013-03-11 09:00:00+00:00,0.0
2013-03-11 10:00:00+00:00,0.0
2013-03-11 11:00:00+00:00,0.0
2013-03-11 12:00:00+00:00,0.0
2013-03-11 13:00:00+00:00,0.37179172
2013-03-11 14:00:00+00:00,0.21443711
2013-03-11 15:00:00+00:00,0.40118474
2013-03-11 16:00:00+00:00,0.32580283
2013-03-11 17:00:00+00:00,0.2954162
2013-03-11 18:00:00+00:00,0.27706182
2013-03-11 19:00:00+00:00,0.35858038
2013-03-11 20:00:00+00:00,0.30007207
2013-03-11 21:00:00+00:00,0.13118874
2013-03-11 22:00:00+00:00,0.15731122
2013-03-11 23:00:00+00:00,0.026236119
2013-03-12 00:00:00+00:00,0.0
2013-03-12 01:00:00+00:00,0.0
2013-03-12 02:00:00+00:00,0.0
2013-03-12 03:00:00+00:00,0.0
2013-03-12 04:00:00+00:00,0.0
2013-03-12 05:00:00+00:00,0.0
2013-03-12 06:00:00+00:00,0.0
2013-03-12 07:00:00+00:00,0.0
2013-03-12 08:00:00+00:00,0.0
2013-03-12 09:00:00+00:00,0.0
2013-03-12 10:00:00+00:00,0.0
2013-03-12 11:00:00+00:00,0.0
2013-03-12 12:00:00+00:00,0.0
2013-03-12 13:00:00+00:00,0.36316296
2013-03-12 14:00:00+00:00,0.667415
2013-03-12 15:00:00+00:00,0.7254353
2013-03-12 16:00:00+00:00,0.7145526999999999
2013-03-12 17:00:00+00:00,0.62225467
2013-03-12 18:00:00+00:00,0.6312425
2013-03-12 19:00:00+00:00,0.67949855
2013-03-12 20:00:00+00:00,0.5773520000000001
2013-03-12 21:00:00+00:00,0.45612192
2013-03-12 22:00:00+00:00,0.52922666
2013-03-12 23:00:00+00:00,0.12876698
2013-03-13 00:00:00+00:00,0.0
2013-03-13 01:00:00+00:00,0.0
2013-03-13 02:00:00+00:00,0.0
2013-03-13 03:00:00+00:00,0.0
2013-03-13 04:00:00+00:00,0.0
2013-03-13 05:00:00+00:00,0.0
2013-03-13 06:00:00+00:00,0.0
2013-03-13 07:00:00+00:00,0.0
2013-03-13 08:00:00+00:00,0.0
2013-03-13 09:00:00+00:00,0.0
2013-03-13 10:00:00+00:00,0.0
2013-03-13 11:00:00+00:00,0.0
2013-03-13 12:00:00+00:00,0.0
2013-03-13 13:00:00+00:00,0.10602431
2013-03-13 14:00:00+00:00,0.50262
2013-03-13 15:00:00+00:00,0.45782545
2013-03-13 16:00:00+00:00,0.3958928
2013-03-13 17:00:00+00:00,0.47721362
2013-03-13 18:00:00+00:00,0.5084135000000001
2013-03-13 19:00:00+00:00,0.49187085
2013-03-13 20:00:00+00:00,0.3635639
2013-03-13 21:00:00+00:00,0.26442167
2013-03-13 22:00:00+00:00,0.14162382
2013-03-13 23:00:00+00:00,0.06875252
2013-03-14 00:00:00+00:00,0.0
2013-03-14 01:00:00+00:00,0.0
2013-03-14 02:00:00+00:00,0.0
2013-03-14 03:00:00+00:00,0.0
2013-03-14 04:00:00+00:00,0.0
2013-03-14 05:00:00+00:00,0.0
2013-03-14 06:00:00+00:00,0.0
2013-03-14 07:00:00+00:00,0.0
2013-03-14 08:00:00+00:00,0.0
2013-03-14 09:00:00+00:00,0.0
2013-03-14 10:00:00+00:00,0.0
2013-03-14 11:00:00+00:00,0.0
2013-03-14 12:00:00+00:00,0.0
2013-03-14 13:00:00+00:00,0.14349277
2013-03-14 14:00:00+00:00,0.45337849999999996
2013-03-14 15:00:00+00:00,0.51386905
2013-03-14 16:00:00+00:00,0.47147104
2013-03-14 17:00:00+00:00,0.42908174
2013-03-14 18:00:00+00:00,0.48058948
2013-03-14 19:00:00+00:00,0.43333587
2013-03-14 20:00:00+00:00,0.38209578
2013-03-14 21:00:00+00:00,0.39542407
2013-03-14 22:00:00+00:00,0.12861927
2013-03-14 23:00:00+00:00,0.038334746
2013-03-15 00:00:00+00:00,0.0
2013-03-15 01:00:00+00:00,0.0
2013-03-15 02:00:00+00:00,0.0
2013-03-15 03:00:00+00:00,0.0
2013-03-15 04:00:00+00:00,0.0
2013-03-15 05:00:00+00:00,0.0
2013-03-15 06:00:00+00:00,0.0
2013-03-15 07:00:00+00:00,0.0
2013-03-15 08:00:00+00:00,0.0
2013-03-15 09:00:00+00:00,0.0
2013-03-15 10:00:00+00:00,0.0
2013-03-15 11:00:00+00:00,0.0
2013-03-15 12:00:00+00:00,0.0
2013-03-15 13:00:00+00:00,0.002843773
2013-03-15 14:00:00+00:00,0.010586087
2013-03-15 15:00:00+00:00,0.07424199
2013-03-15 16:00:00+00:00,0.05302096
2013-03-15 17:00:00+00:00,0.13651629999999998
2013-03-15 18:00:00+00:00,0.07927150000000001
2013-03-15 19:00:00+00:00,0.09865941
2013-03-15 20:00:00+00:00,0.07984725
2013-03-15 21:00:00+00:00,0.22630309
2013-03-15 22:00:00+00:00,0.078182116
2013-03-15 23:00:00+00:00,0.004526694
2013-03-16 00:00:00+00:00,0.0
2013-03-16 01:00:00+00:00,0.0
2013-03-16 02:00:00+00:00,0.0
2013-03-16 03:00:00+00:00,0.0
2013-03-16 04:00:00+00:00,0.0
2013-03-16 05:00:00+00:00,0.0
2013-03-16 06:00:00+00:00,0.0
2013-03-16 07:00:00+00:00,0.0
2013-03-16 08:00:00+00:00,0.0
2013-03-16 09:00:00+00:00,0.0
2013-03-16 10:00:00+00:00,0.0
2013-03-16 11:00:00+00:00,0.0
2013-03-16 12:00:00+00:00,0.0
2013-03-16 13:00:00+00:00,0.0058420077
2013-03-16 14:00:00+00:00,0.010519351000000001
2013-03-16 15:00:00+00:00,0.02427487
2013-03-16 16:00:00+00:00,0.04347971
2013-03-16 17:00:00+00:00,0.11697557
2013-03-16 18:00:00+00:00,0.20890160000000002
2013-03-16 19:00:00+00:00,0.15747650000000002
2013-03-16 20:00:00+00:00,0.16099674
2013-03-16 21:00:00+00:00,0.11969554
2013-03-16 22:00:00+00:00,0.053308785
2013-03-16 23:00:00+00:00,0.01478865
2013-03-17 00:00:00+00:00,0.0
2013-03-17 01:00:00+00:00,0.0
2013-03-17 02:00:00+00:00,0.0
2013-03-17 03:00:00+00:00,0.0
2013-03-17 04:00:00+00:00,0.0
2013-03-17 05:00:00+00:00,0.0
2013-03-17 06:00:00+00:00,0.0
2013-03-17 07:00:00+00:00,0.0
2013-03-17 08:00:00+00:00,0.0
2013-03-17 09:00:00+00:00,0.0
2013-03-17 10:00:00+00:00,0.0
2013-03-17 11:00:00+00:00,0.0
2013-03-17 12:00:00+00:00,0.0
2013-03-17 13:00:00+00:00,0.46290618
2013-03-17 14:00:00+00:00,0.7575856
2013-03-17 15:00:00+00:00,0.769
2013-03-17 16:00:00+00:00,0.76471484
2013-03-17 17:00:00+00:00,0.7378117
2013-03-17 18:00:00+00:00,0.7276100999999999
2013-03-17 19:00:00+00:00,0.7373938
2013-03-17 20:00:00+00:00,0.74313134
2013-03-17 21:00:00+00:00,0.71732897
2013-03-17 22:00:00+00:00,0.5472111
2013-03-17 23:00:00+00:00,0.1764194
2013-03-18 00:00:00+00:00,0.0
2013-03-18 01:00:00+00:00,0.0
2013-03-18 02:00:00+00:00,0.0
2013-03-18 03:00:00+00:00,0.0
2013-03-18 04:00:00+00:00,0.0
2013-03-18 05:00:00+00:00,0.0
2013-03-18 06:00:00+00:00,0.0
2013-03-18 07:00:00+00:00,0.0
2013-03-18 08:00:00+00:00,0.0
2013-03-18 09:00:00+00:00,0.0
2013-03-18 10:00:00+00:00,0.0
2013-03-18 11:00:00+00:00,0.0
2013-03-18 12:00:00+00:00,0.0
2013-03-18 13:00:00+00:00,0.42875546
2013-03-18 14:00:00+00:00,0.71064544
2013-03-18 15:00:00+00:00,0.76215076
2013-03-18 16:00:00+00:00,0.61626667
2013-03-18 17:00:00+00:00,0.6454206
2013-03-18 18:00:00+00:00,0.6465846
2013-03-18 19:00:00+00:00,0.6113939
2013-03-18 20:00:00+00:00,0.51419437
2013-03-18 21:00:00+00:00,0.6218913
2013-03-18 22:00:00+00:00,0.5962291000000001
2013-03-18 23:00:00+00:00,0.25145942
2013-03-19 00:00:00+00:00,0.0
2013-03-19 01:00:00+00:00,0.0
2013-03-19 02:00:00+00:00,0.0
2013-03-19 03:00:00+00:00,0.0
2013-03-19 04:00:00+00:00,0.0
2013-03-19 05:00:00+00:00,0.0
2013-03-19 06:00:00+00:00,0.0
2013-03-19 07:00:00+00:00,0.0
2013-03-19 08:00:00+00:00,0.0
2013-03-19 09:00:00+00:00,0.0
2013-03-19 10:00:00+00:00,0.0
2013-03-19 11:00:00+00:00,0.0
2013-03-19 12:00:00+00:00,0.011265766000000002
2013-03-19 13:00:00+00:00,0.38436124
2013-03-19 14:00:00+00:00,0.24744935
2013-03-19 15:00:00+00:00,0.20954545
2013-03-19 16:00:00+00:00,0.29175794
2013-03-19 17:00:00+00:00,0.42908114
2013-03-19 18:00:00+00:00,0.38415256
2013-03-19 19:00:00+00:00,0.6028193000000001
2013-03-19 20:00:00+00:00,0.76668614
2013-03-19 21:00:00+00:00,0.7536371999999999
2013-03-19 22:00:00+00:00,0.6589003000000001
2013-03-19 23:00:00+00:00,0.25686976
2013-03-20 00:00:00+00:00,0.0
2013-03-20 01:00:00+00:00,0.0
2013-03-20 02:00:00+00:00,0.0
2013-03-20 03:00:00+00:00,0.0
2013-03-20 04:00:00+00:00,0.0
2013-03-20 05:00:00+00:00,0.0
2013-03-20 06:00:00+00:00,0.0
2013-03-20 07:00:00+00:00,0.0
2013-03-20 08:00:00+00:00,0.0
2013-03-20 09:00:00+00:00,0.0
2013-03-20 10:00:00+00:00,0.0
2013-03-20 11:00:00+00:00,0.0
2013-03-20 12:00:00+00:00,0.0315555
2013-03-20 13:00:00+00:00,0.45345706
2013-03-20 14:00:00+00:00,0.70351106
2013-03-20 15:00:00+00:00,0.62248373
2013-03-20 16:00:00+00:00,0.72471184
2013-03-20 17:00:00+00:00,0.6954831
2013-03-20 18:00:00+00:00,0.6849327
2013-03-20 19:00:00+00:00,0.697639
2013-03-20 20:00:00+00:00,0.59567875
2013-03-20 21:00:00+00:00,0.20874088
2013-03-20 22:00:00+00:00,0.074228875
2013-03-20 23:00:00+00:00,0.01563103
2013-03-21 00:00:00+00:00,0.0
2013-03-21 01:00:00+00:00,0.0
2013-03-21 02:00:00+00:00,0.0
2013-03-21 03:00:00+00:00,0.0
2013-03-21 04:00:00+00:00,0.0
2013-03-21 05:00:00+00:00,0.0
2013-03-21 06:00:00+00:00,0.0
2013-03-21 07:00:00+00:00,0.0
2013-03-21 08:00:00+00:00,0.0
2013-03-21 09:00:00+00:00,0.0
2013-03-21 10:00:00+00:00,0.0
2013-03-21 11:00:00+00:00,0.0
2013-03-21 12:00:00+00:00,3.8458045e-05
2013-03-21 13:00:00+00:00,0.018897569
2013-03-21 14:00:00+00:00,0.099395886
2013-03-21 15:00:00+00:00,0.16496359
2013-03-21 16:00:00+00:00,0.31336433
2013-03-21 17:00:00+00:00,0.5421126000000001
2013-03-21 18:00:00+00:00,0.68141896
2013-03-21 19:00:00+00:00,0.68996805
2013-03-21 20:00:00+00:00,0.6641001
2013-03-21 21:00:00+00:00,0.6775689
2013-03-21 22:00:00+00:00,0.36506698
2013-03-21 23:00:00+00:00,0.099672
2013-03-22 00:00:00+00:00,0.0
2013-03-22 01:00:00+00:00,0.0
2013-03-22 02:00:00+00:00,0.0
2013-03-22 03:00:00+00:00,0.0
2013-03-22 04:00:00+00:00,0.0
2013-03-22 05:00:00+00:00,0.0
2013-03-22 06:00:00+00:00,0.0
2013-03-22 07:00:00+00:00,0.0
2013-03-22 08:00:00+00:00,0.0
2013-03-22 09:00:00+00:00,0.0
2013-03-22 10:00:00+00:00,0.0
2013-03-22 11:00:00+00:00,0.0
2013-03-22 12:00:00+00:00,0.0
2013-03-22 13:00:00+00:00,0.0035794642999999998
2013-03-22 14:00:00+00:00,0.025137557
2013-03-22 15:00:00+00:00,0.111829974
2013-03-22 16:00:00+00:00,0.05008585
2013-03-22 17:00:00+00:00,0.09485281
2013-03-22 18:00:00+00:00,0.31542724
2013-03-22 19:00:00+00:00,0.22742522
2013-03-22 20:00:00+00:00,0.05788502
2013-03-22 21:00:00+00:00,0.027798915
2013-03-22 22:00:00+00:00,0.010389078000000001
2013-03-22 23:00:00+00:00,0.0058070426
2013-03-23 00:00:00+00:00,0.0
2013-03-23 01:00:00+00:00,0.0
2013-03-23 02:00:00+00:00,0.0
2013-03-23 03:00:00+00:00,0.0
2013-03-23 04:00:00+00:00,0.0
2013-03-23 05:00:00+00:00,0.0
2013-03-23 06:00:00+00:00,0.0
2013-03-23 07:00:00+00:00,0.0
2013-03-23 08:00:00+00:00,0.0
2013-03-23 09:00:00+00:00,0.0
2013-03-23 10:00:00+00:00,0.0
2013-03-23 11:00:00+00:00,0.0
2013-03-23 12:00:00+00:00,0.0
2013-03-23 13:00:00+00:00,0.027505446
2013-03-23 14:00:00+00:00,0.18548648
2013-03-23 15:00:00+00:00,0.25483233
2013-03-23 16:00:00+00:00,0.26450697
2013-03-23 17:00:00+00:00,0.43502438
2013-03-23 18:00:00+00:00,0.3247075
2013-03-23 19:00:00+00:00,0.27540457
2013-03-23 20:00:00+00:00,0.40216082
2013-03-23 21:00:00+00:00,0.15888524
2013-03-23 22:00:00+00:00,0.066379815
2013-03-23 23:00:00+00:00,0.025940502
2013-03-24 00:00:00+00:00,0.0
2013-03-24 01:00:00+00:00,0.0
2013-03-24 02:00:00+00:00,0.0
2013-03-24 03:00:00+00:00,0.0
2013-03-24 04:00:00+00:00,0.0
2013-03-24 05:00:00+00:00,0.0
2013-03-24 06:00:00+00:00,0.0
2013-03-24 07:00:00+00:00,0.0
2013-03-24 08:00:00+00:00,0.0
2013-03-24 09:00:00+00:00,0.0
2013-03-24 10:00:00+00:00,0.0
2013-03-24 11:00:00+00:00,0.0
2013-03-24 12:00:00+00:00,0.0009638010499999999
2013-03-24 13:00:00+00:00,0.035932306000000004
2013-03-24 14:00:00+00:00,0.14356077
2013-03-24 15:00:00+00:00,0.18316682
2013-03-24 16:00:00+00:00,0.35124618
2013-03-24 17:00:00+00:00,0.3661312
2013-03-24 18:00:00+00:00,0.30671668
2013-03-24 19:00:00+00:00,0.41219032
2013-03-24 20:00:00+00:00,0.27469993
2013-03-24 21:00:00+00:00,0.34268147
2013-03-24 22:00:00+00:00,0.24754778
2013-03-24 23:00:00+00:00,0.035736144
2013-03-25 00:00:00+00:00,0.0
2013-03-25 01:00:00+00:00,0.0
2013-03-25 02:00:00+00:00,0.0
2013-03-25 03:00:00+00:00,0.0
2013-03-25 04:00:00+00:00,0.0
2013-03-25 05:00:00+00:00,0.0
2013-03-25 06:00:00+00:00,0.0
2013-03-25 07:00:00+00:00,0.0
2013-03-25 08:00:00+00:00,0.0
2013-03-25 09:00:00+00:00,0.0
2013-03-25 10:00:00+00:00,0.0
2013-03-25 11:00:00+00:00,0.0
2013-03-25 12:00:00+00:00,0.103358455
2013-03-25 13:00:00+00:00,0.5057467000000001
2013-03-25 14:00:00+00:00,0.7282988
2013-03-25 15:00:00+00:00,0.7585069000000001
2013-03-25 16:00:00+00:00,0.5206263
2013-03-25 17:00:00+00:00,0.34586832
2013-03-25 18:00:00+00:00,0.32536
2013-03-25 19:00:00+00:00,0.34471262
2013-03-25 20:00:00+00:00,0.32107604
2013-03-25 21:00:00+00:00,0.24211408
2013-03-25 22:00:00+00:00,0.3088455
2013-03-25 23:00:00+00:00,0.11018468
2013-03-26 00:00:00+00:00,0.0
2013-03-26 01:00:00+00:00,0.0
2013-03-26 02:00:00+00:00,0.0
2013-03-26 03:00:00+00:00,0.0
2013-03-26 04:00:00+00:00,0.0
2013-03-26 05:00:00+00:00,0.0
2013-03-26 06:00:00+00:00,0.0
2013-03-26 07:00:00+00:00,0.0
2013-03-26 08:00:00+00:00,0.0
2013-03-26 09:00:00+00:00,0.0
2013-03-26 10:00:00+00:00,0.0
2013-03-26 11:00:00+00:00,0.0
2013-03-26 12:00:00+00:00,0.1022882
2013-03-26 13:00:00+00:00,0.47334212
2013-03-26 14:00:00+00:00,0.693915
2013-03-26 15:00:00+00:00,0.73874444
2013-03-26 16:00:00+00:00,0.60006064
2013-03-26 17:00:00+00:00,0.5997376999999999
2013-03-26 18:00:00+00:00,0.7062908
2013-03-26 19:00:00+00:00,0.7157806999999999
2013-03-26 20:00:00+00:00,0.72550917
2013-03-26 21:00:00+00:00,0.7091234000000001
2013-03-26 22:00:00+00:00,0.6049626
2013-03-26 23:00:00+00:00,0.2578925
2013-03-27 00:00:00+00:00,0.0
2013-03-27 01:00:00+00:00,0.0
2013-03-27 02:00:00+00:00,0.0
2013-03-27 03:00:00+00:00,0.0
2013-03-27 04:00:00+00:00,0.0
2013-03-27 05:00:00+00:00,0.0
2013-03-27 06:00:00+00:00,0.0
2013-03-27 07:00:00+00:00,0.0
2013-03-27 08:00:00+00:00,0.0
2013-03-27 09:00:00+00:00,0.0
2013-03-27 10:00:00+00:00,0.0
2013-03-27 11:00:00+00:00,0.0
2013-03-27 12:00:00+00:00,0.008405664
2013-03-27 13:00:00+00:00,0.16979161
2013-03-27 14:00:00+00:00,0.5677133000000001
2013-03-27 15:00:00+00:00,0.7068785
2013-03-27 16:00:00+00:00,0.6795353
2013-03-27 17:00:00+00:00,0.6135184
2013-03-27 18:00:00+00:00,0.59367836
2013-03-27 19:00:00+00:00,0.6207314
2013-03-27 20:00:00+00:00,0.33001540000000007
2013-03-27 21:00:00+00:00,0.5288645000000001
2013-03-27 22:00:00+00:00,0.45288894
2013-03-27 23:00:00+00:00,0.18779333
2013-03-28 00:00:00+00:00,0.0
2013-03-28 01:00:00+00:00,0.0
2013-03-28 02:00:00+00:00,0.0
2013-03-28 03:00:00+00:00,0.0
2013-03-28 04:00:00+00:00,0.0
2013-03-28 05:00:00+00:00,0.0
2013-03-28 06:00:00+00:00,0.0
2013-03-28 07:00:00+00:00,0.0
2013-03-28 08:00:00+00:00,0.0
2013-03-28 09:00:00+00:00,0.0
2013-03-28 10:00:00+00:00,0.0
2013-03-28 11:00:00+00:00,0.0
2013-03-28 12:00:00+00:00,0.08620367
2013-03-28 13:00:00+00:00,0.3464897
2013-03-28 14:00:00+00:00,0.44514596
2013-03-28 15:00:00+00:00,0.62292266
2013-03-28 16:00:00+00:00,0.5924789
2013-03-28 17:00:00+00:00,0.54413706
2013-03-28 18:00:00+00:00,0.61140543
2013-03-28 19:00:00+00:00,0.6116934
2013-03-28 20:00:00+00:00,0.6087804
2013-03-28 21:00:00+00:00,0.5282303
2013-03-28 22:00:00+00:00,0.3463677
2013-03-28 23:00:00+00:00,0.123741835
2013-03-29 00:00:00+00:00,0.0
2013-03-29 01:00:00+00:00,0.0
2013-03-29 02:00:00+00:00,0.0
2013-03-29 03:00:00+00:00,0.0
2013-03-29 04:00:00+00:00,0.0
2013-03-29 05:00:00+00:00,0.0
2013-03-29 06:00:00+00:00,0.0
2013-03-29 07:00:00+00:00,0.0
2013-03-29 08:00:00+00:00,0.0
2013-03-29 09:00:00+00:00,0.0
2013-03-29 10:00:00+00:00,0.0
2013-03-29 11:00:00+00:00,0.0
2013-03-29 12:00:00+00:00,0.0021534139999999998
2013-03-29 13:00:00+00:00,0.013751716
2013-03-29 14:00:00+00:00,0.00825546
2013-03-29 15:00:00+00:00,0.0680347
2013-03-29 16:00:00+00:00,0.08414933
2013-03-29 17:00:00+00:00,0.18176377
2013-03-29 18:00:00+00:00,0.30513033
2013-03-29 19:00:00+00:00,0.5479691
2013-03-29 20:00:00+00:00,0.70664036
2013-03-29 21:00:00+00:00,0.6975104
2013-03-29 22:00:00+00:00,0.597429
2013-03-29 23:00:00+00:00,0.26529613
2013-03-30 00:00:00+00:00,0.0
2013-03-30 01:00:00+00:00,0.0
2013-03-30 02:00:00+00:00,0.0
2013-03-30 03:00:00+00:00,0.0
2013-03-30 04:00:00+00:00,0.0
2013-03-30 05:00:00+00:00,0.0
2013-03-30 06:00:00+00:00,0.0
2013-03-30 07:00:00+00:00,0.0
2013-03-30 08:00:00+00:00,0.0
2013-03-30 09:00:00+00:00,0.0
2013-03-30 10:00:00+00:00,0.0
2013-03-30 11:00:00+00:00,0.0
2013-03-30 12:00:00+00:00,0.033598308
2013-03-30 13:00:00+00:00,0.23714994
2013-03-30 14:00:00+00:00,0.3209125
2013-03-30 15:00:00+00:00,0.11215404400000001
2013-03-30 16:00:00+00:00,0.38483232
2013-03-30 17:00:00+00:00,0.41351888
2013-03-30 18:00:00+00:00,0.6043801999999999
2013-03-30 19:00:00+00:00,0.70294005
2013-03-30 20:00:00+00:00,0.6541416
2013-03-30 21:00:00+00:00,0.6833496
2013-03-30 22:00:00+00:00,0.42282432
2013-03-30 23:00:00+00:00,0.32293034
2013-03-31 00:00:00+00:00,0.0
2013-03-31 01:00:00+00:00,0.0
2013-03-31 02:00:00+00:00,0.0
2013-03-31 03:00:00+00:00,0.0
2013-03-31 04:00:00+00:00,0.0
2013-03-31 05:00:00+00:00,0.0
2013-03-31 06:00:00+00:00,0.0
2013-03-31 07:00:00+00:00,0.0
2013-03-31 08:00:00+00:00,0.0
2013-03-31 09:00:00+00:00,0.0
2013-03-31 10:00:00+00:00,0.0
2013-03-31 11:00:00+00:00,0.0
2013-03-31 12:00:00+00:00,0.17084000000000002
2013-03-31 13:00:00+00:00,0.59103733
2013-03-31 14:00:00+00:00,0.76201725
2013-03-31 15:00:00+00:00,0.769
2013-03-31 16:00:00+00:00,0.7611971
2013-03-31 17:00:00+00:00,0.7405161
2013-03-31 18:00:00+00:00,0.735455
2013-03-31 19:00:00+00:00,0.7469496999999999
2013-03-31 20:00:00+00:00,0.767025
2013-03-31 21:00:00+00:00,0.74490076
2013-03-31 22:00:00+00:00,0.65743214
2013-03-31 23:00:00+00:00,0.28631777
2013-04-01 00:00:00+00:00,0.0
2013-04-01 01:00:00+00:00,0.0
2013-04-01 02:00:00+00:00,0.0
2013-04-01 03:00:00+00:00,0.0
2013-04-01 04:00:00+00:00,0.0
2013-04-01 05:00:00+00:00,0.0
2013-04-01 06:00:00+00:00,0.0
2013-04-01 07:00:00+00:00,0.0
2013-04-01 08:00:00+00:00,0.0
2013-04-01 09:00:00+00:00,0.0
2013-04-01 10:00:00+00:00,0.0
2013-04-01 11:00:00+00:00,0.0
2013-04-01 12:00:00+00:00,0.17349733
2013-04-01 13:00:00+00:00,0.59303963
2013-04-01 14:00:00+00:00,0.7581326
2013-04-01 15:00:00+00:00,0.769
2013-04-01 16:00:00+00:00,0.76673406
2013-04-01 17:00:00+00:00,0.749609
2013-04-01 18:00:00+00:00,0.7428475
2013-04-01 19:00:00+00:00,0.7542536
2013-04-01 20:00:00+00:00,0.65736187
2013-04-01 21:00:00+00:00,0.64128625
2013-04-01 22:00:00+00:00,0.48052353
2013-04-01 23:00:00+00:00,0.24913627
2013-04-02 00:00:00+00:00,0.0
2013-04-02 01:00:00+00:00,0.0
2013-04-02 02:00:00+00:00,0.0
2013-04-02 03:00:00+00:00,0.0
2013-04-02 04:00:00+00:00,0.0
2013-04-02 05:00:00+00:00,0.0
2013-04-02 06:00:00+00:00,0.0
2013-04-02 07:00:00+00:00,0.0
2013-04-02 08:00:00+00:00,0.0
2013-04-02 09:00:00+00:00,0.0
2013-04-02 10:00:00+00:00,0.0
2013-04-02 11:00:00+00:00,0.0
2013-04-02 12:00:00+00:00,0.059038296
2013-04-02 13:00:00+00:00,0.222002
2013-04-02 14:00:00+00:00,0.38076586
2013-04-02 15:00:00+00:00,0.20838103
2013-04-02 16:00:00+00:00,0.28045315
2013-04-02 17:00:00+00:00,0.34517863
2013-04-02 18:00:00+00:00,0.3277556
2013-04-02 19:00:00+00:00,0.25534797
2013-04-02 20:00:00+00:00,0.24633881
2013-04-02 21:00:00+00:00,0.18975046
2013-04-02 22:00:00+00:00,0.05561174
2013-04-02 23:00:00+00:00,0.014748772
2013-04-03 00:00:00+00:00,0.0
2013-04-03 01:00:00+00:00,0.0
2013-04-03 02:00:00+00:00,0.0
2013-04-03 03:00:00+00:00,0.0
2013-04-03 04:00:00+00:00,0.0
2013-04-03 05:00:00+00:00,0.0
2013-04-03 06:00:00+00:00,0.0
2013-04-03 07:00:00+00:00,0.0
2013-04-03 08:00:00+00:00,0.0
2013-04-03 09:00:00+00:00,0.0
2013-04-03 10:00:00+00:00,0.0
2013-04-03 11:00:00+00:00,0.0
2013-04-03 12:00:00+00:00,0.17002052
2013-04-03 13:00:00+00:00,0.55735177
2013-04-03 14:00:00+00:00,0.7114216999999999
2013-04-03 15:00:00+00:00,0.74089485
2013-04-03 16:00:00+00:00,0.7245079000000001
2013-04-03 17:00:00+00:00,0.7096690999999999
2013-04-03 18:00:00+00:00,0.70304126
2013-04-03 19:00:00+00:00,0.7129168
2013-04-03 20:00:00+00:00,0.71925706
2013-04-03 21:00:00+00:00,0.7048085
2013-04-03 22:00:00+00:00,0.6174071
2013-04-03 23:00:00+00:00,0.30439058
2013-04-04 00:00:00+00:00,0.0
2013-04-04 01:00:00+00:00,0.0
2013-04-04 02:00:00+00:00,0.0
2013-04-04 03:00:00+00:00,0.0
2013-04-04 04:00:00+00:00,0.0
2013-04-04 05:00:00+00:00,0.0
2013-04-04 06:00:00+00:00,0.0
2013-04-04 07:00:00+00:00,0.0
2013-04-04 08:00:00+00:00,0.0
2013-04-04 09:00:00+00:00,0.0
2013-04-04 10:00:00+00:00,0.0
2013-04-04 11:00:00+00:00,0.0
2013-04-04 12:00:00+00:00,0.16444436
2013-04-04 13:00:00+00:00,0.5240492
2013-04-04 14:00:00+00:00,0.67743105
2013-04-04 15:00:00+00:00,0.7115026
2013-04-04 16:00:00+00:00,0.70245457
2013-04-04 17:00:00+00:00,0.68430257
2013-04-04 18:00:00+00:00,0.6385236999999999
2013-04-04 19:00:00+00:00,0.6291579
2013-04-04 20:00:00+00:00,0.63466066
2013-04-04 21:00:00+00:00,0.56634474
2013-04-04 22:00:00+00:00,0.49734170000000005
2013-04-04 23:00:00+00:00,0.015914906
2013-04-05 00:00:00+00:00,0.0
2013-04-05 01:00:00+00:00,0.0
2013-04-05 02:00:00+00:00,0.0
2013-04-05 03:00:00+00:00,0.0
2013-04-05 04:00:00+00:00,0.0
2013-04-05 05:00:00+00:00,0.0
2013-04-05 06:00:00+00:00,0.0
2013-04-05 07:00:00+00:00,0.0
2013-04-05 08:00:00+00:00,0.0
2013-04-05 09:00:00+00:00,0.0
2013-04-05 10:00:00+00:00,0.0
2013-04-05 11:00:00+00:00,0.0
2013-04-05 12:00:00+00:00,0.0017626493
2013-04-05 13:00:00+00:00,0.02614409
2013-04-05 14:00:00+00:00,0.047343496
2013-04-05 15:00:00+00:00,0.13040118
2013-04-05 16:00:00+00:00,0.5543630999999999
2013-04-05 17:00:00+00:00,0.5377953000000001
2013-04-05 18:00:00+00:00,0.5520170999999999
2013-04-05 19:00:00+00:00,0.30354267
2013-04-05 20:00:00+00:00,0.30360627
2013-04-05 21:00:00+00:00,0.31139228
2013-04-05 22:00:00+00:00,0.36357388
2013-04-05 23:00:00+00:00,0.18113127
2013-04-06 00:00:00+00:00,0.0
2013-04-06 01:00:00+00:00,0.0
2013-04-06 02:00:00+00:00,0.0
2013-04-06 03:00:00+00:00,0.0
2013-04-06 04:00:00+00:00,0.0
2013-04-06 05:00:00+00:00,0.0
2013-04-06 06:00:00+00:00,0.0
2013-04-06 07:00:00+00:00,0.0
2013-04-06 08:00:00+00:00,0.0
2013-04-06 09:00:00+00:00,0.0
2013-04-06 10:00:00+00:00,0.0
2013-04-06 11:00:00+00:00,0.0
2013-04-06 12:00:00+00:00,0.02706279
2013-04-06 13:00:00+00:00,0.058901377000000005
2013-04-06 14:00:00+00:00,0.28660634
2013-04-06 15:00:00+00:00,0.54458934
2013-04-06 16:00:00+00:00,0.67968786
2013-04-06 17:00:00+00:00,0.47784719999999997
2013-04-06 18:00:00+00:00,0.2894991
2013-04-06 19:00:00+00:00,0.22165614
2013-04-06 20:00:00+00:00,0.2532238
2013-04-06 21:00:00+00:00,0.16890235
2013-04-06 22:00:00+00:00,0.39362857
2013-04-06 23:00:00+00:00,0.18274772
2013-04-07 00:00:00+00:00,0.0
2013-04-07 01:00:00+00:00,0.0
2013-04-07 02:00:00+00:00,0.0
2013-04-07 03:00:00+00:00,0.0
2013-04-07 04:00:00+00:00,0.0
2013-04-07 05:00:00+00:00,0.0
2013-04-07 06:00:00+00:00,0.0
2013-04-07 07:00:00+00:00,0.0
2013-04-07 08:00:00+00:00,0.0
2013-04-07 09:00:00+00:00,0.0
2013-04-07 10:00:00+00:00,0.0
2013-04-07 11:00:00+00:00,0.0
2013-04-07 12:00:00+00:00,0.08804846599999999
2013-04-07 13:00:00+00:00,0.118838094
2013-04-07 14:00:00+00:00,0.4902767
2013-04-07 15:00:00+00:00,0.6161595
2013-04-07 16:00:00+00:00,0.5927805
2013-04-07 17:00:00+00:00,0.60717136
2013-04-07 18:00:00+00:00,0.55805975
2013-04-07 19:00:00+00:00,0.68096316
2013-04-07 20:00:00+00:00,0.6908576
2013-04-07 21:00:00+00:00,0.6319688
2013-04-07 22:00:00+00:00,0.3602484
2013-04-07 23:00:00+00:00,0.19116779
2013-04-08 00:00:00+00:00,0.0
2013-04-08 01:00:00+00:00,0.0
2013-04-08 02:00:00+00:00,0.0
2013-04-08 03:00:00+00:00,0.0
2013-04-08 04:00:00+00:00,0.0
2013-04-08 05:00:00+00:00,0.0
2013-04-08 06:00:00+00:00,0.0
2013-04-08 07:00:00+00:00,0.0
2013-04-08 08:00:00+00:00,0.0
2013-04-08 09:00:00+00:00,0.0
2013-04-08 10:00:00+00:00,0.0
2013-04-08 11:00:00+00:00,0.0
2013-04-08 12:00:00+00:00,0.08460908
2013-04-08 13:00:00+00:00,0.3813546
2013-04-08 14:00:00+00:00,0.61658764
2013-04-08 15:00:00+00:00,0.5668122
2013-04-08 16:00:00+00:00,0.5564397
2013-04-08 17:00:00+00:00,0.33193746
2013-04-08 18:00:00+00:00,0.4851076
2013-04-08 19:00:00+00:00,0.56375414
2013-04-08 20:00:00+00:00,0.6631376
2013-04-08 21:00:00+00:00,0.5893592
2013-04-08 22:00:00+00:00,0.5210614
2013-04-08 23:00:00+00:00,0.2563048
2013-04-09 00:00:00+00:00,0.0
2013-04-09 01:00:00+00:00,0.0
2013-04-09 02:00:00+00:00,0.0
2013-04-09 03:00:00+00:00,0.0
2013-04-09 04:00:00+00:00,0.0
2013-04-09 05:00:00+00:00,0.0
2013-04-09 06:00:00+00:00,0.0
2013-04-09 07:00:00+00:00,0.0
2013-04-09 08:00:00+00:00,0.0
2013-04-09 09:00:00+00:00,0.0
2013-04-09 10:00:00+00:00,0.0
2013-04-09 11:00:00+00:00,0.0
2013-04-09 12:00:00+00:00,0.023530132999999998
2013-04-09 13:00:00+00:00,0.0114698205
2013-04-09 14:00:00+00:00,0.10065352
2013-04-09 15:00:00+00:00,0.12363653
2013-04-09 16:00:00+00:00,0.22735867
2013-04-09 17:00:00+00:00,0.27945864
2013-04-09 18:00:00+00:00,0.2668624
2013-04-09 19:00:00+00:00,0.2788103
2013-04-09 20:00:00+00:00,0.15978575
2013-04-09 21:00:00+00:00,0.12876400000000002
2013-04-09 22:00:00+00:00,0.044041064000000005
2013-04-09 23:00:00+00:00,0.031296127
2013-04-10 00:00:00+00:00,0.0
2013-04-10 01:00:00+00:00,0.0
2013-04-10 02:00:00+00:00,0.0
2013-04-10 03:00:00+00:00,0.0
2013-04-10 04:00:00+00:00,0.0
2013-04-10 05:00:00+00:00,0.0
2013-04-10 06:00:00+00:00,0.0
2013-04-10 07:00:00+00:00,0.0
2013-04-10 08:00:00+00:00,0.0
2013-04-10 09:00:00+00:00,0.0
2013-04-10 10:00:00+00:00,0.0
2013-04-10 11:00:00+00:00,0.0
2013-04-10 12:00:00+00:00,0.14403644
2013-04-10 13:00:00+00:00,0.6292988
2013-04-10 14:00:00+00:00,0.37402692
2013-04-10 15:00:00+00:00,0.769
2013-04-10 16:00:00+00:00,0.5191795
2013-04-10 17:00:00+00:00,0.46202440000000006
2013-04-10 18:00:00+00:00,0.2965879
2013-04-10 19:00:00+00:00,0.22257017
2013-04-10 20:00:00+00:00,0.18386921
2013-04-10 21:00:00+00:00,0.10479928599999999
2013-04-10 22:00:00+00:00,0.05900324
2013-04-10 23:00:00+00:00,0.03083895
2013-04-11 00:00:00+00:00,0.0
2013-04-11 01:00:00+00:00,0.0
2013-04-11 02:00:00+00:00,0.0
2013-04-11 03:00:00+00:00,0.0
2013-04-11 04:00:00+00:00,0.0
2013-04-11 05:00:00+00:00,0.0
2013-04-11 06:00:00+00:00,0.0
2013-04-11 07:00:00+00:00,0.0
2013-04-11 08:00:00+00:00,0.0
2013-04-11 09:00:00+00:00,0.0
2013-04-11 10:00:00+00:00,0.0
2013-04-11 11:00:00+00:00,0.0
2013-04-11 12:00:00+00:00,0.24114434
2013-04-11 13:00:00+00:00,0.64029884
2013-04-11 14:00:00+00:00,0.75334555
2013-04-11 15:00:00+00:00,0.769
2013-04-11 16:00:00+00:00,0.76205367
2013-04-11 17:00:00+00:00,0.74665517
2013-04-11 18:00:00+00:00,0.7417520000000001
2013-04-11 19:00:00+00:00,0.74943453
2013-04-11 20:00:00+00:00,0.7604163
2013-04-11 21:00:00+00:00,0.7439326999999999
2013-04-11 22:00:00+00:00,0.66143733
2013-04-11 23:00:00+00:00,0.35734594
2013-04-12 00:00:00+00:00,0.0
2013-04-12 01:00:00+00:00,0.0
2013-04-12 02:00:00+00:00,0.0
2013-04-12 03:00:00+00:00,0.0
2013-04-12 04:00:00+00:00,0.0
2013-04-12 05:00:00+00:00,0.0
2013-04-12 06:00:00+00:00,0.0
2013-04-12 07:00:00+00:00,0.0
2013-04-12 08:00:00+00:00,0.0
2013-04-12 09:00:00+00:00,0.0
2013-04-12 10:00:00+00:00,0.0
2013-04-12 11:00:00+00:00,0.0
2013-04-12 12:00:00+00:00,0.036260206
2013-04-12 13:00:00+00:00,0.41924885
2013-04-12 14:00:00+00:00,0.53713965
2013-04-12 15:00:00+00:00,0.50083303
2013-04-12 16:00:00+00:00,0.52149695
2013-04-12 17:00:00+00:00,0.5239571
2013-04-12 18:00:00+00:00,0.5821556999999999
2013-04-12 19:00:00+00:00,0.54214334
2013-04-12 20:00:00+00:00,0.43561625
2013-04-12 21:00:00+00:00,0.3553011
2013-04-12 22:00:00+00:00,0.17614652
2013-04-12 23:00:00+00:00,0.017594400000000003
2013-04-13 00:00:00+00:00,0.0
2013-04-13 01:00:00+00:00,0.0
2013-04-13 02:00:00+00:00,0.0
2013-04-13 03:00:00+00:00,0.0
2013-04-13 04:00:00+00:00,0.0
2013-04-13 05:00:00+00:00,0.0
2013-04-13 06:00:00+00:00,0.0
2013-04-13 07:00:00+00:00,0.0
2013-04-13 08:00:00+00:00,0.0
2013-04-13 09:00:00+00:00,0.0
2013-04-13 10:00:00+00:00,0.0
2013-04-13 11:00:00+00:00,0.0
2013-04-13 12:00:00+00:00,0.22504658
2013-04-13 13:00:00+00:00,0.20152488
2013-04-13 14:00:00+00:00,0.39958122
2013-04-13 15:00:00+00:00,0.19433646
2013-04-13 16:00:00+00:00,0.44429454
2013-04-13 17:00:00+00:00,0.3649095
2013-04-13 18:00:00+00:00,0.23088364
2013-04-13 19:00:00+00:00,0.30974448
2013-04-13 20:00:00+00:00,0.2838585
2013-04-13 21:00:00+00:00,0.32892498
2013-04-13 22:00:00+00:00,0.60282123
2013-04-13 23:00:00+00:00,0.31969053
2013-04-14 00:00:00+00:00,0.0
2013-04-14 01:00:00+00:00,0.0
2013-04-14 02:00:00+00:00,0.0
2013-04-14 03:00:00+00:00,0.0
2013-04-14 04:00:00+00:00,0.0
2013-04-14 05:00:00+00:00,0.0
2013-04-14 06:00:00+00:00,0.0
2013-04-14 07:00:00+00:00,0.0
2013-04-14 08:00:00+00:00,0.0
2013-04-14 09:00:00+00:00,0.0
2013-04-14 10:00:00+00:00,0.0
2013-04-14 11:00:00+00:00,0.0
2013-04-14 12:00:00+00:00,0.18075992
2013-04-14 13:00:00+00:00,0.40587464
2013-04-14 14:00:00+00:00,0.63714623
2013-04-14 15:00:00+00:00,0.45534378
2013-04-14 16:00:00+00:00,0.5658807
2013-04-14 17:00:00+00:00,0.36526559999999997
2013-04-14 18:00:00+00:00,0.49410240000000005
2013-04-14 19:00:00+00:00,0.5709684
2013-04-14 20:00:00+00:00,0.31754777
2013-04-14 21:00:00+00:00,0.63243115
2013-04-14 22:00:00+00:00,0.42845222
2013-04-14 23:00:00+00:00,0.17470548
2013-04-15 00:00:00+00:00,0.0
2013-04-15 01:00:00+00:00,0.0
2013-04-15 02:00:00+00:00,0.0
2013-04-15 03:00:00+00:00,0.0
2013-04-15 04:00:00+00:00,0.0
2013-04-15 05:00:00+00:00,0.0
2013-04-15 06:00:00+00:00,0.0
2013-04-15 07:00:00+00:00,0.0
2013-04-15 08:00:00+00:00,0.0
2013-04-15 09:00:00+00:00,0.0
2013-04-15 10:00:00+00:00,0.0
2013-04-15 11:00:00+00:00,0.0
2013-04-15 12:00:00+00:00,0.0091958875
2013-04-15 13:00:00+00:00,0.02554229
2013-04-15 14:00:00+00:00,0.27573246
2013-04-15 15:00:00+00:00,0.14838977
2013-04-15 16:00:00+00:00,0.28682393
2013-04-15 17:00:00+00:00,0.36067277
2013-04-15 18:00:00+00:00,0.54965097
2013-04-15 19:00:00+00:00,0.5926836999999999
2013-04-15 20:00:00+00:00,0.27414495
2013-04-15 21:00:00+00:00,0.44390458
2013-04-15 22:00:00+00:00,0.20180462
2013-04-15 23:00:00+00:00,0.08549894400000001
2013-04-16 00:00:00+00:00,0.0
2013-04-16 01:00:00+00:00,0.0
2013-04-16 02:00:00+00:00,0.0
2013-04-16 03:00:00+00:00,0.0
2013-04-16 04:00:00+00:00,0.0
2013-04-16 05:00:00+00:00,0.0
2013-04-16 06:00:00+00:00,0.0
2013-04-16 07:00:00+00:00,0.0
2013-04-16 08:00:00+00:00,0.0
2013-04-16 09:00:00+00:00,0.0
2013-04-16 10:00:00+00:00,0.0
2013-04-16 11:00:00+00:00,0.0
2013-04-16 12:00:00+00:00,0.21085179
2013-04-16 13:00:00+00:00,0.5225559000000001
2013-04-16 14:00:00+00:00,0.6571085
2013-04-16 15:00:00+00:00,0.7076167
2013-04-16 16:00:00+00:00,0.6275773
2013-04-16 17:00:00+00:00,0.6838778
2013-04-16 18:00:00+00:00,0.578501
2013-04-16 19:00:00+00:00,0.71388745
2013-04-16 20:00:00+00:00,0.5864714
2013-04-16 21:00:00+00:00,0.34423542
2013-04-16 22:00:00+00:00,0.5064550999999999
2013-04-16 23:00:00+00:00,0.13173999
2013-04-17 00:00:00+00:00,0.0
2013-04-17 01:00:00+00:00,0.0
2013-04-17 02:00:00+00:00,0.0
2013-04-17 03:00:00+00:00,0.0
2013-04-17 04:00:00+00:00,0.0
2013-04-17 05:00:00+00:00,0.0
2013-04-17 06:00:00+00:00,0.0
2013-04-17 07:00:00+00:00,0.0
2013-04-17 08:00:00+00:00,0.0
2013-04-17 09:00:00+00:00,0.0
2013-04-17 10:00:00+00:00,0.0
2013-04-17 11:00:00+00:00,0.0
2013-04-17 12:00:00+00:00,0.010908336000000001
2013-04-17 13:00:00+00:00,0.10308584
2013-04-17 14:00:00+00:00,0.1830695
2013-04-17 15:00:00+00:00,0.09075137
2013-04-17 16:00:00+00:00,0.14867306
2013-04-17 17:00:00+00:00,0.1597713
2013-04-17 18:00:00+00:00,0.3529772
2013-04-17 19:00:00+00:00,0.3207485
2013-04-17 20:00:00+00:00,0.23200226
2013-04-17 21:00:00+00:00,0.0989579
2013-04-17 22:00:00+00:00,0.07383442
2013-04-17 23:00:00+00:00,0.014381326000000002
2013-04-18 00:00:00+00:00,0.0
2013-04-18 01:00:00+00:00,0.0
2013-04-18 02:00:00+00:00,0.0
2013-04-18 03:00:00+00:00,0.0
2013-04-18 04:00:00+00:00,0.0
2013-04-18 05:00:00+00:00,0.0
2013-04-18 06:00:00+00:00,0.0
2013-04-18 07:00:00+00:00,0.0
2013-04-18 08:00:00+00:00,0.0
2013-04-18 09:00:00+00:00,0.0
2013-04-18 10:00:00+00:00,0.0
2013-04-18 11:00:00+00:00,0.0
2013-04-18 12:00:00+00:00,0.31498724
2013-04-18 13:00:00+00:00,0.6887137
2013-04-18 14:00:00+00:00,0.769
2013-04-18 15:00:00+00:00,0.769
2013-04-18 16:00:00+00:00,0.769
2013-04-18 17:00:00+00:00,0.769
2013-04-18 18:00:00+00:00,0.7685698000000001
2013-04-18 19:00:00+00:00,0.7687729999999999
2013-04-18 20:00:00+00:00,0.769
2013-04-18 21:00:00+00:00,0.769
2013-04-18 22:00:00+00:00,0.695383
2013-04-18 23:00:00+00:00,0.4078204
2013-04-19 00:00:00+00:00,0.009356795
2013-04-19 01:00:00+00:00,0.0
2013-04-19 02:00:00+00:00,0.0
2013-04-19 03:00:00+00:00,0.0
2013-04-19 04:00:00+00:00,0.0
2013-04-19 05:00:00+00:00,0.0
2013-04-19 06:00:00+00:00,0.0
2013-04-19 07:00:00+00:00,0.0
2013-04-19 08:00:00+00:00,0.0
2013-04-19 09:00:00+00:00,0.0
2013-04-19 10:00:00+00:00,0.0
2013-04-19 11:00:00+00:00,0.0
2013-04-19 12:00:00+00:00,0.3127906
2013-04-19 13:00:00+00:00,0.67799133
2013-04-19 14:00:00+00:00,0.769
2013-04-19 15:00:00+00:00,0.769
2013-04-19 16:00:00+00:00,0.769
2013-04-19 17:00:00+00:00,0.75418836
2013-04-19 18:00:00+00:00,0.6112085999999999
2013-04-19 19:00:00+00:00,0.7063193
2013-04-19 20:00:00+00:00,0.67618513
2013-04-19 21:00:00+00:00,0.7403134
2013-04-19 22:00:00+00:00,0.6554734
2013-04-19 23:00:00+00:00,0.2911902
2013-04-20 00:00:00+00:00,0.009061789
2013-04-20 01:00:00+00:00,0.0
2013-04-20 02:00:00+00:00,0.0
2013-04-20 03:00:00+00:00,0.0
2013-04-20 04:00:00+00:00,0.0
2013-04-20 05:00:00+00:00,0.0
2013-04-20 06:00:00+00:00,0.0
2013-04-20 07:00:00+00:00,0.0
2013-04-20 08:00:00+00:00,0.0
2013-04-20 09:00:00+00:00,0.0
2013-04-20 10:00:00+00:00,0.0
2013-04-20 11:00:00+00:00,0.0
2013-04-20 12:00:00+00:00,0.29141536
2013-04-20 13:00:00+00:00,0.6212194999999999
2013-04-20 14:00:00+00:00,0.7187188
2013-04-20 15:00:00+00:00,0.7390979999999999
2013-04-20 16:00:00+00:00,0.72946477
2013-04-20 17:00:00+00:00,0.70120424
2013-04-20 18:00:00+00:00,0.5204850999999999
2013-04-20 19:00:00+00:00,0.6963083999999999
2013-04-20 20:00:00+00:00,0.66858023
2013-04-20 21:00:00+00:00,0.7036676
2013-04-20 22:00:00+00:00,0.61459845
2013-04-20 23:00:00+00:00,0.35255042
2013-04-21 00:00:00+00:00,0.021690772999999997
2013-04-21 01:00:00+00:00,0.0
2013-04-21 02:00:00+00:00,0.0
2013-04-21 03:00:00+00:00,0.0
2013-04-21 04:00:00+00:00,0.0
2013-04-21 05:00:00+00:00,0.0
2013-04-21 06:00:00+00:00,0.0
2013-04-21 07:00:00+00:00,0.0
2013-04-21 08:00:00+00:00,0.0
2013-04-21 09:00:00+00:00,0.0
2013-04-21 10:00:00+00:00,0.0
2013-04-21 11:00:00+00:00,0.0
2013-04-21 12:00:00+00:00,0.26375790000000005
2013-04-21 13:00:00+00:00,0.40058523
2013-04-21 14:00:00+00:00,0.6528518
2013-04-21 15:00:00+00:00,0.60640603
2013-04-21 16:00:00+00:00,0.60411996
2013-04-21 17:00:00+00:00,0.41549709999999995
2013-04-21 18:00:00+00:00,0.48231873
2013-04-21 19:00:00+00:00,0.2577411
2013-04-21 20:00:00+00:00,0.38687187
2013-04-21 21:00:00+00:00,0.24504516
2013-04-21 22:00:00+00:00,0.1680678
2013-04-21 23:00:00+00:00,0.14323176
2013-04-22 00:00:00+00:00,0.007537891
2013-04-22 01:00:00+00:00,0.0
2013-04-22 02:00:00+00:00,0.0
2013-04-22 03:00:00+00:00,0.0
2013-04-22 04:00:00+00:00,0.0
2013-04-22 05:00:00+00:00,0.0
2013-04-22 06:00:00+00:00,0.0
2013-04-22 07:00:00+00:00,0.0
2013-04-22 08:00:00+00:00,0.0
2013-04-22 09:00:00+00:00,0.0
2013-04-22 10:00:00+00:00,0.0
2013-04-22 11:00:00+00:00,0.0
2013-04-22 12:00:00+00:00,0.027500086
2013-04-22 13:00:00+00:00,0.017351776
2013-04-22 14:00:00+00:00,0.020011034
2013-04-22 15:00:00+00:00,0.05241508
2013-04-22 16:00:00+00:00,0.08239936
2013-04-22 17:00:00+00:00,0.25285019999999997
2013-04-22 18:00:00+00:00,0.19283892
2013-04-22 19:00:00+00:00,0.10615121599999999
2013-04-22 20:00:00+00:00,0.16037661
2013-04-22 21:00:00+00:00,0.0924918
2013-04-22 22:00:00+00:00,0.11638344
2013-04-22 23:00:00+00:00,0.03312983
2013-04-23 00:00:00+00:00,0.0028466908
2013-04-23 01:00:00+00:00,0.0
2013-04-23 02:00:00+00:00,0.0
2013-04-23 03:00:00+00:00,0.0
2013-04-23 04:00:00+00:00,0.0
2013-04-23 05:00:00+00:00,0.0
2013-04-23 06:00:00+00:00,0.0
2013-04-23 07:00:00+00:00,0.0
2013-04-23 08:00:00+00:00,0.0
2013-04-23 09:00:00+00:00,0.0
2013-04-23 10:00:00+00:00,0.0
2013-04-23 11:00:00+00:00,0.0
2013-04-23 12:00:00+00:00,0.33732587
2013-04-23 13:00:00+00:00,0.67055106
2013-04-23 14:00:00+00:00,0.75996506
2013-04-23 15:00:00+00:00,0.769
2013-04-23 16:00:00+00:00,0.769
2013-04-23 17:00:00+00:00,0.76200813
2013-04-23 18:00:00+00:00,0.75705755
2013-04-23 19:00:00+00:00,0.7370463
2013-04-23 20:00:00+00:00,0.45752380000000004
2013-04-23 21:00:00+00:00,0.48192874
2013-04-23 22:00:00+00:00,0.3990566
2013-04-23 23:00:00+00:00,0.24386942
2013-04-24 00:00:00+00:00,0.038491435
2013-04-24 01:00:00+00:00,0.0
2013-04-24 02:00:00+00:00,0.0
2013-04-24 03:00:00+00:00,0.0
2013-04-24 04:00:00+00:00,0.0
2013-04-24 05:00:00+00:00,0.0
2013-04-24 06:00:00+00:00,0.0
2013-04-24 07:00:00+00:00,0.0
2013-04-24 08:00:00+00:00,0.0
2013-04-24 09:00:00+00:00,0.0
2013-04-24 10:00:00+00:00,0.0
2013-04-24 11:00:00+00:00,0.0
2013-04-24 12:00:00+00:00,0.32170084
2013-04-24 13:00:00+00:00,0.6462587
2013-04-24 14:00:00+00:00,0.7460932
2013-04-24 15:00:00+00:00,0.7105108
2013-04-24 16:00:00+00:00,0.7074249
2013-04-24 17:00:00+00:00,0.5714127
2013-04-24 18:00:00+00:00,0.48649496
2013-04-24 19:00:00+00:00,0.47986785
2013-04-24 20:00:00+00:00,0.62500757
2013-04-24 21:00:00+00:00,0.35193017
2013-04-24 22:00:00+00:00,0.32233690000000004
2013-04-24 23:00:00+00:00,0.17541835
2013-04-25 00:00:00+00:00,0.0076436507999999995
2013-04-25 01:00:00+00:00,0.0
2013-04-25 02:00:00+00:00,0.0
2013-04-25 03:00:00+00:00,0.0
2013-04-25 04:00:00+00:00,0.0
2013-04-25 05:00:00+00:00,0.0
2013-04-25 06:00:00+00:00,0.0
2013-04-25 07:00:00+00:00,0.0
2013-04-25 08:00:00+00:00,0.0
2013-04-25 09:00:00+00:00,0.0
2013-04-25 10:00:00+00:00,0.0
2013-04-25 11:00:00+00:00,0.0
2013-04-25 12:00:00+00:00,0.007617879
2013-04-25 13:00:00+00:00,0.046997704
2013-04-25 14:00:00+00:00,0.06173297
2013-04-25 15:00:00+00:00,0.13555473
2013-04-25 16:00:00+00:00,0.13868888
2013-04-25 17:00:00+00:00,0.25674835
2013-04-25 18:00:00+00:00,0.17132449
2013-04-25 19:00:00+00:00,0.1803203
2013-04-25 20:00:00+00:00,0.22411463
2013-04-25 21:00:00+00:00,0.10082848
2013-04-25 22:00:00+00:00,0.024867802999999997
2013-04-25 23:00:00+00:00,0.0005788857
2013-04-26 00:00:00+00:00,0.0
2013-04-26 01:00:00+00:00,0.0
2013-04-26 02:00:00+00:00,0.0
2013-04-26 03:00:00+00:00,0.0
2013-04-26 04:00:00+00:00,0.0
2013-04-26 05:00:00+00:00,0.0
2013-04-26 06:00:00+00:00,0.0
2013-04-26 07:00:00+00:00,0.0
2013-04-26 08:00:00+00:00,0.0
2013-04-26 09:00:00+00:00,0.0
2013-04-26 10:00:00+00:00,0.0
2013-04-26 11:00:00+00:00,0.0
2013-04-26 12:00:00+00:00,0.15683141
2013-04-26 13:00:00+00:00,0.29700437
2013-04-26 14:00:00+00:00,0.5190119000000001
2013-04-26 15:00:00+00:00,0.57078874
2013-04-26 16:00:00+00:00,0.18186933
2013-04-26 17:00:00+00:00,0.3474402
2013-04-26 18:00:00+00:00,0.23404406
2013-04-26 19:00:00+00:00,0.28679237
2013-04-26 20:00:00+00:00,0.25606346
2013-04-26 21:00:00+00:00,0.19903164
2013-04-26 22:00:00+00:00,0.10329427
2013-04-26 23:00:00+00:00,0.14886084
2013-04-27 00:00:00+00:00,0.029467148999999998
2013-04-27 01:00:00+00:00,0.0
2013-04-27 02:00:00+00:00,0.0
2013-04-27 03:00:00+00:00,0.0
2013-04-27 04:00:00+00:00,0.0
2013-04-27 05:00:00+00:00,0.0
2013-04-27 06:00:00+00:00,0.0
2013-04-27 07:00:00+00:00,0.0
2013-04-27 08:00:00+00:00,0.0
2013-04-27 09:00:00+00:00,0.0
2013-04-27 10:00:00+00:00,0.0
2013-04-27 11:00:00+00:00,0.0
2013-04-27 12:00:00+00:00,0.021559939
2013-04-27 13:00:00+00:00,0.034445897
2013-04-27 14:00:00+00:00,0.090629004
2013-04-27 15:00:00+00:00,0.11046663
2013-04-27 16:00:00+00:00,0.23745549
2013-04-27 17:00:00+00:00,0.26479253
2013-04-27 18:00:00+00:00,0.2829664
2013-04-27 19:00:00+00:00,0.1728402
2013-04-27 20:00:00+00:00,0.15829432
2013-04-27 21:00:00+00:00,0.24656577
2013-04-27 22:00:00+00:00,0.34361318
2013-04-27 23:00:00+00:00,0.30103195
2013-04-28 00:00:00+00:00,0.07240327
2013-04-28 01:00:00+00:00,0.0
2013-04-28 02:00:00+00:00,0.0
2013-04-28 03:00:00+00:00,0.0
2013-04-28 04:00:00+00:00,0.0
2013-04-28 05:00:00+00:00,0.0
2013-04-28 06:00:00+00:00,0.0
2013-04-28 07:00:00+00:00,0.0
2013-04-28 08:00:00+00:00,0.0
2013-04-28 09:00:00+00:00,0.0
2013-04-28 10:00:00+00:00,0.0
2013-04-28 11:00:00+00:00,0.0
2013-04-28 12:00:00+00:00,0.34164628
2013-04-28 13:00:00+00:00,0.6278495
2013-04-28 14:00:00+00:00,0.70062953
2013-04-28 15:00:00+00:00,0.71903807
2013-04-28 16:00:00+00:00,0.7080631
2013-04-28 17:00:00+00:00,0.702749
2013-04-28 18:00:00+00:00,0.7047024000000001
2013-04-28 19:00:00+00:00,0.7107244
2013-04-28 20:00:00+00:00,0.715381
2013-04-28 21:00:00+00:00,0.709094
2013-04-28 22:00:00+00:00,0.64005214
2013-04-28 23:00:00+00:00,0.4195549
2013-04-29 00:00:00+00:00,0.08621308
2013-04-29 01:00:00+00:00,0.0
2013-04-29 02:00:00+00:00,0.0
2013-04-29 03:00:00+00:00,0.0
2013-04-29 04:00:00+00:00,0.0
2013-04-29 05:00:00+00:00,0.0
2013-04-29 06:00:00+00:00,0.0
2013-04-29 07:00:00+00:00,0.0
2013-04-29 08:00:00+00:00,0.0
2013-04-29 09:00:00+00:00,0.0
2013-04-29 10:00:00+00:00,0.0
2013-04-29 11:00:00+00:00,0.0
2013-04-29 12:00:00+00:00,0.33916430000000003
2013-04-29 13:00:00+00:00,0.6128929
2013-04-29 14:00:00+00:00,0.6957949999999999
2013-04-29 15:00:00+00:00,0.7001480999999999
2013-04-29 16:00:00+00:00,0.69099975
2013-04-29 17:00:00+00:00,0.63165396
2013-04-29 18:00:00+00:00,0.61734825
2013-04-29 19:00:00+00:00,0.5495328
2013-04-29 20:00:00+00:00,0.65051335
2013-04-29 21:00:00+00:00,0.55944073
2013-04-29 22:00:00+00:00,0.57711226
2013-04-29 23:00:00+00:00,0.20601168
2013-04-30 00:00:00+00:00,0.029452727999999997
2013-04-30 01:00:00+00:00,0.0
2013-04-30 02:00:00+00:00,0.0
2013-04-30 03:00:00+00:00,0.0
2013-04-30 04:00:00+00:00,0.0
2013-04-30 05:00:00+00:00,0.0
2013-04-30 06:00:00+00:00,0.0
2013-04-30 07:00:00+00:00,0.0
2013-04-30 08:00:00+00:00,0.0
2013-04-30 09:00:00+00:00,0.0
2013-04-30 10:00:00+00:00,0.0
2013-04-30 11:00:00+00:00,0.0
2013-04-30 12:00:00+00:00,0.31035593
2013-04-30 13:00:00+00:00,0.45885509999999996
2013-04-30 14:00:00+00:00,0.53989196
2013-04-30 15:00:00+00:00,0.5697627
2013-04-30 16:00:00+00:00,0.5242095
2013-04-30 17:00:00+00:00,0.56227386
2013-04-30 18:00:00+00:00,0.5342009
2013-04-30 19:00:00+00:00,0.55689687
2013-04-30 20:00:00+00:00,0.5015522
2013-04-30 21:00:00+00:00,0.6449314
2013-04-30 22:00:00+00:00,0.53697616
2013-04-30 23:00:00+00:00,0.26240006
2013-05-01 00:00:00+00:00,0.046521623
2013-05-01 01:00:00+00:00,0.0
2013-05-01 02:00:00+00:00,0.0
2013-05-01 03:00:00+00:00,0.0
2013-05-01 04:00:00+00:00,0.0
2013-05-01 05:00:00+00:00,0.0
2013-05-01 06:00:00+00:00,0.0
2013-05-01 07:00:00+00:00,0.0
2013-05-01 08:00:00+00:00,0.0
2013-05-01 09:00:00+00:00,0.0
2013-05-01 10:00:00+00:00,0.0
2013-05-01 11:00:00+00:00,0.0
2013-05-01 12:00:00+00:00,0.1462263
2013-05-01 13:00:00+00:00,0.41017717
2013-05-01 14:00:00+00:00,0.585638
2013-05-01 15:00:00+00:00,0.6017828000000001
2013-05-01 16:00:00+00:00,0.5871681
2013-05-01 17:00:00+00:00,0.5163346
2013-05-01 18:00:00+00:00,0.5050241
2013-05-01 19:00:00+00:00,0.4373465
2013-05-01 20:00:00+00:00,0.5698864
2013-05-01 21:00:00+00:00,0.47111362
2013-05-01 22:00:00+00:00,0.5095313
2013-05-01 23:00:00+00:00,0.13002446
2013-05-02 00:00:00+00:00,0.02016595
2013-05-02 01:00:00+00:00,0.0
2013-05-02 02:00:00+00:00,0.0
2013-05-02 03:00:00+00:00,0.0
2013-05-02 04:00:00+00:00,0.0
2013-05-02 05:00:00+00:00,0.0
2013-05-02 06:00:00+00:00,0.0
2013-05-02 07:00:00+00:00,0.0
2013-05-02 08:00:00+00:00,0.0
2013-05-02 09:00:00+00:00,0.0
2013-05-02 10:00:00+00:00,0.0
2013-05-02 11:00:00+00:00,0.00424578
2013-05-02 12:00:00+00:00,0.10920773
2013-05-02 13:00:00+00:00,0.07607428
2013-05-02 14:00:00+00:00,0.13789839
2013-05-02 15:00:00+00:00,0.52886987
2013-05-02 16:00:00+00:00,0.54633975
2013-05-02 17:00:00+00:00,0.5873161
2013-05-02 18:00:00+00:00,0.46983415
2013-05-02 19:00:00+00:00,0.56283045
2013-05-02 20:00:00+00:00,0.47653785
2013-05-02 21:00:00+00:00,0.40539137
2013-05-02 22:00:00+00:00,0.06662124400000001
2013-05-02 23:00:00+00:00,0.043384175999999997
2013-05-03 00:00:00+00:00,0.0043412563000000005
2013-05-03 01:00:00+00:00,0.0
2013-05-03 02:00:00+00:00,0.0
2013-05-03 03:00:00+00:00,0.0
2013-05-03 04:00:00+00:00,0.0
2013-05-03 05:00:00+00:00,0.0
2013-05-03 06:00:00+00:00,0.0
2013-05-03 07:00:00+00:00,0.0
2013-05-03 08:00:00+00:00,0.0
2013-05-03 09:00:00+00:00,0.0
2013-05-03 10:00:00+00:00,0.0
2013-05-03 11:00:00+00:00,0.0
2013-05-03 12:00:00+00:00,0.01794607
2013-05-03 13:00:00+00:00,0.054070032999999997
2013-05-03 14:00:00+00:00,0.08003885
2013-05-03 15:00:00+00:00,0.07980564
2013-05-03 16:00:00+00:00,0.06478014
2013-05-03 17:00:00+00:00,0.31424212
2013-05-03 18:00:00+00:00,0.110843554
2013-05-03 19:00:00+00:00,0.14912550000000002
2013-05-03 20:00:00+00:00,0.11178159
2013-05-03 21:00:00+00:00,0.11718524
2013-05-03 22:00:00+00:00,0.17534287
2013-05-03 23:00:00+00:00,0.21071944
2013-05-04 00:00:00+00:00,0.029026225
2013-05-04 01:00:00+00:00,0.0
2013-05-04 02:00:00+00:00,0.0
2013-05-04 03:00:00+00:00,0.0
2013-05-04 04:00:00+00:00,0.0
2013-05-04 05:00:00+00:00,0.0
2013-05-04 06:00:00+00:00,0.0
2013-05-04 07:00:00+00:00,0.0
2013-05-04 08:00:00+00:00,0.0
2013-05-04 09:00:00+00:00,0.0
2013-05-04 10:00:00+00:00,0.0
2013-05-04 11:00:00+00:00,0.0
2013-05-04 12:00:00+00:00,0.016174803
2013-05-04 13:00:00+00:00,0.24591659
2013-05-04 14:00:00+00:00,0.2663157
2013-05-04 15:00:00+00:00,0.24338508
2013-05-04 16:00:00+00:00,0.10702827599999999
2013-05-04 17:00:00+00:00,0.20370385
2013-05-04 18:00:00+00:00,0.48533124
2013-05-04 19:00:00+00:00,0.37719476
2013-05-04 20:00:00+00:00,0.5138905
2013-05-04 21:00:00+00:00,0.30304763
2013-05-04 22:00:00+00:00,0.054357424
2013-05-04 23:00:00+00:00,0.10687275
2013-05-05 00:00:00+00:00,0.03706256
2013-05-05 01:00:00+00:00,0.0
2013-05-05 02:00:00+00:00,0.0
2013-05-05 03:00:00+00:00,0.0
2013-05-05 04:00:00+00:00,0.0
2013-05-05 05:00:00+00:00,0.0
2013-05-05 06:00:00+00:00,0.0
2013-05-05 07:00:00+00:00,0.0
2013-05-05 08:00:00+00:00,0.0
2013-05-05 09:00:00+00:00,0.0
2013-05-05 10:00:00+00:00,0.0
2013-05-05 11:00:00+00:00,0.037893746
2013-05-05 12:00:00+00:00,0.038247067
2013-05-05 13:00:00+00:00,0.27502945
2013-05-05 14:00:00+00:00,0.38420248
2013-05-05 15:00:00+00:00,0.5513355
2013-05-05 16:00:00+00:00,0.62869453
2013-05-05 17:00:00+00:00,0.6292883
2013-05-05 18:00:00+00:00,0.5522358
2013-05-05 19:00:00+00:00,0.5278193
2013-05-05 20:00:00+00:00,0.43546507
2013-05-05 21:00:00+00:00,0.48780903
2013-05-05 22:00:00+00:00,0.22677689999999998
2013-05-05 23:00:00+00:00,0.17837453
2013-05-06 00:00:00+00:00,0.050552707
2013-05-06 01:00:00+00:00,0.0
2013-05-06 02:00:00+00:00,0.0
2013-05-06 03:00:00+00:00,0.0
2013-05-06 04:00:00+00:00,0.0
2013-05-06 05:00:00+00:00,0.0
2013-05-06 06:00:00+00:00,0.0
2013-05-06 07:00:00+00:00,0.0
2013-05-06 08:00:00+00:00,0.0
2013-05-06 09:00:00+00:00,0.0
2013-05-06 10:00:00+00:00,0.0
2013-05-06 11:00:00+00:00,0.046751644
2013-05-06 12:00:00+00:00,0.36006940000000004
2013-05-06 13:00:00+00:00,0.2676599
2013-05-06 14:00:00+00:00,0.41926897
2013-05-06 15:00:00+00:00,0.555359
2013-05-06 16:00:00+00:00,0.620713
2013-05-06 17:00:00+00:00,0.58567786
2013-05-06 18:00:00+00:00,0.52915233
2013-05-06 19:00:00+00:00,0.4073453
2013-05-06 20:00:00+00:00,0.18700238
2013-05-06 21:00:00+00:00,0.22494328
2013-05-06 22:00:00+00:00,0.3165388
2013-05-06 23:00:00+00:00,0.262881
2013-05-07 00:00:00+00:00,0.057336517000000004
2013-05-07 01:00:00+00:00,0.0
2013-05-07 02:00:00+00:00,0.0
2013-05-07 03:00:00+00:00,0.0
2013-05-07 04:00:00+00:00,0.0
2013-05-07 05:00:00+00:00,0.0
2013-05-07 06:00:00+00:00,0.0
2013-05-07 07:00:00+00:00,0.0
2013-05-07 08:00:00+00:00,0.0
2013-05-07 09:00:00+00:00,0.0
2013-05-07 10:00:00+00:00,0.0
2013-05-07 11:00:00+00:00,0.013782145
2013-05-07 12:00:00+00:00,0.32982862
2013-05-07 13:00:00+00:00,0.62463045
2013-05-07 14:00:00+00:00,0.7041888000000001
2013-05-07 15:00:00+00:00,0.7192192
2013-05-07 16:00:00+00:00,0.718187
2013-05-07 17:00:00+00:00,0.45696664
2013-05-07 18:00:00+00:00,0.36878368
2013-05-07 19:00:00+00:00,0.55486524
2013-05-07 20:00:00+00:00,0.49920820000000005
2013-05-07 21:00:00+00:00,0.3049485
2013-05-07 22:00:00+00:00,0.4158969
2013-05-07 23:00:00+00:00,0.04465451
2013-05-08 00:00:00+00:00,0.013417308000000001
2013-05-08 01:00:00+00:00,0.0
2013-05-08 02:00:00+00:00,0.0
2013-05-08 03:00:00+00:00,0.0
2013-05-08 04:00:00+00:00,0.0
2013-05-08 05:00:00+00:00,0.0
2013-05-08 06:00:00+00:00,0.0
2013-05-08 07:00:00+00:00,0.0
2013-05-08 08:00:00+00:00,0.0
2013-05-08 09:00:00+00:00,0.0
2013-05-08 10:00:00+00:00,0.0
2013-05-08 11:00:00+00:00,0.0016597267999999999
2013-05-08 12:00:00+00:00,0.07054912
2013-05-08 13:00:00+00:00,0.052670468
2013-05-08 14:00:00+00:00,0.027393982
2013-05-08 15:00:00+00:00,0.069511615
2013-05-08 16:00:00+00:00,0.14369825
2013-05-08 17:00:00+00:00,0.21614009999999997
2013-05-08 18:00:00+00:00,0.1970954
2013-05-08 19:00:00+00:00,0.2304879
2013-05-08 20:00:00+00:00,0.25116733
2013-05-08 21:00:00+00:00,0.15504244
2013-05-08 22:00:00+00:00,0.07551603
2013-05-08 23:00:00+00:00,0.020393105
2013-05-09 00:00:00+00:00,0.04973423
2013-05-09 01:00:00+00:00,0.0
2013-05-09 02:00:00+00:00,0.0
2013-05-09 03:00:00+00:00,0.0
2013-05-09 04:00:00+00:00,0.0
2013-05-09 05:00:00+00:00,0.0
2013-05-09 06:00:00+00:00,0.0
2013-05-09 07:00:00+00:00,0.0
2013-05-09 08:00:00+00:00,0.0
2013-05-09 09:00:00+00:00,0.0
2013-05-09 10:00:00+00:00,0.0
2013-05-09 11:00:00+00:00,0.00048655248
2013-05-09 12:00:00+00:00,0.028733197999999998
2013-05-09 13:00:00+00:00,0.062375564
2013-05-09 14:00:00+00:00,0.14079323
2013-05-09 15:00:00+00:00,0.14119066
2013-05-09 16:00:00+00:00,0.24836947
2013-05-09 17:00:00+00:00,0.17076181
2013-05-09 18:00:00+00:00,0.35890475
2013-05-09 19:00:00+00:00,0.28056324
2013-05-09 20:00:00+00:00,0.2966362
2013-05-09 21:00:00+00:00,0.51842946
2013-05-09 22:00:00+00:00,0.6035201
2013-05-09 23:00:00+00:00,0.31984004
2013-05-10 00:00:00+00:00,0.09272788
2013-05-10 01:00:00+00:00,0.0
2013-05-10 02:00:00+00:00,0.0
2013-05-10 03:00:00+00:00,0.0
2013-05-10 04:00:00+00:00,0.0
2013-05-10 05:00:00+00:00,0.0
2013-05-10 06:00:00+00:00,0.0
2013-05-10 07:00:00+00:00,0.0
2013-05-10 08:00:00+00:00,0.0
2013-05-10 09:00:00+00:00,0.0
2013-05-10 10:00:00+00:00,0.0
2013-05-10 11:00:00+00:00,0.083193995
2013-05-10 12:00:00+00:00,0.46343540000000005
2013-05-10 13:00:00+00:00,0.7213162
2013-05-10 14:00:00+00:00,0.769
2013-05-10 15:00:00+00:00,0.769
2013-05-10 16:00:00+00:00,0.769
2013-05-10 17:00:00+00:00,0.769
2013-05-10 18:00:00+00:00,0.769
2013-05-10 19:00:00+00:00,0.769
2013-05-10 20:00:00+00:00,0.769
2013-05-10 21:00:00+00:00,0.75176454
2013-05-10 22:00:00+00:00,0.7284816
2013-05-10 23:00:00+00:00,0.5034284000000001
2013-05-11 00:00:00+00:00,0.1513043
2013-05-11 01:00:00+00:00,0.0
2013-05-11 02:00:00+00:00,0.0
2013-05-11 03:00:00+00:00,0.0
2013-05-11 04:00:00+00:00,0.0
2013-05-11 05:00:00+00:00,0.0
2013-05-11 06:00:00+00:00,0.0
2013-05-11 07:00:00+00:00,0.0
2013-05-11 08:00:00+00:00,0.0
2013-05-11 09:00:00+00:00,0.0
2013-05-11 10:00:00+00:00,0.0
2013-05-11 11:00:00+00:00,0.09398031
2013-05-11 12:00:00+00:00,0.47159716
2013-05-11 13:00:00+00:00,0.7147796
2013-05-11 14:00:00+00:00,0.769
2013-05-11 15:00:00+00:00,0.769
2013-05-11 16:00:00+00:00,0.769
2013-05-11 17:00:00+00:00,0.769
2013-05-11 18:00:00+00:00,0.769
2013-05-11 19:00:00+00:00,0.769
2013-05-11 20:00:00+00:00,0.7686084
2013-05-11 21:00:00+00:00,0.769
2013-05-11 22:00:00+00:00,0.6972638000000001
2013-05-11 23:00:00+00:00,0.5026831
2013-05-12 00:00:00+00:00,0.15126742
2013-05-12 01:00:00+00:00,0.0
2013-05-12 02:00:00+00:00,0.0
2013-05-12 03:00:00+00:00,0.0
2013-05-12 04:00:00+00:00,0.0
2013-05-12 05:00:00+00:00,0.0
2013-05-12 06:00:00+00:00,0.0
2013-05-12 07:00:00+00:00,0.0
2013-05-12 08:00:00+00:00,0.0
2013-05-12 09:00:00+00:00,0.0
2013-05-12 10:00:00+00:00,0.0
2013-05-12 11:00:00+00:00,0.015453254
2013-05-12 12:00:00+00:00,0.21477531
2013-05-12 13:00:00+00:00,0.6598482
2013-05-12 14:00:00+00:00,0.7394562
2013-05-12 15:00:00+00:00,0.76467884
2013-05-12 16:00:00+00:00,0.7551816
2013-05-12 17:00:00+00:00,0.7465565
2013-05-12 18:00:00+00:00,0.7446291
2013-05-12 19:00:00+00:00,0.74368334
2013-05-12 20:00:00+00:00,0.7403435
2013-05-12 21:00:00+00:00,0.72902054
2013-05-12 22:00:00+00:00,0.66215616
2013-05-12 23:00:00+00:00,0.47354466
2013-05-13 00:00:00+00:00,0.13925152
2013-05-13 01:00:00+00:00,0.0
2013-05-13 02:00:00+00:00,0.0
2013-05-13 03:00:00+00:00,0.0
2013-05-13 04:00:00+00:00,0.0
2013-05-13 05:00:00+00:00,0.0
2013-05-13 06:00:00+00:00,0.0
2013-05-13 07:00:00+00:00,0.0
2013-05-13 08:00:00+00:00,0.0
2013-05-13 09:00:00+00:00,0.0
2013-05-13 10:00:00+00:00,0.0
2013-05-13 11:00:00+00:00,0.08848762
2013-05-13 12:00:00+00:00,0.42671895
2013-05-13 13:00:00+00:00,0.6602077
2013-05-13 14:00:00+00:00,0.729683
2013-05-13 15:00:00+00:00,0.74559724
2013-05-13 16:00:00+00:00,0.74302214
2013-05-13 17:00:00+00:00,0.73657525
2013-05-13 18:00:00+00:00,0.7367449
2013-05-13 19:00:00+00:00,0.7402581
2013-05-13 20:00:00+00:00,0.7395123
2013-05-13 21:00:00+00:00,0.7306988
2013-05-13 22:00:00+00:00,0.6622571999999999
2013-05-13 23:00:00+00:00,0.46851513
2013-05-14 00:00:00+00:00,0.13202815
2013-05-14 01:00:00+00:00,0.0
2013-05-14 02:00:00+00:00,0.0
2013-05-14 03:00:00+00:00,0.0
2013-05-14 04:00:00+00:00,0.0
2013-05-14 05:00:00+00:00,0.0
2013-05-14 06:00:00+00:00,0.0
2013-05-14 07:00:00+00:00,0.0
2013-05-14 08:00:00+00:00,0.0
2013-05-14 09:00:00+00:00,0.0
2013-05-14 10:00:00+00:00,0.0
2013-05-14 11:00:00+00:00,0.0131281
2013-05-14 12:00:00+00:00,0.099550664
2013-05-14 13:00:00+00:00,0.2538715
2013-05-14 14:00:00+00:00,0.54850996
2013-05-14 15:00:00+00:00,0.29371759999999997
2013-05-14 16:00:00+00:00,0.25024483
2013-05-14 17:00:00+00:00,0.123353735
2013-05-14 18:00:00+00:00,0.092402525
2013-05-14 19:00:00+00:00,0.13423076
2013-05-14 20:00:00+00:00,0.13708656
2013-05-14 21:00:00+00:00,0.2317313
2013-05-14 22:00:00+00:00,0.18556799
2013-05-14 23:00:00+00:00,0.13679528
2013-05-15 00:00:00+00:00,0.028003355
2013-05-15 01:00:00+00:00,0.0
2013-05-15 02:00:00+00:00,0.0
2013-05-15 03:00:00+00:00,0.0
2013-05-15 04:00:00+00:00,0.0
2013-05-15 05:00:00+00:00,0.0
2013-05-15 06:00:00+00:00,0.0
2013-05-15 07:00:00+00:00,0.0
2013-05-15 08:00:00+00:00,0.0
2013-05-15 09:00:00+00:00,0.0
2013-05-15 10:00:00+00:00,0.0
2013-05-15 11:00:00+00:00,0.050322566
2013-05-15 12:00:00+00:00,0.28995290000000007
2013-05-15 13:00:00+00:00,0.38523075
2013-05-15 14:00:00+00:00,0.3989885
2013-05-15 15:00:00+00:00,0.45198345
2013-05-15 16:00:00+00:00,0.45526859999999997
2013-05-15 17:00:00+00:00,0.41743466
2013-05-15 18:00:00+00:00,0.34613562
2013-05-15 19:00:00+00:00,0.5272387
2013-05-15 20:00:00+00:00,0.5637209
2013-05-15 21:00:00+00:00,0.16761312
2013-05-15 22:00:00+00:00,0.2455955
2013-05-15 23:00:00+00:00,0.027604900000000005
2013-05-16 00:00:00+00:00,0.0011597768
2013-05-16 01:00:00+00:00,0.0
2013-05-16 02:00:00+00:00,0.0
2013-05-16 03:00:00+00:00,0.0
2013-05-16 04:00:00+00:00,0.0
2013-05-16 05:00:00+00:00,0.0
2013-05-16 06:00:00+00:00,0.0
2013-05-16 07:00:00+00:00,0.0
2013-05-16 08:00:00+00:00,0.0
2013-05-16 09:00:00+00:00,0.0
2013-05-16 10:00:00+00:00,0.0
2013-05-16 11:00:00+00:00,0.0048152986
2013-05-16 12:00:00+00:00,0.087579146
2013-05-16 13:00:00+00:00,0.12354433
2013-05-16 14:00:00+00:00,0.22783925
2013-05-16 15:00:00+00:00,0.34071323
2013-05-16 16:00:00+00:00,0.32164955
2013-05-16 17:00:00+00:00,0.27995774
2013-05-16 18:00:00+00:00,0.33575526
2013-05-16 19:00:00+00:00,0.27579495
2013-05-16 20:00:00+00:00,0.55222064
2013-05-16 21:00:00+00:00,0.6717493
2013-05-16 22:00:00+00:00,0.29101607
2013-05-16 23:00:00+00:00,0.20004003
2013-05-17 00:00:00+00:00,0.061354175
2013-05-17 01:00:00+00:00,0.0
2013-05-17 02:00:00+00:00,0.0
2013-05-17 03:00:00+00:00,0.0
2013-05-17 04:00:00+00:00,0.0
2013-05-17 05:00:00+00:00,0.0
2013-05-17 06:00:00+00:00,0.0
2013-05-17 07:00:00+00:00,0.0
2013-05-17 08:00:00+00:00,0.0
2013-05-17 09:00:00+00:00,0.0
2013-05-17 10:00:00+00:00,0.0
2013-05-17 11:00:00+00:00,0.09742102
2013-05-17 12:00:00+00:00,0.41309622
2013-05-17 13:00:00+00:00,0.13524874
2013-05-17 14:00:00+00:00,0.19480024
2013-05-17 15:00:00+00:00,0.70111567
2013-05-17 16:00:00+00:00,0.6469855
2013-05-17 17:00:00+00:00,0.6740798000000001
2013-05-17 18:00:00+00:00,0.65232337
2013-05-17 19:00:00+00:00,0.64942443
2013-05-17 20:00:00+00:00,0.6456768
2013-05-17 21:00:00+00:00,0.48933378
2013-05-17 22:00:00+00:00,0.30337676
2013-05-17 23:00:00+00:00,0.06975019
2013-05-18 00:00:00+00:00,0.021547506
2013-05-18 01:00:00+00:00,0.0
2013-05-18 02:00:00+00:00,0.0
2013-05-18 03:00:00+00:00,0.0
2013-05-18 04:00:00+00:00,0.0
2013-05-18 05:00:00+00:00,0.0
2013-05-18 06:00:00+00:00,0.0
2013-05-18 07:00:00+00:00,0.0
2013-05-18 08:00:00+00:00,0.0
2013-05-18 09:00:00+00:00,0.0
2013-05-18 10:00:00+00:00,0.0
2013-05-18 11:00:00+00:00,0.07443863
2013-05-18 12:00:00+00:00,0.36979124
2013-05-18 13:00:00+00:00,0.593355
2013-05-18 14:00:00+00:00,0.32582086
2013-05-18 15:00:00+00:00,0.19359749999999998
2013-05-18 16:00:00+00:00,0.44573462
2013-05-18 17:00:00+00:00,0.54564756
2013-05-18 18:00:00+00:00,0.6574505
2013-05-18 19:00:00+00:00,0.67207605
2013-05-18 20:00:00+00:00,0.6961933000000001
2013-05-18 21:00:00+00:00,0.6882304
2013-05-18 22:00:00+00:00,0.61044604
2013-05-18 23:00:00+00:00,0.43009192
2013-05-19 00:00:00+00:00,0.13483472
2013-05-19 01:00:00+00:00,0.0
2013-05-19 02:00:00+00:00,0.0
2013-05-19 03:00:00+00:00,0.0
2013-05-19 04:00:00+00:00,0.0
2013-05-19 05:00:00+00:00,0.0
2013-05-19 06:00:00+00:00,0.0
2013-05-19 07:00:00+00:00,0.0
2013-05-19 08:00:00+00:00,0.0
2013-05-19 09:00:00+00:00,0.0
2013-05-19 10:00:00+00:00,0.0
2013-05-19 11:00:00+00:00,0.011500981
2013-05-19 12:00:00+00:00,0.14052437
2013-05-19 13:00:00+00:00,0.33575127
2013-05-19 14:00:00+00:00,0.38200098
2013-05-19 15:00:00+00:00,0.34914935
2013-05-19 16:00:00+00:00,0.6481075
2013-05-19 17:00:00+00:00,0.64676565
2013-05-19 18:00:00+00:00,0.64315534
2013-05-19 19:00:00+00:00,0.5662194
2013-05-19 20:00:00+00:00,0.5250751
2013-05-19 21:00:00+00:00,0.041851345
2013-05-19 22:00:00+00:00,0.26833275
2013-05-19 23:00:00+00:00,0.27032929999999994
2013-05-20 00:00:00+00:00,0.097132824
2013-05-20 01:00:00+00:00,0.0
2013-05-20 02:00:00+00:00,0.0
2013-05-20 03:00:00+00:00,0.0
2013-05-20 04:00:00+00:00,0.0
2013-05-20 05:00:00+00:00,0.0
2013-05-20 06:00:00+00:00,0.0
2013-05-20 07:00:00+00:00,0.0
2013-05-20 08:00:00+00:00,0.0
2013-05-20 09:00:00+00:00,0.0
2013-05-20 10:00:00+00:00,0.0
2013-05-20 11:00:00+00:00,0.08000228599999999
2013-05-20 12:00:00+00:00,0.32828867
2013-05-20 13:00:00+00:00,0.497253
2013-05-20 14:00:00+00:00,0.5772818000000001
2013-05-20 15:00:00+00:00,0.61834395
2013-05-20 16:00:00+00:00,0.62960935
2013-05-20 17:00:00+00:00,0.62495166
2013-05-20 18:00:00+00:00,0.4917648
2013-05-20 19:00:00+00:00,0.47274145
2013-05-20 20:00:00+00:00,0.43349874
2013-05-20 21:00:00+00:00,0.37580815
2013-05-20 22:00:00+00:00,0.31201354
2013-05-20 23:00:00+00:00,0.20285885
2013-05-21 00:00:00+00:00,0.05276332
2013-05-21 01:00:00+00:00,0.0
2013-05-21 02:00:00+00:00,0.0
2013-05-21 03:00:00+00:00,0.0
2013-05-21 04:00:00+00:00,0.0
2013-05-21 05:00:00+00:00,0.0
2013-05-21 06:00:00+00:00,0.0
2013-05-21 07:00:00+00:00,0.0
2013-05-21 08:00:00+00:00,0.0
2013-05-21 09:00:00+00:00,0.0
2013-05-21 10:00:00+00:00,0.0
2013-05-21 11:00:00+00:00,0.051552615999999996
2013-05-21 12:00:00+00:00,0.248142
2013-05-21 13:00:00+00:00,0.5379026
2013-05-21 14:00:00+00:00,0.29279348
2013-05-21 15:00:00+00:00,0.52439153
2013-05-21 16:00:00+00:00,0.34189250000000004
2013-05-21 17:00:00+00:00,0.50964236
2013-05-21 18:00:00+00:00,0.41706166
2013-05-21 19:00:00+00:00,0.2727375
2013-05-21 20:00:00+00:00,0.13176143
2013-05-21 21:00:00+00:00,0.36208429999999997
2013-05-21 22:00:00+00:00,0.50596845
2013-05-21 23:00:00+00:00,0.1957358
2013-05-22 00:00:00+00:00,0.1487931
2013-05-22 01:00:00+00:00,0.0
2013-05-22 02:00:00+00:00,0.0
2013-05-22 03:00:00+00:00,0.0
2013-05-22 04:00:00+00:00,0.0
2013-05-22 05:00:00+00:00,0.0
2013-05-22 06:00:00+00:00,0.0
2013-05-22 07:00:00+00:00,0.0
2013-05-22 08:00:00+00:00,0.0
2013-05-22 09:00:00+00:00,0.0
2013-05-22 10:00:00+00:00,0.0
2013-05-22 11:00:00+00:00,0.14103113
2013-05-22 12:00:00+00:00,0.4103169
2013-05-22 13:00:00+00:00,0.42080790000000007
2013-05-22 14:00:00+00:00,0.52022856
2013-05-22 15:00:00+00:00,0.68047833
2013-05-22 16:00:00+00:00,0.76825804
2013-05-22 17:00:00+00:00,0.769
2013-05-22 18:00:00+00:00,0.769
2013-05-22 19:00:00+00:00,0.769
2013-05-22 20:00:00+00:00,0.769
2013-05-22 21:00:00+00:00,0.7642168
2013-05-22 22:00:00+00:00,0.70797306
2013-05-22 23:00:00+00:00,0.55045414
2013-05-23 00:00:00+00:00,0.19537117
2013-05-23 01:00:00+00:00,0.0
2013-05-23 02:00:00+00:00,0.0
2013-05-23 03:00:00+00:00,0.0
2013-05-23 04:00:00+00:00,0.0
2013-05-23 05:00:00+00:00,0.0
2013-05-23 06:00:00+00:00,0.0
2013-05-23 07:00:00+00:00,0.0
2013-05-23 08:00:00+00:00,0.0
2013-05-23 09:00:00+00:00,0.0
2013-05-23 10:00:00+00:00,0.0
2013-05-23 11:00:00+00:00,0.13767183
2013-05-23 12:00:00+00:00,0.50592047
2013-05-23 13:00:00+00:00,0.709679
2013-05-23 14:00:00+00:00,0.41952790000000006
2013-05-23 15:00:00+00:00,0.597234
2013-05-23 16:00:00+00:00,0.31120804
2013-05-23 17:00:00+00:00,0.71282715
2013-05-23 18:00:00+00:00,0.21191466
2013-05-23 19:00:00+00:00,0.37568727
2013-05-23 20:00:00+00:00,0.29990300000000003
2013-05-23 21:00:00+00:00,0.19681041
2013-05-23 22:00:00+00:00,0.08768916
2013-05-23 23:00:00+00:00,0.076939255
2013-05-24 00:00:00+00:00,0.011893878
2013-05-24 01:00:00+00:00,0.0
2013-05-24 02:00:00+00:00,0.0
2013-05-24 03:00:00+00:00,0.0
2013-05-24 04:00:00+00:00,0.0
2013-05-24 05:00:00+00:00,0.0
2013-05-24 06:00:00+00:00,0.0
2013-05-24 07:00:00+00:00,0.0
2013-05-24 08:00:00+00:00,0.0
2013-05-24 09:00:00+00:00,0.0
2013-05-24 10:00:00+00:00,0.0
2013-05-24 11:00:00+00:00,0.054645807000000005
2013-05-24 12:00:00+00:00,0.23571691
2013-05-24 13:00:00+00:00,0.2243229
2013-05-24 14:00:00+00:00,0.41516832
2013-05-24 15:00:00+00:00,0.44601187
2013-05-24 16:00:00+00:00,0.46673045
2013-05-24 17:00:00+00:00,0.5335092
2013-05-24 18:00:00+00:00,0.6062827
2013-05-24 19:00:00+00:00,0.6316642
2013-05-24 20:00:00+00:00,0.64201194
2013-05-24 21:00:00+00:00,0.65597194
2013-05-24 22:00:00+00:00,0.6177720999999999
2013-05-24 23:00:00+00:00,0.46003649999999996
2013-05-25 00:00:00+00:00,0.15790391
2013-05-25 01:00:00+00:00,0.0
2013-05-25 02:00:00+00:00,0.0
2013-05-25 03:00:00+00:00,0.0
2013-05-25 04:00:00+00:00,0.0
2013-05-25 05:00:00+00:00,0.0
2013-05-25 06:00:00+00:00,0.0
2013-05-25 07:00:00+00:00,0.0
2013-05-25 08:00:00+00:00,0.0
2013-05-25 09:00:00+00:00,0.0
2013-05-25 10:00:00+00:00,0.0
2013-05-25 11:00:00+00:00,0.103254005
2013-05-25 12:00:00+00:00,0.43613172
2013-05-25 13:00:00+00:00,0.6420545999999999
2013-05-25 14:00:00+00:00,0.7126494000000001
2013-05-25 15:00:00+00:00,0.7342024
2013-05-25 16:00:00+00:00,0.7373841999999999
2013-05-25 17:00:00+00:00,0.73408294
2013-05-25 18:00:00+00:00,0.73056835
2013-05-25 19:00:00+00:00,0.7302781999999999
2013-05-25 20:00:00+00:00,0.72508997
2013-05-25 21:00:00+00:00,0.70949036
2013-05-25 22:00:00+00:00,0.6414109
2013-05-25 23:00:00+00:00,0.47482568
2013-05-26 00:00:00+00:00,0.13009991
2013-05-26 01:00:00+00:00,0.0
2013-05-26 02:00:00+00:00,0.0
2013-05-26 03:00:00+00:00,0.0
2013-05-26 04:00:00+00:00,0.0
2013-05-26 05:00:00+00:00,0.0
2013-05-26 06:00:00+00:00,0.0
2013-05-26 07:00:00+00:00,0.0
2013-05-26 08:00:00+00:00,0.0
2013-05-26 09:00:00+00:00,0.0
2013-05-26 10:00:00+00:00,0.0
2013-05-26 11:00:00+00:00,0.0449393
2013-05-26 12:00:00+00:00,0.21001484
2013-05-26 13:00:00+00:00,0.5406685999999999
2013-05-26 14:00:00+00:00,0.6037328000000001
2013-05-26 15:00:00+00:00,0.6325206
2013-05-26 16:00:00+00:00,0.6121224000000001
2013-05-26 17:00:00+00:00,0.65492195
2013-05-26 18:00:00+00:00,0.66679895
2013-05-26 19:00:00+00:00,0.6702943
2013-05-26 20:00:00+00:00,0.58548737
2013-05-26 21:00:00+00:00,0.572178
2013-05-26 22:00:00+00:00,0.61140656
2013-05-26 23:00:00+00:00,0.47032654
2013-05-27 00:00:00+00:00,0.15195896
2013-05-27 01:00:00+00:00,0.0
2013-05-27 02:00:00+00:00,0.0
2013-05-27 03:00:00+00:00,0.0
2013-05-27 04:00:00+00:00,0.0
2013-05-27 05:00:00+00:00,0.0
2013-05-27 06:00:00+00:00,0.0
2013-05-27 07:00:00+00:00,0.0
2013-05-27 08:00:00+00:00,0.0
2013-05-27 09:00:00+00:00,0.0
2013-05-27 10:00:00+00:00,0.0
2013-05-27 11:00:00+00:00,0.07738118
2013-05-27 12:00:00+00:00,0.31810558
2013-05-27 13:00:00+00:00,0.38064983
2013-05-27 14:00:00+00:00,0.52916473
2013-05-27 15:00:00+00:00,0.62469965
2013-05-27 16:00:00+00:00,0.63058645
2013-05-27 17:00:00+00:00,0.6309882
2013-05-27 18:00:00+00:00,0.6011729
2013-05-27 19:00:00+00:00,0.48331815
2013-05-27 20:00:00+00:00,0.4626978
2013-05-27 21:00:00+00:00,0.39408496
2013-05-27 22:00:00+00:00,0.58206314
2013-05-27 23:00:00+00:00,0.374028
2013-05-28 00:00:00+00:00,0.1320161
2013-05-28 01:00:00+00:00,0.0
2013-05-28 02:00:00+00:00,0.0
2013-05-28 03:00:00+00:00,0.0
2013-05-28 04:00:00+00:00,0.0
2013-05-28 05:00:00+00:00,0.0
2013-05-28 06:00:00+00:00,0.0
2013-05-28 07:00:00+00:00,0.0
2013-05-28 08:00:00+00:00,0.0
2013-05-28 09:00:00+00:00,0.0
2013-05-28 10:00:00+00:00,0.0
2013-05-28 11:00:00+00:00,0.08660996
2013-05-28 12:00:00+00:00,0.3813207
2013-05-28 13:00:00+00:00,0.6252340999999999
2013-05-28 14:00:00+00:00,0.69694424
2013-05-28 15:00:00+00:00,0.72025436
2013-05-28 16:00:00+00:00,0.7166212
2013-05-28 17:00:00+00:00,0.71264976
2013-05-28 18:00:00+00:00,0.6153770000000001
2013-05-28 19:00:00+00:00,0.5961105
2013-05-28 20:00:00+00:00,0.4684219
2013-05-28 21:00:00+00:00,0.50425684
2013-05-28 22:00:00+00:00,0.32432383
2013-05-28 23:00:00+00:00,0.15177613
2013-05-29 00:00:00+00:00,0.104254626
2013-05-29 01:00:00+00:00,0.0
2013-05-29 02:00:00+00:00,0.0
2013-05-29 03:00:00+00:00,0.0
2013-05-29 04:00:00+00:00,0.0
2013-05-29 05:00:00+00:00,0.0
2013-05-29 06:00:00+00:00,0.0
2013-05-29 07:00:00+00:00,0.0
2013-05-29 08:00:00+00:00,0.0
2013-05-29 09:00:00+00:00,0.0
2013-05-29 10:00:00+00:00,0.0
2013-05-29 11:00:00+00:00,0.077418245
2013-05-29 12:00:00+00:00,0.20184952
2013-05-29 13:00:00+00:00,0.48967806
2013-05-29 14:00:00+00:00,0.5364434
2013-05-29 15:00:00+00:00,0.52331823
2013-05-29 16:00:00+00:00,0.50193346
2013-05-29 17:00:00+00:00,0.48924085
2013-05-29 18:00:00+00:00,0.526911
2013-05-29 19:00:00+00:00,0.26541793
2013-05-29 20:00:00+00:00,0.10428466
2013-05-29 21:00:00+00:00,0.20709562
2013-05-29 22:00:00+00:00,0.4870036
2013-05-29 23:00:00+00:00,0.49558368
2013-05-30 00:00:00+00:00,0.13731217
2013-05-30 01:00:00+00:00,0.0
2013-05-30 02:00:00+00:00,0.0
2013-05-30 03:00:00+00:00,0.0
2013-05-30 04:00:00+00:00,0.0
2013-05-30 05:00:00+00:00,0.0
2013-05-30 06:00:00+00:00,0.0
2013-05-30 07:00:00+00:00,0.0
2013-05-30 08:00:00+00:00,0.0
2013-05-30 09:00:00+00:00,0.0
2013-05-30 10:00:00+00:00,0.0
2013-05-30 11:00:00+00:00,0.054718502
2013-05-30 12:00:00+00:00,0.064353146
2013-05-30 13:00:00+00:00,0.39447197
2013-05-30 14:00:00+00:00,0.5815479
2013-05-30 15:00:00+00:00,0.5122629
2013-05-30 16:00:00+00:00,0.45979807
2013-05-30 17:00:00+00:00,0.50078005
2013-05-30 18:00:00+00:00,0.5200949
2013-05-30 19:00:00+00:00,0.5067321
2013-05-30 20:00:00+00:00,0.519848
2013-05-30 21:00:00+00:00,0.37203562
2013-05-30 22:00:00+00:00,0.09263335
2013-05-30 23:00:00+00:00,0.04273803
2013-05-31 00:00:00+00:00,0.019786788
2013-05-31 01:00:00+00:00,0.0
2013-05-31 02:00:00+00:00,0.0
2013-05-31 03:00:00+00:00,0.0
2013-05-31 04:00:00+00:00,0.0
2013-05-31 05:00:00+00:00,0.0
2013-05-31 06:00:00+00:00,0.0
2013-05-31 07:00:00+00:00,0.0
2013-05-31 08:00:00+00:00,0.0
2013-05-31 09:00:00+00:00,0.0
2013-05-31 10:00:00+00:00,0.0
2013-05-31 11:00:00+00:00,0.016646469
2013-05-31 12:00:00+00:00,0.24006602
2013-05-31 13:00:00+00:00,0.2693893
2013-05-31 14:00:00+00:00,0.21817996
2013-05-31 15:00:00+00:00,0.37770715
2013-05-31 16:00:00+00:00,0.5403920999999999
2013-05-31 17:00:00+00:00,0.54172885
2013-05-31 18:00:00+00:00,0.60538644
2013-05-31 19:00:00+00:00,0.62898993
2013-05-31 20:00:00+00:00,0.42960906
2013-05-31 21:00:00+00:00,0.42402285
2013-05-31 22:00:00+00:00,0.53162175
2013-05-31 23:00:00+00:00,0.3251098
2013-06-01 00:00:00+00:00,0.2010286
2013-06-01 01:00:00+00:00,0.0
2013-06-01 02:00:00+00:00,0.0
2013-06-01 03:00:00+00:00,0.0
2013-06-01 04:00:00+00:00,0.0
2013-06-01 05:00:00+00:00,0.0
2013-06-01 06:00:00+00:00,0.0
2013-06-01 07:00:00+00:00,0.0
2013-06-01 08:00:00+00:00,0.0
2013-06-01 09:00:00+00:00,0.0
2013-06-01 10:00:00+00:00,0.0
2013-06-01 11:00:00+00:00,0.13217396
2013-06-01 12:00:00+00:00,0.390364
2013-06-01 13:00:00+00:00,0.38356337
2013-06-01 14:00:00+00:00,0.7326266
2013-06-01 15:00:00+00:00,0.4946244000000001
2013-06-01 16:00:00+00:00,0.6650050000000001
2013-06-01 17:00:00+00:00,0.5257593
2013-06-01 18:00:00+00:00,0.5578564
2013-06-01 19:00:00+00:00,0.36974058
2013-06-01 20:00:00+00:00,0.35412607
2013-06-01 21:00:00+00:00,0.5337202
2013-06-01 22:00:00+00:00,0.64596075
2013-06-01 23:00:00+00:00,0.52413315
2013-06-02 00:00:00+00:00,0.19312339
2013-06-02 01:00:00+00:00,0.0
2013-06-02 02:00:00+00:00,0.0
2013-06-02 03:00:00+00:00,0.0
2013-06-02 04:00:00+00:00,0.0
2013-06-02 05:00:00+00:00,0.0
2013-06-02 06:00:00+00:00,0.0
2013-06-02 07:00:00+00:00,0.0
2013-06-02 08:00:00+00:00,0.0
2013-06-02 09:00:00+00:00,0.0
2013-06-02 10:00:00+00:00,0.0
2013-06-02 11:00:00+00:00,0.13622320000000002
2013-06-02 12:00:00+00:00,0.47592559999999995
2013-06-02 13:00:00+00:00,0.6711185000000001
2013-06-02 14:00:00+00:00,0.73656034
2013-06-02 15:00:00+00:00,0.75307995
2013-06-02 16:00:00+00:00,0.69959354
2013-06-02 17:00:00+00:00,0.6120248
2013-06-02 18:00:00+00:00,0.6047659000000001
2013-06-02 19:00:00+00:00,0.666215
2013-06-02 20:00:00+00:00,0.7379576
2013-06-02 21:00:00+00:00,0.5880251999999999
2013-06-02 22:00:00+00:00,0.585206
2013-06-02 23:00:00+00:00,0.5313011
2013-06-03 00:00:00+00:00,0.16842368
2013-06-03 01:00:00+00:00,0.0
2013-06-03 02:00:00+00:00,0.0
2013-06-03 03:00:00+00:00,0.0
2013-06-03 04:00:00+00:00,0.0
2013-06-03 05:00:00+00:00,0.0
2013-06-03 06:00:00+00:00,0.0
2013-06-03 07:00:00+00:00,0.0
2013-06-03 08:00:00+00:00,0.0
2013-06-03 09:00:00+00:00,0.0
2013-06-03 10:00:00+00:00,0.0
2013-06-03 11:00:00+00:00,0.09237446
2013-06-03 12:00:00+00:00,0.44806549999999995
2013-06-03 13:00:00+00:00,0.51160264
2013-06-03 14:00:00+00:00,0.6912057
2013-06-03 15:00:00+00:00,0.6903949
2013-06-03 16:00:00+00:00,0.68768394
2013-06-03 17:00:00+00:00,0.54720265
2013-06-03 18:00:00+00:00,0.58401716
2013-06-03 19:00:00+00:00,0.34334242
2013-06-03 20:00:00+00:00,0.13021787
2013-06-03 21:00:00+00:00,0.12136417
2013-06-03 22:00:00+00:00,0.040650517000000004
2013-06-03 23:00:00+00:00,0.008816592
2013-06-04 00:00:00+00:00,0.010887491499999999
2013-06-04 01:00:00+00:00,0.0
2013-06-04 02:00:00+00:00,0.0
2013-06-04 03:00:00+00:00,0.0
2013-06-04 04:00:00+00:00,0.0
2013-06-04 05:00:00+00:00,0.0
2013-06-04 06:00:00+00:00,0.0
2013-06-04 07:00:00+00:00,0.0
2013-06-04 08:00:00+00:00,0.0
2013-06-04 09:00:00+00:00,0.0
2013-06-04 10:00:00+00:00,0.0
2013-06-04 11:00:00+00:00,0.008441924
2013-06-04 12:00:00+00:00,0.036714572
2013-06-04 13:00:00+00:00,0.21832936
2013-06-04 14:00:00+00:00,0.10515661
2013-06-04 15:00:00+00:00,0.24168515
2013-06-04 16:00:00+00:00,0.20429759
2013-06-04 17:00:00+00:00,0.36129615
2013-06-04 18:00:00+00:00,0.22600369
2013-06-04 19:00:00+00:00,0.34604472
2013-06-04 20:00:00+00:00,0.47589874
2013-06-04 21:00:00+00:00,0.46193206
2013-06-04 22:00:00+00:00,0.21980032
2013-06-04 23:00:00+00:00,0.22426212
2013-06-05 00:00:00+00:00,0.13659976
2013-06-05 01:00:00+00:00,0.0
2013-06-05 02:00:00+00:00,0.0
2013-06-05 03:00:00+00:00,0.0
2013-06-05 04:00:00+00:00,0.0
2013-06-05 05:00:00+00:00,0.0
2013-06-05 06:00:00+00:00,0.0
2013-06-05 07:00:00+00:00,0.0
2013-06-05 08:00:00+00:00,0.0
2013-06-05 09:00:00+00:00,0.0
2013-06-05 10:00:00+00:00,0.0
2013-06-05 11:00:00+00:00,0.004984158
2013-06-05 12:00:00+00:00,0.04795942
2013-06-05 13:00:00+00:00,0.21278115
2013-06-05 14:00:00+00:00,0.1833874
2013-06-05 15:00:00+00:00,0.16462305
2013-06-05 16:00:00+00:00,0.3223676
2013-06-05 17:00:00+00:00,0.65199196
2013-06-05 18:00:00+00:00,0.6879312
2013-06-05 19:00:00+00:00,0.7244273
2013-06-05 20:00:00+00:00,0.7171041
2013-06-05 21:00:00+00:00,0.6927031
2013-06-05 22:00:00+00:00,0.4113489000000001
2013-06-05 23:00:00+00:00,0.47029456
2013-06-06 00:00:00+00:00,0.13943229999999998
2013-06-06 01:00:00+00:00,0.0
2013-06-06 02:00:00+00:00,0.0
2013-06-06 03:00:00+00:00,0.0
2013-06-06 04:00:00+00:00,0.0
2013-06-06 05:00:00+00:00,0.0
2013-06-06 06:00:00+00:00,0.0
2013-06-06 07:00:00+00:00,0.0
2013-06-06 08:00:00+00:00,0.0
2013-06-06 09:00:00+00:00,0.0
2013-06-06 10:00:00+00:00,0.0
2013-06-06 11:00:00+00:00,0.056055274
2013-06-06 12:00:00+00:00,0.35662937
2013-06-06 13:00:00+00:00,0.13821244
2013-06-06 14:00:00+00:00,0.14954658
2013-06-06 15:00:00+00:00,0.43939355
2013-06-06 16:00:00+00:00,0.37660372
2013-06-06 17:00:00+00:00,0.34527144
2013-06-06 18:00:00+00:00,0.333785
2013-06-06 19:00:00+00:00,0.25087345
2013-06-06 20:00:00+00:00,0.67359835
2013-06-06 21:00:00+00:00,0.6802547
2013-06-06 22:00:00+00:00,0.61193967
2013-06-06 23:00:00+00:00,0.46235567
2013-06-07 00:00:00+00:00,0.1798264
2013-06-07 01:00:00+00:00,0.0
2013-06-07 02:00:00+00:00,0.0
2013-06-07 03:00:00+00:00,0.0
2013-06-07 04:00:00+00:00,0.0
2013-06-07 05:00:00+00:00,0.0
2013-06-07 06:00:00+00:00,0.0
2013-06-07 07:00:00+00:00,0.0
2013-06-07 08:00:00+00:00,0.0
2013-06-07 09:00:00+00:00,0.0
2013-06-07 10:00:00+00:00,0.0
2013-06-07 11:00:00+00:00,0.12992492
2013-06-07 12:00:00+00:00,0.4417632000000001
2013-06-07 13:00:00+00:00,0.61922306
2013-06-07 14:00:00+00:00,0.35759884
2013-06-07 15:00:00+00:00,0.49654287
2013-06-07 16:00:00+00:00,0.44807252
2013-06-07 17:00:00+00:00,0.29570648
2013-06-07 18:00:00+00:00,0.3970747
2013-06-07 19:00:00+00:00,0.16318622
2013-06-07 20:00:00+00:00,0.23755544
2013-06-07 21:00:00+00:00,0.2987317
2013-06-07 22:00:00+00:00,0.08280581
2013-06-07 23:00:00+00:00,0.110438846
2013-06-08 00:00:00+00:00,0.009072057
2013-06-08 01:00:00+00:00,0.0
2013-06-08 02:00:00+00:00,0.0
2013-06-08 03:00:00+00:00,0.0
2013-06-08 04:00:00+00:00,0.0
2013-06-08 05:00:00+00:00,0.0
2013-06-08 06:00:00+00:00,0.0
2013-06-08 07:00:00+00:00,0.0
2013-06-08 08:00:00+00:00,0.0
2013-06-08 09:00:00+00:00,0.0
2013-06-08 10:00:00+00:00,0.0
2013-06-08 11:00:00+00:00,0.021018982000000002
2013-06-08 12:00:00+00:00,0.015387204
2013-06-08 13:00:00+00:00,0.16780145
2013-06-08 14:00:00+00:00,0.34011552
2013-06-08 15:00:00+00:00,0.5210331
2013-06-08 16:00:00+00:00,0.6958438
2013-06-08 17:00:00+00:00,0.48650905
2013-06-08 18:00:00+00:00,0.39720738
2013-06-08 19:00:00+00:00,0.41191679999999997
2013-06-08 20:00:00+00:00,0.5510529000000001
2013-06-08 21:00:00+00:00,0.6578248000000001
2013-06-08 22:00:00+00:00,0.21977387
2013-06-08 23:00:00+00:00,0.29920924
2013-06-09 00:00:00+00:00,0.14972478
2013-06-09 01:00:00+00:00,0.0
2013-06-09 02:00:00+00:00,0.0
2013-06-09 03:00:00+00:00,0.0
2013-06-09 04:00:00+00:00,0.0
2013-06-09 05:00:00+00:00,0.0
2013-06-09 06:00:00+00:00,0.0
2013-06-09 07:00:00+00:00,0.0
2013-06-09 08:00:00+00:00,0.0
2013-06-09 09:00:00+00:00,0.0
2013-06-09 10:00:00+00:00,0.0
2013-06-09 11:00:00+00:00,0.13940357
2013-06-09 12:00:00+00:00,0.46561608
2013-06-09 13:00:00+00:00,0.64182305
2013-06-09 14:00:00+00:00,0.7070368
2013-06-09 15:00:00+00:00,0.7141235
2013-06-09 16:00:00+00:00,0.6300406
2013-06-09 17:00:00+00:00,0.6897846
2013-06-09 18:00:00+00:00,0.7131101
2013-06-09 19:00:00+00:00,0.7124168000000001
2013-06-09 20:00:00+00:00,0.70810395
2013-06-09 21:00:00+00:00,0.6925114
2013-06-09 22:00:00+00:00,0.6295746
2013-06-09 23:00:00+00:00,0.22968528
2013-06-10 00:00:00+00:00,0.13189773
2013-06-10 01:00:00+00:00,0.0
2013-06-10 02:00:00+00:00,0.0
2013-06-10 03:00:00+00:00,0.0
2013-06-10 04:00:00+00:00,0.0
2013-06-10 05:00:00+00:00,0.0
2013-06-10 06:00:00+00:00,0.0
2013-06-10 07:00:00+00:00,0.0
2013-06-10 08:00:00+00:00,0.0
2013-06-10 09:00:00+00:00,0.0
2013-06-10 10:00:00+00:00,0.0
2013-06-10 11:00:00+00:00,0.12298316
2013-06-10 12:00:00+00:00,0.43217322
2013-06-10 13:00:00+00:00,0.6171426999999999
2013-06-10 14:00:00+00:00,0.5958908
2013-06-10 15:00:00+00:00,0.6266997
2013-06-10 16:00:00+00:00,0.6121591
2013-06-10 17:00:00+00:00,0.6790359
2013-06-10 18:00:00+00:00,0.68956655
2013-06-10 19:00:00+00:00,0.6760994
2013-06-10 20:00:00+00:00,0.62232953
2013-06-10 21:00:00+00:00,0.6812274
2013-06-10 22:00:00+00:00,0.62634414
2013-06-10 23:00:00+00:00,0.4412441
2013-06-11 00:00:00+00:00,0.18704212
2013-06-11 01:00:00+00:00,0.0
2013-06-11 02:00:00+00:00,0.0
2013-06-11 03:00:00+00:00,0.0
2013-06-11 04:00:00+00:00,0.0
2013-06-11 05:00:00+00:00,0.0
2013-06-11 06:00:00+00:00,0.0
2013-06-11 07:00:00+00:00,0.0
2013-06-11 08:00:00+00:00,0.0
2013-06-11 09:00:00+00:00,0.0
2013-06-11 10:00:00+00:00,0.0
2013-06-11 11:00:00+00:00,0.08344331
2013-06-11 12:00:00+00:00,0.0677075
2013-06-11 13:00:00+00:00,0.10687839999999998
2013-06-11 14:00:00+00:00,0.30683509999999997
2013-06-11 15:00:00+00:00,0.05159554
2013-06-11 16:00:00+00:00,0.49650500000000003
2013-06-11 17:00:00+00:00,0.2134817
2013-06-11 18:00:00+00:00,0.29159036
2013-06-11 19:00:00+00:00,0.45667315
2013-06-11 20:00:00+00:00,0.2760258
2013-06-11 21:00:00+00:00,0.56827396
2013-06-11 22:00:00+00:00,0.6839768
2013-06-11 23:00:00+00:00,0.5668119
2013-06-12 00:00:00+00:00,0.23864578
2013-06-12 01:00:00+00:00,0.0
2013-06-12 02:00:00+00:00,0.0
2013-06-12 03:00:00+00:00,0.0
2013-06-12 04:00:00+00:00,0.0
2013-06-12 05:00:00+00:00,0.0
2013-06-12 06:00:00+00:00,0.0
2013-06-12 07:00:00+00:00,0.0
2013-06-12 08:00:00+00:00,0.0
2013-06-12 09:00:00+00:00,0.0
2013-06-12 10:00:00+00:00,0.0
2013-06-12 11:00:00+00:00,0.14894848
2013-06-12 12:00:00+00:00,0.48850074
2013-06-12 13:00:00+00:00,0.65919423
2013-06-12 14:00:00+00:00,0.7163076999999999
2013-06-12 15:00:00+00:00,0.71744883
2013-06-12 16:00:00+00:00,0.72538567
2013-06-12 17:00:00+00:00,0.7259924
2013-06-12 18:00:00+00:00,0.71115184
2013-06-12 19:00:00+00:00,0.6017596
2013-06-12 20:00:00+00:00,0.48146540000000004
2013-06-12 21:00:00+00:00,0.5364209
2013-06-12 22:00:00+00:00,0.48702120000000004
2013-06-12 23:00:00+00:00,0.42465788
2013-06-13 00:00:00+00:00,0.1788899
2013-06-13 01:00:00+00:00,0.0
2013-06-13 02:00:00+00:00,0.0
2013-06-13 03:00:00+00:00,0.0
2013-06-13 04:00:00+00:00,0.0
2013-06-13 05:00:00+00:00,0.0
2013-06-13 06:00:00+00:00,0.0
2013-06-13 07:00:00+00:00,0.0
2013-06-13 08:00:00+00:00,0.0
2013-06-13 09:00:00+00:00,0.0
2013-06-13 10:00:00+00:00,0.0
2013-06-13 11:00:00+00:00,0.053246718
2013-06-13 12:00:00+00:00,0.4511626
2013-06-13 13:00:00+00:00,0.6295739
2013-06-13 14:00:00+00:00,0.69637215
2013-06-13 15:00:00+00:00,0.72059584
2013-06-13 16:00:00+00:00,0.7212434
2013-06-13 17:00:00+00:00,0.712158
2013-06-13 18:00:00+00:00,0.7083238000000001
2013-06-13 19:00:00+00:00,0.7112301
2013-06-13 20:00:00+00:00,0.7164461
2013-06-13 21:00:00+00:00,0.7034583000000001
2013-06-13 22:00:00+00:00,0.60170937
2013-06-13 23:00:00+00:00,0.5249469
2013-06-14 00:00:00+00:00,0.20923571
2013-06-14 01:00:00+00:00,0.0
2013-06-14 02:00:00+00:00,0.0
2013-06-14 03:00:00+00:00,0.0
2013-06-14 04:00:00+00:00,0.0
2013-06-14 05:00:00+00:00,0.0
2013-06-14 06:00:00+00:00,0.0
2013-06-14 07:00:00+00:00,0.0
2013-06-14 08:00:00+00:00,0.0
2013-06-14 09:00:00+00:00,0.0
2013-06-14 10:00:00+00:00,0.0
2013-06-14 11:00:00+00:00,0.006834425
2013-06-14 12:00:00+00:00,0.034493692
2013-06-14 13:00:00+00:00,0.23168868
2013-06-14 14:00:00+00:00,0.2650668
2013-06-14 15:00:00+00:00,0.46269858
2013-06-14 16:00:00+00:00,0.49261752
2013-06-14 17:00:00+00:00,0.38446972
2013-06-14 18:00:00+00:00,0.3699112
2013-06-14 19:00:00+00:00,0.308936
2013-06-14 20:00:00+00:00,0.28167933
2013-06-14 21:00:00+00:00,0.13160422
2013-06-14 22:00:00+00:00,0.2977396
2013-06-14 23:00:00+00:00,0.0056271343
2013-06-15 00:00:00+00:00,0.005550875
2013-06-15 01:00:00+00:00,0.0
2013-06-15 02:00:00+00:00,0.0
2013-06-15 03:00:00+00:00,0.0
2013-06-15 04:00:00+00:00,0.0
2013-06-15 05:00:00+00:00,0.0
2013-06-15 06:00:00+00:00,0.0
2013-06-15 07:00:00+00:00,0.0
2013-06-15 08:00:00+00:00,0.0
2013-06-15 09:00:00+00:00,0.0
2013-06-15 10:00:00+00:00,0.0
2013-06-15 11:00:00+00:00,0.048568062
2013-06-15 12:00:00+00:00,0.046727597999999995
2013-06-15 13:00:00+00:00,0.51619405
2013-06-15 14:00:00+00:00,0.66841215
2013-06-15 15:00:00+00:00,0.63537925
2013-06-15 16:00:00+00:00,0.68756235
2013-06-15 17:00:00+00:00,0.5709744000000001
2013-06-15 18:00:00+00:00,0.52461183
2013-06-15 19:00:00+00:00,0.5960411
2013-06-15 20:00:00+00:00,0.45630124
2013-06-15 21:00:00+00:00,0.3453644
2013-06-15 22:00:00+00:00,0.077440016
2013-06-15 23:00:00+00:00,0.07390161599999999
2013-06-16 00:00:00+00:00,0.030137327999999998
2013-06-16 01:00:00+00:00,0.0
2013-06-16 02:00:00+00:00,0.0
2013-06-16 03:00:00+00:00,0.0
2013-06-16 04:00:00+00:00,0.0
2013-06-16 05:00:00+00:00,0.0
2013-06-16 06:00:00+00:00,0.0
2013-06-16 07:00:00+00:00,0.0
2013-06-16 08:00:00+00:00,0.0
2013-06-16 09:00:00+00:00,0.0
2013-06-16 10:00:00+00:00,0.0
2013-06-16 11:00:00+00:00,0.009108135500000001
2013-06-16 12:00:00+00:00,0.05021526
2013-06-16 13:00:00+00:00,0.05162682
2013-06-16 14:00:00+00:00,0.21521308
2013-06-16 15:00:00+00:00,0.65172803
2013-06-16 16:00:00+00:00,0.7107994000000001
2013-06-16 17:00:00+00:00,0.69044226
2013-06-16 18:00:00+00:00,0.6783074
2013-06-16 19:00:00+00:00,0.6998193
2013-06-16 20:00:00+00:00,0.5981668000000001
2013-06-16 21:00:00+00:00,0.589734
2013-06-16 22:00:00+00:00,0.58993566
2013-06-16 23:00:00+00:00,0.46395454
2013-06-17 00:00:00+00:00,0.18751276
2013-06-17 01:00:00+00:00,0.0
2013-06-17 02:00:00+00:00,0.0
2013-06-17 03:00:00+00:00,0.0
2013-06-17 04:00:00+00:00,0.0
2013-06-17 05:00:00+00:00,0.0
2013-06-17 06:00:00+00:00,0.0
2013-06-17 07:00:00+00:00,0.0
2013-06-17 08:00:00+00:00,0.0
2013-06-17 09:00:00+00:00,0.0
2013-06-17 10:00:00+00:00,0.0
2013-06-17 11:00:00+00:00,0.12052293
2013-06-17 12:00:00+00:00,0.44667628
2013-06-17 13:00:00+00:00,0.637239
2013-06-17 14:00:00+00:00,0.7042036
2013-06-17 15:00:00+00:00,0.72651833
2013-06-17 16:00:00+00:00,0.7257097
2013-06-17 17:00:00+00:00,0.72477263
2013-06-17 18:00:00+00:00,0.7253387
2013-06-17 19:00:00+00:00,0.7267029
2013-06-17 20:00:00+00:00,0.7247083000000001
2013-06-17 21:00:00+00:00,0.716432
2013-06-17 22:00:00+00:00,0.66430753
2013-06-17 23:00:00+00:00,0.55504894
2013-06-18 00:00:00+00:00,0.24287686
2013-06-18 01:00:00+00:00,0.0
2013-06-18 02:00:00+00:00,0.0
2013-06-18 03:00:00+00:00,0.0
2013-06-18 04:00:00+00:00,0.0
2013-06-18 05:00:00+00:00,0.0
2013-06-18 06:00:00+00:00,0.0
2013-06-18 07:00:00+00:00,0.0
2013-06-18 08:00:00+00:00,0.0
2013-06-18 09:00:00+00:00,0.0
2013-06-18 10:00:00+00:00,0.0
2013-06-18 11:00:00+00:00,0.13428712
2013-06-18 12:00:00+00:00,0.46111536
2013-06-18 13:00:00+00:00,0.6446759
2013-06-18 14:00:00+00:00,0.70806175
2013-06-18 15:00:00+00:00,0.56282973
2013-06-18 16:00:00+00:00,0.65313506
2013-06-18 17:00:00+00:00,0.68118
2013-06-18 18:00:00+00:00,0.6360717
2013-06-18 19:00:00+00:00,0.6413079
2013-06-18 20:00:00+00:00,0.6924685
2013-06-18 21:00:00+00:00,0.68288857
2013-06-18 22:00:00+00:00,0.6424023
2013-06-18 23:00:00+00:00,0.5224827999999999
2013-06-19 00:00:00+00:00,0.21085504
2013-06-19 01:00:00+00:00,0.0
2013-06-19 02:00:00+00:00,0.0
2013-06-19 03:00:00+00:00,0.0
2013-06-19 04:00:00+00:00,0.0
2013-06-19 05:00:00+00:00,0.0
2013-06-19 06:00:00+00:00,0.0
2013-06-19 07:00:00+00:00,0.0
2013-06-19 08:00:00+00:00,0.0
2013-06-19 09:00:00+00:00,0.0
2013-06-19 10:00:00+00:00,0.0
2013-06-19 11:00:00+00:00,0.11392001
2013-06-19 12:00:00+00:00,0.40510976
2013-06-19 13:00:00+00:00,0.5910623
2013-06-19 14:00:00+00:00,0.6603951
2013-06-19 15:00:00+00:00,0.68249184
2013-06-19 16:00:00+00:00,0.6908517
2013-06-19 17:00:00+00:00,0.69292146
2013-06-19 18:00:00+00:00,0.56672466
2013-06-19 19:00:00+00:00,0.6913965
2013-06-19 20:00:00+00:00,0.6900430999999999
2013-06-19 21:00:00+00:00,0.67297995
2013-06-19 22:00:00+00:00,0.6165835999999999
2013-06-19 23:00:00+00:00,0.4579013
2013-06-20 00:00:00+00:00,0.20515594
2013-06-20 01:00:00+00:00,0.0
2013-06-20 02:00:00+00:00,0.0
2013-06-20 03:00:00+00:00,0.0
2013-06-20 04:00:00+00:00,0.0
2013-06-20 05:00:00+00:00,0.0
2013-06-20 06:00:00+00:00,0.0
2013-06-20 07:00:00+00:00,0.0
2013-06-20 08:00:00+00:00,0.0
2013-06-20 09:00:00+00:00,0.0
2013-06-20 10:00:00+00:00,0.0
2013-06-20 11:00:00+00:00,0.09182219
2013-06-20 12:00:00+00:00,0.36866936
2013-06-20 13:00:00+00:00,0.5688821
2013-06-20 14:00:00+00:00,0.6558903
2013-06-20 15:00:00+00:00,0.6777631
2013-06-20 16:00:00+00:00,0.68579906
2013-06-20 17:00:00+00:00,0.68411225
2013-06-20 18:00:00+00:00,0.68366975
2013-06-20 19:00:00+00:00,0.6871326999999999
2013-06-20 20:00:00+00:00,0.6845296999999999
2013-06-20 21:00:00+00:00,0.65370023
2013-06-20 22:00:00+00:00,0.6124616999999999
2013-06-20 23:00:00+00:00,0.25122544
2013-06-21 00:00:00+00:00,0.2007612
2013-06-21 01:00:00+00:00,0.0
2013-06-21 02:00:00+00:00,0.0
2013-06-21 03:00:00+00:00,0.0
2013-06-21 04:00:00+00:00,0.0
2013-06-21 05:00:00+00:00,0.0
2013-06-21 06:00:00+00:00,0.0
2013-06-21 07:00:00+00:00,0.0
2013-06-21 08:00:00+00:00,0.0
2013-06-21 09:00:00+00:00,0.0
2013-06-21 10:00:00+00:00,0.0
2013-06-21 11:00:00+00:00,0.11046331
2013-06-21 12:00:00+00:00,0.39282903
2013-06-21 13:00:00+00:00,0.587696
2013-06-21 14:00:00+00:00,0.6666038000000001
2013-06-21 15:00:00+00:00,0.6982503999999999
2013-06-21 16:00:00+00:00,0.70331305
2013-06-21 17:00:00+00:00,0.70049936
2013-06-21 18:00:00+00:00,0.6369126
2013-06-21 19:00:00+00:00,0.6093791999999999
2013-06-21 20:00:00+00:00,0.6958113
2013-06-21 21:00:00+00:00,0.6751038
2013-06-21 22:00:00+00:00,0.5824574
2013-06-21 23:00:00+00:00,0.24746758
2013-06-22 00:00:00+00:00,0.17349167
2013-06-22 01:00:00+00:00,0.0
2013-06-22 02:00:00+00:00,0.0
2013-06-22 03:00:00+00:00,0.0
2013-06-22 04:00:00+00:00,0.0
2013-06-22 05:00:00+00:00,0.0
2013-06-22 06:00:00+00:00,0.0
2013-06-22 07:00:00+00:00,0.0
2013-06-22 08:00:00+00:00,0.0
2013-06-22 09:00:00+00:00,0.0
2013-06-22 10:00:00+00:00,0.0
2013-06-22 11:00:00+00:00,0.038476567999999996
2013-06-22 12:00:00+00:00,0.14103867
2013-06-22 13:00:00+00:00,0.49368712
2013-06-22 14:00:00+00:00,0.5409788000000001
2013-06-22 15:00:00+00:00,0.58511364
2013-06-22 16:00:00+00:00,0.5396183000000001
2013-06-22 17:00:00+00:00,0.45900959999999996
2013-06-22 18:00:00+00:00,0.55277854
2013-06-22 19:00:00+00:00,0.113427736
2013-06-22 20:00:00+00:00,0.15336919
2013-06-22 21:00:00+00:00,0.3264714
2013-06-22 22:00:00+00:00,0.44687617
2013-06-22 23:00:00+00:00,0.20152114
2013-06-23 00:00:00+00:00,0.02954615
2013-06-23 01:00:00+00:00,0.0
2013-06-23 02:00:00+00:00,0.0
2013-06-23 03:00:00+00:00,0.0
2013-06-23 04:00:00+00:00,0.0
2013-06-23 05:00:00+00:00,0.0
2013-06-23 06:00:00+00:00,0.0
2013-06-23 07:00:00+00:00,0.0
2013-06-23 08:00:00+00:00,0.0
2013-06-23 09:00:00+00:00,0.0
2013-06-23 10:00:00+00:00,0.0
2013-06-23 11:00:00+00:00,0.08861544
2013-06-23 12:00:00+00:00,0.36428654
2013-06-23 13:00:00+00:00,0.5760173000000001
2013-06-23 14:00:00+00:00,0.66105217
2013-06-23 15:00:00+00:00,0.6830891
2013-06-23 16:00:00+00:00,0.64726114
2013-06-23 17:00:00+00:00,0.51205736
2013-06-23 18:00:00+00:00,0.6650771
2013-06-23 19:00:00+00:00,0.65162426
2013-06-23 20:00:00+00:00,0.6358149000000001
2013-06-23 21:00:00+00:00,0.6127728
2013-06-23 22:00:00+00:00,0.5557879
2013-06-23 23:00:00+00:00,0.41510509999999995
2013-06-24 00:00:00+00:00,0.15038767
2013-06-24 01:00:00+00:00,0.0
2013-06-24 02:00:00+00:00,0.0
2013-06-24 03:00:00+00:00,0.0
2013-06-24 04:00:00+00:00,0.0
2013-06-24 05:00:00+00:00,0.0
2013-06-24 06:00:00+00:00,0.0
2013-06-24 07:00:00+00:00,0.0
2013-06-24 08:00:00+00:00,0.0
2013-06-24 09:00:00+00:00,0.0
2013-06-24 10:00:00+00:00,0.0
2013-06-24 11:00:00+00:00,0.0042394167
2013-06-24 12:00:00+00:00,0.16936532
2013-06-24 13:00:00+00:00,0.3544343
2013-06-24 14:00:00+00:00,0.38787904
2013-06-24 15:00:00+00:00,0.5493799
2013-06-24 16:00:00+00:00,0.543285
2013-06-24 17:00:00+00:00,0.57504874
2013-06-24 18:00:00+00:00,0.5868443
2013-06-24 19:00:00+00:00,0.5129461
2013-06-24 20:00:00+00:00,0.40076649999999997
2013-06-24 21:00:00+00:00,0.29109559999999995
2013-06-24 22:00:00+00:00,0.03158494
2013-06-24 23:00:00+00:00,0.05097572
2013-06-25 00:00:00+00:00,0.047148187
2013-06-25 01:00:00+00:00,0.0
2013-06-25 02:00:00+00:00,0.0
2013-06-25 03:00:00+00:00,0.0
2013-06-25 04:00:00+00:00,0.0
2013-06-25 05:00:00+00:00,0.0
2013-06-25 06:00:00+00:00,0.0
2013-06-25 07:00:00+00:00,0.0
2013-06-25 08:00:00+00:00,0.0
2013-06-25 09:00:00+00:00,0.0
2013-06-25 10:00:00+00:00,0.0
2013-06-25 11:00:00+00:00,0.044100937
2013-06-25 12:00:00+00:00,0.13200253
2013-06-25 13:00:00+00:00,0.3269445
2013-06-25 14:00:00+00:00,0.21851392
2013-06-25 15:00:00+00:00,0.33974972
2013-06-25 16:00:00+00:00,0.41757005
2013-06-25 17:00:00+00:00,0.27757305
2013-06-25 18:00:00+00:00,0.44700304
2013-06-25 19:00:00+00:00,0.52934337
2013-06-25 20:00:00+00:00,0.63168705
2013-06-25 21:00:00+00:00,0.6399706999999999
2013-06-25 22:00:00+00:00,0.50841236
2013-06-25 23:00:00+00:00,0.33077064
2013-06-26 00:00:00+00:00,0.20510252
2013-06-26 01:00:00+00:00,0.0
2013-06-26 02:00:00+00:00,0.0
2013-06-26 03:00:00+00:00,0.0
2013-06-26 04:00:00+00:00,0.0
2013-06-26 05:00:00+00:00,0.0
2013-06-26 06:00:00+00:00,0.0
2013-06-26 07:00:00+00:00,0.0
2013-06-26 08:00:00+00:00,0.0
2013-06-26 09:00:00+00:00,0.0
2013-06-26 10:00:00+00:00,0.0
2013-06-26 11:00:00+00:00,0.12296522
2013-06-26 12:00:00+00:00,0.43379542
2013-06-26 13:00:00+00:00,0.46549645
2013-06-26 14:00:00+00:00,0.62623817
2013-06-26 15:00:00+00:00,0.5934639
2013-06-26 16:00:00+00:00,0.6097534
2013-06-26 17:00:00+00:00,0.73043907
2013-06-26 18:00:00+00:00,0.7256984000000001
2013-06-26 19:00:00+00:00,0.728366
2013-06-26 20:00:00+00:00,0.7279511
2013-06-26 21:00:00+00:00,0.71466845
2013-06-26 22:00:00+00:00,0.6699345
2013-06-26 23:00:00+00:00,0.44182286
2013-06-27 00:00:00+00:00,0.17934307
2013-06-27 01:00:00+00:00,0.0
2013-06-27 02:00:00+00:00,0.0
2013-06-27 03:00:00+00:00,0.0
2013-06-27 04:00:00+00:00,0.0
2013-06-27 05:00:00+00:00,0.0
2013-06-27 06:00:00+00:00,0.0
2013-06-27 07:00:00+00:00,0.0
2013-06-27 08:00:00+00:00,0.0
2013-06-27 09:00:00+00:00,0.0
2013-06-27 10:00:00+00:00,0.0
2013-06-27 11:00:00+00:00,0.117501765
2013-06-27 12:00:00+00:00,0.44653308
2013-06-27 13:00:00+00:00,0.63849384
2013-06-27 14:00:00+00:00,0.7043248000000001
2013-06-27 15:00:00+00:00,0.7201107
2013-06-27 16:00:00+00:00,0.5352754
2013-06-27 17:00:00+00:00,0.3955174
2013-06-27 18:00:00+00:00,0.4194495
2013-06-27 19:00:00+00:00,0.2742898
2013-06-27 20:00:00+00:00,0.6683104999999999
2013-06-27 21:00:00+00:00,0.61172134
2013-06-27 22:00:00+00:00,0.47283867
2013-06-27 23:00:00+00:00,0.15506735
2013-06-28 00:00:00+00:00,0.15588489
2013-06-28 01:00:00+00:00,0.0
2013-06-28 02:00:00+00:00,0.0
2013-06-28 03:00:00+00:00,0.0
2013-06-28 04:00:00+00:00,0.0
2013-06-28 05:00:00+00:00,0.0
2013-06-28 06:00:00+00:00,0.0
2013-06-28 07:00:00+00:00,0.0
2013-06-28 08:00:00+00:00,0.0
2013-06-28 09:00:00+00:00,0.0
2013-06-28 10:00:00+00:00,0.0
2013-06-28 11:00:00+00:00,0.0072341472999999995
2013-06-28 12:00:00+00:00,0.27109712
2013-06-28 13:00:00+00:00,0.5062342000000001
2013-06-28 14:00:00+00:00,0.56963444
2013-06-28 15:00:00+00:00,0.40805775
2013-06-28 16:00:00+00:00,0.47096464
2013-06-28 17:00:00+00:00,0.71624815
2013-06-28 18:00:00+00:00,0.7009019000000001
2013-06-28 19:00:00+00:00,0.7047014
2013-06-28 20:00:00+00:00,0.6827358
2013-06-28 21:00:00+00:00,0.6017020000000001
2013-06-28 22:00:00+00:00,0.48006696
2013-06-28 23:00:00+00:00,0.5206982
2013-06-29 00:00:00+00:00,0.20052060000000002
2013-06-29 01:00:00+00:00,0.0
2013-06-29 02:00:00+00:00,0.0
2013-06-29 03:00:00+00:00,0.0
2013-06-29 04:00:00+00:00,0.0
2013-06-29 05:00:00+00:00,0.0
2013-06-29 06:00:00+00:00,0.0
2013-06-29 07:00:00+00:00,0.0
2013-06-29 08:00:00+00:00,0.0
2013-06-29 09:00:00+00:00,0.0
2013-06-29 10:00:00+00:00,0.0
2013-06-29 11:00:00+00:00,0.015799535
2013-06-29 12:00:00+00:00,0.011937419
2013-06-29 13:00:00+00:00,0.057401814
2013-06-29 14:00:00+00:00,0.36389893
2013-06-29 15:00:00+00:00,0.16107585
2013-06-29 16:00:00+00:00,0.36941534
2013-06-29 17:00:00+00:00,0.7197448000000001
2013-06-29 18:00:00+00:00,0.57445467
2013-06-29 19:00:00+00:00,0.5966494000000001
2013-06-29 20:00:00+00:00,0.24654901
2013-06-29 21:00:00+00:00,0.24885376
2013-06-29 22:00:00+00:00,0.10473734
2013-06-29 23:00:00+00:00,0.07607826599999999
2013-06-30 00:00:00+00:00,0.076856546
2013-06-30 01:00:00+00:00,0.0
2013-06-30 02:00:00+00:00,0.0
2013-06-30 03:00:00+00:00,0.0
2013-06-30 04:00:00+00:00,0.0
2013-06-30 05:00:00+00:00,0.0
2013-06-30 06:00:00+00:00,0.0
2013-06-30 07:00:00+00:00,0.0
2013-06-30 08:00:00+00:00,0.0
2013-06-30 09:00:00+00:00,0.0
2013-06-30 10:00:00+00:00,0.0
2013-06-30 11:00:00+00:00,0.10460191
2013-06-30 12:00:00+00:00,0.13343364
2013-06-30 13:00:00+00:00,0.110517696
2013-06-30 14:00:00+00:00,0.18763652
2013-06-30 15:00:00+00:00,0.39424549999999997
2013-06-30 16:00:00+00:00,0.6574508000000001
2013-06-30 17:00:00+00:00,0.2863241
2013-06-30 18:00:00+00:00,0.5001129
2013-06-30 19:00:00+00:00,0.34134552
2013-06-30 20:00:00+00:00,0.57435554
2013-06-30 21:00:00+00:00,0.48562095
2013-06-30 22:00:00+00:00,0.5706846999999999
2013-06-30 23:00:00+00:00,0.5096569999999999
2013-07-01 00:00:00+00:00,0.22521718
2013-07-01 01:00:00+00:00,0.0
2013-07-01 02:00:00+00:00,0.0
2013-07-01 03:00:00+00:00,0.0
2013-07-01 04:00:00+00:00,0.0
2013-07-01 05:00:00+00:00,0.0
2013-07-01 06:00:00+00:00,0.0
2013-07-01 07:00:00+00:00,0.0
2013-07-01 08:00:00+00:00,0.0
2013-07-01 09:00:00+00:00,0.0
2013-07-01 10:00:00+00:00,0.0
2013-07-01 11:00:00+00:00,0.06686432
2013-07-01 12:00:00+00:00,0.31624824
2013-07-01 13:00:00+00:00,0.19329870000000002
2013-07-01 14:00:00+00:00,0.20969711
2013-07-01 15:00:00+00:00,0.14836463
2013-07-01 16:00:00+00:00,0.29925594
2013-07-01 17:00:00+00:00,0.47414297
2013-07-01 18:00:00+00:00,0.39493123
2013-07-01 19:00:00+00:00,0.30047490000000004
2013-07-01 20:00:00+00:00,0.29064846
2013-07-01 21:00:00+00:00,0.27552712
2013-07-01 22:00:00+00:00,0.16612498
2013-07-01 23:00:00+00:00,0.1034323
2013-07-02 00:00:00+00:00,0.034232024
2013-07-02 01:00:00+00:00,0.0
2013-07-02 02:00:00+00:00,0.0
2013-07-02 03:00:00+00:00,0.0
2013-07-02 04:00:00+00:00,0.0
2013-07-02 05:00:00+00:00,0.0
2013-07-02 06:00:00+00:00,0.0
2013-07-02 07:00:00+00:00,0.0
2013-07-02 08:00:00+00:00,0.0
2013-07-02 09:00:00+00:00,0.0
2013-07-02 10:00:00+00:00,0.0
2013-07-02 11:00:00+00:00,0.0030131713
2013-07-02 12:00:00+00:00,0.037927795
2013-07-02 13:00:00+00:00,0.10175287
2013-07-02 14:00:00+00:00,0.04720666
2013-07-02 15:00:00+00:00,0.10973785
2013-07-02 16:00:00+00:00,0.21528049999999999
2013-07-02 17:00:00+00:00,0.24627861
2013-07-02 18:00:00+00:00,0.25404283
2013-07-02 19:00:00+00:00,0.17565441
2013-07-02 20:00:00+00:00,0.21473070000000002
2013-07-02 21:00:00+00:00,0.082206026
2013-07-02 22:00:00+00:00,0.0882814
2013-07-02 23:00:00+00:00,0.044112165
2013-07-03 00:00:00+00:00,0.025891507
2013-07-03 01:00:00+00:00,0.0
2013-07-03 02:00:00+00:00,0.0
2013-07-03 03:00:00+00:00,0.0
2013-07-03 04:00:00+00:00,0.0
2013-07-03 05:00:00+00:00,0.0
2013-07-03 06:00:00+00:00,0.0
2013-07-03 07:00:00+00:00,0.0
2013-07-03 08:00:00+00:00,0.0
2013-07-03 09:00:00+00:00,0.0
2013-07-03 10:00:00+00:00,0.0
2013-07-03 11:00:00+00:00,0.0018233185000000002
2013-07-03 12:00:00+00:00,0.06549458
2013-07-03 13:00:00+00:00,0.041849725
2013-07-03 14:00:00+00:00,0.25862260000000004
2013-07-03 15:00:00+00:00,0.15626366
2013-07-03 16:00:00+00:00,0.08607262
2013-07-03 17:00:00+00:00,0.31163856
2013-07-03 18:00:00+00:00,0.3582514
2013-07-03 19:00:00+00:00,0.38912708
2013-07-03 20:00:00+00:00,0.18464558
2013-07-03 21:00:00+00:00,0.28905985
2013-07-03 22:00:00+00:00,0.07254151
2013-07-03 23:00:00+00:00,0.051590312
2013-07-04 00:00:00+00:00,0.02327534
2013-07-04 01:00:00+00:00,0.0
2013-07-04 02:00:00+00:00,0.0
2013-07-04 03:00:00+00:00,0.0
2013-07-04 04:00:00+00:00,0.0
2013-07-04 05:00:00+00:00,0.0
2013-07-04 06:00:00+00:00,0.0
2013-07-04 07:00:00+00:00,0.0
2013-07-04 08:00:00+00:00,0.0
2013-07-04 09:00:00+00:00,0.0
2013-07-04 10:00:00+00:00,0.0
2013-07-04 11:00:00+00:00,0.011141927
2013-07-04 12:00:00+00:00,0.045197796
2013-07-04 13:00:00+00:00,0.03356427
2013-07-04 14:00:00+00:00,0.14032699
2013-07-04 15:00:00+00:00,0.266558
2013-07-04 16:00:00+00:00,0.17360733
2013-07-04 17:00:00+00:00,0.33204967
2013-07-04 18:00:00+00:00,0.22515588
2013-07-04 19:00:00+00:00,0.21362764
2013-07-04 20:00:00+00:00,0.14764346
2013-07-04 21:00:00+00:00,0.12774086
2013-07-04 22:00:00+00:00,0.08075859
2013-07-04 23:00:00+00:00,0.062740795
2013-07-05 00:00:00+00:00,0.027316444
2013-07-05 01:00:00+00:00,0.0
2013-07-05 02:00:00+00:00,0.0
2013-07-05 03:00:00+00:00,0.0
2013-07-05 04:00:00+00:00,0.0
2013-07-05 05:00:00+00:00,0.0
2013-07-05 06:00:00+00:00,0.0
2013-07-05 07:00:00+00:00,0.0
2013-07-05 08:00:00+00:00,0.0
2013-07-05 09:00:00+00:00,0.0
2013-07-05 10:00:00+00:00,0.0
2013-07-05 11:00:00+00:00,0.003934194
2013-07-05 12:00:00+00:00,0.030697567000000002
2013-07-05 13:00:00+00:00,0.47873756
2013-07-05 14:00:00+00:00,0.43451590000000007
2013-07-05 15:00:00+00:00,0.7078345
2013-07-05 16:00:00+00:00,0.70140886
2013-07-05 17:00:00+00:00,0.621544
2013-07-05 18:00:00+00:00,0.66625476
2013-07-05 19:00:00+00:00,0.69155705
2013-07-05 20:00:00+00:00,0.59920603
2013-07-05 21:00:00+00:00,0.6882283
2013-07-05 22:00:00+00:00,0.6380784
2013-07-05 23:00:00+00:00,0.525507
2013-07-06 00:00:00+00:00,0.22797637
2013-07-06 01:00:00+00:00,0.0
2013-07-06 02:00:00+00:00,0.0
2013-07-06 03:00:00+00:00,0.0
2013-07-06 04:00:00+00:00,0.0
2013-07-06 05:00:00+00:00,0.0
2013-07-06 06:00:00+00:00,0.0
2013-07-06 07:00:00+00:00,0.0
2013-07-06 08:00:00+00:00,0.0
2013-07-06 09:00:00+00:00,0.0
2013-07-06 10:00:00+00:00,0.0
2013-07-06 11:00:00+00:00,0.09193445
2013-07-06 12:00:00+00:00,0.37346017
2013-07-06 13:00:00+00:00,0.57645476
2013-07-06 14:00:00+00:00,0.65428525
2013-07-06 15:00:00+00:00,0.6880151999999999
2013-07-06 16:00:00+00:00,0.6225255999999999
2013-07-06 17:00:00+00:00,0.60385656
2013-07-06 18:00:00+00:00,0.5383695
2013-07-06 19:00:00+00:00,0.5367097
2013-07-06 20:00:00+00:00,0.59650195
2013-07-06 21:00:00+00:00,0.65382904
2013-07-06 22:00:00+00:00,0.42723125
2013-07-06 23:00:00+00:00,0.34302825
2013-07-07 00:00:00+00:00,0.15439636
2013-07-07 01:00:00+00:00,0.0
2013-07-07 02:00:00+00:00,0.0
2013-07-07 03:00:00+00:00,0.0
2013-07-07 04:00:00+00:00,0.0
2013-07-07 05:00:00+00:00,0.0
2013-07-07 06:00:00+00:00,0.0
2013-07-07 07:00:00+00:00,0.0
2013-07-07 08:00:00+00:00,0.0
2013-07-07 09:00:00+00:00,0.0
2013-07-07 10:00:00+00:00,0.0
2013-07-07 11:00:00+00:00,0.0015792408999999999
2013-07-07 12:00:00+00:00,0.24771668
2013-07-07 13:00:00+00:00,0.545588
2013-07-07 14:00:00+00:00,0.64094424
2013-07-07 15:00:00+00:00,0.68342525
2013-07-07 16:00:00+00:00,0.6883081999999999
2013-07-07 17:00:00+00:00,0.68479204
2013-07-07 18:00:00+00:00,0.55070436
2013-07-07 19:00:00+00:00,0.4962167
2013-07-07 20:00:00+00:00,0.5359731
2013-07-07 21:00:00+00:00,0.5187194
2013-07-07 22:00:00+00:00,0.35024762
2013-07-07 23:00:00+00:00,0.23689720000000003
2013-07-08 00:00:00+00:00,0.115008645
2013-07-08 01:00:00+00:00,0.0
2013-07-08 02:00:00+00:00,0.0
2013-07-08 03:00:00+00:00,0.0
2013-07-08 04:00:00+00:00,0.0
2013-07-08 05:00:00+00:00,0.0
2013-07-08 06:00:00+00:00,0.0
2013-07-08 07:00:00+00:00,0.0
2013-07-08 08:00:00+00:00,0.0
2013-07-08 09:00:00+00:00,0.0
2013-07-08 10:00:00+00:00,0.0
2013-07-08 11:00:00+00:00,0.06224084
2013-07-08 12:00:00+00:00,0.33914566
2013-07-08 13:00:00+00:00,0.56079096
2013-07-08 14:00:00+00:00,0.5000319000000001
2013-07-08 15:00:00+00:00,0.5289223000000001
2013-07-08 16:00:00+00:00,0.61682636
2013-07-08 17:00:00+00:00,0.5935535
2013-07-08 18:00:00+00:00,0.6021773
2013-07-08 19:00:00+00:00,0.13018668
2013-07-08 20:00:00+00:00,0.042919762
2013-07-08 21:00:00+00:00,0.04152653
2013-07-08 22:00:00+00:00,0.07844739
2013-07-08 23:00:00+00:00,0.0967563
2013-07-09 00:00:00+00:00,0.028716106
2013-07-09 01:00:00+00:00,0.0
2013-07-09 02:00:00+00:00,0.0
2013-07-09 03:00:00+00:00,0.0
2013-07-09 04:00:00+00:00,0.0
2013-07-09 05:00:00+00:00,0.0
2013-07-09 06:00:00+00:00,0.0
2013-07-09 07:00:00+00:00,0.0
2013-07-09 08:00:00+00:00,0.0
2013-07-09 09:00:00+00:00,0.0
2013-07-09 10:00:00+00:00,0.0
2013-07-09 11:00:00+00:00,0.08778994
2013-07-09 12:00:00+00:00,0.06096181
2013-07-09 13:00:00+00:00,0.16910776
2013-07-09 14:00:00+00:00,0.1795972
2013-07-09 15:00:00+00:00,0.23018777
2013-07-09 16:00:00+00:00,0.37346926
2013-07-09 17:00:00+00:00,0.550423
2013-07-09 18:00:00+00:00,0.6247441
2013-07-09 19:00:00+00:00,0.71956134
2013-07-09 20:00:00+00:00,0.59648997
2013-07-09 21:00:00+00:00,0.69488186
2013-07-09 22:00:00+00:00,0.6404628000000001
2013-07-09 23:00:00+00:00,0.49979848
2013-07-10 00:00:00+00:00,0.20023765
2013-07-10 01:00:00+00:00,0.0
2013-07-10 02:00:00+00:00,0.0
2013-07-10 03:00:00+00:00,0.0
2013-07-10 04:00:00+00:00,0.0
2013-07-10 05:00:00+00:00,0.0
2013-07-10 06:00:00+00:00,0.0
2013-07-10 07:00:00+00:00,0.0
2013-07-10 08:00:00+00:00,0.0
2013-07-10 09:00:00+00:00,0.0
2013-07-10 10:00:00+00:00,0.0
2013-07-10 11:00:00+00:00,0.09657554
2013-07-10 12:00:00+00:00,0.42934278
2013-07-10 13:00:00+00:00,0.65945315
2013-07-10 14:00:00+00:00,0.7393854999999999
2013-07-10 15:00:00+00:00,0.7547014
2013-07-10 16:00:00+00:00,0.7552867
2013-07-10 17:00:00+00:00,0.74699426
2013-07-10 18:00:00+00:00,0.73990047
2013-07-10 19:00:00+00:00,0.73964083
2013-07-10 20:00:00+00:00,0.7094142
2013-07-10 21:00:00+00:00,0.7273869000000001
2013-07-10 22:00:00+00:00,0.6072679
2013-07-10 23:00:00+00:00,0.51046604
2013-07-11 00:00:00+00:00,0.23232342
2013-07-11 01:00:00+00:00,0.0
2013-07-11 02:00:00+00:00,0.0
2013-07-11 03:00:00+00:00,0.0
2013-07-11 04:00:00+00:00,0.0
2013-07-11 05:00:00+00:00,0.0
2013-07-11 06:00:00+00:00,0.0
2013-07-11 07:00:00+00:00,0.0
2013-07-11 08:00:00+00:00,0.0
2013-07-11 09:00:00+00:00,0.0
2013-07-11 10:00:00+00:00,0.0
2013-07-11 11:00:00+00:00,0.05026421
2013-07-11 12:00:00+00:00,0.38770232
2013-07-11 13:00:00+00:00,0.62660384
2013-07-11 14:00:00+00:00,0.6989663
2013-07-11 15:00:00+00:00,0.68493193
2013-07-11 16:00:00+00:00,0.7108419
2013-07-11 17:00:00+00:00,0.70061326
2013-07-11 18:00:00+00:00,0.5043669
2013-07-11 19:00:00+00:00,0.3683462
2013-07-11 20:00:00+00:00,0.1581295
2013-07-11 21:00:00+00:00,0.6927306
2013-07-11 22:00:00+00:00,0.64487106
2013-07-11 23:00:00+00:00,0.14587538
2013-07-12 00:00:00+00:00,0.16719513
2013-07-12 01:00:00+00:00,0.0
2013-07-12 02:00:00+00:00,0.0
2013-07-12 03:00:00+00:00,0.0
2013-07-12 04:00:00+00:00,0.0
2013-07-12 05:00:00+00:00,0.0
2013-07-12 06:00:00+00:00,0.0
2013-07-12 07:00:00+00:00,0.0
2013-07-12 08:00:00+00:00,0.0
2013-07-12 09:00:00+00:00,0.0
2013-07-12 10:00:00+00:00,0.0
2013-07-12 11:00:00+00:00,0.08187092
2013-07-12 12:00:00+00:00,0.3199285
2013-07-12 13:00:00+00:00,0.61214393
2013-07-12 14:00:00+00:00,0.6849980999999999
2013-07-12 15:00:00+00:00,0.70514625
2013-07-12 16:00:00+00:00,0.7065241999999999
2013-07-12 17:00:00+00:00,0.7022482
2013-07-12 18:00:00+00:00,0.7018849
2013-07-12 19:00:00+00:00,0.38340864
2013-07-12 20:00:00+00:00,0.5217824999999999
2013-07-12 21:00:00+00:00,0.14514224
2013-07-12 22:00:00+00:00,0.45400593
2013-07-12 23:00:00+00:00,0.54534394
2013-07-13 00:00:00+00:00,0.22241217
2013-07-13 01:00:00+00:00,0.0
2013-07-13 02:00:00+00:00,0.0
2013-07-13 03:00:00+00:00,0.0
2013-07-13 04:00:00+00:00,0.0
2013-07-13 05:00:00+00:00,0.0
2013-07-13 06:00:00+00:00,0.0
2013-07-13 07:00:00+00:00,0.0
2013-07-13 08:00:00+00:00,0.0
2013-07-13 09:00:00+00:00,0.0
2013-07-13 10:00:00+00:00,0.0
2013-07-13 11:00:00+00:00,0.082566805
2013-07-13 12:00:00+00:00,0.40406924
2013-07-13 13:00:00+00:00,0.62449384
2013-07-13 14:00:00+00:00,0.6866949999999999
2013-07-13 15:00:00+00:00,0.6984865
2013-07-13 16:00:00+00:00,0.6939904
2013-07-13 17:00:00+00:00,0.68802047
2013-07-13 18:00:00+00:00,0.5358313
2013-07-13 19:00:00+00:00,0.3902481
2013-07-13 20:00:00+00:00,0.62143743
2013-07-13 21:00:00+00:00,0.5213892
2013-07-13 22:00:00+00:00,0.64039004
2013-07-13 23:00:00+00:00,0.54949915
2013-07-14 00:00:00+00:00,0.23640874
2013-07-14 01:00:00+00:00,0.0
2013-07-14 02:00:00+00:00,0.0
2013-07-14 03:00:00+00:00,0.0
2013-07-14 04:00:00+00:00,0.0
2013-07-14 05:00:00+00:00,0.0
2013-07-14 06:00:00+00:00,0.0
2013-07-14 07:00:00+00:00,0.0
2013-07-14 08:00:00+00:00,0.0
2013-07-14 09:00:00+00:00,0.0
2013-07-14 10:00:00+00:00,0.0
2013-07-14 11:00:00+00:00,0.08118324
2013-07-14 12:00:00+00:00,0.3952966
2013-07-14 13:00:00+00:00,0.5986225000000001
2013-07-14 14:00:00+00:00,0.6571640999999999
2013-07-14 15:00:00+00:00,0.67300504
2013-07-14 16:00:00+00:00,0.6793937
2013-07-14 17:00:00+00:00,0.63002074
2013-07-14 18:00:00+00:00,0.6466814999999999
2013-07-14 19:00:00+00:00,0.67654955
2013-07-14 20:00:00+00:00,0.6693121
2013-07-14 21:00:00+00:00,0.66863734
2013-07-14 22:00:00+00:00,0.44462064
2013-07-14 23:00:00+00:00,0.50765866
2013-07-15 00:00:00+00:00,0.20599339999999997
2013-07-15 01:00:00+00:00,0.0
2013-07-15 02:00:00+00:00,0.0
2013-07-15 03:00:00+00:00,0.0
2013-07-15 04:00:00+00:00,0.0
2013-07-15 05:00:00+00:00,0.0
2013-07-15 06:00:00+00:00,0.0
2013-07-15 07:00:00+00:00,0.0
2013-07-15 08:00:00+00:00,0.0
2013-07-15 09:00:00+00:00,0.0
2013-07-15 10:00:00+00:00,0.0
2013-07-15 11:00:00+00:00,0.040893387
2013-07-15 12:00:00+00:00,0.2602723
2013-07-15 13:00:00+00:00,0.55420357
2013-07-15 14:00:00+00:00,0.6391099
2013-07-15 15:00:00+00:00,0.6722161
2013-07-15 16:00:00+00:00,0.5711401999999999
2013-07-15 17:00:00+00:00,0.6695506999999999
2013-07-15 18:00:00+00:00,0.6465121
2013-07-15 19:00:00+00:00,0.6505661
2013-07-15 20:00:00+00:00,0.51448256
2013-07-15 21:00:00+00:00,0.31739897
2013-07-15 22:00:00+00:00,0.039822105
2013-07-15 23:00:00+00:00,0.08226247
2013-07-16 00:00:00+00:00,0.026932541
2013-07-16 01:00:00+00:00,0.0
2013-07-16 02:00:00+00:00,0.0
2013-07-16 03:00:00+00:00,0.0
2013-07-16 04:00:00+00:00,0.0
2013-07-16 05:00:00+00:00,0.0
2013-07-16 06:00:00+00:00,0.0
2013-07-16 07:00:00+00:00,0.0
2013-07-16 08:00:00+00:00,0.0
2013-07-16 09:00:00+00:00,0.0
2013-07-16 10:00:00+00:00,0.0
2013-07-16 11:00:00+00:00,0.022559986
2013-07-16 12:00:00+00:00,0.21310128
2013-07-16 13:00:00+00:00,0.14060554
2013-07-16 14:00:00+00:00,0.44569129999999996
2013-07-16 15:00:00+00:00,0.65290594
2013-07-16 16:00:00+00:00,0.6405853
2013-07-16 17:00:00+00:00,0.5238231
2013-07-16 18:00:00+00:00,0.14775477
2013-07-16 19:00:00+00:00,0.29852438
2013-07-16 20:00:00+00:00,0.5284269
2013-07-16 21:00:00+00:00,0.5664084
2013-07-16 22:00:00+00:00,0.53197944
2013-07-16 23:00:00+00:00,0.42379543
2013-07-17 00:00:00+00:00,0.14842598
2013-07-17 01:00:00+00:00,0.0
2013-07-17 02:00:00+00:00,0.0
2013-07-17 03:00:00+00:00,0.0
2013-07-17 04:00:00+00:00,0.0
2013-07-17 05:00:00+00:00,0.0
2013-07-17 06:00:00+00:00,0.0
2013-07-17 07:00:00+00:00,0.0
2013-07-17 08:00:00+00:00,0.0
2013-07-17 09:00:00+00:00,0.0
2013-07-17 10:00:00+00:00,0.0
2013-07-17 11:00:00+00:00,0.036503837000000004
2013-07-17 12:00:00+00:00,0.29812112
2013-07-17 13:00:00+00:00,0.5213385
2013-07-17 14:00:00+00:00,0.62376064
2013-07-17 15:00:00+00:00,0.6584711999999999
2013-07-17 16:00:00+00:00,0.46039137
2013-07-17 17:00:00+00:00,0.41523856
2013-07-17 18:00:00+00:00,0.60855746
2013-07-17 19:00:00+00:00,0.6441372
2013-07-17 20:00:00+00:00,0.6120594
2013-07-17 21:00:00+00:00,0.50668836
2013-07-17 22:00:00+00:00,0.37726334
2013-07-17 23:00:00+00:00,0.40025523
2013-07-18 00:00:00+00:00,0.15446118
2013-07-18 01:00:00+00:00,0.0
2013-07-18 02:00:00+00:00,0.0
2013-07-18 03:00:00+00:00,0.0
2013-07-18 04:00:00+00:00,0.0
2013-07-18 05:00:00+00:00,0.0
2013-07-18 06:00:00+00:00,0.0
2013-07-18 07:00:00+00:00,0.0
2013-07-18 08:00:00+00:00,0.0
2013-07-18 09:00:00+00:00,0.0
2013-07-18 10:00:00+00:00,0.0
2013-07-18 11:00:00+00:00,0.054003444000000005
2013-07-18 12:00:00+00:00,0.3613626
2013-07-18 13:00:00+00:00,0.6048912
2013-07-18 14:00:00+00:00,0.6886941999999999
2013-07-18 15:00:00+00:00,0.7128424
2013-07-18 16:00:00+00:00,0.70789623
2013-07-18 17:00:00+00:00,0.6689188
2013-07-18 18:00:00+00:00,0.6930569999999999
2013-07-18 19:00:00+00:00,0.6811035
2013-07-18 20:00:00+00:00,0.69113344
2013-07-18 21:00:00+00:00,0.6711351
2013-07-18 22:00:00+00:00,0.6059366999999999
2013-07-18 23:00:00+00:00,0.46693414
2013-07-19 00:00:00+00:00,0.16992384
2013-07-19 01:00:00+00:00,0.0
2013-07-19 02:00:00+00:00,0.0
2013-07-19 03:00:00+00:00,0.0
2013-07-19 04:00:00+00:00,0.0
2013-07-19 05:00:00+00:00,0.0
2013-07-19 06:00:00+00:00,0.0
2013-07-19 07:00:00+00:00,0.0
2013-07-19 08:00:00+00:00,0.0
2013-07-19 09:00:00+00:00,0.0
2013-07-19 10:00:00+00:00,0.0
2013-07-19 11:00:00+00:00,0.031757664
2013-07-19 12:00:00+00:00,0.13301500000000002
2013-07-19 13:00:00+00:00,0.10036791
2013-07-19 14:00:00+00:00,0.09225475
2013-07-19 15:00:00+00:00,0.25859448
2013-07-19 16:00:00+00:00,0.4186043
2013-07-19 17:00:00+00:00,0.5092965
2013-07-19 18:00:00+00:00,0.42893812
2013-07-19 19:00:00+00:00,0.384925
2013-07-19 20:00:00+00:00,0.51780146
2013-07-19 21:00:00+00:00,0.63940805
2013-07-19 22:00:00+00:00,0.591918
2013-07-19 23:00:00+00:00,0.46552607
2013-07-20 00:00:00+00:00,0.16838057
2013-07-20 01:00:00+00:00,0.0
2013-07-20 02:00:00+00:00,0.0
2013-07-20 03:00:00+00:00,0.0
2013-07-20 04:00:00+00:00,0.0
2013-07-20 05:00:00+00:00,0.0
2013-07-20 06:00:00+00:00,0.0
2013-07-20 07:00:00+00:00,0.0
2013-07-20 08:00:00+00:00,0.0
2013-07-20 09:00:00+00:00,0.0
2013-07-20 10:00:00+00:00,0.0
2013-07-20 11:00:00+00:00,0.005090517
2013-07-20 12:00:00+00:00,0.052559365
2013-07-20 13:00:00+00:00,0.0251348
2013-07-20 14:00:00+00:00,0.05352602
2013-07-20 15:00:00+00:00,0.08177174
2013-07-20 16:00:00+00:00,0.10400095
2013-07-20 17:00:00+00:00,0.35367042
2013-07-20 18:00:00+00:00,0.5221246
2013-07-20 19:00:00+00:00,0.43681684
2013-07-20 20:00:00+00:00,0.47859475
2013-07-20 21:00:00+00:00,0.43701583
2013-07-20 22:00:00+00:00,0.25964516
2013-07-20 23:00:00+00:00,0.50029194
2013-07-21 00:00:00+00:00,0.18340936
2013-07-21 01:00:00+00:00,0.0
2013-07-21 02:00:00+00:00,0.0
2013-07-21 03:00:00+00:00,0.0
2013-07-21 04:00:00+00:00,0.0
2013-07-21 05:00:00+00:00,0.0
2013-07-21 06:00:00+00:00,0.0
2013-07-21 07:00:00+00:00,0.0
2013-07-21 08:00:00+00:00,0.0
2013-07-21 09:00:00+00:00,0.0
2013-07-21 10:00:00+00:00,0.0
2013-07-21 11:00:00+00:00,0.038134214
2013-07-21 12:00:00+00:00,0.18744397
2013-07-21 13:00:00+00:00,0.17289296
2013-07-21 14:00:00+00:00,0.34328458
2013-07-21 15:00:00+00:00,0.5561991999999999
2013-07-21 16:00:00+00:00,0.49527574
2013-07-21 17:00:00+00:00,0.604079
2013-07-21 18:00:00+00:00,0.67755276
2013-07-21 19:00:00+00:00,0.6889093000000001
2013-07-21 20:00:00+00:00,0.59967166
2013-07-21 21:00:00+00:00,0.6061776
2013-07-21 22:00:00+00:00,0.6232300000000001
2013-07-21 23:00:00+00:00,0.3898223
2013-07-22 00:00:00+00:00,0.12049723
2013-07-22 01:00:00+00:00,0.0
2013-07-22 02:00:00+00:00,0.0
2013-07-22 03:00:00+00:00,0.0
2013-07-22 04:00:00+00:00,0.0
2013-07-22 05:00:00+00:00,0.0
2013-07-22 06:00:00+00:00,0.0
2013-07-22 07:00:00+00:00,0.0
2013-07-22 08:00:00+00:00,0.0
2013-07-22 09:00:00+00:00,0.0
2013-07-22 10:00:00+00:00,0.0
2013-07-22 11:00:00+00:00,0.00035942026
2013-07-22 12:00:00+00:00,0.07435147
2013-07-22 13:00:00+00:00,0.07342088
2013-07-22 14:00:00+00:00,0.48743800000000004
2013-07-22 15:00:00+00:00,0.5320917
2013-07-22 16:00:00+00:00,0.70574987
2013-07-22 17:00:00+00:00,0.6397396
2013-07-22 18:00:00+00:00,0.6536099
2013-07-22 19:00:00+00:00,0.7085596
2013-07-22 20:00:00+00:00,0.7154366999999999
2013-07-22 21:00:00+00:00,0.7040084
2013-07-22 22:00:00+00:00,0.65268636
2013-07-22 23:00:00+00:00,0.5192529
2013-07-23 00:00:00+00:00,0.18911518
2013-07-23 01:00:00+00:00,0.0
2013-07-23 02:00:00+00:00,0.0
2013-07-23 03:00:00+00:00,0.0
2013-07-23 04:00:00+00:00,0.0
2013-07-23 05:00:00+00:00,0.0
2013-07-23 06:00:00+00:00,0.0
2013-07-23 07:00:00+00:00,0.0
2013-07-23 08:00:00+00:00,0.0
2013-07-23 09:00:00+00:00,0.0
2013-07-23 10:00:00+00:00,0.0
2013-07-23 11:00:00+00:00,0.030804902000000002
2013-07-23 12:00:00+00:00,0.37316605
2013-07-23 13:00:00+00:00,0.63025814
2013-07-23 14:00:00+00:00,0.7040799
2013-07-23 15:00:00+00:00,0.7160534000000001
2013-07-23 16:00:00+00:00,0.69269913
2013-07-23 17:00:00+00:00,0.69960594
2013-07-23 18:00:00+00:00,0.59227
2013-07-23 19:00:00+00:00,0.7089074000000001
2013-07-23 20:00:00+00:00,0.6630074
2013-07-23 21:00:00+00:00,0.6933130999999999
2013-07-23 22:00:00+00:00,0.65890706
2013-07-23 23:00:00+00:00,0.53332186
2013-07-24 00:00:00+00:00,0.2024191
2013-07-24 01:00:00+00:00,0.0
2013-07-24 02:00:00+00:00,0.0
2013-07-24 03:00:00+00:00,0.0
2013-07-24 04:00:00+00:00,0.0
2013-07-24 05:00:00+00:00,0.0
2013-07-24 06:00:00+00:00,0.0
2013-07-24 07:00:00+00:00,0.0
2013-07-24 08:00:00+00:00,0.0
2013-07-24 09:00:00+00:00,0.0
2013-07-24 10:00:00+00:00,0.0
2013-07-24 11:00:00+00:00,0.026933272999999997
2013-07-24 12:00:00+00:00,0.38415217
2013-07-24 13:00:00+00:00,0.48974636
2013-07-24 14:00:00+00:00,0.6988168
2013-07-24 15:00:00+00:00,0.70526665
2013-07-24 16:00:00+00:00,0.6916796
2013-07-24 17:00:00+00:00,0.59302646
2013-07-24 18:00:00+00:00,0.6235520999999999
2013-07-24 19:00:00+00:00,0.6021401
2013-07-24 20:00:00+00:00,0.53605837
2013-07-24 21:00:00+00:00,0.5988529
2013-07-24 22:00:00+00:00,0.46368143
2013-07-24 23:00:00+00:00,0.41066703
2013-07-25 00:00:00+00:00,0.17377025
2013-07-25 01:00:00+00:00,0.0
2013-07-25 02:00:00+00:00,0.0
2013-07-25 03:00:00+00:00,0.0
2013-07-25 04:00:00+00:00,0.0
2013-07-25 05:00:00+00:00,0.0
2013-07-25 06:00:00+00:00,0.0
2013-07-25 07:00:00+00:00,0.0
2013-07-25 08:00:00+00:00,0.0
2013-07-25 09:00:00+00:00,0.0
2013-07-25 10:00:00+00:00,0.0
2013-07-25 11:00:00+00:00,0.0
2013-07-25 12:00:00+00:00,0.0748168
2013-07-25 13:00:00+00:00,0.05458883
2013-07-25 14:00:00+00:00,0.09998462
2013-07-25 15:00:00+00:00,0.2834063
2013-07-25 16:00:00+00:00,0.23323838
2013-07-25 17:00:00+00:00,0.16755433
2013-07-25 18:00:00+00:00,0.35157540000000004
2013-07-25 19:00:00+00:00,0.44021362
2013-07-25 20:00:00+00:00,0.21195702
2013-07-25 21:00:00+00:00,0.23619628
2013-07-25 22:00:00+00:00,0.09360013
2013-07-25 23:00:00+00:00,0.044046674
2013-07-26 00:00:00+00:00,0.041840218
2013-07-26 01:00:00+00:00,0.0
2013-07-26 02:00:00+00:00,0.0
2013-07-26 03:00:00+00:00,0.0
2013-07-26 04:00:00+00:00,0.0
2013-07-26 05:00:00+00:00,0.0
2013-07-26 06:00:00+00:00,0.0
2013-07-26 07:00:00+00:00,0.0
2013-07-26 08:00:00+00:00,0.0
2013-07-26 09:00:00+00:00,0.0
2013-07-26 10:00:00+00:00,0.0
2013-07-26 11:00:00+00:00,0.011653833
2013-07-26 12:00:00+00:00,0.40498585
2013-07-26 13:00:00+00:00,0.67676854
2013-07-26 14:00:00+00:00,0.7428099
2013-07-26 15:00:00+00:00,0.75935006
2013-07-26 16:00:00+00:00,0.7559474
2013-07-26 17:00:00+00:00,0.7495073
2013-07-26 18:00:00+00:00,0.7423052
2013-07-26 19:00:00+00:00,0.7448597
2013-07-26 20:00:00+00:00,0.7461369000000001
2013-07-26 21:00:00+00:00,0.7390569
2013-07-26 22:00:00+00:00,0.6925882
2013-07-26 23:00:00+00:00,0.56487113
2013-07-27 00:00:00+00:00,0.21765251
2013-07-27 01:00:00+00:00,0.0
2013-07-27 02:00:00+00:00,0.0
2013-07-27 03:00:00+00:00,0.0
2013-07-27 04:00:00+00:00,0.0
2013-07-27 05:00:00+00:00,0.0
2013-07-27 06:00:00+00:00,0.0
2013-07-27 07:00:00+00:00,0.0
2013-07-27 08:00:00+00:00,0.0
2013-07-27 09:00:00+00:00,0.0
2013-07-27 10:00:00+00:00,0.0
2013-07-27 11:00:00+00:00,0.0016575143
2013-07-27 12:00:00+00:00,0.38405943
2013-07-27 13:00:00+00:00,0.64810926
2013-07-27 14:00:00+00:00,0.72536045
2013-07-27 15:00:00+00:00,0.7348821999999999
2013-07-27 16:00:00+00:00,0.7194223000000001
2013-07-27 17:00:00+00:00,0.45715827
2013-07-27 18:00:00+00:00,0.62570107
2013-07-27 19:00:00+00:00,0.6168906999999999
2013-07-27 20:00:00+00:00,0.64052206
2013-07-27 21:00:00+00:00,0.64266557
2013-07-27 22:00:00+00:00,0.56329936
2013-07-27 23:00:00+00:00,0.4740759
2013-07-28 00:00:00+00:00,0.14561728
2013-07-28 01:00:00+00:00,0.0
2013-07-28 02:00:00+00:00,0.0
2013-07-28 03:00:00+00:00,0.0
2013-07-28 04:00:00+00:00,0.0
2013-07-28 05:00:00+00:00,0.0
2013-07-28 06:00:00+00:00,0.0
2013-07-28 07:00:00+00:00,0.0
2013-07-28 08:00:00+00:00,0.0
2013-07-28 09:00:00+00:00,0.0
2013-07-28 10:00:00+00:00,0.0
2013-07-28 11:00:00+00:00,0.0
2013-07-28 12:00:00+00:00,0.06269398
2013-07-28 13:00:00+00:00,0.09665059
2013-07-28 14:00:00+00:00,0.13258111
2013-07-28 15:00:00+00:00,0.1439986
2013-07-28 16:00:00+00:00,0.3032849
2013-07-28 17:00:00+00:00,0.41896674
2013-07-28 18:00:00+00:00,0.5362097
2013-07-28 19:00:00+00:00,0.56432295
2013-07-28 20:00:00+00:00,0.48461276
2013-07-28 21:00:00+00:00,0.26779038
2013-07-28 22:00:00+00:00,0.19567607
2013-07-28 23:00:00+00:00,0.03224979
2013-07-29 00:00:00+00:00,0.016797041999999998
2013-07-29 01:00:00+00:00,0.0
2013-07-29 02:00:00+00:00,0.0
2013-07-29 03:00:00+00:00,0.0
2013-07-29 04:00:00+00:00,0.0
2013-07-29 05:00:00+00:00,0.0
2013-07-29 06:00:00+00:00,0.0
2013-07-29 07:00:00+00:00,0.0
2013-07-29 08:00:00+00:00,0.0
2013-07-29 09:00:00+00:00,0.0
2013-07-29 10:00:00+00:00,0.0
2013-07-29 11:00:00+00:00,0.0
2013-07-29 12:00:00+00:00,0.08148845
2013-07-29 13:00:00+00:00,0.3350356
2013-07-29 14:00:00+00:00,0.10970536
2013-07-29 15:00:00+00:00,0.22716275
2013-07-29 16:00:00+00:00,0.28626236
2013-07-29 17:00:00+00:00,0.11448524
2013-07-29 18:00:00+00:00,0.20268433
2013-07-29 19:00:00+00:00,0.08775619
2013-07-29 20:00:00+00:00,0.36285558
2013-07-29 21:00:00+00:00,0.2591848
2013-07-29 22:00:00+00:00,0.057490062
2013-07-29 23:00:00+00:00,0.1798308
2013-07-30 00:00:00+00:00,0.11499825
2013-07-30 01:00:00+00:00,0.0
2013-07-30 02:00:00+00:00,0.0
2013-07-30 03:00:00+00:00,0.0
2013-07-30 04:00:00+00:00,0.0
2013-07-30 05:00:00+00:00,0.0
2013-07-30 06:00:00+00:00,0.0
2013-07-30 07:00:00+00:00,0.0
2013-07-30 08:00:00+00:00,0.0
2013-07-30 09:00:00+00:00,0.0
2013-07-30 10:00:00+00:00,0.0
2013-07-30 11:00:00+00:00,0.0
2013-07-30 12:00:00+00:00,0.05507298
2013-07-30 13:00:00+00:00,0.12069865
2013-07-30 14:00:00+00:00,0.1764394
2013-07-30 15:00:00+00:00,0.39991856
2013-07-30 16:00:00+00:00,0.5412102
2013-07-30 17:00:00+00:00,0.657352
2013-07-30 18:00:00+00:00,0.6668775
2013-07-30 19:00:00+00:00,0.68905216
2013-07-30 20:00:00+00:00,0.68814826
2013-07-30 21:00:00+00:00,0.67314667
2013-07-30 22:00:00+00:00,0.6541991
2013-07-30 23:00:00+00:00,0.4417099
2013-07-31 00:00:00+00:00,0.16783533
2013-07-31 01:00:00+00:00,0.0
2013-07-31 02:00:00+00:00,0.0
2013-07-31 03:00:00+00:00,0.0
2013-07-31 04:00:00+00:00,0.0
2013-07-31 05:00:00+00:00,0.0
2013-07-31 06:00:00+00:00,0.0
2013-07-31 07:00:00+00:00,0.0
2013-07-31 08:00:00+00:00,0.0
2013-07-31 09:00:00+00:00,0.0
2013-07-31 10:00:00+00:00,0.0
2013-07-31 11:00:00+00:00,0.0
2013-07-31 12:00:00+00:00,0.14776298
2013-07-31 13:00:00+00:00,0.617927
2013-07-31 14:00:00+00:00,0.6173122
2013-07-31 15:00:00+00:00,0.6257905
2013-07-31 16:00:00+00:00,0.53400046
2013-07-31 17:00:00+00:00,0.5684111999999999
2013-07-31 18:00:00+00:00,0.5918905
2013-07-31 19:00:00+00:00,0.66424125
2013-07-31 20:00:00+00:00,0.5570050999999999
2013-07-31 21:00:00+00:00,0.38920063
2013-07-31 22:00:00+00:00,0.37043282
2013-07-31 23:00:00+00:00,0.20501785
2013-08-01 00:00:00+00:00,0.10847861
2013-08-01 01:00:00+00:00,0.0
2013-08-01 02:00:00+00:00,0.0
2013-08-01 03:00:00+00:00,0.0
2013-08-01 04:00:00+00:00,0.0
2013-08-01 05:00:00+00:00,0.0
2013-08-01 06:00:00+00:00,0.0
2013-08-01 07:00:00+00:00,0.0
2013-08-01 08:00:00+00:00,0.0
2013-08-01 09:00:00+00:00,0.0
2013-08-01 10:00:00+00:00,0.0
2013-08-01 11:00:00+00:00,0.0
2013-08-01 12:00:00+00:00,0.091963515
2013-08-01 13:00:00+00:00,0.44175649999999994
2013-08-01 14:00:00+00:00,0.19703837
2013-08-01 15:00:00+00:00,0.30424193
2013-08-01 16:00:00+00:00,0.5641149000000001
2013-08-01 17:00:00+00:00,0.48123494
2013-08-01 18:00:00+00:00,0.31018105
2013-08-01 19:00:00+00:00,0.5554956
2013-08-01 20:00:00+00:00,0.46278220000000003
2013-08-01 21:00:00+00:00,0.58375096
2013-08-01 22:00:00+00:00,0.584011
2013-08-01 23:00:00+00:00,0.17600401
2013-08-02 00:00:00+00:00,0.07036774
2013-08-02 01:00:00+00:00,0.0
2013-08-02 02:00:00+00:00,0.0
2013-08-02 03:00:00+00:00,0.0
2013-08-02 04:00:00+00:00,0.0
2013-08-02 05:00:00+00:00,0.0
2013-08-02 06:00:00+00:00,0.0
2013-08-02 07:00:00+00:00,0.0
2013-08-02 08:00:00+00:00,0.0
2013-08-02 09:00:00+00:00,0.0
2013-08-02 10:00:00+00:00,0.0
2013-08-02 11:00:00+00:00,0.0
2013-08-02 12:00:00+00:00,0.26586407
2013-08-02 13:00:00+00:00,0.64279735
2013-08-02 14:00:00+00:00,0.7162155
2013-08-02 15:00:00+00:00,0.7363970999999999
2013-08-02 16:00:00+00:00,0.7309034000000001
2013-08-02 17:00:00+00:00,0.6961198000000001
2013-08-02 18:00:00+00:00,0.6452051999999999
2013-08-02 19:00:00+00:00,0.67061526
2013-08-02 20:00:00+00:00,0.5997503000000001
2013-08-02 21:00:00+00:00,0.6318961999999999
2013-08-02 22:00:00+00:00,0.6147633000000001
2013-08-02 23:00:00+00:00,0.44043240000000006
2013-08-03 00:00:00+00:00,0.1719185
2013-08-03 01:00:00+00:00,0.0
2013-08-03 02:00:00+00:00,0.0
2013-08-03 03:00:00+00:00,0.0
2013-08-03 04:00:00+00:00,0.0
2013-08-03 05:00:00+00:00,0.0
2013-08-03 06:00:00+00:00,0.0
2013-08-03 07:00:00+00:00,0.0
2013-08-03 08:00:00+00:00,0.0
2013-08-03 09:00:00+00:00,0.0
2013-08-03 10:00:00+00:00,0.0
2013-08-03 11:00:00+00:00,0.0
2013-08-03 12:00:00+00:00,0.34155977
2013-08-03 13:00:00+00:00,0.62446856
2013-08-03 14:00:00+00:00,0.7037611999999999
2013-08-03 15:00:00+00:00,0.7149829000000001
2013-08-03 16:00:00+00:00,0.71118706
2013-08-03 17:00:00+00:00,0.7012009
2013-08-03 18:00:00+00:00,0.69613934
2013-08-03 19:00:00+00:00,0.69293493
2013-08-03 20:00:00+00:00,0.68633145
2013-08-03 21:00:00+00:00,0.52420276
2013-08-03 22:00:00+00:00,0.49527767
2013-08-03 23:00:00+00:00,0.38275529999999996
2013-08-04 00:00:00+00:00,0.14467497
2013-08-04 01:00:00+00:00,0.0
2013-08-04 02:00:00+00:00,0.0
2013-08-04 03:00:00+00:00,0.0
2013-08-04 04:00:00+00:00,0.0
2013-08-04 05:00:00+00:00,0.0
2013-08-04 06:00:00+00:00,0.0
2013-08-04 07:00:00+00:00,0.0
2013-08-04 08:00:00+00:00,0.0
2013-08-04 09:00:00+00:00,0.0
2013-08-04 10:00:00+00:00,0.0
2013-08-04 11:00:00+00:00,0.0
2013-08-04 12:00:00+00:00,0.032351602
2013-08-04 13:00:00+00:00,0.12711324
2013-08-04 14:00:00+00:00,0.16763927
2013-08-04 15:00:00+00:00,0.3779345
2013-08-04 16:00:00+00:00,0.52847195
2013-08-04 17:00:00+00:00,0.494753
2013-08-04 18:00:00+00:00,0.45959088
2013-08-04 19:00:00+00:00,0.47272125
2013-08-04 20:00:00+00:00,0.48073024
2013-08-04 21:00:00+00:00,0.38687816
2013-08-04 22:00:00+00:00,0.43024933
2013-08-04 23:00:00+00:00,0.11669756
2013-08-05 00:00:00+00:00,0.038253523
2013-08-05 01:00:00+00:00,0.0
2013-08-05 02:00:00+00:00,0.0
2013-08-05 03:00:00+00:00,0.0
2013-08-05 04:00:00+00:00,0.0
2013-08-05 05:00:00+00:00,0.0
2013-08-05 06:00:00+00:00,0.0
2013-08-05 07:00:00+00:00,0.0
2013-08-05 08:00:00+00:00,0.0
2013-08-05 09:00:00+00:00,0.0
2013-08-05 10:00:00+00:00,0.0
2013-08-05 11:00:00+00:00,0.0
2013-08-05 12:00:00+00:00,0.024324296000000002
2013-08-05 13:00:00+00:00,0.33629912
2013-08-05 14:00:00+00:00,0.429464
2013-08-05 15:00:00+00:00,0.41878837
2013-08-05 16:00:00+00:00,0.33778109999999995
2013-08-05 17:00:00+00:00,0.2967157
2013-08-05 18:00:00+00:00,0.34503943
2013-08-05 19:00:00+00:00,0.54671615
2013-08-05 20:00:00+00:00,0.47756109999999996
2013-08-05 21:00:00+00:00,0.53135145
2013-08-05 22:00:00+00:00,0.3790235
2013-08-05 23:00:00+00:00,0.1470175
2013-08-06 00:00:00+00:00,0.038585227
2013-08-06 01:00:00+00:00,0.0
2013-08-06 02:00:00+00:00,0.0
2013-08-06 03:00:00+00:00,0.0
2013-08-06 04:00:00+00:00,0.0
2013-08-06 05:00:00+00:00,0.0
2013-08-06 06:00:00+00:00,0.0
2013-08-06 07:00:00+00:00,0.0
2013-08-06 08:00:00+00:00,0.0
2013-08-06 09:00:00+00:00,0.0
2013-08-06 10:00:00+00:00,0.0
2013-08-06 11:00:00+00:00,0.0
2013-08-06 12:00:00+00:00,0.0024966386
2013-08-06 13:00:00+00:00,0.18908533
2013-08-06 14:00:00+00:00,0.14866243
2013-08-06 15:00:00+00:00,0.24492791
2013-08-06 16:00:00+00:00,0.20624445
2013-08-06 17:00:00+00:00,0.5346866
2013-08-06 18:00:00+00:00,0.51698834
2013-08-06 19:00:00+00:00,0.50321054
2013-08-06 20:00:00+00:00,0.47755998
2013-08-06 21:00:00+00:00,0.5257541
2013-08-06 22:00:00+00:00,0.5338404999999999
2013-08-06 23:00:00+00:00,0.13737726
2013-08-07 00:00:00+00:00,0.015079275
2013-08-07 01:00:00+00:00,0.0
2013-08-07 02:00:00+00:00,0.0
2013-08-07 03:00:00+00:00,0.0
2013-08-07 04:00:00+00:00,0.0
2013-08-07 05:00:00+00:00,0.0
2013-08-07 06:00:00+00:00,0.0
2013-08-07 07:00:00+00:00,0.0
2013-08-07 08:00:00+00:00,0.0
2013-08-07 09:00:00+00:00,0.0
2013-08-07 10:00:00+00:00,0.0
2013-08-07 11:00:00+00:00,0.0
2013-08-07 12:00:00+00:00,0.024638372000000002
2013-08-07 13:00:00+00:00,0.04575446
2013-08-07 14:00:00+00:00,0.19500144
2013-08-07 15:00:00+00:00,0.40483552
2013-08-07 16:00:00+00:00,0.41921556
2013-08-07 17:00:00+00:00,0.48265782
2013-08-07 18:00:00+00:00,0.5156923
2013-08-07 19:00:00+00:00,0.4643266
2013-08-07 20:00:00+00:00,0.35255146
2013-08-07 21:00:00+00:00,0.39288568
2013-08-07 22:00:00+00:00,0.36050653
2013-08-07 23:00:00+00:00,0.16383222
2013-08-08 00:00:00+00:00,0.014573353
2013-08-08 01:00:00+00:00,0.0
2013-08-08 02:00:00+00:00,0.0
2013-08-08 03:00:00+00:00,0.0
2013-08-08 04:00:00+00:00,0.0
2013-08-08 05:00:00+00:00,0.0
2013-08-08 06:00:00+00:00,0.0
2013-08-08 07:00:00+00:00,0.0
2013-08-08 08:00:00+00:00,0.0
2013-08-08 09:00:00+00:00,0.0
2013-08-08 10:00:00+00:00,0.0
2013-08-08 11:00:00+00:00,0.0
2013-08-08 12:00:00+00:00,0.13837560000000002
2013-08-08 13:00:00+00:00,0.2107221
2013-08-08 14:00:00+00:00,0.3028209
2013-08-08 15:00:00+00:00,0.31893405
2013-08-08 16:00:00+00:00,0.2986679
2013-08-08 17:00:00+00:00,0.34383252
2013-08-08 18:00:00+00:00,0.45843607
2013-08-08 19:00:00+00:00,0.31335655
2013-08-08 20:00:00+00:00,0.26115158
2013-08-08 21:00:00+00:00,0.3581032
2013-08-08 22:00:00+00:00,0.3383333
2013-08-08 23:00:00+00:00,0.28151685
2013-08-09 00:00:00+00:00,0.04579021
2013-08-09 01:00:00+00:00,0.0
2013-08-09 02:00:00+00:00,0.0
2013-08-09 03:00:00+00:00,0.0
2013-08-09 04:00:00+00:00,0.0
2013-08-09 05:00:00+00:00,0.0
2013-08-09 06:00:00+00:00,0.0
2013-08-09 07:00:00+00:00,0.0
2013-08-09 08:00:00+00:00,0.0
2013-08-09 09:00:00+00:00,0.0
2013-08-09 10:00:00+00:00,0.0
2013-08-09 11:00:00+00:00,0.0
2013-08-09 12:00:00+00:00,0.02421875
2013-08-09 13:00:00+00:00,0.071458645
2013-08-09 14:00:00+00:00,0.25902435
2013-08-09 15:00:00+00:00,0.44965306
2013-08-09 16:00:00+00:00,0.5201045999999999
2013-08-09 17:00:00+00:00,0.56177366
2013-08-09 18:00:00+00:00,0.63700265
2013-08-09 19:00:00+00:00,0.5199097
2013-08-09 20:00:00+00:00,0.6259809000000001
2013-08-09 21:00:00+00:00,0.56070143
2013-08-09 22:00:00+00:00,0.45460779999999995
2013-08-09 23:00:00+00:00,0.32807684
2013-08-10 00:00:00+00:00,0.086676426
2013-08-10 01:00:00+00:00,0.0
2013-08-10 02:00:00+00:00,0.0
2013-08-10 03:00:00+00:00,0.0
2013-08-10 04:00:00+00:00,0.0
2013-08-10 05:00:00+00:00,0.0
2013-08-10 06:00:00+00:00,0.0
2013-08-10 07:00:00+00:00,0.0
2013-08-10 08:00:00+00:00,0.0
2013-08-10 09:00:00+00:00,0.0
2013-08-10 10:00:00+00:00,0.0
2013-08-10 11:00:00+00:00,0.0
2013-08-10 12:00:00+00:00,0.26126152
2013-08-10 13:00:00+00:00,0.4985057
2013-08-10 14:00:00+00:00,0.31611487
2013-08-10 15:00:00+00:00,0.32487342
2013-08-10 16:00:00+00:00,0.04336584
2013-08-10 17:00:00+00:00,0.057095535
2013-08-10 18:00:00+00:00,0.28997284
2013-08-10 19:00:00+00:00,0.5795074
2013-08-10 20:00:00+00:00,0.5626906
2013-08-10 21:00:00+00:00,0.53589815
2013-08-10 22:00:00+00:00,0.1007605
2013-08-10 23:00:00+00:00,0.052160367
2013-08-11 00:00:00+00:00,0.0073829456
2013-08-11 01:00:00+00:00,0.0
2013-08-11 02:00:00+00:00,0.0
2013-08-11 03:00:00+00:00,0.0
2013-08-11 04:00:00+00:00,0.0
2013-08-11 05:00:00+00:00,0.0
2013-08-11 06:00:00+00:00,0.0
2013-08-11 07:00:00+00:00,0.0
2013-08-11 08:00:00+00:00,0.0
2013-08-11 09:00:00+00:00,0.0
2013-08-11 10:00:00+00:00,0.0
2013-08-11 11:00:00+00:00,0.0
2013-08-11 12:00:00+00:00,0.08976007
2013-08-11 13:00:00+00:00,0.08523407
2013-08-11 14:00:00+00:00,0.12901086
2013-08-11 15:00:00+00:00,0.47188807
2013-08-11 16:00:00+00:00,0.46144113
2013-08-11 17:00:00+00:00,0.4422861
2013-08-11 18:00:00+00:00,0.3557417
2013-08-11 19:00:00+00:00,0.42246809999999996
2013-08-11 20:00:00+00:00,0.49051386
2013-08-11 21:00:00+00:00,0.32339227
2013-08-11 22:00:00+00:00,0.27248278
2013-08-11 23:00:00+00:00,0.094111204
2013-08-12 00:00:00+00:00,0.012060514
2013-08-12 01:00:00+00:00,0.0
2013-08-12 02:00:00+00:00,0.0
2013-08-12 03:00:00+00:00,0.0
2013-08-12 04:00:00+00:00,0.0
2013-08-12 05:00:00+00:00,0.0
2013-08-12 06:00:00+00:00,0.0
2013-08-12 07:00:00+00:00,0.0
2013-08-12 08:00:00+00:00,0.0
2013-08-12 09:00:00+00:00,0.0
2013-08-12 10:00:00+00:00,0.0
2013-08-12 11:00:00+00:00,0.0
2013-08-12 12:00:00+00:00,0.32866937
2013-08-12 13:00:00+00:00,0.6622916999999999
2013-08-12 14:00:00+00:00,0.7385205
2013-08-12 15:00:00+00:00,0.75280684
2013-08-12 16:00:00+00:00,0.7468953
2013-08-12 17:00:00+00:00,0.735422
2013-08-12 18:00:00+00:00,0.73116356
2013-08-12 19:00:00+00:00,0.7341677
2013-08-12 20:00:00+00:00,0.73824286
2013-08-12 21:00:00+00:00,0.73251
2013-08-12 22:00:00+00:00,0.68022996
2013-08-12 23:00:00+00:00,0.47507578
2013-08-13 00:00:00+00:00,0.12202321
2013-08-13 01:00:00+00:00,0.0
2013-08-13 02:00:00+00:00,0.0
2013-08-13 03:00:00+00:00,0.0
2013-08-13 04:00:00+00:00,0.0
2013-08-13 05:00:00+00:00,0.0
2013-08-13 06:00:00+00:00,0.0
2013-08-13 07:00:00+00:00,0.0
2013-08-13 08:00:00+00:00,0.0
2013-08-13 09:00:00+00:00,0.0
2013-08-13 10:00:00+00:00,0.0
2013-08-13 11:00:00+00:00,0.0
2013-08-13 12:00:00+00:00,0.18664198
2013-08-13 13:00:00+00:00,0.47292835
2013-08-13 14:00:00+00:00,0.6382518
2013-08-13 15:00:00+00:00,0.6201436
2013-08-13 16:00:00+00:00,0.72754174
2013-08-13 17:00:00+00:00,0.7239975000000001
2013-08-13 18:00:00+00:00,0.71977603
2013-08-13 19:00:00+00:00,0.72388023
2013-08-13 20:00:00+00:00,0.72791886
2013-08-13 21:00:00+00:00,0.72480094
2013-08-13 22:00:00+00:00,0.66042495
2013-08-13 23:00:00+00:00,0.45051828
2013-08-14 00:00:00+00:00,0.10018289
2013-08-14 01:00:00+00:00,0.0
2013-08-14 02:00:00+00:00,0.0
2013-08-14 03:00:00+00:00,0.0
2013-08-14 04:00:00+00:00,0.0
2013-08-14 05:00:00+00:00,0.0
2013-08-14 06:00:00+00:00,0.0
2013-08-14 07:00:00+00:00,0.0
2013-08-14 08:00:00+00:00,0.0
2013-08-14 09:00:00+00:00,0.0
2013-08-14 10:00:00+00:00,0.0
2013-08-14 11:00:00+00:00,0.0
2013-08-14 12:00:00+00:00,0.20064427
2013-08-14 13:00:00+00:00,0.5965600999999999
2013-08-14 14:00:00+00:00,0.68116117
2013-08-14 15:00:00+00:00,0.70208865
2013-08-14 16:00:00+00:00,0.6918825
2013-08-14 17:00:00+00:00,0.6837371999999999
2013-08-14 18:00:00+00:00,0.6772090000000001
2013-08-14 19:00:00+00:00,0.6817476
2013-08-14 20:00:00+00:00,0.68436503
2013-08-14 21:00:00+00:00,0.6758969
2013-08-14 22:00:00+00:00,0.47846347
2013-08-14 23:00:00+00:00,0.13128138
2013-08-15 00:00:00+00:00,0.041592255
2013-08-15 01:00:00+00:00,0.0
2013-08-15 02:00:00+00:00,0.0
2013-08-15 03:00:00+00:00,0.0
2013-08-15 04:00:00+00:00,0.0
2013-08-15 05:00:00+00:00,0.0
2013-08-15 06:00:00+00:00,0.0
2013-08-15 07:00:00+00:00,0.0
2013-08-15 08:00:00+00:00,0.0
2013-08-15 09:00:00+00:00,0.0
2013-08-15 10:00:00+00:00,0.0
2013-08-15 11:00:00+00:00,0.0
2013-08-15 12:00:00+00:00,0.020742308
2013-08-15 13:00:00+00:00,0.11344979
2013-08-15 14:00:00+00:00,0.18377642
2013-08-15 15:00:00+00:00,0.3798405
2013-08-15 16:00:00+00:00,0.54800147
2013-08-15 17:00:00+00:00,0.62298685
2013-08-15 18:00:00+00:00,0.5901385
2013-08-15 19:00:00+00:00,0.6116358000000001
2013-08-15 20:00:00+00:00,0.55151796
2013-08-15 21:00:00+00:00,0.2859702
2013-08-15 22:00:00+00:00,0.31379515
2013-08-15 23:00:00+00:00,0.23309462
2013-08-16 00:00:00+00:00,0.07429641
2013-08-16 01:00:00+00:00,0.0
2013-08-16 02:00:00+00:00,0.0
2013-08-16 03:00:00+00:00,0.0
2013-08-16 04:00:00+00:00,0.0
2013-08-16 05:00:00+00:00,0.0
2013-08-16 06:00:00+00:00,0.0
2013-08-16 07:00:00+00:00,0.0
2013-08-16 08:00:00+00:00,0.0
2013-08-16 09:00:00+00:00,0.0
2013-08-16 10:00:00+00:00,0.0
2013-08-16 11:00:00+00:00,0.0
2013-08-16 12:00:00+00:00,0.09915918
2013-08-16 13:00:00+00:00,0.41544458
2013-08-16 14:00:00+00:00,0.57156146
2013-08-16 15:00:00+00:00,0.52518475
2013-08-16 16:00:00+00:00,0.37352785
2013-08-16 17:00:00+00:00,0.42372856
2013-08-16 18:00:00+00:00,0.48318925
2013-08-16 19:00:00+00:00,0.49323815
2013-08-16 20:00:00+00:00,0.5135196
2013-08-16 21:00:00+00:00,0.5775236999999999
2013-08-16 22:00:00+00:00,0.3726422
2013-08-16 23:00:00+00:00,0.16051547
2013-08-17 00:00:00+00:00,0.018952036000000002
2013-08-17 01:00:00+00:00,0.0
2013-08-17 02:00:00+00:00,0.0
2013-08-17 03:00:00+00:00,0.0
2013-08-17 04:00:00+00:00,0.0
2013-08-17 05:00:00+00:00,0.0
2013-08-17 06:00:00+00:00,0.0
2013-08-17 07:00:00+00:00,0.0
2013-08-17 08:00:00+00:00,0.0
2013-08-17 09:00:00+00:00,0.0
2013-08-17 10:00:00+00:00,0.0
2013-08-17 11:00:00+00:00,0.0
2013-08-17 12:00:00+00:00,0.23559935
2013-08-17 13:00:00+00:00,0.5468791999999999
2013-08-17 14:00:00+00:00,0.64485145
2013-08-17 15:00:00+00:00,0.5692722
2013-08-17 16:00:00+00:00,0.62776965
2013-08-17 17:00:00+00:00,0.5674672
2013-08-17 18:00:00+00:00,0.50851804
2013-08-17 19:00:00+00:00,0.44593057
2013-08-17 20:00:00+00:00,0.31627417
2013-08-17 21:00:00+00:00,0.49008346
2013-08-17 22:00:00+00:00,0.5542931
2013-08-17 23:00:00+00:00,0.34664455
2013-08-18 00:00:00+00:00,0.05744148
2013-08-18 01:00:00+00:00,0.0
2013-08-18 02:00:00+00:00,0.0
2013-08-18 03:00:00+00:00,0.0
2013-08-18 04:00:00+00:00,0.0
2013-08-18 05:00:00+00:00,0.0
2013-08-18 06:00:00+00:00,0.0
2013-08-18 07:00:00+00:00,0.0
2013-08-18 08:00:00+00:00,0.0
2013-08-18 09:00:00+00:00,0.0
2013-08-18 10:00:00+00:00,0.0
2013-08-18 11:00:00+00:00,0.0
2013-08-18 12:00:00+00:00,0.22732688
2013-08-18 13:00:00+00:00,0.39215609999999995
2013-08-18 14:00:00+00:00,0.57746303
2013-08-18 15:00:00+00:00,0.36357954
2013-08-18 16:00:00+00:00,0.37218186
2013-08-18 17:00:00+00:00,0.4704021
2013-08-18 18:00:00+00:00,0.39227057
2013-08-18 19:00:00+00:00,0.49351385
2013-08-18 20:00:00+00:00,0.27256978
2013-08-18 21:00:00+00:00,0.31819066
2013-08-18 22:00:00+00:00,0.20737107
2013-08-18 23:00:00+00:00,0.049126845
2013-08-19 00:00:00+00:00,0.0016538837
2013-08-19 01:00:00+00:00,0.0
2013-08-19 02:00:00+00:00,0.0
2013-08-19 03:00:00+00:00,0.0
2013-08-19 04:00:00+00:00,0.0
2013-08-19 05:00:00+00:00,0.0
2013-08-19 06:00:00+00:00,0.0
2013-08-19 07:00:00+00:00,0.0
2013-08-19 08:00:00+00:00,0.0
2013-08-19 09:00:00+00:00,0.0
2013-08-19 10:00:00+00:00,0.0
2013-08-19 11:00:00+00:00,0.0
2013-08-19 12:00:00+00:00,0.17959186
2013-08-19 13:00:00+00:00,0.46932918
2013-08-19 14:00:00+00:00,0.47475687
2013-08-19 15:00:00+00:00,0.19078702
2013-08-19 16:00:00+00:00,0.39891190000000004
2013-08-19 17:00:00+00:00,0.54762745
2013-08-19 18:00:00+00:00,0.6134388000000001
2013-08-19 19:00:00+00:00,0.6557155
2013-08-19 20:00:00+00:00,0.41067374
2013-08-19 21:00:00+00:00,0.6406527
2013-08-19 22:00:00+00:00,0.11267336
2013-08-19 23:00:00+00:00,0.056370933
2013-08-20 00:00:00+00:00,0.015283908
2013-08-20 01:00:00+00:00,0.0
2013-08-20 02:00:00+00:00,0.0
2013-08-20 03:00:00+00:00,0.0
2013-08-20 04:00:00+00:00,0.0
2013-08-20 05:00:00+00:00,0.0
2013-08-20 06:00:00+00:00,0.0
2013-08-20 07:00:00+00:00,0.0
2013-08-20 08:00:00+00:00,0.0
2013-08-20 09:00:00+00:00,0.0
2013-08-20 10:00:00+00:00,0.0
2013-08-20 11:00:00+00:00,0.0
2013-08-20 12:00:00+00:00,0.053721182
2013-08-20 13:00:00+00:00,0.20665433
2013-08-20 14:00:00+00:00,0.6000794
2013-08-20 15:00:00+00:00,0.5931536000000001
2013-08-20 16:00:00+00:00,0.46427217
2013-08-20 17:00:00+00:00,0.51927495
2013-08-20 18:00:00+00:00,0.47907910000000004
2013-08-20 19:00:00+00:00,0.54061127
2013-08-20 20:00:00+00:00,0.46348158
2013-08-20 21:00:00+00:00,0.44992542
2013-08-20 22:00:00+00:00,0.45342878
2013-08-20 23:00:00+00:00,0.2039797
2013-08-21 00:00:00+00:00,0.005020173
2013-08-21 01:00:00+00:00,0.0
2013-08-21 02:00:00+00:00,0.0
2013-08-21 03:00:00+00:00,0.0
2013-08-21 04:00:00+00:00,0.0
2013-08-21 05:00:00+00:00,0.0
2013-08-21 06:00:00+00:00,0.0
2013-08-21 07:00:00+00:00,0.0
2013-08-21 08:00:00+00:00,0.0
2013-08-21 09:00:00+00:00,0.0
2013-08-21 10:00:00+00:00,0.0
2013-08-21 11:00:00+00:00,0.0
2013-08-21 12:00:00+00:00,0.009225193000000001
2013-08-21 13:00:00+00:00,0.03987361
2013-08-21 14:00:00+00:00,0.11026569
2013-08-21 15:00:00+00:00,0.49352145
2013-08-21 16:00:00+00:00,0.6566204999999999
2013-08-21 17:00:00+00:00,0.6424880000000001
2013-08-21 18:00:00+00:00,0.57992435
2013-08-21 19:00:00+00:00,0.6182809
2013-08-21 20:00:00+00:00,0.6531167
2013-08-21 21:00:00+00:00,0.64513344
2013-08-21 22:00:00+00:00,0.5691583
2013-08-21 23:00:00+00:00,0.33716553
2013-08-22 00:00:00+00:00,0.020883325
2013-08-22 01:00:00+00:00,0.0
2013-08-22 02:00:00+00:00,0.0
2013-08-22 03:00:00+00:00,0.0
2013-08-22 04:00:00+00:00,0.0
2013-08-22 05:00:00+00:00,0.0
2013-08-22 06:00:00+00:00,0.0
2013-08-22 07:00:00+00:00,0.0
2013-08-22 08:00:00+00:00,0.0
2013-08-22 09:00:00+00:00,0.0
2013-08-22 10:00:00+00:00,0.0
2013-08-22 11:00:00+00:00,0.0
2013-08-22 12:00:00+00:00,0.24492629999999999
2013-08-22 13:00:00+00:00,0.5849215
2013-08-22 14:00:00+00:00,0.672287
2013-08-22 15:00:00+00:00,0.7025299
2013-08-22 16:00:00+00:00,0.6885598
2013-08-22 17:00:00+00:00,0.6704741999999999
2013-08-22 18:00:00+00:00,0.67402804
2013-08-22 19:00:00+00:00,0.68057233
2013-08-22 20:00:00+00:00,0.6878879
2013-08-22 21:00:00+00:00,0.6834145
2013-08-22 22:00:00+00:00,0.61777747
2013-08-22 23:00:00+00:00,0.37073213
2013-08-23 00:00:00+00:00,0.008897671
2013-08-23 01:00:00+00:00,0.0
2013-08-23 02:00:00+00:00,0.0
2013-08-23 03:00:00+00:00,0.0
2013-08-23 04:00:00+00:00,0.0
2013-08-23 05:00:00+00:00,0.0
2013-08-23 06:00:00+00:00,0.0
2013-08-23 07:00:00+00:00,0.0
2013-08-23 08:00:00+00:00,0.0
2013-08-23 09:00:00+00:00,0.0
2013-08-23 10:00:00+00:00,0.0
2013-08-23 11:00:00+00:00,0.0
2013-08-23 12:00:00+00:00,0.24831927
2013-08-23 13:00:00+00:00,0.58890545
2013-08-23 14:00:00+00:00,0.6686125
2013-08-23 15:00:00+00:00,0.67875135
2013-08-23 16:00:00+00:00,0.65581185
2013-08-23 17:00:00+00:00,0.64443916
2013-08-23 18:00:00+00:00,0.6396544
2013-08-23 19:00:00+00:00,0.60649174
2013-08-23 20:00:00+00:00,0.6386364999999999
2013-08-23 21:00:00+00:00,0.6603223000000001
2013-08-23 22:00:00+00:00,0.5989365
2013-08-23 23:00:00+00:00,0.35369042
2013-08-24 00:00:00+00:00,0.0
2013-08-24 01:00:00+00:00,0.0
2013-08-24 02:00:00+00:00,0.0
2013-08-24 03:00:00+00:00,0.0
2013-08-24 04:00:00+00:00,0.0
2013-08-24 05:00:00+00:00,0.0
2013-08-24 06:00:00+00:00,0.0
2013-08-24 07:00:00+00:00,0.0
2013-08-24 08:00:00+00:00,0.0
2013-08-24 09:00:00+00:00,0.0
2013-08-24 10:00:00+00:00,0.0
2013-08-24 11:00:00+00:00,0.0
2013-08-24 12:00:00+00:00,0.18432997
2013-08-24 13:00:00+00:00,0.49145654
2013-08-24 14:00:00+00:00,0.608789
2013-08-24 15:00:00+00:00,0.5851982
2013-08-24 16:00:00+00:00,0.64888626
2013-08-24 17:00:00+00:00,0.5343138000000001
2013-08-24 18:00:00+00:00,0.55679935
2013-08-24 19:00:00+00:00,0.63456535
2013-08-24 20:00:00+00:00,0.6336284000000001
2013-08-24 21:00:00+00:00,0.60411555
2013-08-24 22:00:00+00:00,0.42675084
2013-08-24 23:00:00+00:00,0.068613485
2013-08-25 00:00:00+00:00,0.0
2013-08-25 01:00:00+00:00,0.0
2013-08-25 02:00:00+00:00,0.0
2013-08-25 03:00:00+00:00,0.0
2013-08-25 04:00:00+00:00,0.0
2013-08-25 05:00:00+00:00,0.0
2013-08-25 06:00:00+00:00,0.0
2013-08-25 07:00:00+00:00,0.0
2013-08-25 08:00:00+00:00,0.0
2013-08-25 09:00:00+00:00,0.0
2013-08-25 10:00:00+00:00,0.0
2013-08-25 11:00:00+00:00,0.0
2013-08-25 12:00:00+00:00,0.16944322
2013-08-25 13:00:00+00:00,0.49412078
2013-08-25 14:00:00+00:00,0.6066729999999999
2013-08-25 15:00:00+00:00,0.5529512
2013-08-25 16:00:00+00:00,0.56702733
2013-08-25 17:00:00+00:00,0.54975766
2013-08-25 18:00:00+00:00,0.53553784
2013-08-25 19:00:00+00:00,0.5226715999999999
2013-08-25 20:00:00+00:00,0.45434833
2013-08-25 21:00:00+00:00,0.5191536
2013-08-25 22:00:00+00:00,0.22295433
2013-08-25 23:00:00+00:00,0.22627003
2013-08-26 00:00:00+00:00,0.0
2013-08-26 01:00:00+00:00,0.0
2013-08-26 02:00:00+00:00,0.0
2013-08-26 03:00:00+00:00,0.0
2013-08-26 04:00:00+00:00,0.0
2013-08-26 05:00:00+00:00,0.0
2013-08-26 06:00:00+00:00,0.0
2013-08-26 07:00:00+00:00,0.0
2013-08-26 08:00:00+00:00,0.0
2013-08-26 09:00:00+00:00,0.0
2013-08-26 10:00:00+00:00,0.0
2013-08-26 11:00:00+00:00,0.0
2013-08-26 12:00:00+00:00,0.1814401
2013-08-26 13:00:00+00:00,0.42168182
2013-08-26 14:00:00+00:00,0.5059085
2013-08-26 15:00:00+00:00,0.5771353
2013-08-26 16:00:00+00:00,0.39369017
2013-08-26 17:00:00+00:00,0.36879623
2013-08-26 18:00:00+00:00,0.46351713
2013-08-26 19:00:00+00:00,0.50534135
2013-08-26 20:00:00+00:00,0.64256585
2013-08-26 21:00:00+00:00,0.5920069
2013-08-26 22:00:00+00:00,0.3928639
2013-08-26 23:00:00+00:00,0.2695459
2013-08-27 00:00:00+00:00,0.0
2013-08-27 01:00:00+00:00,0.0
2013-08-27 02:00:00+00:00,0.0
2013-08-27 03:00:00+00:00,0.0
2013-08-27 04:00:00+00:00,0.0
2013-08-27 05:00:00+00:00,0.0
2013-08-27 06:00:00+00:00,0.0
2013-08-27 07:00:00+00:00,0.0
2013-08-27 08:00:00+00:00,0.0
2013-08-27 09:00:00+00:00,0.0
2013-08-27 10:00:00+00:00,0.0
2013-08-27 11:00:00+00:00,0.0
2013-08-27 12:00:00+00:00,0.17613707
2013-08-27 13:00:00+00:00,0.23205906
2013-08-27 14:00:00+00:00,0.53635514
2013-08-27 15:00:00+00:00,0.6484908
2013-08-27 16:00:00+00:00,0.6439249
2013-08-27 17:00:00+00:00,0.61227256
2013-08-27 18:00:00+00:00,0.57967615
2013-08-27 19:00:00+00:00,0.56487423
2013-08-27 20:00:00+00:00,0.64250654
2013-08-27 21:00:00+00:00,0.6187828000000001
2013-08-27 22:00:00+00:00,0.53277194
2013-08-27 23:00:00+00:00,0.27346188
2013-08-28 00:00:00+00:00,0.0
2013-08-28 01:00:00+00:00,0.0
2013-08-28 02:00:00+00:00,0.0
2013-08-28 03:00:00+00:00,0.0
2013-08-28 04:00:00+00:00,0.0
2013-08-28 05:00:00+00:00,0.0
2013-08-28 06:00:00+00:00,0.0
2013-08-28 07:00:00+00:00,0.0
2013-08-28 08:00:00+00:00,0.0
2013-08-28 09:00:00+00:00,0.0
2013-08-28 10:00:00+00:00,0.0
2013-08-28 11:00:00+00:00,0.0
2013-08-28 12:00:00+00:00,0.18095313
2013-08-28 13:00:00+00:00,0.49033678
2013-08-28 14:00:00+00:00,0.59570134
2013-08-28 15:00:00+00:00,0.64100766
2013-08-28 16:00:00+00:00,0.6368324000000001
2013-08-28 17:00:00+00:00,0.5110321
2013-08-28 18:00:00+00:00,0.61148834
2013-08-28 19:00:00+00:00,0.63154256
2013-08-28 20:00:00+00:00,0.6333219
2013-08-28 21:00:00+00:00,0.6169601
2013-08-28 22:00:00+00:00,0.5335371
2013-08-28 23:00:00+00:00,0.2712569
2013-08-29 00:00:00+00:00,0.0
2013-08-29 01:00:00+00:00,0.0
2013-08-29 02:00:00+00:00,0.0
2013-08-29 03:00:00+00:00,0.0
2013-08-29 04:00:00+00:00,0.0
2013-08-29 05:00:00+00:00,0.0
2013-08-29 06:00:00+00:00,0.0
2013-08-29 07:00:00+00:00,0.0
2013-08-29 08:00:00+00:00,0.0
2013-08-29 09:00:00+00:00,0.0
2013-08-29 10:00:00+00:00,0.0
2013-08-29 11:00:00+00:00,0.0
2013-08-29 12:00:00+00:00,0.09035935
2013-08-29 13:00:00+00:00,0.040995967
2013-08-29 14:00:00+00:00,0.30362844
2013-08-29 15:00:00+00:00,0.5707328
2013-08-29 16:00:00+00:00,0.63883954
2013-08-29 17:00:00+00:00,0.62937
2013-08-29 18:00:00+00:00,0.555471
2013-08-29 19:00:00+00:00,0.62101775
2013-08-29 20:00:00+00:00,0.24650018
2013-08-29 21:00:00+00:00,0.018668381
2013-08-29 22:00:00+00:00,0.024632277
2013-08-29 23:00:00+00:00,0.038645353
2013-08-30 00:00:00+00:00,0.0
2013-08-30 01:00:00+00:00,0.0
2013-08-30 02:00:00+00:00,0.0
2013-08-30 03:00:00+00:00,0.0
2013-08-30 04:00:00+00:00,0.0
2013-08-30 05:00:00+00:00,0.0
2013-08-30 06:00:00+00:00,0.0
2013-08-30 07:00:00+00:00,0.0
2013-08-30 08:00:00+00:00,0.0
2013-08-30 09:00:00+00:00,0.0
2013-08-30 10:00:00+00:00,0.0
2013-08-30 11:00:00+00:00,0.0
2013-08-30 12:00:00+00:00,0.012703165
2013-08-30 13:00:00+00:00,0.24018438
2013-08-30 14:00:00+00:00,0.4715548
2013-08-30 15:00:00+00:00,0.50515074
2013-08-30 16:00:00+00:00,0.53216755
2013-08-30 17:00:00+00:00,0.5619940999999999
2013-08-30 18:00:00+00:00,0.5519853
2013-08-30 19:00:00+00:00,0.45983768
2013-08-30 20:00:00+00:00,0.15674388
2013-08-30 21:00:00+00:00,0.14700352
2013-08-30 22:00:00+00:00,0.53099066
2013-08-30 23:00:00+00:00,0.2135841
2013-08-31 00:00:00+00:00,0.0
2013-08-31 01:00:00+00:00,0.0
2013-08-31 02:00:00+00:00,0.0
2013-08-31 03:00:00+00:00,0.0
2013-08-31 04:00:00+00:00,0.0
2013-08-31 05:00:00+00:00,0.0
2013-08-31 06:00:00+00:00,0.0
2013-08-31 07:00:00+00:00,0.0
2013-08-31 08:00:00+00:00,0.0
2013-08-31 09:00:00+00:00,0.0
2013-08-31 10:00:00+00:00,0.0
2013-08-31 11:00:00+00:00,0.0
2013-08-31 12:00:00+00:00,0.15367734
2013-08-31 13:00:00+00:00,0.10541399
2013-08-31 14:00:00+00:00,0.35949594
2013-08-31 15:00:00+00:00,0.5754693000000001
2013-08-31 16:00:00+00:00,0.55079067
2013-08-31 17:00:00+00:00,0.59013975
2013-08-31 18:00:00+00:00,0.51169914
2013-08-31 19:00:00+00:00,0.62446576
2013-08-31 20:00:00+00:00,0.18709943
2013-08-31 21:00:00+00:00,0.12999263
2013-08-31 22:00:00+00:00,0.18433222
2013-08-31 23:00:00+00:00,0.17237997
2013-09-01 00:00:00+00:00,0.0
2013-09-01 01:00:00+00:00,0.0
2013-09-01 02:00:00+00:00,0.0
2013-09-01 03:00:00+00:00,0.0
2013-09-01 04:00:00+00:00,0.0
2013-09-01 05:00:00+00:00,0.0
2013-09-01 06:00:00+00:00,0.0
2013-09-01 07:00:00+00:00,0.0
2013-09-01 08:00:00+00:00,0.0
2013-09-01 09:00:00+00:00,0.0
2013-09-01 10:00:00+00:00,0.0
2013-09-01 11:00:00+00:00,0.0
2013-09-01 12:00:00+00:00,0.21049632
2013-09-01 13:00:00+00:00,0.5774923000000001
2013-09-01 14:00:00+00:00,0.68571323
2013-09-01 15:00:00+00:00,0.70258427
2013-09-01 16:00:00+00:00,0.6922607
2013-09-01 17:00:00+00:00,0.6292506999999999
2013-09-01 18:00:00+00:00,0.5853957
2013-09-01 19:00:00+00:00,0.6629848
2013-09-01 20:00:00+00:00,0.701635
2013-09-01 21:00:00+00:00,0.6935026
2013-09-01 22:00:00+00:00,0.62519985
2013-09-01 23:00:00+00:00,0.31650352
2013-09-02 00:00:00+00:00,0.0
2013-09-02 01:00:00+00:00,0.0
2013-09-02 02:00:00+00:00,0.0
2013-09-02 03:00:00+00:00,0.0
2013-09-02 04:00:00+00:00,0.0
2013-09-02 05:00:00+00:00,0.0
2013-09-02 06:00:00+00:00,0.0
2013-09-02 07:00:00+00:00,0.0
2013-09-02 08:00:00+00:00,0.0
2013-09-02 09:00:00+00:00,0.0
2013-09-02 10:00:00+00:00,0.0
2013-09-02 11:00:00+00:00,0.0
2013-09-02 12:00:00+00:00,0.22231616
2013-09-02 13:00:00+00:00,0.5887300999999999
2013-09-02 14:00:00+00:00,0.6903534
2013-09-02 15:00:00+00:00,0.6943526
2013-09-02 16:00:00+00:00,0.6734762
2013-09-02 17:00:00+00:00,0.65196747
2013-09-02 18:00:00+00:00,0.64656323
2013-09-02 19:00:00+00:00,0.6603759
2013-09-02 20:00:00+00:00,0.6708703
2013-09-02 21:00:00+00:00,0.661088
2013-09-02 22:00:00+00:00,0.5999113
2013-09-02 23:00:00+00:00,0.30047145
2013-09-03 00:00:00+00:00,0.0
2013-09-03 01:00:00+00:00,0.0
2013-09-03 02:00:00+00:00,0.0
2013-09-03 03:00:00+00:00,0.0
2013-09-03 04:00:00+00:00,0.0
2013-09-03 05:00:00+00:00,0.0
2013-09-03 06:00:00+00:00,0.0
2013-09-03 07:00:00+00:00,0.0
2013-09-03 08:00:00+00:00,0.0
2013-09-03 09:00:00+00:00,0.0
2013-09-03 10:00:00+00:00,0.0
2013-09-03 11:00:00+00:00,0.0
2013-09-03 12:00:00+00:00,0.10166488
2013-09-03 13:00:00+00:00,0.5237657
2013-09-03 14:00:00+00:00,0.6318629
2013-09-03 15:00:00+00:00,0.59988797
2013-09-03 16:00:00+00:00,0.6473694000000001
2013-09-03 17:00:00+00:00,0.62458843
2013-09-03 18:00:00+00:00,0.5696747
2013-09-03 19:00:00+00:00,0.5367897
2013-09-03 20:00:00+00:00,0.541139
2013-09-03 21:00:00+00:00,0.5482598000000001
2013-09-03 22:00:00+00:00,0.5383619000000001
2013-09-03 23:00:00+00:00,0.24217384
2013-09-04 00:00:00+00:00,0.0
2013-09-04 01:00:00+00:00,0.0
2013-09-04 02:00:00+00:00,0.0
2013-09-04 03:00:00+00:00,0.0
2013-09-04 04:00:00+00:00,0.0
2013-09-04 05:00:00+00:00,0.0
2013-09-04 06:00:00+00:00,0.0
2013-09-04 07:00:00+00:00,0.0
2013-09-04 08:00:00+00:00,0.0
2013-09-04 09:00:00+00:00,0.0
2013-09-04 10:00:00+00:00,0.0
2013-09-04 11:00:00+00:00,0.0
2013-09-04 12:00:00+00:00,0.20100520000000002
2013-09-04 13:00:00+00:00,0.5682554
2013-09-04 14:00:00+00:00,0.68177265
2013-09-04 15:00:00+00:00,0.6883946999999999
2013-09-04 16:00:00+00:00,0.669838
2013-09-04 17:00:00+00:00,0.650213
2013-09-04 18:00:00+00:00,0.6430253
2013-09-04 19:00:00+00:00,0.64798087
2013-09-04 20:00:00+00:00,0.65583056
2013-09-04 21:00:00+00:00,0.6514129
2013-09-04 22:00:00+00:00,0.57261807
2013-09-04 23:00:00+00:00,0.24944347
2013-09-05 00:00:00+00:00,0.0
2013-09-05 01:00:00+00:00,0.0
2013-09-05 02:00:00+00:00,0.0
2013-09-05 03:00:00+00:00,0.0
2013-09-05 04:00:00+00:00,0.0
2013-09-05 05:00:00+00:00,0.0
2013-09-05 06:00:00+00:00,0.0
2013-09-05 07:00:00+00:00,0.0
2013-09-05 08:00:00+00:00,0.0
2013-09-05 09:00:00+00:00,0.0
2013-09-05 10:00:00+00:00,0.0
2013-09-05 11:00:00+00:00,0.0
2013-09-05 12:00:00+00:00,0.17676827
2013-09-05 13:00:00+00:00,0.5215299
2013-09-05 14:00:00+00:00,0.637352
2013-09-05 15:00:00+00:00,0.6176316
2013-09-05 16:00:00+00:00,0.6458819
2013-09-05 17:00:00+00:00,0.63276297
2013-09-05 18:00:00+00:00,0.46722759999999997
2013-09-05 19:00:00+00:00,0.52315366
2013-09-05 20:00:00+00:00,0.5159835
2013-09-05 21:00:00+00:00,0.58506775
2013-09-05 22:00:00+00:00,0.3726409
2013-09-05 23:00:00+00:00,0.21899465
2013-09-06 00:00:00+00:00,0.0
2013-09-06 01:00:00+00:00,0.0
2013-09-06 02:00:00+00:00,0.0
2013-09-06 03:00:00+00:00,0.0
2013-09-06 04:00:00+00:00,0.0
2013-09-06 05:00:00+00:00,0.0
2013-09-06 06:00:00+00:00,0.0
2013-09-06 07:00:00+00:00,0.0
2013-09-06 08:00:00+00:00,0.0
2013-09-06 09:00:00+00:00,0.0
2013-09-06 10:00:00+00:00,0.0
2013-09-06 11:00:00+00:00,0.0
2013-09-06 12:00:00+00:00,0.14342901
2013-09-06 13:00:00+00:00,0.44328246
2013-09-06 14:00:00+00:00,0.51748544
2013-09-06 15:00:00+00:00,0.6160905
2013-09-06 16:00:00+00:00,0.60406303
2013-09-06 17:00:00+00:00,0.5886744
2013-09-06 18:00:00+00:00,0.5620267
2013-09-06 19:00:00+00:00,0.587398
2013-09-06 20:00:00+00:00,0.5812517
2013-09-06 21:00:00+00:00,0.5406525
2013-09-06 22:00:00+00:00,0.434392
2013-09-06 23:00:00+00:00,0.16219531
2013-09-07 00:00:00+00:00,0.0
2013-09-07 01:00:00+00:00,0.0
2013-09-07 02:00:00+00:00,0.0
2013-09-07 03:00:00+00:00,0.0
2013-09-07 04:00:00+00:00,0.0
2013-09-07 05:00:00+00:00,0.0
2013-09-07 06:00:00+00:00,0.0
2013-09-07 07:00:00+00:00,0.0
2013-09-07 08:00:00+00:00,0.0
2013-09-07 09:00:00+00:00,0.0
2013-09-07 10:00:00+00:00,0.0
2013-09-07 11:00:00+00:00,0.0
2013-09-07 12:00:00+00:00,0.11312218
2013-09-07 13:00:00+00:00,0.40831122
2013-09-07 14:00:00+00:00,0.5529729
2013-09-07 15:00:00+00:00,0.6286189
2013-09-07 16:00:00+00:00,0.6143390999999999
2013-09-07 17:00:00+00:00,0.51033616
2013-09-07 18:00:00+00:00,0.6013026
2013-09-07 19:00:00+00:00,0.55326885
2013-09-07 20:00:00+00:00,0.57842386
2013-09-07 21:00:00+00:00,0.5830594
2013-09-07 22:00:00+00:00,0.47577712
2013-09-07 23:00:00+00:00,0.1867453
2013-09-08 00:00:00+00:00,0.0
2013-09-08 01:00:00+00:00,0.0
2013-09-08 02:00:00+00:00,0.0
2013-09-08 03:00:00+00:00,0.0
2013-09-08 04:00:00+00:00,0.0
2013-09-08 05:00:00+00:00,0.0
2013-09-08 06:00:00+00:00,0.0
2013-09-08 07:00:00+00:00,0.0
2013-09-08 08:00:00+00:00,0.0
2013-09-08 09:00:00+00:00,0.0
2013-09-08 10:00:00+00:00,0.0
2013-09-08 11:00:00+00:00,0.0
2013-09-08 12:00:00+00:00,0.11441778400000001
2013-09-08 13:00:00+00:00,0.4139871
2013-09-08 14:00:00+00:00,0.5561089
2013-09-08 15:00:00+00:00,0.5972985
2013-09-08 16:00:00+00:00,0.59866303
2013-09-08 17:00:00+00:00,0.5907695
2013-09-08 18:00:00+00:00,0.5865021
2013-09-08 19:00:00+00:00,0.59580487
2013-09-08 20:00:00+00:00,0.59451157
2013-09-08 21:00:00+00:00,0.5531951999999999
2013-09-08 22:00:00+00:00,0.44756007
2013-09-08 23:00:00+00:00,0.1581171
2013-09-09 00:00:00+00:00,0.0
2013-09-09 01:00:00+00:00,0.0
2013-09-09 02:00:00+00:00,0.0
2013-09-09 03:00:00+00:00,0.0
2013-09-09 04:00:00+00:00,0.0
2013-09-09 05:00:00+00:00,0.0
2013-09-09 06:00:00+00:00,0.0
2013-09-09 07:00:00+00:00,0.0
2013-09-09 08:00:00+00:00,0.0
2013-09-09 09:00:00+00:00,0.0
2013-09-09 10:00:00+00:00,0.0
2013-09-09 11:00:00+00:00,0.0
2013-09-09 12:00:00+00:00,0.09986505
2013-09-09 13:00:00+00:00,0.36317065
2013-09-09 14:00:00+00:00,0.52660006
2013-09-09 15:00:00+00:00,0.55977577
2013-09-09 16:00:00+00:00,0.40740922
2013-09-09 17:00:00+00:00,0.25492167
2013-09-09 18:00:00+00:00,0.46781469999999997
2013-09-09 19:00:00+00:00,0.56736827
2013-09-09 20:00:00+00:00,0.4873914000000001
2013-09-09 21:00:00+00:00,0.52192134
2013-09-09 22:00:00+00:00,0.39433116
2013-09-09 23:00:00+00:00,0.1213497
2013-09-10 00:00:00+00:00,0.0
2013-09-10 01:00:00+00:00,0.0
2013-09-10 02:00:00+00:00,0.0
2013-09-10 03:00:00+00:00,0.0
2013-09-10 04:00:00+00:00,0.0
2013-09-10 05:00:00+00:00,0.0
2013-09-10 06:00:00+00:00,0.0
2013-09-10 07:00:00+00:00,0.0
2013-09-10 08:00:00+00:00,0.0
2013-09-10 09:00:00+00:00,0.0
2013-09-10 10:00:00+00:00,0.0
2013-09-10 11:00:00+00:00,0.0
2013-09-10 12:00:00+00:00,0.10242647
2013-09-10 13:00:00+00:00,0.36449128
2013-09-10 14:00:00+00:00,0.5253734999999999
2013-09-10 15:00:00+00:00,0.57372594
2013-09-10 16:00:00+00:00,0.2575556
2013-09-10 17:00:00+00:00,0.2785715
2013-09-10 18:00:00+00:00,0.30983499999999997
2013-09-10 19:00:00+00:00,0.21504898
2013-09-10 20:00:00+00:00,0.5594037
2013-09-10 21:00:00+00:00,0.4136767
2013-09-10 22:00:00+00:00,0.35309309999999994
2013-09-10 23:00:00+00:00,0.11792158
2013-09-11 00:00:00+00:00,0.0
2013-09-11 01:00:00+00:00,0.0
2013-09-11 02:00:00+00:00,0.0
2013-09-11 03:00:00+00:00,0.0
2013-09-11 04:00:00+00:00,0.0
2013-09-11 05:00:00+00:00,0.0
2013-09-11 06:00:00+00:00,0.0
2013-09-11 07:00:00+00:00,0.0
2013-09-11 08:00:00+00:00,0.0
2013-09-11 09:00:00+00:00,0.0
2013-09-11 10:00:00+00:00,0.0
2013-09-11 11:00:00+00:00,0.0
2013-09-11 12:00:00+00:00,0.18625188
2013-09-11 13:00:00+00:00,0.57862246
2013-09-11 14:00:00+00:00,0.70745444
2013-09-11 15:00:00+00:00,0.7200291
2013-09-11 16:00:00+00:00,0.69831157
2013-09-11 17:00:00+00:00,0.6795880999999999
2013-09-11 18:00:00+00:00,0.6756156999999999
2013-09-11 19:00:00+00:00,0.69046456
2013-09-11 20:00:00+00:00,0.57088953
2013-09-11 21:00:00+00:00,0.61902773
2013-09-11 22:00:00+00:00,0.59872067
2013-09-11 23:00:00+00:00,0.2348419
2013-09-12 00:00:00+00:00,0.0
2013-09-12 01:00:00+00:00,0.0
2013-09-12 02:00:00+00:00,0.0
2013-09-12 03:00:00+00:00,0.0
2013-09-12 04:00:00+00:00,0.0
2013-09-12 05:00:00+00:00,0.0
2013-09-12 06:00:00+00:00,0.0
2013-09-12 07:00:00+00:00,0.0
2013-09-12 08:00:00+00:00,0.0
2013-09-12 09:00:00+00:00,0.0
2013-09-12 10:00:00+00:00,0.0
2013-09-12 11:00:00+00:00,0.0
2013-09-12 12:00:00+00:00,0.18059064
2013-09-12 13:00:00+00:00,0.57036394
2013-09-12 14:00:00+00:00,0.71669847
2013-09-12 15:00:00+00:00,0.72533053
2013-09-12 16:00:00+00:00,0.7025077
2013-09-12 17:00:00+00:00,0.6802071999999999
2013-09-12 18:00:00+00:00,0.67317617
2013-09-12 19:00:00+00:00,0.6861188
2013-09-12 20:00:00+00:00,0.7013583000000001
2013-09-12 21:00:00+00:00,0.69086385
2013-09-12 22:00:00+00:00,0.6029953
2013-09-12 23:00:00+00:00,0.22553995
2013-09-13 00:00:00+00:00,0.0
2013-09-13 01:00:00+00:00,0.0
2013-09-13 02:00:00+00:00,0.0
2013-09-13 03:00:00+00:00,0.0
2013-09-13 04:00:00+00:00,0.0
2013-09-13 05:00:00+00:00,0.0
2013-09-13 06:00:00+00:00,0.0
2013-09-13 07:00:00+00:00,0.0
2013-09-13 08:00:00+00:00,0.0
2013-09-13 09:00:00+00:00,0.0
2013-09-13 10:00:00+00:00,0.0
2013-09-13 11:00:00+00:00,0.0
2013-09-13 12:00:00+00:00,0.17501102
2013-09-13 13:00:00+00:00,0.54830325
2013-09-13 14:00:00+00:00,0.6850669
2013-09-13 15:00:00+00:00,0.68662214
2013-09-13 16:00:00+00:00,0.5867884
2013-09-13 17:00:00+00:00,0.49104613
2013-09-13 18:00:00+00:00,0.52396894
2013-09-13 19:00:00+00:00,0.5030107
2013-09-13 20:00:00+00:00,0.45976773
2013-09-13 21:00:00+00:00,0.46484256
2013-09-13 22:00:00+00:00,0.5071060000000001
2013-09-13 23:00:00+00:00,0.17207284
2013-09-14 00:00:00+00:00,0.0
2013-09-14 01:00:00+00:00,0.0
2013-09-14 02:00:00+00:00,0.0
2013-09-14 03:00:00+00:00,0.0
2013-09-14 04:00:00+00:00,0.0
2013-09-14 05:00:00+00:00,0.0
2013-09-14 06:00:00+00:00,0.0
2013-09-14 07:00:00+00:00,0.0
2013-09-14 08:00:00+00:00,0.0
2013-09-14 09:00:00+00:00,0.0
2013-09-14 10:00:00+00:00,0.0
2013-09-14 11:00:00+00:00,0.0
2013-09-14 12:00:00+00:00,0.0
2013-09-14 13:00:00+00:00,0.009807783
2013-09-14 14:00:00+00:00,0.057081662000000005
2013-09-14 15:00:00+00:00,0.17247678
2013-09-14 16:00:00+00:00,0.3533894
2013-09-14 17:00:00+00:00,0.25786728
2013-09-14 18:00:00+00:00,0.29937088
2013-09-14 19:00:00+00:00,0.28825468
2013-09-14 20:00:00+00:00,0.36375505
2013-09-14 21:00:00+00:00,0.30432257
2013-09-14 22:00:00+00:00,0.43106928
2013-09-14 23:00:00+00:00,0.020358503
2013-09-15 00:00:00+00:00,0.0
2013-09-15 01:00:00+00:00,0.0
2013-09-15 02:00:00+00:00,0.0
2013-09-15 03:00:00+00:00,0.0
2013-09-15 04:00:00+00:00,0.0
2013-09-15 05:00:00+00:00,0.0
2013-09-15 06:00:00+00:00,0.0
2013-09-15 07:00:00+00:00,0.0
2013-09-15 08:00:00+00:00,0.0
2013-09-15 09:00:00+00:00,0.0
2013-09-15 10:00:00+00:00,0.0
2013-09-15 11:00:00+00:00,0.0
2013-09-15 12:00:00+00:00,0.13182834
2013-09-15 13:00:00+00:00,0.52921724
2013-09-15 14:00:00+00:00,0.68063307
2013-09-15 15:00:00+00:00,0.69665605
2013-09-15 16:00:00+00:00,0.57243425
2013-09-15 17:00:00+00:00,0.65220803
2013-09-15 18:00:00+00:00,0.6139786
2013-09-15 19:00:00+00:00,0.60501623
2013-09-15 20:00:00+00:00,0.62840754
2013-09-15 21:00:00+00:00,0.64730364
2013-09-15 22:00:00+00:00,0.38940240000000004
2013-09-15 23:00:00+00:00,0.1640864
2013-09-16 00:00:00+00:00,0.0
2013-09-16 01:00:00+00:00,0.0
2013-09-16 02:00:00+00:00,0.0
2013-09-16 03:00:00+00:00,0.0
2013-09-16 04:00:00+00:00,0.0
2013-09-16 05:00:00+00:00,0.0
2013-09-16 06:00:00+00:00,0.0
2013-09-16 07:00:00+00:00,0.0
2013-09-16 08:00:00+00:00,0.0
2013-09-16 09:00:00+00:00,0.0
2013-09-16 10:00:00+00:00,0.0
2013-09-16 11:00:00+00:00,0.0
2013-09-16 12:00:00+00:00,0.0050994516
2013-09-16 13:00:00+00:00,0.030010812
2013-09-16 14:00:00+00:00,0.05251721
2013-09-16 15:00:00+00:00,0.12573236
2013-09-16 16:00:00+00:00,0.113254175
2013-09-16 17:00:00+00:00,0.16640687
2013-09-16 18:00:00+00:00,0.15981841
2013-09-16 19:00:00+00:00,0.22134520000000002
2013-09-16 20:00:00+00:00,0.27440014
2013-09-16 21:00:00+00:00,0.11486444
2013-09-16 22:00:00+00:00,0.19737236
2013-09-16 23:00:00+00:00,0.021838392999999998
2013-09-17 00:00:00+00:00,0.0
2013-09-17 01:00:00+00:00,0.0
2013-09-17 02:00:00+00:00,0.0
2013-09-17 03:00:00+00:00,0.0
2013-09-17 04:00:00+00:00,0.0
2013-09-17 05:00:00+00:00,0.0
2013-09-17 06:00:00+00:00,0.0
2013-09-17 07:00:00+00:00,0.0
2013-09-17 08:00:00+00:00,0.0
2013-09-17 09:00:00+00:00,0.0
2013-09-17 10:00:00+00:00,0.0
2013-09-17 11:00:00+00:00,0.0
2013-09-17 12:00:00+00:00,0.05459266
2013-09-17 13:00:00+00:00,0.13957906
2013-09-17 14:00:00+00:00,0.25721174
2013-09-17 15:00:00+00:00,0.06526157
2013-09-17 16:00:00+00:00,0.37099782
2013-09-17 17:00:00+00:00,0.31062716
2013-09-17 18:00:00+00:00,0.32764107
2013-09-17 19:00:00+00:00,0.20150575
2013-09-17 20:00:00+00:00,0.23633985
2013-09-17 21:00:00+00:00,0.3181552
2013-09-17 22:00:00+00:00,0.29280558
2013-09-17 23:00:00+00:00,0.10320061
2013-09-18 00:00:00+00:00,0.0
2013-09-18 01:00:00+00:00,0.0
2013-09-18 02:00:00+00:00,0.0
2013-09-18 03:00:00+00:00,0.0
2013-09-18 04:00:00+00:00,0.0
2013-09-18 05:00:00+00:00,0.0
2013-09-18 06:00:00+00:00,0.0
2013-09-18 07:00:00+00:00,0.0
2013-09-18 08:00:00+00:00,0.0
2013-09-18 09:00:00+00:00,0.0
2013-09-18 10:00:00+00:00,0.0
2013-09-18 11:00:00+00:00,0.0
2013-09-18 12:00:00+00:00,0.062191512000000004
2013-09-18 13:00:00+00:00,0.3030705
2013-09-18 14:00:00+00:00,0.4789738
2013-09-18 15:00:00+00:00,0.61412865
2013-09-18 16:00:00+00:00,0.50963384
2013-09-18 17:00:00+00:00,0.54766667
2013-09-18 18:00:00+00:00,0.53151464
2013-09-18 19:00:00+00:00,0.5428236
2013-09-18 20:00:00+00:00,0.5357774000000001
2013-09-18 21:00:00+00:00,0.3752493
2013-09-18 22:00:00+00:00,0.18225199
2013-09-18 23:00:00+00:00,0.018014347
2013-09-19 00:00:00+00:00,0.0
2013-09-19 01:00:00+00:00,0.0
2013-09-19 02:00:00+00:00,0.0
2013-09-19 03:00:00+00:00,0.0
2013-09-19 04:00:00+00:00,0.0
2013-09-19 05:00:00+00:00,0.0
2013-09-19 06:00:00+00:00,0.0
2013-09-19 07:00:00+00:00,0.0
2013-09-19 08:00:00+00:00,0.0
2013-09-19 09:00:00+00:00,0.0
2013-09-19 10:00:00+00:00,0.0
2013-09-19 11:00:00+00:00,0.0
2013-09-19 12:00:00+00:00,0.0011650125
2013-09-19 13:00:00+00:00,0.027443662
2013-09-19 14:00:00+00:00,0.08210364
2013-09-19 15:00:00+00:00,0.21128711
2013-09-19 16:00:00+00:00,0.37346756
2013-09-19 17:00:00+00:00,0.5505289000000001
2013-09-19 18:00:00+00:00,0.54314095
2013-09-19 19:00:00+00:00,0.57974625
2013-09-19 20:00:00+00:00,0.47802746
2013-09-19 21:00:00+00:00,0.5475036999999999
2013-09-19 22:00:00+00:00,0.38903493
2013-09-19 23:00:00+00:00,0.15580624
2013-09-20 00:00:00+00:00,0.0
2013-09-20 01:00:00+00:00,0.0
2013-09-20 02:00:00+00:00,0.0
2013-09-20 03:00:00+00:00,0.0
2013-09-20 04:00:00+00:00,0.0
2013-09-20 05:00:00+00:00,0.0
2013-09-20 06:00:00+00:00,0.0
2013-09-20 07:00:00+00:00,0.0
2013-09-20 08:00:00+00:00,0.0
2013-09-20 09:00:00+00:00,0.0
2013-09-20 10:00:00+00:00,0.0
2013-09-20 11:00:00+00:00,0.0
2013-09-20 12:00:00+00:00,0.13778517
2013-09-20 13:00:00+00:00,0.52727777
2013-09-20 14:00:00+00:00,0.6820695999999999
2013-09-20 15:00:00+00:00,0.6915432
2013-09-20 16:00:00+00:00,0.666575
2013-09-20 17:00:00+00:00,0.64528173
2013-09-20 18:00:00+00:00,0.6409615
2013-09-20 19:00:00+00:00,0.6582545
2013-09-20 20:00:00+00:00,0.6762560999999999
2013-09-20 21:00:00+00:00,0.6650085
2013-09-20 22:00:00+00:00,0.51723385
2013-09-20 23:00:00+00:00,0.15370978
2013-09-21 00:00:00+00:00,0.0
2013-09-21 01:00:00+00:00,0.0
2013-09-21 02:00:00+00:00,0.0
2013-09-21 03:00:00+00:00,0.0
2013-09-21 04:00:00+00:00,0.0
2013-09-21 05:00:00+00:00,0.0
2013-09-21 06:00:00+00:00,0.0
2013-09-21 07:00:00+00:00,0.0
2013-09-21 08:00:00+00:00,0.0
2013-09-21 09:00:00+00:00,0.0
2013-09-21 10:00:00+00:00,0.0
2013-09-21 11:00:00+00:00,0.0
2013-09-21 12:00:00+00:00,0.14064758
2013-09-21 13:00:00+00:00,0.525266
2013-09-21 14:00:00+00:00,0.6903559
2013-09-21 15:00:00+00:00,0.6957331999999999
2013-09-21 16:00:00+00:00,0.6704153
2013-09-21 17:00:00+00:00,0.6466345
2013-09-21 18:00:00+00:00,0.643169
2013-09-21 19:00:00+00:00,0.6601198
2013-09-21 20:00:00+00:00,0.67976695
2013-09-21 21:00:00+00:00,0.66225386
2013-09-21 22:00:00+00:00,0.51232594
2013-09-21 23:00:00+00:00,0.14048435
2013-09-22 00:00:00+00:00,0.0
2013-09-22 01:00:00+00:00,0.0
2013-09-22 02:00:00+00:00,0.0
2013-09-22 03:00:00+00:00,0.0
2013-09-22 04:00:00+00:00,0.0
2013-09-22 05:00:00+00:00,0.0
2013-09-22 06:00:00+00:00,0.0
2013-09-22 07:00:00+00:00,0.0
2013-09-22 08:00:00+00:00,0.0
2013-09-22 09:00:00+00:00,0.0
2013-09-22 10:00:00+00:00,0.0
2013-09-22 11:00:00+00:00,0.0
2013-09-22 12:00:00+00:00,0.12269509599999999
2013-09-22 13:00:00+00:00,0.49016374
2013-09-22 14:00:00+00:00,0.6494048000000001
2013-09-22 15:00:00+00:00,0.65181255
2013-09-22 16:00:00+00:00,0.6345270000000001
2013-09-22 17:00:00+00:00,0.6181791
2013-09-22 18:00:00+00:00,0.5060821
2013-09-22 19:00:00+00:00,0.5851590999999999
2013-09-22 20:00:00+00:00,0.33495316
2013-09-22 21:00:00+00:00,0.3970033
2013-09-22 22:00:00+00:00,0.35842523
2013-09-22 23:00:00+00:00,0.10627478
2013-09-23 00:00:00+00:00,0.0
2013-09-23 01:00:00+00:00,0.0
2013-09-23 02:00:00+00:00,0.0
2013-09-23 03:00:00+00:00,0.0
2013-09-23 04:00:00+00:00,0.0
2013-09-23 05:00:00+00:00,0.0
2013-09-23 06:00:00+00:00,0.0
2013-09-23 07:00:00+00:00,0.0
2013-09-23 08:00:00+00:00,0.0
2013-09-23 09:00:00+00:00,0.0
2013-09-23 10:00:00+00:00,0.0
2013-09-23 11:00:00+00:00,0.0
2013-09-23 12:00:00+00:00,0.012429073999999998
2013-09-23 13:00:00+00:00,0.04832527
2013-09-23 14:00:00+00:00,0.27313697
2013-09-23 15:00:00+00:00,0.29916188
2013-09-23 16:00:00+00:00,0.426889
2013-09-23 17:00:00+00:00,0.5064281
2013-09-23 18:00:00+00:00,0.51413053
2013-09-23 19:00:00+00:00,0.6038498999999999
2013-09-23 20:00:00+00:00,0.5986882
2013-09-23 21:00:00+00:00,0.26827043
2013-09-23 22:00:00+00:00,0.30300224
2013-09-23 23:00:00+00:00,0.09603558
2013-09-24 00:00:00+00:00,0.0
2013-09-24 01:00:00+00:00,0.0
2013-09-24 02:00:00+00:00,0.0
2013-09-24 03:00:00+00:00,0.0
2013-09-24 04:00:00+00:00,0.0
2013-09-24 05:00:00+00:00,0.0
2013-09-24 06:00:00+00:00,0.0
2013-09-24 07:00:00+00:00,0.0
2013-09-24 08:00:00+00:00,0.0
2013-09-24 09:00:00+00:00,0.0
2013-09-24 10:00:00+00:00,0.0
2013-09-24 11:00:00+00:00,0.0
2013-09-24 12:00:00+00:00,0.10659383
2013-09-24 13:00:00+00:00,0.46657709999999997
2013-09-24 14:00:00+00:00,0.63427925
2013-09-24 15:00:00+00:00,0.65355504
2013-09-24 16:00:00+00:00,0.629308
2013-09-24 17:00:00+00:00,0.5766806999999999
2013-09-24 18:00:00+00:00,0.6072668000000001
2013-09-24 19:00:00+00:00,0.6206265999999999
2013-09-24 20:00:00+00:00,0.6398394000000001
2013-09-24 21:00:00+00:00,0.60441643
2013-09-24 22:00:00+00:00,0.42470336
2013-09-24 23:00:00+00:00,0.09457265
2013-09-25 00:00:00+00:00,0.0
2013-09-25 01:00:00+00:00,0.0
2013-09-25 02:00:00+00:00,0.0
2013-09-25 03:00:00+00:00,0.0
2013-09-25 04:00:00+00:00,0.0
2013-09-25 05:00:00+00:00,0.0
2013-09-25 06:00:00+00:00,0.0
2013-09-25 07:00:00+00:00,0.0
2013-09-25 08:00:00+00:00,0.0
2013-09-25 09:00:00+00:00,0.0
2013-09-25 10:00:00+00:00,0.0
2013-09-25 11:00:00+00:00,0.0
2013-09-25 12:00:00+00:00,0.10281687
2013-09-25 13:00:00+00:00,0.4709148
2013-09-25 14:00:00+00:00,0.64228153
2013-09-25 15:00:00+00:00,0.65319115
2013-09-25 16:00:00+00:00,0.6317998
2013-09-25 17:00:00+00:00,0.6101993
2013-09-25 18:00:00+00:00,0.606611
2013-09-25 19:00:00+00:00,0.6224276999999999
2013-09-25 20:00:00+00:00,0.6402545000000001
2013-09-25 21:00:00+00:00,0.6249458999999999
2013-09-25 22:00:00+00:00,0.44719255
2013-09-25 23:00:00+00:00,0.09824587
2013-09-26 00:00:00+00:00,0.0
2013-09-26 01:00:00+00:00,0.0
2013-09-26 02:00:00+00:00,0.0
2013-09-26 03:00:00+00:00,0.0
2013-09-26 04:00:00+00:00,0.0
2013-09-26 05:00:00+00:00,0.0
2013-09-26 06:00:00+00:00,0.0
2013-09-26 07:00:00+00:00,0.0
2013-09-26 08:00:00+00:00,0.0
2013-09-26 09:00:00+00:00,0.0
2013-09-26 10:00:00+00:00,0.0
2013-09-26 11:00:00+00:00,0.0
2013-09-26 12:00:00+00:00,0.10072295
2013-09-26 13:00:00+00:00,0.46742007
2013-09-26 14:00:00+00:00,0.6357121
2013-09-26 15:00:00+00:00,0.64664453
2013-09-26 16:00:00+00:00,0.6187294
2013-09-26 17:00:00+00:00,0.59775
2013-09-26 18:00:00+00:00,0.47486106
2013-09-26 19:00:00+00:00,0.4924192
2013-09-26 20:00:00+00:00,0.50359666
2013-09-26 21:00:00+00:00,0.41621128
2013-09-26 22:00:00+00:00,0.3918909
2013-09-26 23:00:00+00:00,0.07594092
2013-09-27 00:00:00+00:00,0.0
2013-09-27 01:00:00+00:00,0.0
2013-09-27 02:00:00+00:00,0.0
2013-09-27 03:00:00+00:00,0.0
2013-09-27 04:00:00+00:00,0.0
2013-09-27 05:00:00+00:00,0.0
2013-09-27 06:00:00+00:00,0.0
2013-09-27 07:00:00+00:00,0.0
2013-09-27 08:00:00+00:00,0.0
2013-09-27 09:00:00+00:00,0.0
2013-09-27 10:00:00+00:00,0.0
2013-09-27 11:00:00+00:00,0.0
2013-09-27 12:00:00+00:00,0.08412431
2013-09-27 13:00:00+00:00,0.42736048
2013-09-27 14:00:00+00:00,0.3647103
2013-09-27 15:00:00+00:00,0.34937233
2013-09-27 16:00:00+00:00,0.49088117
2013-09-27 17:00:00+00:00,0.19742581
2013-09-27 18:00:00+00:00,0.38536963
2013-09-27 19:00:00+00:00,0.13585964
2013-09-27 20:00:00+00:00,0.23112266
2013-09-27 21:00:00+00:00,0.17582135
2013-09-27 22:00:00+00:00,0.01928573
2013-09-27 23:00:00+00:00,0.00050242705
2013-09-28 00:00:00+00:00,0.0
2013-09-28 01:00:00+00:00,0.0
2013-09-28 02:00:00+00:00,0.0
2013-09-28 03:00:00+00:00,0.0
2013-09-28 04:00:00+00:00,0.0
2013-09-28 05:00:00+00:00,0.0
2013-09-28 06:00:00+00:00,0.0
2013-09-28 07:00:00+00:00,0.0
2013-09-28 08:00:00+00:00,0.0
2013-09-28 09:00:00+00:00,0.0
2013-09-28 10:00:00+00:00,0.0
2013-09-28 11:00:00+00:00,0.0
2013-09-28 12:00:00+00:00,0.05486817
2013-09-28 13:00:00+00:00,0.13250966
2013-09-28 14:00:00+00:00,0.61845297
2013-09-28 15:00:00+00:00,0.62150365
2013-09-28 16:00:00+00:00,0.60390866
2013-09-28 17:00:00+00:00,0.4921196
2013-09-28 18:00:00+00:00,0.47462004
2013-09-28 19:00:00+00:00,0.22124736
2013-09-28 20:00:00+00:00,0.2007845
2013-09-28 21:00:00+00:00,0.34268692
2013-09-28 22:00:00+00:00,0.39781415
2013-09-28 23:00:00+00:00,0.050656047
2013-09-29 00:00:00+00:00,0.0
2013-09-29 01:00:00+00:00,0.0
2013-09-29 02:00:00+00:00,0.0
2013-09-29 03:00:00+00:00,0.0
2013-09-29 04:00:00+00:00,0.0
2013-09-29 05:00:00+00:00,0.0
2013-09-29 06:00:00+00:00,0.0
2013-09-29 07:00:00+00:00,0.0
2013-09-29 08:00:00+00:00,0.0
2013-09-29 09:00:00+00:00,0.0
2013-09-29 10:00:00+00:00,0.0
2013-09-29 11:00:00+00:00,0.0
2013-09-29 12:00:00+00:00,0.06153717
2013-09-29 13:00:00+00:00,0.33862963
2013-09-29 14:00:00+00:00,0.24069639
2013-09-29 15:00:00+00:00,0.29366595
2013-09-29 16:00:00+00:00,0.59378904
2013-09-29 17:00:00+00:00,0.49067825
2013-09-29 18:00:00+00:00,0.44933090000000003
2013-09-29 19:00:00+00:00,0.43524042
2013-09-29 20:00:00+00:00,0.5997875
2013-09-29 21:00:00+00:00,0.5936961
2013-09-29 22:00:00+00:00,0.386808
2013-09-29 23:00:00+00:00,0.034952673999999996
2013-09-30 00:00:00+00:00,0.0
2013-09-30 01:00:00+00:00,0.0
2013-09-30 02:00:00+00:00,0.0
2013-09-30 03:00:00+00:00,0.0
2013-09-30 04:00:00+00:00,0.0
2013-09-30 05:00:00+00:00,0.0
2013-09-30 06:00:00+00:00,0.0
2013-09-30 07:00:00+00:00,0.0
2013-09-30 08:00:00+00:00,0.0
2013-09-30 09:00:00+00:00,0.0
2013-09-30 10:00:00+00:00,0.0
2013-09-30 11:00:00+00:00,0.0
2013-09-30 12:00:00+00:00,0.0023123408
2013-09-30 13:00:00+00:00,0.20626879
2013-09-30 14:00:00+00:00,0.56813884
2013-09-30 15:00:00+00:00,0.5883334
2013-09-30 16:00:00+00:00,0.43650433
2013-09-30 17:00:00+00:00,0.34857148
2013-09-30 18:00:00+00:00,0.25843364
2013-09-30 19:00:00+00:00,0.33433008
2013-09-30 20:00:00+00:00,0.39878990000000003
2013-09-30 21:00:00+00:00,0.320215
2013-09-30 22:00:00+00:00,0.09713183
2013-09-30 23:00:00+00:00,0.00012868019
2013-10-01 00:00:00+00:00,0.0
2013-10-01 01:00:00+00:00,0.0
2013-10-01 02:00:00+00:00,0.0
2013-10-01 03:00:00+00:00,0.0
2013-10-01 04:00:00+00:00,0.0
2013-10-01 05:00:00+00:00,0.0
2013-10-01 06:00:00+00:00,0.0
2013-10-01 07:00:00+00:00,0.0
2013-10-01 08:00:00+00:00,0.0
2013-10-01 09:00:00+00:00,0.0
2013-10-01 10:00:00+00:00,0.0
2013-10-01 11:00:00+00:00,0.0
2013-10-01 12:00:00+00:00,0.006608080600000001
2013-10-01 13:00:00+00:00,0.030273557000000003
2013-10-01 14:00:00+00:00,0.07748664
2013-10-01 15:00:00+00:00,0.22060888
2013-10-01 16:00:00+00:00,0.33166674
2013-10-01 17:00:00+00:00,0.33667168
2013-10-01 18:00:00+00:00,0.5512511999999999
2013-10-01 19:00:00+00:00,0.47828773
2013-10-01 20:00:00+00:00,0.30645287
2013-10-01 21:00:00+00:00,0.38624963
2013-10-01 22:00:00+00:00,0.33725116
2013-10-01 23:00:00+00:00,0.0
2013-10-02 00:00:00+00:00,0.0
2013-10-02 01:00:00+00:00,0.0
2013-10-02 02:00:00+00:00,0.0
2013-10-02 03:00:00+00:00,0.0
2013-10-02 04:00:00+00:00,0.0
2013-10-02 05:00:00+00:00,0.0
2013-10-02 06:00:00+00:00,0.0
2013-10-02 07:00:00+00:00,0.0
2013-10-02 08:00:00+00:00,0.0
2013-10-02 09:00:00+00:00,0.0
2013-10-02 10:00:00+00:00,0.0
2013-10-02 11:00:00+00:00,0.0
2013-10-02 12:00:00+00:00,0.03823359
2013-10-02 13:00:00+00:00,0.3784652
2013-10-02 14:00:00+00:00,0.57090974
2013-10-02 15:00:00+00:00,0.5981379
2013-10-02 16:00:00+00:00,0.56545776
2013-10-02 17:00:00+00:00,0.51218134
2013-10-02 18:00:00+00:00,0.5333518
2013-10-02 19:00:00+00:00,0.55734783
2013-10-02 20:00:00+00:00,0.5938978
2013-10-02 21:00:00+00:00,0.55937135
2013-10-02 22:00:00+00:00,0.34295982
2013-10-02 23:00:00+00:00,0.0
2013-10-03 00:00:00+00:00,0.0
2013-10-03 01:00:00+00:00,0.0
2013-10-03 02:00:00+00:00,0.0
2013-10-03 03:00:00+00:00,0.0
2013-10-03 04:00:00+00:00,0.0
2013-10-03 05:00:00+00:00,0.0
2013-10-03 06:00:00+00:00,0.0
2013-10-03 07:00:00+00:00,0.0
2013-10-03 08:00:00+00:00,0.0
2013-10-03 09:00:00+00:00,0.0
2013-10-03 10:00:00+00:00,0.0
2013-10-03 11:00:00+00:00,0.0
2013-10-03 12:00:00+00:00,0.016603913
2013-10-03 13:00:00+00:00,0.33957803
2013-10-03 14:00:00+00:00,0.4073394
2013-10-03 15:00:00+00:00,0.3228087
2013-10-03 16:00:00+00:00,0.35495338
2013-10-03 17:00:00+00:00,0.42713100000000004
2013-10-03 18:00:00+00:00,0.13486087
2013-10-03 19:00:00+00:00,0.15597220000000003
2013-10-03 20:00:00+00:00,0.060881272
2013-10-03 21:00:00+00:00,0.001997351
2013-10-03 22:00:00+00:00,0.010843081000000001
2013-10-03 23:00:00+00:00,0.0
2013-10-04 00:00:00+00:00,0.0
2013-10-04 01:00:00+00:00,0.0
2013-10-04 02:00:00+00:00,0.0
2013-10-04 03:00:00+00:00,0.0
2013-10-04 04:00:00+00:00,0.0
2013-10-04 05:00:00+00:00,0.0
2013-10-04 06:00:00+00:00,0.0
2013-10-04 07:00:00+00:00,0.0
2013-10-04 08:00:00+00:00,0.0
2013-10-04 09:00:00+00:00,0.0
2013-10-04 10:00:00+00:00,0.0
2013-10-04 11:00:00+00:00,0.0
2013-10-04 12:00:00+00:00,0.0
2013-10-04 13:00:00+00:00,0.017087843000000002
2013-10-04 14:00:00+00:00,0.030834375
2013-10-04 15:00:00+00:00,0.024902096000000002
2013-10-04 16:00:00+00:00,0.15098166
2013-10-04 17:00:00+00:00,0.14868647
2013-10-04 18:00:00+00:00,0.22410235
2013-10-04 19:00:00+00:00,0.05414415
2013-10-04 20:00:00+00:00,0.046680957
2013-10-04 21:00:00+00:00,0.06889244
2013-10-04 22:00:00+00:00,0.04932984
2013-10-04 23:00:00+00:00,0.0
2013-10-05 00:00:00+00:00,0.0
2013-10-05 01:00:00+00:00,0.0
2013-10-05 02:00:00+00:00,0.0
2013-10-05 03:00:00+00:00,0.0
2013-10-05 04:00:00+00:00,0.0
2013-10-05 05:00:00+00:00,0.0
2013-10-05 06:00:00+00:00,0.0
2013-10-05 07:00:00+00:00,0.0
2013-10-05 08:00:00+00:00,0.0
2013-10-05 09:00:00+00:00,0.0
2013-10-05 10:00:00+00:00,0.0
2013-10-05 11:00:00+00:00,0.0
2013-10-05 12:00:00+00:00,0.009367306
2013-10-05 13:00:00+00:00,0.39140248
2013-10-05 14:00:00+00:00,0.652701
2013-10-05 15:00:00+00:00,0.64502174
2013-10-05 16:00:00+00:00,0.63893723
2013-10-05 17:00:00+00:00,0.613578
2013-10-05 18:00:00+00:00,0.61284184
2013-10-05 19:00:00+00:00,0.6326423000000001
2013-10-05 20:00:00+00:00,0.6527978
2013-10-05 21:00:00+00:00,0.6249011
2013-10-05 22:00:00+00:00,0.37164584
2013-10-05 23:00:00+00:00,0.0
2013-10-06 00:00:00+00:00,0.0
2013-10-06 01:00:00+00:00,0.0
2013-10-06 02:00:00+00:00,0.0
2013-10-06 03:00:00+00:00,0.0
2013-10-06 04:00:00+00:00,0.0
2013-10-06 05:00:00+00:00,0.0
2013-10-06 06:00:00+00:00,0.0
2013-10-06 07:00:00+00:00,0.0
2013-10-06 08:00:00+00:00,0.0
2013-10-06 09:00:00+00:00,0.0
2013-10-06 10:00:00+00:00,0.0
2013-10-06 11:00:00+00:00,0.0
2013-10-06 12:00:00+00:00,0.0006628438
2013-10-06 13:00:00+00:00,0.42870983
2013-10-06 14:00:00+00:00,0.65953606
2013-10-06 15:00:00+00:00,0.6734201
2013-10-06 16:00:00+00:00,0.6412673000000001
2013-10-06 17:00:00+00:00,0.614934
2013-10-06 18:00:00+00:00,0.61389726
2013-10-06 19:00:00+00:00,0.6376466
2013-10-06 20:00:00+00:00,0.66286534
2013-10-06 21:00:00+00:00,0.63324475
2013-10-06 22:00:00+00:00,0.3782006
2013-10-06 23:00:00+00:00,0.0
2013-10-07 00:00:00+00:00,0.0
2013-10-07 01:00:00+00:00,0.0
2013-10-07 02:00:00+00:00,0.0
2013-10-07 03:00:00+00:00,0.0
2013-10-07 04:00:00+00:00,0.0
2013-10-07 05:00:00+00:00,0.0
2013-10-07 06:00:00+00:00,0.0
2013-10-07 07:00:00+00:00,0.0
2013-10-07 08:00:00+00:00,0.0
2013-10-07 09:00:00+00:00,0.0
2013-10-07 10:00:00+00:00,0.0
2013-10-07 11:00:00+00:00,0.0
2013-10-07 12:00:00+00:00,0.0
2013-10-07 13:00:00+00:00,0.42448506
2013-10-07 14:00:00+00:00,0.64074016
2013-10-07 15:00:00+00:00,0.6400574
2013-10-07 16:00:00+00:00,0.60114
2013-10-07 17:00:00+00:00,0.579159
2013-10-07 18:00:00+00:00,0.58044666
2013-10-07 19:00:00+00:00,0.6043515
2013-10-07 20:00:00+00:00,0.62837327
2013-10-07 21:00:00+00:00,0.60778755
2013-10-07 22:00:00+00:00,0.35276425
2013-10-07 23:00:00+00:00,0.0
2013-10-08 00:00:00+00:00,0.0
2013-10-08 01:00:00+00:00,0.0
2013-10-08 02:00:00+00:00,0.0
2013-10-08 03:00:00+00:00,0.0
2013-10-08 04:00:00+00:00,0.0
2013-10-08 05:00:00+00:00,0.0
2013-10-08 06:00:00+00:00,0.0
2013-10-08 07:00:00+00:00,0.0
2013-10-08 08:00:00+00:00,0.0
2013-10-08 09:00:00+00:00,0.0
2013-10-08 10:00:00+00:00,0.0
2013-10-08 11:00:00+00:00,0.0
2013-10-08 12:00:00+00:00,0.0
2013-10-08 13:00:00+00:00,0.41928884
2013-10-08 14:00:00+00:00,0.6300275
2013-10-08 15:00:00+00:00,0.6315151
2013-10-08 16:00:00+00:00,0.6049472
2013-10-08 17:00:00+00:00,0.5799802
2013-10-08 18:00:00+00:00,0.5794649000000001
2013-10-08 19:00:00+00:00,0.60043555
2013-10-08 20:00:00+00:00,0.618664
2013-10-08 21:00:00+00:00,0.58875
2013-10-08 22:00:00+00:00,0.33145273
2013-10-08 23:00:00+00:00,0.0
2013-10-09 00:00:00+00:00,0.0
2013-10-09 01:00:00+00:00,0.0
2013-10-09 02:00:00+00:00,0.0
2013-10-09 03:00:00+00:00,0.0
2013-10-09 04:00:00+00:00,0.0
2013-10-09 05:00:00+00:00,0.0
2013-10-09 06:00:00+00:00,0.0
2013-10-09 07:00:00+00:00,0.0
2013-10-09 08:00:00+00:00,0.0
2013-10-09 09:00:00+00:00,0.0
2013-10-09 10:00:00+00:00,0.0
2013-10-09 11:00:00+00:00,0.0
2013-10-09 12:00:00+00:00,0.0
2013-10-09 13:00:00+00:00,0.38868576
2013-10-09 14:00:00+00:00,0.60197246
2013-10-09 15:00:00+00:00,0.60915923
2013-10-09 16:00:00+00:00,0.5810202
2013-10-09 17:00:00+00:00,0.5588727
2013-10-09 18:00:00+00:00,0.56040454
2013-10-09 19:00:00+00:00,0.5842478
2013-10-09 20:00:00+00:00,0.6064576999999999
2013-10-09 21:00:00+00:00,0.58184487
2013-10-09 22:00:00+00:00,0.32114938
2013-10-09 23:00:00+00:00,0.0
2013-10-10 00:00:00+00:00,0.0
2013-10-10 01:00:00+00:00,0.0
2013-10-10 02:00:00+00:00,0.0
2013-10-10 03:00:00+00:00,0.0
2013-10-10 04:00:00+00:00,0.0
2013-10-10 05:00:00+00:00,0.0
2013-10-10 06:00:00+00:00,0.0
2013-10-10 07:00:00+00:00,0.0
2013-10-10 08:00:00+00:00,0.0
2013-10-10 09:00:00+00:00,0.0
2013-10-10 10:00:00+00:00,0.0
2013-10-10 11:00:00+00:00,0.0
2013-10-10 12:00:00+00:00,0.0
2013-10-10 13:00:00+00:00,0.37159362
2013-10-10 14:00:00+00:00,0.5838328
2013-10-10 15:00:00+00:00,0.5947991
2013-10-10 16:00:00+00:00,0.5676871
2013-10-10 17:00:00+00:00,0.542854
2013-10-10 18:00:00+00:00,0.5444998000000001
2013-10-10 19:00:00+00:00,0.5729810000000001
2013-10-10 20:00:00+00:00,0.51755774
2013-10-10 21:00:00+00:00,0.5535025
2013-10-10 22:00:00+00:00,0.24706055
2013-10-10 23:00:00+00:00,0.0
2013-10-11 00:00:00+00:00,0.0
2013-10-11 01:00:00+00:00,0.0
2013-10-11 02:00:00+00:00,0.0
2013-10-11 03:00:00+00:00,0.0
2013-10-11 04:00:00+00:00,0.0
2013-10-11 05:00:00+00:00,0.0
2013-10-11 06:00:00+00:00,0.0
2013-10-11 07:00:00+00:00,0.0
2013-10-11 08:00:00+00:00,0.0
2013-10-11 09:00:00+00:00,0.0
2013-10-11 10:00:00+00:00,0.0
2013-10-11 11:00:00+00:00,0.0
2013-10-11 12:00:00+00:00,0.0
2013-10-11 13:00:00+00:00,0.32582083
2013-10-11 14:00:00+00:00,0.3823953
2013-10-11 15:00:00+00:00,0.47189194
2013-10-11 16:00:00+00:00,0.33927090000000004
2013-10-11 17:00:00+00:00,0.49330175
2013-10-11 18:00:00+00:00,0.5342293
2013-10-11 19:00:00+00:00,0.54023665
2013-10-11 20:00:00+00:00,0.38570523
2013-10-11 21:00:00+00:00,0.42955163
2013-10-11 22:00:00+00:00,0.2527351
2013-10-11 23:00:00+00:00,0.0
2013-10-12 00:00:00+00:00,0.0
2013-10-12 01:00:00+00:00,0.0
2013-10-12 02:00:00+00:00,0.0
2013-10-12 03:00:00+00:00,0.0
2013-10-12 04:00:00+00:00,0.0
2013-10-12 05:00:00+00:00,0.0
2013-10-12 06:00:00+00:00,0.0
2013-10-12 07:00:00+00:00,0.0
2013-10-12 08:00:00+00:00,0.0
2013-10-12 09:00:00+00:00,0.0
2013-10-12 10:00:00+00:00,0.0
2013-10-12 11:00:00+00:00,0.0
2013-10-12 12:00:00+00:00,0.0
2013-10-12 13:00:00+00:00,0.33380577
2013-10-12 14:00:00+00:00,0.5678446999999999
2013-10-12 15:00:00+00:00,0.59745604
2013-10-12 16:00:00+00:00,0.57558566
2013-10-12 17:00:00+00:00,0.55366147
2013-10-12 18:00:00+00:00,0.5610941999999999
2013-10-12 19:00:00+00:00,0.5864535
2013-10-12 20:00:00+00:00,0.46822837
2013-10-12 21:00:00+00:00,0.5115387
2013-10-12 22:00:00+00:00,0.22385442
2013-10-12 23:00:00+00:00,0.0
2013-10-13 00:00:00+00:00,0.0
2013-10-13 01:00:00+00:00,0.0
2013-10-13 02:00:00+00:00,0.0
2013-10-13 03:00:00+00:00,0.0
2013-10-13 04:00:00+00:00,0.0
2013-10-13 05:00:00+00:00,0.0
2013-10-13 06:00:00+00:00,0.0
2013-10-13 07:00:00+00:00,0.0
2013-10-13 08:00:00+00:00,0.0
2013-10-13 09:00:00+00:00,0.0
2013-10-13 10:00:00+00:00,0.0
2013-10-13 11:00:00+00:00,0.0
2013-10-13 12:00:00+00:00,0.0
2013-10-13 13:00:00+00:00,0.24241616
2013-10-13 14:00:00+00:00,0.13752025
2013-10-13 15:00:00+00:00,0.23426928
2013-10-13 16:00:00+00:00,0.18903047
2013-10-13 17:00:00+00:00,0.26116103
2013-10-13 18:00:00+00:00,0.23533931
2013-10-13 19:00:00+00:00,0.21143597
2013-10-13 20:00:00+00:00,0.13238270000000002
2013-10-13 21:00:00+00:00,0.11565996
2013-10-13 22:00:00+00:00,0.064888895
2013-10-13 23:00:00+00:00,0.0
2013-10-14 00:00:00+00:00,0.0
2013-10-14 01:00:00+00:00,0.0
2013-10-14 02:00:00+00:00,0.0
2013-10-14 03:00:00+00:00,0.0
2013-10-14 04:00:00+00:00,0.0
2013-10-14 05:00:00+00:00,0.0
2013-10-14 06:00:00+00:00,0.0
2013-10-14 07:00:00+00:00,0.0
2013-10-14 08:00:00+00:00,0.0
2013-10-14 09:00:00+00:00,0.0
2013-10-14 10:00:00+00:00,0.0
2013-10-14 11:00:00+00:00,0.0
2013-10-14 12:00:00+00:00,0.0
2013-10-14 13:00:00+00:00,0.0
2013-10-14 14:00:00+00:00,0.04141642
2013-10-14 15:00:00+00:00,0.0643769
2013-10-14 16:00:00+00:00,0.04708395
2013-10-14 17:00:00+00:00,0.09537815
2013-10-14 18:00:00+00:00,0.1792618
2013-10-14 19:00:00+00:00,0.17656581
2013-10-14 20:00:00+00:00,0.07253475
2013-10-14 21:00:00+00:00,0.0033698927
2013-10-14 22:00:00+00:00,0.041816387000000003
2013-10-14 23:00:00+00:00,0.0
2013-10-15 00:00:00+00:00,0.0
2013-10-15 01:00:00+00:00,0.0
2013-10-15 02:00:00+00:00,0.0
2013-10-15 03:00:00+00:00,0.0
2013-10-15 04:00:00+00:00,0.0
2013-10-15 05:00:00+00:00,0.0
2013-10-15 06:00:00+00:00,0.0
2013-10-15 07:00:00+00:00,0.0
2013-10-15 08:00:00+00:00,0.0
2013-10-15 09:00:00+00:00,0.0
2013-10-15 10:00:00+00:00,0.0
2013-10-15 11:00:00+00:00,0.0
2013-10-15 12:00:00+00:00,0.0
2013-10-15 13:00:00+00:00,0.0012560937
2013-10-15 14:00:00+00:00,0.062047526
2013-10-15 15:00:00+00:00,0.07019608
2013-10-15 16:00:00+00:00,0.17806791
2013-10-15 17:00:00+00:00,0.27172172
2013-10-15 18:00:00+00:00,0.5304718
2013-10-15 19:00:00+00:00,0.40758944
2013-10-15 20:00:00+00:00,0.058582652
2013-10-15 21:00:00+00:00,0.04488959
2013-10-15 22:00:00+00:00,0.21902020000000003
2013-10-15 23:00:00+00:00,0.0
2013-10-16 00:00:00+00:00,0.0
2013-10-16 01:00:00+00:00,0.0
2013-10-16 02:00:00+00:00,0.0
2013-10-16 03:00:00+00:00,0.0
2013-10-16 04:00:00+00:00,0.0
2013-10-16 05:00:00+00:00,0.0
2013-10-16 06:00:00+00:00,0.0
2013-10-16 07:00:00+00:00,0.0
2013-10-16 08:00:00+00:00,0.0
2013-10-16 09:00:00+00:00,0.0
2013-10-16 10:00:00+00:00,0.0
2013-10-16 11:00:00+00:00,0.0
2013-10-16 12:00:00+00:00,0.0
2013-10-16 13:00:00+00:00,0.34429452
2013-10-16 14:00:00+00:00,0.5963636
2013-10-16 15:00:00+00:00,0.6192845
2013-10-16 16:00:00+00:00,0.5280541999999999
2013-10-16 17:00:00+00:00,0.5475344
2013-10-16 18:00:00+00:00,0.56625587
2013-10-16 19:00:00+00:00,0.59237754
2013-10-16 20:00:00+00:00,0.6098935999999999
2013-10-16 21:00:00+00:00,0.56267196
2013-10-16 22:00:00+00:00,0.25558376
2013-10-16 23:00:00+00:00,0.0
2013-10-17 00:00:00+00:00,0.0
2013-10-17 01:00:00+00:00,0.0
2013-10-17 02:00:00+00:00,0.0
2013-10-17 03:00:00+00:00,0.0
2013-10-17 04:00:00+00:00,0.0
2013-10-17 05:00:00+00:00,0.0
2013-10-17 06:00:00+00:00,0.0
2013-10-17 07:00:00+00:00,0.0
2013-10-17 08:00:00+00:00,0.0
2013-10-17 09:00:00+00:00,0.0
2013-10-17 10:00:00+00:00,0.0
2013-10-17 11:00:00+00:00,0.0
2013-10-17 12:00:00+00:00,0.0
2013-10-17 13:00:00+00:00,0.005896643000000001
2013-10-17 14:00:00+00:00,0.12439379
2013-10-17 15:00:00+00:00,0.038970705
2013-10-17 16:00:00+00:00,0.046124
2013-10-17 17:00:00+00:00,0.0813893
2013-10-17 18:00:00+00:00,0.17740832
2013-10-17 19:00:00+00:00,0.07307218
2013-10-17 20:00:00+00:00,0.06979880000000001
2013-10-17 21:00:00+00:00,0.16223274
2013-10-17 22:00:00+00:00,0.23960999
2013-10-17 23:00:00+00:00,0.0
2013-10-18 00:00:00+00:00,0.0
2013-10-18 01:00:00+00:00,0.0
2013-10-18 02:00:00+00:00,0.0
2013-10-18 03:00:00+00:00,0.0
2013-10-18 04:00:00+00:00,0.0
2013-10-18 05:00:00+00:00,0.0
2013-10-18 06:00:00+00:00,0.0
2013-10-18 07:00:00+00:00,0.0
2013-10-18 08:00:00+00:00,0.0
2013-10-18 09:00:00+00:00,0.0
2013-10-18 10:00:00+00:00,0.0
2013-10-18 11:00:00+00:00,0.0
2013-10-18 12:00:00+00:00,0.0
2013-10-18 13:00:00+00:00,0.34969965
2013-10-18 14:00:00+00:00,0.6159422
2013-10-18 15:00:00+00:00,0.63105524
2013-10-18 16:00:00+00:00,0.59651124
2013-10-18 17:00:00+00:00,0.56733376
2013-10-18 18:00:00+00:00,0.5681558000000001
2013-10-18 19:00:00+00:00,0.59161115
2013-10-18 20:00:00+00:00,0.6172042
2013-10-18 21:00:00+00:00,0.5723224
2013-10-18 22:00:00+00:00,0.25425538
2013-10-18 23:00:00+00:00,0.0
2013-10-19 00:00:00+00:00,0.0
2013-10-19 01:00:00+00:00,0.0
2013-10-19 02:00:00+00:00,0.0
2013-10-19 03:00:00+00:00,0.0
2013-10-19 04:00:00+00:00,0.0
2013-10-19 05:00:00+00:00,0.0
2013-10-19 06:00:00+00:00,0.0
2013-10-19 07:00:00+00:00,0.0
2013-10-19 08:00:00+00:00,0.0
2013-10-19 09:00:00+00:00,0.0
2013-10-19 10:00:00+00:00,0.0
2013-10-19 11:00:00+00:00,0.0
2013-10-19 12:00:00+00:00,0.0
2013-10-19 13:00:00+00:00,0.34406942
2013-10-19 14:00:00+00:00,0.61827034
2013-10-19 15:00:00+00:00,0.62837356
2013-10-19 16:00:00+00:00,0.592909
2013-10-19 17:00:00+00:00,0.5627265
2013-10-19 18:00:00+00:00,0.56157136
2013-10-19 19:00:00+00:00,0.5848816
2013-10-19 20:00:00+00:00,0.59953856
2013-10-19 21:00:00+00:00,0.36028558
2013-10-19 22:00:00+00:00,0.16210385
2013-10-19 23:00:00+00:00,0.0
2013-10-20 00:00:00+00:00,0.0
2013-10-20 01:00:00+00:00,0.0
2013-10-20 02:00:00+00:00,0.0
2013-10-20 03:00:00+00:00,0.0
2013-10-20 04:00:00+00:00,0.0
2013-10-20 05:00:00+00:00,0.0
2013-10-20 06:00:00+00:00,0.0
2013-10-20 07:00:00+00:00,0.0
2013-10-20 08:00:00+00:00,0.0
2013-10-20 09:00:00+00:00,0.0
2013-10-20 10:00:00+00:00,0.0
2013-10-20 11:00:00+00:00,0.0
2013-10-20 12:00:00+00:00,0.0
2013-10-20 13:00:00+00:00,0.34085947
2013-10-20 14:00:00+00:00,0.6240199000000001
2013-10-20 15:00:00+00:00,0.6361964
2013-10-20 16:00:00+00:00,0.59665114
2013-10-20 17:00:00+00:00,0.56388265
2013-10-20 18:00:00+00:00,0.56215304
2013-10-20 19:00:00+00:00,0.5673333
2013-10-20 20:00:00+00:00,0.59905857
2013-10-20 21:00:00+00:00,0.44960013
2013-10-20 22:00:00+00:00,0.13690574
2013-10-20 23:00:00+00:00,0.0
2013-10-21 00:00:00+00:00,0.0
2013-10-21 01:00:00+00:00,0.0
2013-10-21 02:00:00+00:00,0.0
2013-10-21 03:00:00+00:00,0.0
2013-10-21 04:00:00+00:00,0.0
2013-10-21 05:00:00+00:00,0.0
2013-10-21 06:00:00+00:00,0.0
2013-10-21 07:00:00+00:00,0.0
2013-10-21 08:00:00+00:00,0.0
2013-10-21 09:00:00+00:00,0.0
2013-10-21 10:00:00+00:00,0.0
2013-10-21 11:00:00+00:00,0.0
2013-10-21 12:00:00+00:00,0.0
2013-10-21 13:00:00+00:00,0.044564426
2013-10-21 14:00:00+00:00,0.030140612
2013-10-21 15:00:00+00:00,0.039129533
2013-10-21 16:00:00+00:00,0.12349701
2013-10-21 17:00:00+00:00,0.21435583
2013-10-21 18:00:00+00:00,0.22556703
2013-10-21 19:00:00+00:00,0.08852589999999999
2013-10-21 20:00:00+00:00,0.049189635
2013-10-21 21:00:00+00:00,0.08335982
2013-10-21 22:00:00+00:00,0.035509652999999995
2013-10-21 23:00:00+00:00,0.0
2013-10-22 00:00:00+00:00,0.0
2013-10-22 01:00:00+00:00,0.0
2013-10-22 02:00:00+00:00,0.0
2013-10-22 03:00:00+00:00,0.0
2013-10-22 04:00:00+00:00,0.0
2013-10-22 05:00:00+00:00,0.0
2013-10-22 06:00:00+00:00,0.0
2013-10-22 07:00:00+00:00,0.0
2013-10-22 08:00:00+00:00,0.0
2013-10-22 09:00:00+00:00,0.0
2013-10-22 10:00:00+00:00,0.0
2013-10-22 11:00:00+00:00,0.0
2013-10-22 12:00:00+00:00,0.0
2013-10-22 13:00:00+00:00,0.038303832999999995
2013-10-22 14:00:00+00:00,0.09612684
2013-10-22 15:00:00+00:00,0.097933434
2013-10-22 16:00:00+00:00,0.26061437
2013-10-22 17:00:00+00:00,0.23930444
2013-10-22 18:00:00+00:00,0.18458986
2013-10-22 19:00:00+00:00,0.20522621
2013-10-22 20:00:00+00:00,0.044442542
2013-10-22 21:00:00+00:00,0.06057271400000001
2013-10-22 22:00:00+00:00,0.028354011000000002
2013-10-22 23:00:00+00:00,0.0
2013-10-23 00:00:00+00:00,0.0
2013-10-23 01:00:00+00:00,0.0
2013-10-23 02:00:00+00:00,0.0
2013-10-23 03:00:00+00:00,0.0
2013-10-23 04:00:00+00:00,0.0
2013-10-23 05:00:00+00:00,0.0
2013-10-23 06:00:00+00:00,0.0
2013-10-23 07:00:00+00:00,0.0
2013-10-23 08:00:00+00:00,0.0
2013-10-23 09:00:00+00:00,0.0
2013-10-23 10:00:00+00:00,0.0
2013-10-23 11:00:00+00:00,0.0
2013-10-23 12:00:00+00:00,0.0
2013-10-23 13:00:00+00:00,0.32288238
2013-10-23 14:00:00+00:00,0.61528254
2013-10-23 15:00:00+00:00,0.6385135999999999
2013-10-23 16:00:00+00:00,0.45284867
2013-10-23 17:00:00+00:00,0.57012165
2013-10-23 18:00:00+00:00,0.57541686
2013-10-23 19:00:00+00:00,0.6035001999999999
2013-10-23 20:00:00+00:00,0.6316163
2013-10-23 21:00:00+00:00,0.5770321999999999
2013-10-23 22:00:00+00:00,0.22563446
2013-10-23 23:00:00+00:00,0.0
2013-10-24 00:00:00+00:00,0.0
2013-10-24 01:00:00+00:00,0.0
2013-10-24 02:00:00+00:00,0.0
2013-10-24 03:00:00+00:00,0.0
2013-10-24 04:00:00+00:00,0.0
2013-10-24 05:00:00+00:00,0.0
2013-10-24 06:00:00+00:00,0.0
2013-10-24 07:00:00+00:00,0.0
2013-10-24 08:00:00+00:00,0.0
2013-10-24 09:00:00+00:00,0.0
2013-10-24 10:00:00+00:00,0.0
2013-10-24 11:00:00+00:00,0.0
2013-10-24 12:00:00+00:00,0.0
2013-10-24 13:00:00+00:00,0.31253928
2013-10-24 14:00:00+00:00,0.5891888000000001
2013-10-24 15:00:00+00:00,0.45665732
2013-10-24 16:00:00+00:00,0.15418074
2013-10-24 17:00:00+00:00,0.19791326
2013-10-24 18:00:00+00:00,0.19834705
2013-10-24 19:00:00+00:00,0.43145767
2013-10-24 20:00:00+00:00,0.58731437
2013-10-24 21:00:00+00:00,0.49776778
2013-10-24 22:00:00+00:00,0.16483851
2013-10-24 23:00:00+00:00,0.0
2013-10-25 00:00:00+00:00,0.0
2013-10-25 01:00:00+00:00,0.0
2013-10-25 02:00:00+00:00,0.0
2013-10-25 03:00:00+00:00,0.0
2013-10-25 04:00:00+00:00,0.0
2013-10-25 05:00:00+00:00,0.0
2013-10-25 06:00:00+00:00,0.0
2013-10-25 07:00:00+00:00,0.0
2013-10-25 08:00:00+00:00,0.0
2013-10-25 09:00:00+00:00,0.0
2013-10-25 10:00:00+00:00,0.0
2013-10-25 11:00:00+00:00,0.0
2013-10-25 12:00:00+00:00,0.0
2013-10-25 13:00:00+00:00,0.27923274
2013-10-25 14:00:00+00:00,0.57543314
2013-10-25 15:00:00+00:00,0.60347694
2013-10-25 16:00:00+00:00,0.5723059
2013-10-25 17:00:00+00:00,0.54355675
2013-10-25 18:00:00+00:00,0.5450309
2013-10-25 19:00:00+00:00,0.5760635000000001
2013-10-25 20:00:00+00:00,0.6000539
2013-10-25 21:00:00+00:00,0.5419406
2013-10-25 22:00:00+00:00,0.19887929999999998
2013-10-25 23:00:00+00:00,0.0
2013-10-26 00:00:00+00:00,0.0
2013-10-26 01:00:00+00:00,0.0
2013-10-26 02:00:00+00:00,0.0
2013-10-26 03:00:00+00:00,0.0
2013-10-26 04:00:00+00:00,0.0
2013-10-26 05:00:00+00:00,0.0
2013-10-26 06:00:00+00:00,0.0
2013-10-26 07:00:00+00:00,0.0
2013-10-26 08:00:00+00:00,0.0
2013-10-26 09:00:00+00:00,0.0
2013-10-26 10:00:00+00:00,0.0
2013-10-26 11:00:00+00:00,0.0
2013-10-26 12:00:00+00:00,0.0
2013-10-26 13:00:00+00:00,0.0023336976000000002
2013-10-26 14:00:00+00:00,0.05246691
2013-10-26 15:00:00+00:00,0.07316645
2013-10-26 16:00:00+00:00,0.07254038
2013-10-26 17:00:00+00:00,0.15581377
2013-10-26 18:00:00+00:00,0.1261236
2013-10-26 19:00:00+00:00,0.5086193
2013-10-26 20:00:00+00:00,0.5200918
2013-10-26 21:00:00+00:00,0.28515634
2013-10-26 22:00:00+00:00,0.15476385
2013-10-26 23:00:00+00:00,0.0
2013-10-27 00:00:00+00:00,0.0
2013-10-27 01:00:00+00:00,0.0
2013-10-27 02:00:00+00:00,0.0
2013-10-27 03:00:00+00:00,0.0
2013-10-27 04:00:00+00:00,0.0
2013-10-27 05:00:00+00:00,0.0
2013-10-27 06:00:00+00:00,0.0
2013-10-27 07:00:00+00:00,0.0
2013-10-27 08:00:00+00:00,0.0
2013-10-27 09:00:00+00:00,0.0
2013-10-27 10:00:00+00:00,0.0
2013-10-27 11:00:00+00:00,0.0
2013-10-27 12:00:00+00:00,0.0
2013-10-27 13:00:00+00:00,0.18896833
2013-10-27 14:00:00+00:00,0.13183694
2013-10-27 15:00:00+00:00,0.124649785
2013-10-27 16:00:00+00:00,0.17282382
2013-10-27 17:00:00+00:00,0.21565923
2013-10-27 18:00:00+00:00,0.22675723
2013-10-27 19:00:00+00:00,0.15353552
2013-10-27 20:00:00+00:00,0.20355006
2013-10-27 21:00:00+00:00,0.054142262999999996
2013-10-27 22:00:00+00:00,0.059224118
2013-10-27 23:00:00+00:00,0.0
2013-10-28 00:00:00+00:00,0.0
2013-10-28 01:00:00+00:00,0.0
2013-10-28 02:00:00+00:00,0.0
2013-10-28 03:00:00+00:00,0.0
2013-10-28 04:00:00+00:00,0.0
2013-10-28 05:00:00+00:00,0.0
2013-10-28 06:00:00+00:00,0.0
2013-10-28 07:00:00+00:00,0.0
2013-10-28 08:00:00+00:00,0.0
2013-10-28 09:00:00+00:00,0.0
2013-10-28 10:00:00+00:00,0.0
2013-10-28 11:00:00+00:00,0.0
2013-10-28 12:00:00+00:00,0.0
2013-10-28 13:00:00+00:00,0.005523187
2013-10-28 14:00:00+00:00,0.030799605
2013-10-28 15:00:00+00:00,0.015189436
2013-10-28 16:00:00+00:00,0.11709045
2013-10-28 17:00:00+00:00,0.14793876
2013-10-28 18:00:00+00:00,0.20753074
2013-10-28 19:00:00+00:00,0.23308347
2013-10-28 20:00:00+00:00,0.32521012
2013-10-28 21:00:00+00:00,0.0018282912
2013-10-28 22:00:00+00:00,0.010632289
2013-10-28 23:00:00+00:00,0.0
2013-10-29 00:00:00+00:00,0.0
2013-10-29 01:00:00+00:00,0.0
2013-10-29 02:00:00+00:00,0.0
2013-10-29 03:00:00+00:00,0.0
2013-10-29 04:00:00+00:00,0.0
2013-10-29 05:00:00+00:00,0.0
2013-10-29 06:00:00+00:00,0.0
2013-10-29 07:00:00+00:00,0.0
2013-10-29 08:00:00+00:00,0.0
2013-10-29 09:00:00+00:00,0.0
2013-10-29 10:00:00+00:00,0.0
2013-10-29 11:00:00+00:00,0.0
2013-10-29 12:00:00+00:00,0.0
2013-10-29 13:00:00+00:00,0.0072977017
2013-10-29 14:00:00+00:00,0.035650533
2013-10-29 15:00:00+00:00,0.08599261
2013-10-29 16:00:00+00:00,0.055362365999999996
2013-10-29 17:00:00+00:00,0.10532314
2013-10-29 18:00:00+00:00,0.08780619
2013-10-29 19:00:00+00:00,0.09379023
2013-10-29 20:00:00+00:00,0.06387759999999999
2013-10-29 21:00:00+00:00,0.03721778
2013-10-29 22:00:00+00:00,0.0051126573
2013-10-29 23:00:00+00:00,0.0
2013-10-30 00:00:00+00:00,0.0
2013-10-30 01:00:00+00:00,0.0
2013-10-30 02:00:00+00:00,0.0
2013-10-30 03:00:00+00:00,0.0
2013-10-30 04:00:00+00:00,0.0
2013-10-30 05:00:00+00:00,0.0
2013-10-30 06:00:00+00:00,0.0
2013-10-30 07:00:00+00:00,0.0
2013-10-30 08:00:00+00:00,0.0
2013-10-30 09:00:00+00:00,0.0
2013-10-30 10:00:00+00:00,0.0
2013-10-30 11:00:00+00:00,0.0
2013-10-30 12:00:00+00:00,0.0
2013-10-30 13:00:00+00:00,0.25702184
2013-10-30 14:00:00+00:00,0.56270313
2013-10-30 15:00:00+00:00,0.5920045
2013-10-30 16:00:00+00:00,0.5556474
2013-10-30 17:00:00+00:00,0.38704935
2013-10-30 18:00:00+00:00,0.4044731
2013-10-30 19:00:00+00:00,0.42726177
2013-10-30 20:00:00+00:00,0.34639359999999997
2013-10-30 21:00:00+00:00,0.114120126
2013-10-30 22:00:00+00:00,0.04401937
2013-10-30 23:00:00+00:00,0.0
2013-10-31 00:00:00+00:00,0.0
2013-10-31 01:00:00+00:00,0.0
2013-10-31 02:00:00+00:00,0.0
2013-10-31 03:00:00+00:00,0.0
2013-10-31 04:00:00+00:00,0.0
2013-10-31 05:00:00+00:00,0.0
2013-10-31 06:00:00+00:00,0.0
2013-10-31 07:00:00+00:00,0.0
2013-10-31 08:00:00+00:00,0.0
2013-10-31 09:00:00+00:00,0.0
2013-10-31 10:00:00+00:00,0.0
2013-10-31 11:00:00+00:00,0.0
2013-10-31 12:00:00+00:00,0.0
2013-10-31 13:00:00+00:00,0.22959442
2013-10-31 14:00:00+00:00,0.51332366
2013-10-31 15:00:00+00:00,0.55279726
2013-10-31 16:00:00+00:00,0.49501082
2013-10-31 17:00:00+00:00,0.25597116
2013-10-31 18:00:00+00:00,0.3496091
2013-10-31 19:00:00+00:00,0.39263463
2013-10-31 20:00:00+00:00,0.16079126
2013-10-31 21:00:00+00:00,0.39700827
2013-10-31 22:00:00+00:00,0.102707945
2013-10-31 23:00:00+00:00,0.0
2013-11-01 00:00:00+00:00,0.0
2013-11-01 01:00:00+00:00,0.0
2013-11-01 02:00:00+00:00,0.0
2013-11-01 03:00:00+00:00,0.0
2013-11-01 04:00:00+00:00,0.0
2013-11-01 05:00:00+00:00,0.0
2013-11-01 06:00:00+00:00,0.0
2013-11-01 07:00:00+00:00,0.0
2013-11-01 08:00:00+00:00,0.0
2013-11-01 09:00:00+00:00,0.0
2013-11-01 10:00:00+00:00,0.0
2013-11-01 11:00:00+00:00,0.0
2013-11-01 12:00:00+00:00,0.0
2013-11-01 13:00:00+00:00,0.22001335
2013-11-01 14:00:00+00:00,0.5318414
2013-11-01 15:00:00+00:00,0.5743683
2013-11-01 16:00:00+00:00,0.52381855
2013-11-01 17:00:00+00:00,0.50235385
2013-11-01 18:00:00+00:00,0.44035807
2013-11-01 19:00:00+00:00,0.47598568
2013-11-01 20:00:00+00:00,0.5557593000000001
2013-11-01 21:00:00+00:00,0.46945426
2013-11-01 22:00:00+00:00,0.13958643
2013-11-01 23:00:00+00:00,0.0
2013-11-02 00:00:00+00:00,0.0
2013-11-02 01:00:00+00:00,0.0
2013-11-02 02:00:00+00:00,0.0
2013-11-02 03:00:00+00:00,0.0
2013-11-02 04:00:00+00:00,0.0
2013-11-02 05:00:00+00:00,0.0
2013-11-02 06:00:00+00:00,0.0
2013-11-02 07:00:00+00:00,0.0
2013-11-02 08:00:00+00:00,0.0
2013-11-02 09:00:00+00:00,0.0
2013-11-02 10:00:00+00:00,0.0
2013-11-02 11:00:00+00:00,0.0
2013-11-02 12:00:00+00:00,0.0
2013-11-02 13:00:00+00:00,0.15470710000000001
2013-11-02 14:00:00+00:00,0.30913505
2013-11-02 15:00:00+00:00,0.52477753
2013-11-02 16:00:00+00:00,0.37729526
2013-11-02 17:00:00+00:00,0.40610609999999997
2013-11-02 18:00:00+00:00,0.48467115
2013-11-02 19:00:00+00:00,0.35178077
2013-11-02 20:00:00+00:00,0.29601657
2013-11-02 21:00:00+00:00,0.12116143
2013-11-02 22:00:00+00:00,0.02110855
2013-11-02 23:00:00+00:00,0.0
2013-11-03 00:00:00+00:00,0.0
2013-11-03 01:00:00+00:00,0.0
2013-11-03 02:00:00+00:00,0.0
2013-11-03 03:00:00+00:00,0.0
2013-11-03 04:00:00+00:00,0.0
2013-11-03 05:00:00+00:00,0.0
2013-11-03 06:00:00+00:00,0.0
2013-11-03 07:00:00+00:00,0.0
2013-11-03 08:00:00+00:00,0.0
2013-11-03 09:00:00+00:00,0.0
2013-11-03 10:00:00+00:00,0.0
2013-11-03 11:00:00+00:00,0.0
2013-11-03 12:00:00+00:00,0.0
2013-11-03 13:00:00+00:00,0.14931116
2013-11-03 14:00:00+00:00,0.13795248
2013-11-03 15:00:00+00:00,0.16344272
2013-11-03 16:00:00+00:00,0.29117548
2013-11-03 17:00:00+00:00,0.33726308
2013-11-03 18:00:00+00:00,0.25815088
2013-11-03 19:00:00+00:00,0.39612153
2013-11-03 20:00:00+00:00,0.35565665
2013-11-03 21:00:00+00:00,0.15211923
2013-11-03 22:00:00+00:00,0.09235962
2013-11-03 23:00:00+00:00,0.0
2013-11-04 00:00:00+00:00,0.0
2013-11-04 01:00:00+00:00,0.0
2013-11-04 02:00:00+00:00,0.0
2013-11-04 03:00:00+00:00,0.0
2013-11-04 04:00:00+00:00,0.0
2013-11-04 05:00:00+00:00,0.0
2013-11-04 06:00:00+00:00,0.0
2013-11-04 07:00:00+00:00,0.0
2013-11-04 08:00:00+00:00,0.0
2013-11-04 09:00:00+00:00,0.0
2013-11-04 10:00:00+00:00,0.0
2013-11-04 11:00:00+00:00,0.0
2013-11-04 12:00:00+00:00,0.0
2013-11-04 13:00:00+00:00,0.09251717
2013-11-04 14:00:00+00:00,0.08794507
2013-11-04 15:00:00+00:00,0.08815783
2013-11-04 16:00:00+00:00,0.21783110000000003
2013-11-04 17:00:00+00:00,0.37794256
2013-11-04 18:00:00+00:00,0.34393913
2013-11-04 19:00:00+00:00,0.062923625
2013-11-04 20:00:00+00:00,0.046299767
2013-11-04 21:00:00+00:00,0.020417873
2013-11-04 22:00:00+00:00,0.0041059833
2013-11-04 23:00:00+00:00,0.0
2013-11-05 00:00:00+00:00,0.0
2013-11-05 01:00:00+00:00,0.0
2013-11-05 02:00:00+00:00,0.0
2013-11-05 03:00:00+00:00,0.0
2013-11-05 04:00:00+00:00,0.0
2013-11-05 05:00:00+00:00,0.0
2013-11-05 06:00:00+00:00,0.0
2013-11-05 07:00:00+00:00,0.0
2013-11-05 08:00:00+00:00,0.0
2013-11-05 09:00:00+00:00,0.0
2013-11-05 10:00:00+00:00,0.0
2013-11-05 11:00:00+00:00,0.0
2013-11-05 12:00:00+00:00,0.0
2013-11-05 13:00:00+00:00,0.19970948
2013-11-05 14:00:00+00:00,0.50861627
2013-11-05 15:00:00+00:00,0.21591432
2013-11-05 16:00:00+00:00,0.56116307
2013-11-05 17:00:00+00:00,0.5227889
2013-11-05 18:00:00+00:00,0.527995
2013-11-05 19:00:00+00:00,0.56553006
2013-11-05 20:00:00+00:00,0.59240913
2013-11-05 21:00:00+00:00,0.4888909000000001
2013-11-05 22:00:00+00:00,0.12992258
2013-11-05 23:00:00+00:00,0.0
2013-11-06 00:00:00+00:00,0.0
2013-11-06 01:00:00+00:00,0.0
2013-11-06 02:00:00+00:00,0.0
2013-11-06 03:00:00+00:00,0.0
2013-11-06 04:00:00+00:00,0.0
2013-11-06 05:00:00+00:00,0.0
2013-11-06 06:00:00+00:00,0.0
2013-11-06 07:00:00+00:00,0.0
2013-11-06 08:00:00+00:00,0.0
2013-11-06 09:00:00+00:00,0.0
2013-11-06 10:00:00+00:00,0.0
2013-11-06 11:00:00+00:00,0.0
2013-11-06 12:00:00+00:00,0.0
2013-11-06 13:00:00+00:00,0.21766620000000003
2013-11-06 14:00:00+00:00,0.5528102
2013-11-06 15:00:00+00:00,0.5886979
2013-11-06 16:00:00+00:00,0.549385
2013-11-06 17:00:00+00:00,0.5128541
2013-11-06 18:00:00+00:00,0.51645964
2013-11-06 19:00:00+00:00,0.5505762
2013-11-06 20:00:00+00:00,0.5723332
2013-11-06 21:00:00+00:00,0.46587572
2013-11-06 22:00:00+00:00,0.12002047
2013-11-06 23:00:00+00:00,0.0
2013-11-07 00:00:00+00:00,0.0
2013-11-07 01:00:00+00:00,0.0
2013-11-07 02:00:00+00:00,0.0
2013-11-07 03:00:00+00:00,0.0
2013-11-07 04:00:00+00:00,0.0
2013-11-07 05:00:00+00:00,0.0
2013-11-07 06:00:00+00:00,0.0
2013-11-07 07:00:00+00:00,0.0
2013-11-07 08:00:00+00:00,0.0
2013-11-07 09:00:00+00:00,0.0
2013-11-07 10:00:00+00:00,0.0
2013-11-07 11:00:00+00:00,0.0
2013-11-07 12:00:00+00:00,0.0
2013-11-07 13:00:00+00:00,0.21277373
2013-11-07 14:00:00+00:00,0.56419414
2013-11-07 15:00:00+00:00,0.58524764
2013-11-07 16:00:00+00:00,0.54376096
2013-11-07 17:00:00+00:00,0.50413996
2013-11-07 18:00:00+00:00,0.50568354
2013-11-07 19:00:00+00:00,0.53998977
2013-11-07 20:00:00+00:00,0.5587443
2013-11-07 21:00:00+00:00,0.44254115
2013-11-07 22:00:00+00:00,0.112279214
2013-11-07 23:00:00+00:00,0.0
2013-11-08 00:00:00+00:00,0.0
2013-11-08 01:00:00+00:00,0.0
2013-11-08 02:00:00+00:00,0.0
2013-11-08 03:00:00+00:00,0.0
2013-11-08 04:00:00+00:00,0.0
2013-11-08 05:00:00+00:00,0.0
2013-11-08 06:00:00+00:00,0.0
2013-11-08 07:00:00+00:00,0.0
2013-11-08 08:00:00+00:00,0.0
2013-11-08 09:00:00+00:00,0.0
2013-11-08 10:00:00+00:00,0.0
2013-11-08 11:00:00+00:00,0.0
2013-11-08 12:00:00+00:00,0.0
2013-11-08 13:00:00+00:00,0.20053875
2013-11-08 14:00:00+00:00,0.55313027
2013-11-08 15:00:00+00:00,0.5890963
2013-11-08 16:00:00+00:00,0.5528276
2013-11-08 17:00:00+00:00,0.51462
2013-11-08 18:00:00+00:00,0.51875335
2013-11-08 19:00:00+00:00,0.5583486999999999
2013-11-08 20:00:00+00:00,0.58246636
2013-11-08 21:00:00+00:00,0.46917734
2013-11-08 22:00:00+00:00,0.11032988
2013-11-08 23:00:00+00:00,0.0
2013-11-09 00:00:00+00:00,0.0
2013-11-09 01:00:00+00:00,0.0
2013-11-09 02:00:00+00:00,0.0
2013-11-09 03:00:00+00:00,0.0
2013-11-09 04:00:00+00:00,0.0
2013-11-09 05:00:00+00:00,0.0
2013-11-09 06:00:00+00:00,0.0
2013-11-09 07:00:00+00:00,0.0
2013-11-09 08:00:00+00:00,0.0
2013-11-09 09:00:00+00:00,0.0
2013-11-09 10:00:00+00:00,0.0
2013-11-09 11:00:00+00:00,0.0
2013-11-09 12:00:00+00:00,0.0
2013-11-09 13:00:00+00:00,0.16135028
2013-11-09 14:00:00+00:00,0.48255673
2013-11-09 15:00:00+00:00,0.24950957
2013-11-09 16:00:00+00:00,0.3032922
2013-11-09 17:00:00+00:00,0.47742283
2013-11-09 18:00:00+00:00,0.4246324000000001
2013-11-09 19:00:00+00:00,0.5245632
2013-11-09 20:00:00+00:00,0.54344535
2013-11-09 21:00:00+00:00,0.12144656
2013-11-09 22:00:00+00:00,0.022662013999999998
2013-11-09 23:00:00+00:00,0.0
2013-11-10 00:00:00+00:00,0.0
2013-11-10 01:00:00+00:00,0.0
2013-11-10 02:00:00+00:00,0.0
2013-11-10 03:00:00+00:00,0.0
2013-11-10 04:00:00+00:00,0.0
2013-11-10 05:00:00+00:00,0.0
2013-11-10 06:00:00+00:00,0.0
2013-11-10 07:00:00+00:00,0.0
2013-11-10 08:00:00+00:00,0.0
2013-11-10 09:00:00+00:00,0.0
2013-11-10 10:00:00+00:00,0.0
2013-11-10 11:00:00+00:00,0.0
2013-11-10 12:00:00+00:00,0.0
2013-11-10 13:00:00+00:00,0.07350229
2013-11-10 14:00:00+00:00,0.48387465
2013-11-10 15:00:00+00:00,0.5747012
2013-11-10 16:00:00+00:00,0.43722767
2013-11-10 17:00:00+00:00,0.5365257
2013-11-10 18:00:00+00:00,0.54015195
2013-11-10 19:00:00+00:00,0.5822026
2013-11-10 20:00:00+00:00,0.6112112
2013-11-10 21:00:00+00:00,0.47623348
2013-11-10 22:00:00+00:00,0.099141374
2013-11-10 23:00:00+00:00,0.0
2013-11-11 00:00:00+00:00,0.0
2013-11-11 01:00:00+00:00,0.0
2013-11-11 02:00:00+00:00,0.0
2013-11-11 03:00:00+00:00,0.0
2013-11-11 04:00:00+00:00,0.0
2013-11-11 05:00:00+00:00,0.0
2013-11-11 06:00:00+00:00,0.0
2013-11-11 07:00:00+00:00,0.0
2013-11-11 08:00:00+00:00,0.0
2013-11-11 09:00:00+00:00,0.0
2013-11-11 10:00:00+00:00,0.0
2013-11-11 11:00:00+00:00,0.0
2013-11-11 12:00:00+00:00,0.0
2013-11-11 13:00:00+00:00,0.18228914
2013-11-11 14:00:00+00:00,0.5437134
2013-11-11 15:00:00+00:00,0.58846074
2013-11-11 16:00:00+00:00,0.5490204000000001
2013-11-11 17:00:00+00:00,0.5101042
2013-11-11 18:00:00+00:00,0.5156142
2013-11-11 19:00:00+00:00,0.55500185
2013-11-11 20:00:00+00:00,0.57784075
2013-11-11 21:00:00+00:00,0.46038014
2013-11-11 22:00:00+00:00,0.094171226
2013-11-11 23:00:00+00:00,0.0
2013-11-12 00:00:00+00:00,0.0
2013-11-12 01:00:00+00:00,0.0
2013-11-12 02:00:00+00:00,0.0
2013-11-12 03:00:00+00:00,0.0
2013-11-12 04:00:00+00:00,0.0
2013-11-12 05:00:00+00:00,0.0
2013-11-12 06:00:00+00:00,0.0
2013-11-12 07:00:00+00:00,0.0
2013-11-12 08:00:00+00:00,0.0
2013-11-12 09:00:00+00:00,0.0
2013-11-12 10:00:00+00:00,0.0
2013-11-12 11:00:00+00:00,0.0
2013-11-12 12:00:00+00:00,0.0
2013-11-12 13:00:00+00:00,0.18575205
2013-11-12 14:00:00+00:00,0.55307865
2013-11-12 15:00:00+00:00,0.5927238
2013-11-12 16:00:00+00:00,0.54918957
2013-11-12 17:00:00+00:00,0.5074175
2013-11-12 18:00:00+00:00,0.5106516999999999
2013-11-12 19:00:00+00:00,0.5531594
2013-11-12 20:00:00+00:00,0.5791861999999999
2013-11-12 21:00:00+00:00,0.45770496
2013-11-12 22:00:00+00:00,0.086868435
2013-11-12 23:00:00+00:00,0.0
2013-11-13 00:00:00+00:00,0.0
2013-11-13 01:00:00+00:00,0.0
2013-11-13 02:00:00+00:00,0.0
2013-11-13 03:00:00+00:00,0.0
2013-11-13 04:00:00+00:00,0.0
2013-11-13 05:00:00+00:00,0.0
2013-11-13 06:00:00+00:00,0.0
2013-11-13 07:00:00+00:00,0.0
2013-11-13 08:00:00+00:00,0.0
2013-11-13 09:00:00+00:00,0.0
2013-11-13 10:00:00+00:00,0.0
2013-11-13 11:00:00+00:00,0.0
2013-11-13 12:00:00+00:00,0.0
2013-11-13 13:00:00+00:00,0.058120016
2013-11-13 14:00:00+00:00,0.41990313
2013-11-13 15:00:00+00:00,0.28482676
2013-11-13 16:00:00+00:00,0.31308332
2013-11-13 17:00:00+00:00,0.25714580000000004
2013-11-13 18:00:00+00:00,0.13685165
2013-11-13 19:00:00+00:00,0.15442921
2013-11-13 20:00:00+00:00,0.10917993
2013-11-13 21:00:00+00:00,0.013072638999999999
2013-11-13 22:00:00+00:00,6.385626e-05
2013-11-13 23:00:00+00:00,0.0
2013-11-14 00:00:00+00:00,0.0
2013-11-14 01:00:00+00:00,0.0
2013-11-14 02:00:00+00:00,0.0
2013-11-14 03:00:00+00:00,0.0
2013-11-14 04:00:00+00:00,0.0
2013-11-14 05:00:00+00:00,0.0
2013-11-14 06:00:00+00:00,0.0
2013-11-14 07:00:00+00:00,0.0
2013-11-14 08:00:00+00:00,0.0
2013-11-14 09:00:00+00:00,0.0
2013-11-14 10:00:00+00:00,0.0
2013-11-14 11:00:00+00:00,0.0
2013-11-14 12:00:00+00:00,0.0
2013-11-14 13:00:00+00:00,0.0027353960999999998
2013-11-14 14:00:00+00:00,0.03756397
2013-11-14 15:00:00+00:00,0.09977138
2013-11-14 16:00:00+00:00,0.14366513
2013-11-14 17:00:00+00:00,0.22587508
2013-11-14 18:00:00+00:00,0.06048518
2013-11-14 19:00:00+00:00,0.15485664
2013-11-14 20:00:00+00:00,0.06547919999999999
2013-11-14 21:00:00+00:00,0.07452689
2013-11-14 22:00:00+00:00,0.028325082999999997
2013-11-14 23:00:00+00:00,0.0
2013-11-15 00:00:00+00:00,0.0
2013-11-15 01:00:00+00:00,0.0
2013-11-15 02:00:00+00:00,0.0
2013-11-15 03:00:00+00:00,0.0
2013-11-15 04:00:00+00:00,0.0
2013-11-15 05:00:00+00:00,0.0
2013-11-15 06:00:00+00:00,0.0
2013-11-15 07:00:00+00:00,0.0
2013-11-15 08:00:00+00:00,0.0
2013-11-15 09:00:00+00:00,0.0
2013-11-15 10:00:00+00:00,0.0
2013-11-15 11:00:00+00:00,0.0
2013-11-15 12:00:00+00:00,0.0
2013-11-15 13:00:00+00:00,0.00022983103
2013-11-15 14:00:00+00:00,0.013475669
2013-11-15 15:00:00+00:00,0.048588
2013-11-15 16:00:00+00:00,0.04386074
2013-11-15 17:00:00+00:00,0.04400373
2013-11-15 18:00:00+00:00,0.049123716
2013-11-15 19:00:00+00:00,0.06354011
2013-11-15 20:00:00+00:00,0.05848757
2013-11-15 21:00:00+00:00,0.0336951
2013-11-15 22:00:00+00:00,0.0005365888400000001
2013-11-15 23:00:00+00:00,0.0
2013-11-16 00:00:00+00:00,0.0
2013-11-16 01:00:00+00:00,0.0
2013-11-16 02:00:00+00:00,0.0
2013-11-16 03:00:00+00:00,0.0
2013-11-16 04:00:00+00:00,0.0
2013-11-16 05:00:00+00:00,0.0
2013-11-16 06:00:00+00:00,0.0
2013-11-16 07:00:00+00:00,0.0
2013-11-16 08:00:00+00:00,0.0
2013-11-16 09:00:00+00:00,0.0
2013-11-16 10:00:00+00:00,0.0
2013-11-16 11:00:00+00:00,0.0
2013-11-16 12:00:00+00:00,0.0
2013-11-16 13:00:00+00:00,0.14648888
2013-11-16 14:00:00+00:00,0.48950925
2013-11-16 15:00:00+00:00,0.5547922
2013-11-16 16:00:00+00:00,0.5150759
2013-11-16 17:00:00+00:00,0.47922269
2013-11-16 18:00:00+00:00,0.48554030000000004
2013-11-16 19:00:00+00:00,0.52818406
2013-11-16 20:00:00+00:00,0.55739623
2013-11-16 21:00:00+00:00,0.4225928
2013-11-16 22:00:00+00:00,0.052710198
2013-11-16 23:00:00+00:00,0.0
2013-11-17 00:00:00+00:00,0.0
2013-11-17 01:00:00+00:00,0.0
2013-11-17 02:00:00+00:00,0.0
2013-11-17 03:00:00+00:00,0.0
2013-11-17 04:00:00+00:00,0.0
2013-11-17 05:00:00+00:00,0.0
2013-11-17 06:00:00+00:00,0.0
2013-11-17 07:00:00+00:00,0.0
2013-11-17 08:00:00+00:00,0.0
2013-11-17 09:00:00+00:00,0.0
2013-11-17 10:00:00+00:00,0.0
2013-11-17 11:00:00+00:00,0.0
2013-11-17 12:00:00+00:00,0.0
2013-11-17 13:00:00+00:00,0.14291273
2013-11-17 14:00:00+00:00,0.49446288
2013-11-17 15:00:00+00:00,0.43997473
2013-11-17 16:00:00+00:00,0.41773334
2013-11-17 17:00:00+00:00,0.39729118
2013-11-17 18:00:00+00:00,0.3609929
2013-11-17 19:00:00+00:00,0.3898606
2013-11-17 20:00:00+00:00,0.35434055
2013-11-17 21:00:00+00:00,0.20673677
2013-11-17 22:00:00+00:00,0.04060461
2013-11-17 23:00:00+00:00,0.0
2013-11-18 00:00:00+00:00,0.0
2013-11-18 01:00:00+00:00,0.0
2013-11-18 02:00:00+00:00,0.0
2013-11-18 03:00:00+00:00,0.0
2013-11-18 04:00:00+00:00,0.0
2013-11-18 05:00:00+00:00,0.0
2013-11-18 06:00:00+00:00,0.0
2013-11-18 07:00:00+00:00,0.0
2013-11-18 08:00:00+00:00,0.0
2013-11-18 09:00:00+00:00,0.0
2013-11-18 10:00:00+00:00,0.0
2013-11-18 11:00:00+00:00,0.0
2013-11-18 12:00:00+00:00,0.0
2013-11-18 13:00:00+00:00,0.060749315
2013-11-18 14:00:00+00:00,0.36156037
2013-11-18 15:00:00+00:00,0.35259986
2013-11-18 16:00:00+00:00,0.35286596
2013-11-18 17:00:00+00:00,0.42784587
2013-11-18 18:00:00+00:00,0.46759206
2013-11-18 19:00:00+00:00,0.47264618
2013-11-18 20:00:00+00:00,0.5197124
2013-11-18 21:00:00+00:00,0.38130787
2013-11-18 22:00:00+00:00,0.037494566
2013-11-18 23:00:00+00:00,0.0
2013-11-19 00:00:00+00:00,0.0
2013-11-19 01:00:00+00:00,0.0
2013-11-19 02:00:00+00:00,0.0
2013-11-19 03:00:00+00:00,0.0
2013-11-19 04:00:00+00:00,0.0
2013-11-19 05:00:00+00:00,0.0
2013-11-19 06:00:00+00:00,0.0
2013-11-19 07:00:00+00:00,0.0
2013-11-19 08:00:00+00:00,0.0
2013-11-19 09:00:00+00:00,0.0
2013-11-19 10:00:00+00:00,0.0
2013-11-19 11:00:00+00:00,0.0
2013-11-19 12:00:00+00:00,0.0
2013-11-19 13:00:00+00:00,0.048469417
2013-11-19 14:00:00+00:00,0.11972801
2013-11-19 15:00:00+00:00,0.069158055
2013-11-19 16:00:00+00:00,0.20854682
2013-11-19 17:00:00+00:00,0.26330003
2013-11-19 18:00:00+00:00,0.20188476
2013-11-19 19:00:00+00:00,0.15745974
2013-11-19 20:00:00+00:00,0.17239542
2013-11-19 21:00:00+00:00,0.112363085
2013-11-19 22:00:00+00:00,0.00039150455
2013-11-19 23:00:00+00:00,0.0
2013-11-20 00:00:00+00:00,0.0
2013-11-20 01:00:00+00:00,0.0
2013-11-20 02:00:00+00:00,0.0
2013-11-20 03:00:00+00:00,0.0
2013-11-20 04:00:00+00:00,0.0
2013-11-20 05:00:00+00:00,0.0
2013-11-20 06:00:00+00:00,0.0
2013-11-20 07:00:00+00:00,0.0
2013-11-20 08:00:00+00:00,0.0
2013-11-20 09:00:00+00:00,0.0
2013-11-20 10:00:00+00:00,0.0
2013-11-20 11:00:00+00:00,0.0
2013-11-20 12:00:00+00:00,0.0
2013-11-20 13:00:00+00:00,0.0
2013-11-20 14:00:00+00:00,0.0016862039000000001
2013-11-20 15:00:00+00:00,0.0125368135
2013-11-20 16:00:00+00:00,0.037368488
2013-11-20 17:00:00+00:00,0.08737551
2013-11-20 18:00:00+00:00,0.06326575599999999
2013-11-20 19:00:00+00:00,0.054865986
2013-11-20 20:00:00+00:00,0.036681656
2013-11-20 21:00:00+00:00,0.02535782
2013-11-20 22:00:00+00:00,0.0
2013-11-20 23:00:00+00:00,0.0
2013-11-21 00:00:00+00:00,0.0
2013-11-21 01:00:00+00:00,0.0
2013-11-21 02:00:00+00:00,0.0
2013-11-21 03:00:00+00:00,0.0
2013-11-21 04:00:00+00:00,0.0
2013-11-21 05:00:00+00:00,0.0
2013-11-21 06:00:00+00:00,0.0
2013-11-21 07:00:00+00:00,0.0
2013-11-21 08:00:00+00:00,0.0
2013-11-21 09:00:00+00:00,0.0
2013-11-21 10:00:00+00:00,0.0
2013-11-21 11:00:00+00:00,0.0
2013-11-21 12:00:00+00:00,0.0
2013-11-21 13:00:00+00:00,0.047014922
2013-11-21 14:00:00+00:00,0.20507005
2013-11-21 15:00:00+00:00,0.15591131
2013-11-21 16:00:00+00:00,0.34675193
2013-11-21 17:00:00+00:00,0.41045362
2013-11-21 18:00:00+00:00,0.46316782
2013-11-21 19:00:00+00:00,0.5275327
2013-11-21 20:00:00+00:00,0.54978466
2013-11-21 21:00:00+00:00,0.40303320000000004
2013-11-21 22:00:00+00:00,0.019355915
2013-11-21 23:00:00+00:00,0.0
2013-11-22 00:00:00+00:00,0.0
2013-11-22 01:00:00+00:00,0.0
2013-11-22 02:00:00+00:00,0.0
2013-11-22 03:00:00+00:00,0.0
2013-11-22 04:00:00+00:00,0.0
2013-11-22 05:00:00+00:00,0.0
2013-11-22 06:00:00+00:00,0.0
2013-11-22 07:00:00+00:00,0.0
2013-11-22 08:00:00+00:00,0.0
2013-11-22 09:00:00+00:00,0.0
2013-11-22 10:00:00+00:00,0.0
2013-11-22 11:00:00+00:00,0.0
2013-11-22 12:00:00+00:00,0.0
2013-11-22 13:00:00+00:00,0.10458107
2013-11-22 14:00:00+00:00,0.48253244
2013-11-22 15:00:00+00:00,0.5817429000000001
2013-11-22 16:00:00+00:00,0.5360444999999999
2013-11-22 17:00:00+00:00,0.49009818
2013-11-22 18:00:00+00:00,0.4935564
2013-11-22 19:00:00+00:00,0.5351705
2013-11-22 20:00:00+00:00,0.5349263000000001
2013-11-22 21:00:00+00:00,0.28889138
2013-11-22 22:00:00+00:00,0.004483312
2013-11-22 23:00:00+00:00,0.0
2013-11-23 00:00:00+00:00,0.0
2013-11-23 01:00:00+00:00,0.0
2013-11-23 02:00:00+00:00,0.0
2013-11-23 03:00:00+00:00,0.0
2013-11-23 04:00:00+00:00,0.0
2013-11-23 05:00:00+00:00,0.0
2013-11-23 06:00:00+00:00,0.0
2013-11-23 07:00:00+00:00,0.0
2013-11-23 08:00:00+00:00,0.0
2013-11-23 09:00:00+00:00,0.0
2013-11-23 10:00:00+00:00,0.0
2013-11-23 11:00:00+00:00,0.0
2013-11-23 12:00:00+00:00,0.0
2013-11-23 13:00:00+00:00,0.018388474
2013-11-23 14:00:00+00:00,0.1069638
2013-11-23 15:00:00+00:00,0.5520020999999999
2013-11-23 16:00:00+00:00,0.50716144
2013-11-23 17:00:00+00:00,0.1497022
2013-11-23 18:00:00+00:00,0.2725774
2013-11-23 19:00:00+00:00,0.20861649999999998
2013-11-23 20:00:00+00:00,0.20581816
2013-11-23 21:00:00+00:00,0.051282268
2013-11-23 22:00:00+00:00,0.0
2013-11-23 23:00:00+00:00,0.0
2013-11-24 00:00:00+00:00,0.0
2013-11-24 01:00:00+00:00,0.0
2013-11-24 02:00:00+00:00,0.0
2013-11-24 03:00:00+00:00,0.0
2013-11-24 04:00:00+00:00,0.0
2013-11-24 05:00:00+00:00,0.0
2013-11-24 06:00:00+00:00,0.0
2013-11-24 07:00:00+00:00,0.0
2013-11-24 08:00:00+00:00,0.0
2013-11-24 09:00:00+00:00,0.0
2013-11-24 10:00:00+00:00,0.0
2013-11-24 11:00:00+00:00,0.0
2013-11-24 12:00:00+00:00,0.0
2013-11-24 13:00:00+00:00,0.0024869723999999998
2013-11-24 14:00:00+00:00,0.015888924
2013-11-24 15:00:00+00:00,0.065670185
2013-11-24 16:00:00+00:00,0.06007099
2013-11-24 17:00:00+00:00,0.12331571
2013-11-24 18:00:00+00:00,0.09759107
2013-11-24 19:00:00+00:00,0.093989134
2013-11-24 20:00:00+00:00,0.060946543
2013-11-24 21:00:00+00:00,0.012691985
2013-11-24 22:00:00+00:00,0.0
2013-11-24 23:00:00+00:00,0.0
2013-11-25 00:00:00+00:00,0.0
2013-11-25 01:00:00+00:00,0.0
2013-11-25 02:00:00+00:00,0.0
2013-11-25 03:00:00+00:00,0.0
2013-11-25 04:00:00+00:00,0.0
2013-11-25 05:00:00+00:00,0.0
2013-11-25 06:00:00+00:00,0.0
2013-11-25 07:00:00+00:00,0.0
2013-11-25 08:00:00+00:00,0.0
2013-11-25 09:00:00+00:00,0.0
2013-11-25 10:00:00+00:00,0.0
2013-11-25 11:00:00+00:00,0.0
2013-11-25 12:00:00+00:00,0.0
2013-11-25 13:00:00+00:00,0.0
2013-11-25 14:00:00+00:00,0.030022217
2013-11-25 15:00:00+00:00,0.08948579
2013-11-25 16:00:00+00:00,0.14613932
2013-11-25 17:00:00+00:00,0.31608477
2013-11-25 18:00:00+00:00,0.31499624
2013-11-25 19:00:00+00:00,0.24400164
2013-11-25 20:00:00+00:00,0.20079453
2013-11-25 21:00:00+00:00,0.08050774
2013-11-25 22:00:00+00:00,0.0
2013-11-25 23:00:00+00:00,0.0
2013-11-26 00:00:00+00:00,0.0
2013-11-26 01:00:00+00:00,0.0
2013-11-26 02:00:00+00:00,0.0
2013-11-26 03:00:00+00:00,0.0
2013-11-26 04:00:00+00:00,0.0
2013-11-26 05:00:00+00:00,0.0
2013-11-26 06:00:00+00:00,0.0
2013-11-26 07:00:00+00:00,0.0
2013-11-26 08:00:00+00:00,0.0
2013-11-26 09:00:00+00:00,0.0
2013-11-26 10:00:00+00:00,0.0
2013-11-26 11:00:00+00:00,0.0
2013-11-26 12:00:00+00:00,0.0
2013-11-26 13:00:00+00:00,0.02066396
2013-11-26 14:00:00+00:00,0.27993038
2013-11-26 15:00:00+00:00,0.5549109
2013-11-26 16:00:00+00:00,0.52261645
2013-11-26 17:00:00+00:00,0.48093775
2013-11-26 18:00:00+00:00,0.48265964
2013-11-26 19:00:00+00:00,0.52525795
2013-11-26 20:00:00+00:00,0.5467776
2013-11-26 21:00:00+00:00,0.38354093
2013-11-26 22:00:00+00:00,0.0
2013-11-26 23:00:00+00:00,0.0
2013-11-27 00:00:00+00:00,0.0
2013-11-27 01:00:00+00:00,0.0
2013-11-27 02:00:00+00:00,0.0
2013-11-27 03:00:00+00:00,0.0
2013-11-27 04:00:00+00:00,0.0
2013-11-27 05:00:00+00:00,0.0
2013-11-27 06:00:00+00:00,0.0
2013-11-27 07:00:00+00:00,0.0
2013-11-27 08:00:00+00:00,0.0
2013-11-27 09:00:00+00:00,0.0
2013-11-27 10:00:00+00:00,0.0
2013-11-27 11:00:00+00:00,0.0
2013-11-27 12:00:00+00:00,0.0
2013-11-27 13:00:00+00:00,0.05369221
2013-11-27 14:00:00+00:00,0.42024687
2013-11-27 15:00:00+00:00,0.539037
2013-11-27 16:00:00+00:00,0.4986979
2013-11-27 17:00:00+00:00,0.4533613
2013-11-27 18:00:00+00:00,0.45557353
2013-11-27 19:00:00+00:00,0.49982566
2013-11-27 20:00:00+00:00,0.52552927
2013-11-27 21:00:00+00:00,0.29986846
2013-11-27 22:00:00+00:00,0.0
2013-11-27 23:00:00+00:00,0.0
2013-11-28 00:00:00+00:00,0.0
2013-11-28 01:00:00+00:00,0.0
2013-11-28 02:00:00+00:00,0.0
2013-11-28 03:00:00+00:00,0.0
2013-11-28 04:00:00+00:00,0.0
2013-11-28 05:00:00+00:00,0.0
2013-11-28 06:00:00+00:00,0.0
2013-11-28 07:00:00+00:00,0.0
2013-11-28 08:00:00+00:00,0.0
2013-11-28 09:00:00+00:00,0.0
2013-11-28 10:00:00+00:00,0.0
2013-11-28 11:00:00+00:00,0.0
2013-11-28 12:00:00+00:00,0.0
2013-11-28 13:00:00+00:00,0.016154887
2013-11-28 14:00:00+00:00,0.40023509999999995
2013-11-28 15:00:00+00:00,0.5285155
2013-11-28 16:00:00+00:00,0.4950782
2013-11-28 17:00:00+00:00,0.4486664000000001
2013-11-28 18:00:00+00:00,0.44849038
2013-11-28 19:00:00+00:00,0.4907205
2013-11-28 20:00:00+00:00,0.51238894
2013-11-28 21:00:00+00:00,0.36485758
2013-11-28 22:00:00+00:00,0.0
2013-11-28 23:00:00+00:00,0.0
2013-11-29 00:00:00+00:00,0.0
2013-11-29 01:00:00+00:00,0.0
2013-11-29 02:00:00+00:00,0.0
2013-11-29 03:00:00+00:00,0.0
2013-11-29 04:00:00+00:00,0.0
2013-11-29 05:00:00+00:00,0.0
2013-11-29 06:00:00+00:00,0.0
2013-11-29 07:00:00+00:00,0.0
2013-11-29 08:00:00+00:00,0.0
2013-11-29 09:00:00+00:00,0.0
2013-11-29 10:00:00+00:00,0.0
2013-11-29 11:00:00+00:00,0.0
2013-11-29 12:00:00+00:00,0.0
2013-11-29 13:00:00+00:00,0.0030017620000000003
2013-11-29 14:00:00+00:00,0.018150883
2013-11-29 15:00:00+00:00,0.048752896
2013-11-29 16:00:00+00:00,0.097719885
2013-11-29 17:00:00+00:00,0.12754667
2013-11-29 18:00:00+00:00,0.14948054
2013-11-29 19:00:00+00:00,0.16886178
2013-11-29 20:00:00+00:00,0.13873010000000002
2013-11-29 21:00:00+00:00,0.09835712
2013-11-29 22:00:00+00:00,0.0
2013-11-29 23:00:00+00:00,0.0
2013-11-30 00:00:00+00:00,0.0
2013-11-30 01:00:00+00:00,0.0
2013-11-30 02:00:00+00:00,0.0
2013-11-30 03:00:00+00:00,0.0
2013-11-30 04:00:00+00:00,0.0
2013-11-30 05:00:00+00:00,0.0
2013-11-30 06:00:00+00:00,0.0
2013-11-30 07:00:00+00:00,0.0
2013-11-30 08:00:00+00:00,0.0
2013-11-30 09:00:00+00:00,0.0
2013-11-30 10:00:00+00:00,0.0
2013-11-30 11:00:00+00:00,0.0
2013-11-30 12:00:00+00:00,0.0
2013-11-30 13:00:00+00:00,0.0077386834
2013-11-30 14:00:00+00:00,0.30701324
2013-11-30 15:00:00+00:00,0.23222995
2013-11-30 16:00:00+00:00,0.24031234
2013-11-30 17:00:00+00:00,0.39834023
2013-11-30 18:00:00+00:00,0.3461248
2013-11-30 19:00:00+00:00,0.40478277
2013-11-30 20:00:00+00:00,0.26771563
2013-11-30 21:00:00+00:00,0.23894095
2013-11-30 22:00:00+00:00,0.0
2013-11-30 23:00:00+00:00,0.0
2013-12-01 00:00:00+00:00,0.0
2013-12-01 01:00:00+00:00,0.0
2013-12-01 02:00:00+00:00,0.0
2013-12-01 03:00:00+00:00,0.0
2013-12-01 04:00:00+00:00,0.0
2013-12-01 05:00:00+00:00,0.0
2013-12-01 06:00:00+00:00,0.0
2013-12-01 07:00:00+00:00,0.0
2013-12-01 08:00:00+00:00,0.0
2013-12-01 09:00:00+00:00,0.0
2013-12-01 10:00:00+00:00,0.0
2013-12-01 11:00:00+00:00,0.0
2013-12-01 12:00:00+00:00,0.0
2013-12-01 13:00:00+00:00,0.0
2013-12-01 14:00:00+00:00,0.02372377
2013-12-01 15:00:00+00:00,0.04850836
2013-12-01 16:00:00+00:00,0.21963073
2013-12-01 17:00:00+00:00,0.2742623
2013-12-01 18:00:00+00:00,0.28775427
2013-12-01 19:00:00+00:00,0.25120276
2013-12-01 20:00:00+00:00,0.18977706
2013-12-01 21:00:00+00:00,0.06311316
2013-12-01 22:00:00+00:00,0.0
2013-12-01 23:00:00+00:00,0.0
2013-12-02 00:00:00+00:00,0.0
2013-12-02 01:00:00+00:00,0.0
2013-12-02 02:00:00+00:00,0.0
2013-12-02 03:00:00+00:00,0.0
2013-12-02 04:00:00+00:00,0.0
2013-12-02 05:00:00+00:00,0.0
2013-12-02 06:00:00+00:00,0.0
2013-12-02 07:00:00+00:00,0.0
2013-12-02 08:00:00+00:00,0.0
2013-12-02 09:00:00+00:00,0.0
2013-12-02 10:00:00+00:00,0.0
2013-12-02 11:00:00+00:00,0.0
2013-12-02 12:00:00+00:00,0.0
2013-12-02 13:00:00+00:00,0.0
2013-12-02 14:00:00+00:00,0.024086332000000002
2013-12-02 15:00:00+00:00,0.18786589999999997
2013-12-02 16:00:00+00:00,0.20688981
2013-12-02 17:00:00+00:00,0.23908183
2013-12-02 18:00:00+00:00,0.27994063
2013-12-02 19:00:00+00:00,0.21560635
2013-12-02 20:00:00+00:00,0.20997031
2013-12-02 21:00:00+00:00,0.06530283
2013-12-02 22:00:00+00:00,0.0
2013-12-02 23:00:00+00:00,0.0
2013-12-03 00:00:00+00:00,0.0
2013-12-03 01:00:00+00:00,0.0
2013-12-03 02:00:00+00:00,0.0
2013-12-03 03:00:00+00:00,0.0
2013-12-03 04:00:00+00:00,0.0
2013-12-03 05:00:00+00:00,0.0
2013-12-03 06:00:00+00:00,0.0
2013-12-03 07:00:00+00:00,0.0
2013-12-03 08:00:00+00:00,0.0
2013-12-03 09:00:00+00:00,0.0
2013-12-03 10:00:00+00:00,0.0
2013-12-03 11:00:00+00:00,0.0
2013-12-03 12:00:00+00:00,0.0
2013-12-03 13:00:00+00:00,0.0
2013-12-03 14:00:00+00:00,0.024987241
2013-12-03 15:00:00+00:00,0.021785041
2013-12-03 16:00:00+00:00,0.011656073000000001
2013-12-03 17:00:00+00:00,0.14506008
2013-12-03 18:00:00+00:00,0.06287462
2013-12-03 19:00:00+00:00,0.06319325
2013-12-03 20:00:00+00:00,0.023744897999999997
2013-12-03 21:00:00+00:00,0.02218474
2013-12-03 22:00:00+00:00,0.0
2013-12-03 23:00:00+00:00,0.0
2013-12-04 00:00:00+00:00,0.0
2013-12-04 01:00:00+00:00,0.0
2013-12-04 02:00:00+00:00,0.0
2013-12-04 03:00:00+00:00,0.0
2013-12-04 04:00:00+00:00,0.0
2013-12-04 05:00:00+00:00,0.0
2013-12-04 06:00:00+00:00,0.0
2013-12-04 07:00:00+00:00,0.0
2013-12-04 08:00:00+00:00,0.0
2013-12-04 09:00:00+00:00,0.0
2013-12-04 10:00:00+00:00,0.0
2013-12-04 11:00:00+00:00,0.0
2013-12-04 12:00:00+00:00,0.0
2013-12-04 13:00:00+00:00,0.0
2013-12-04 14:00:00+00:00,0.012348288999999998
2013-12-04 15:00:00+00:00,0.023123216000000002
2013-12-04 16:00:00+00:00,0.035639614
2013-12-04 17:00:00+00:00,0.08447805
2013-12-04 18:00:00+00:00,0.05775415
2013-12-04 19:00:00+00:00,0.052683815
2013-12-04 20:00:00+00:00,0.033557348
2013-12-04 21:00:00+00:00,0.0148026375
2013-12-04 22:00:00+00:00,0.0
2013-12-04 23:00:00+00:00,0.0
2013-12-05 00:00:00+00:00,0.0
2013-12-05 01:00:00+00:00,0.0
2013-12-05 02:00:00+00:00,0.0
2013-12-05 03:00:00+00:00,0.0
2013-12-05 04:00:00+00:00,0.0
2013-12-05 05:00:00+00:00,0.0
2013-12-05 06:00:00+00:00,0.0
2013-12-05 07:00:00+00:00,0.0
2013-12-05 08:00:00+00:00,0.0
2013-12-05 09:00:00+00:00,0.0
2013-12-05 10:00:00+00:00,0.0
2013-12-05 11:00:00+00:00,0.0
2013-12-05 12:00:00+00:00,0.0
2013-12-05 13:00:00+00:00,0.0
2013-12-05 14:00:00+00:00,0.22925422
2013-12-05 15:00:00+00:00,0.19305068
2013-12-05 16:00:00+00:00,0.23708698
2013-12-05 17:00:00+00:00,0.2179034
2013-12-05 18:00:00+00:00,0.20246643
2013-12-05 19:00:00+00:00,0.28522587
2013-12-05 20:00:00+00:00,0.18027423
2013-12-05 21:00:00+00:00,0.14473167
2013-12-05 22:00:00+00:00,0.0
2013-12-05 23:00:00+00:00,0.0
2013-12-06 00:00:00+00:00,0.0
2013-12-06 01:00:00+00:00,0.0
2013-12-06 02:00:00+00:00,0.0
2013-12-06 03:00:00+00:00,0.0
2013-12-06 04:00:00+00:00,0.0
2013-12-06 05:00:00+00:00,0.0
2013-12-06 06:00:00+00:00,0.0
2013-12-06 07:00:00+00:00,0.0
2013-12-06 08:00:00+00:00,0.0
2013-12-06 09:00:00+00:00,0.0
2013-12-06 10:00:00+00:00,0.0
2013-12-06 11:00:00+00:00,0.0
2013-12-06 12:00:00+00:00,0.0
2013-12-06 13:00:00+00:00,0.0
2013-12-06 14:00:00+00:00,0.0046926737
2013-12-06 15:00:00+00:00,0.025312172
2013-12-06 16:00:00+00:00,0.08294923
2013-12-06 17:00:00+00:00,0.08134546
2013-12-06 18:00:00+00:00,0.12470009
2013-12-06 19:00:00+00:00,0.32625765
2013-12-06 20:00:00+00:00,0.42781878
2013-12-06 21:00:00+00:00,0.041306182999999996
2013-12-06 22:00:00+00:00,0.0
2013-12-06 23:00:00+00:00,0.0
2013-12-07 00:00:00+00:00,0.0
2013-12-07 01:00:00+00:00,0.0
2013-12-07 02:00:00+00:00,0.0
2013-12-07 03:00:00+00:00,0.0
2013-12-07 04:00:00+00:00,0.0
2013-12-07 05:00:00+00:00,0.0
2013-12-07 06:00:00+00:00,0.0
2013-12-07 07:00:00+00:00,0.0
2013-12-07 08:00:00+00:00,0.0
2013-12-07 09:00:00+00:00,0.0
2013-12-07 10:00:00+00:00,0.0
2013-12-07 11:00:00+00:00,0.0
2013-12-07 12:00:00+00:00,0.0
2013-12-07 13:00:00+00:00,0.0
2013-12-07 14:00:00+00:00,0.16532962
2013-12-07 15:00:00+00:00,0.04466724
2013-12-07 16:00:00+00:00,0.07774726
2013-12-07 17:00:00+00:00,0.14938268
2013-12-07 18:00:00+00:00,0.13212246
2013-12-07 19:00:00+00:00,0.14327608
2013-12-07 20:00:00+00:00,0.06895187
2013-12-07 21:00:00+00:00,0.025600900000000003
2013-12-07 22:00:00+00:00,0.0
2013-12-07 23:00:00+00:00,0.0
2013-12-08 00:00:00+00:00,0.0
2013-12-08 01:00:00+00:00,0.0
2013-12-08 02:00:00+00:00,0.0
2013-12-08 03:00:00+00:00,0.0
2013-12-08 04:00:00+00:00,0.0
2013-12-08 05:00:00+00:00,0.0
2013-12-08 06:00:00+00:00,0.0
2013-12-08 07:00:00+00:00,0.0
2013-12-08 08:00:00+00:00,0.0
2013-12-08 09:00:00+00:00,0.0
2013-12-08 10:00:00+00:00,0.0
2013-12-08 11:00:00+00:00,0.0
2013-12-08 12:00:00+00:00,0.0
2013-12-08 13:00:00+00:00,0.0
2013-12-08 14:00:00+00:00,0.31846228
2013-12-08 15:00:00+00:00,0.5279617
2013-12-08 16:00:00+00:00,0.2519077
2013-12-08 17:00:00+00:00,0.4192871
2013-12-08 18:00:00+00:00,0.4760567
2013-12-08 19:00:00+00:00,0.5199054
2013-12-08 20:00:00+00:00,0.5448566
2013-12-08 21:00:00+00:00,0.38226079999999996
2013-12-08 22:00:00+00:00,0.0
2013-12-08 23:00:00+00:00,0.0
2013-12-09 00:00:00+00:00,0.0
2013-12-09 01:00:00+00:00,0.0
2013-12-09 02:00:00+00:00,0.0
2013-12-09 03:00:00+00:00,0.0
2013-12-09 04:00:00+00:00,0.0
2013-12-09 05:00:00+00:00,0.0
2013-12-09 06:00:00+00:00,0.0
2013-12-09 07:00:00+00:00,0.0
2013-12-09 08:00:00+00:00,0.0
2013-12-09 09:00:00+00:00,0.0
2013-12-09 10:00:00+00:00,0.0
2013-12-09 11:00:00+00:00,0.0
2013-12-09 12:00:00+00:00,0.0
2013-12-09 13:00:00+00:00,0.0
2013-12-09 14:00:00+00:00,0.35572220000000004
2013-12-09 15:00:00+00:00,0.52650166
2013-12-09 16:00:00+00:00,0.49912536
2013-12-09 17:00:00+00:00,0.4487847
2013-12-09 18:00:00+00:00,0.44543119999999997
2013-12-09 19:00:00+00:00,0.48833469999999995
2013-12-09 20:00:00+00:00,0.5108157999999999
2013-12-09 21:00:00+00:00,0.35539729999999997
2013-12-09 22:00:00+00:00,0.0
2013-12-09 23:00:00+00:00,0.0
2013-12-10 00:00:00+00:00,0.0
2013-12-10 01:00:00+00:00,0.0
2013-12-10 02:00:00+00:00,0.0
2013-12-10 03:00:00+00:00,0.0
2013-12-10 04:00:00+00:00,0.0
2013-12-10 05:00:00+00:00,0.0
2013-12-10 06:00:00+00:00,0.0
2013-12-10 07:00:00+00:00,0.0
2013-12-10 08:00:00+00:00,0.0
2013-12-10 09:00:00+00:00,0.0
2013-12-10 10:00:00+00:00,0.0
2013-12-10 11:00:00+00:00,0.0
2013-12-10 12:00:00+00:00,0.0
2013-12-10 13:00:00+00:00,0.0
2013-12-10 14:00:00+00:00,0.38009614
2013-12-10 15:00:00+00:00,0.5462444000000001
2013-12-10 16:00:00+00:00,0.5108326
2013-12-10 17:00:00+00:00,0.45829147
2013-12-10 18:00:00+00:00,0.45050767
2013-12-10 19:00:00+00:00,0.49444629999999995
2013-12-10 20:00:00+00:00,0.52017486
2013-12-10 21:00:00+00:00,0.36557233
2013-12-10 22:00:00+00:00,0.0
2013-12-10 23:00:00+00:00,0.0
2013-12-11 00:00:00+00:00,0.0
2013-12-11 01:00:00+00:00,0.0
2013-12-11 02:00:00+00:00,0.0
2013-12-11 03:00:00+00:00,0.0
2013-12-11 04:00:00+00:00,0.0
2013-12-11 05:00:00+00:00,0.0
2013-12-11 06:00:00+00:00,0.0
2013-12-11 07:00:00+00:00,0.0
2013-12-11 08:00:00+00:00,0.0
2013-12-11 09:00:00+00:00,0.0
2013-12-11 10:00:00+00:00,0.0
2013-12-11 11:00:00+00:00,0.0
2013-12-11 12:00:00+00:00,0.0
2013-12-11 13:00:00+00:00,0.0
2013-12-11 14:00:00+00:00,0.3311235
2013-12-11 15:00:00+00:00,0.514595
2013-12-11 16:00:00+00:00,0.49381056
2013-12-11 17:00:00+00:00,0.32110348
2013-12-11 18:00:00+00:00,0.40481797
2013-12-11 19:00:00+00:00,0.34854564
2013-12-11 20:00:00+00:00,0.07386596
2013-12-11 21:00:00+00:00,0.12832853
2013-12-11 22:00:00+00:00,0.0
2013-12-11 23:00:00+00:00,0.0
2013-12-12 00:00:00+00:00,0.0
2013-12-12 01:00:00+00:00,0.0
2013-12-12 02:00:00+00:00,0.0
2013-12-12 03:00:00+00:00,0.0
2013-12-12 04:00:00+00:00,0.0
2013-12-12 05:00:00+00:00,0.0
2013-12-12 06:00:00+00:00,0.0
2013-12-12 07:00:00+00:00,0.0
2013-12-12 08:00:00+00:00,0.0
2013-12-12 09:00:00+00:00,0.0
2013-12-12 10:00:00+00:00,0.0
2013-12-12 11:00:00+00:00,0.0
2013-12-12 12:00:00+00:00,0.0
2013-12-12 13:00:00+00:00,0.0
2013-12-12 14:00:00+00:00,0.024086262999999997
2013-12-12 15:00:00+00:00,0.1074625
2013-12-12 16:00:00+00:00,0.013939608000000001
2013-12-12 17:00:00+00:00,0.023698628
2013-12-12 18:00:00+00:00,0.032391447999999996
2013-12-12 19:00:00+00:00,0.012276623
2013-12-12 20:00:00+00:00,0.38244465
2013-12-12 21:00:00+00:00,0.21974488
2013-12-12 22:00:00+00:00,0.0
2013-12-12 23:00:00+00:00,0.0
2013-12-13 00:00:00+00:00,0.0
2013-12-13 01:00:00+00:00,0.0
2013-12-13 02:00:00+00:00,0.0
2013-12-13 03:00:00+00:00,0.0
2013-12-13 04:00:00+00:00,0.0
2013-12-13 05:00:00+00:00,0.0
2013-12-13 06:00:00+00:00,0.0
2013-12-13 07:00:00+00:00,0.0
2013-12-13 08:00:00+00:00,0.0
2013-12-13 09:00:00+00:00,0.0
2013-12-13 10:00:00+00:00,0.0
2013-12-13 11:00:00+00:00,0.0
2013-12-13 12:00:00+00:00,0.0
2013-12-13 13:00:00+00:00,0.0
2013-12-13 14:00:00+00:00,0.0045562573
2013-12-13 15:00:00+00:00,0.033002872
2013-12-13 16:00:00+00:00,0.07057693
2013-12-13 17:00:00+00:00,0.07416037
2013-12-13 18:00:00+00:00,0.12364006
2013-12-13 19:00:00+00:00,0.06776192
2013-12-13 20:00:00+00:00,0.03943171
2013-12-13 21:00:00+00:00,0.026697103
2013-12-13 22:00:00+00:00,0.0
2013-12-13 23:00:00+00:00,0.0
2013-12-14 00:00:00+00:00,0.0
2013-12-14 01:00:00+00:00,0.0
2013-12-14 02:00:00+00:00,0.0
2013-12-14 03:00:00+00:00,0.0
2013-12-14 04:00:00+00:00,0.0
2013-12-14 05:00:00+00:00,0.0
2013-12-14 06:00:00+00:00,0.0
2013-12-14 07:00:00+00:00,0.0
2013-12-14 08:00:00+00:00,0.0
2013-12-14 09:00:00+00:00,0.0
2013-12-14 10:00:00+00:00,0.0
2013-12-14 11:00:00+00:00,0.0
2013-12-14 12:00:00+00:00,0.0
2013-12-14 13:00:00+00:00,0.0
2013-12-14 14:00:00+00:00,0.015031942
2013-12-14 15:00:00+00:00,0.10125402
2013-12-14 16:00:00+00:00,0.19791272
2013-12-14 17:00:00+00:00,0.38395959999999996
2013-12-14 18:00:00+00:00,0.23352371
2013-12-14 19:00:00+00:00,0.14303099
2013-12-14 20:00:00+00:00,0.20866965
2013-12-14 21:00:00+00:00,0.33641124
2013-12-14 22:00:00+00:00,0.0
2013-12-14 23:00:00+00:00,0.0
2013-12-15 00:00:00+00:00,0.0
2013-12-15 01:00:00+00:00,0.0
2013-12-15 02:00:00+00:00,0.0
2013-12-15 03:00:00+00:00,0.0
2013-12-15 04:00:00+00:00,0.0
2013-12-15 05:00:00+00:00,0.0
2013-12-15 06:00:00+00:00,0.0
2013-12-15 07:00:00+00:00,0.0
2013-12-15 08:00:00+00:00,0.0
2013-12-15 09:00:00+00:00,0.0
2013-12-15 10:00:00+00:00,0.0
2013-12-15 11:00:00+00:00,0.0
2013-12-15 12:00:00+00:00,0.0
2013-12-15 13:00:00+00:00,0.0
2013-12-15 14:00:00+00:00,0.015112677
2013-12-15 15:00:00+00:00,0.032413002
2013-12-15 16:00:00+00:00,0.07202534
2013-12-15 17:00:00+00:00,0.031159572000000003
2013-12-15 18:00:00+00:00,0.04696193
2013-12-15 19:00:00+00:00,0.040840577
2013-12-15 20:00:00+00:00,0.032136813
2013-12-15 21:00:00+00:00,0.2569297
2013-12-15 22:00:00+00:00,0.0
2013-12-15 23:00:00+00:00,0.0
2013-12-16 00:00:00+00:00,0.0
2013-12-16 01:00:00+00:00,0.0
2013-12-16 02:00:00+00:00,0.0
2013-12-16 03:00:00+00:00,0.0
2013-12-16 04:00:00+00:00,0.0
2013-12-16 05:00:00+00:00,0.0
2013-12-16 06:00:00+00:00,0.0
2013-12-16 07:00:00+00:00,0.0
2013-12-16 08:00:00+00:00,0.0
2013-12-16 09:00:00+00:00,0.0
2013-12-16 10:00:00+00:00,0.0
2013-12-16 11:00:00+00:00,0.0
2013-12-16 12:00:00+00:00,0.0
2013-12-16 13:00:00+00:00,0.0
2013-12-16 14:00:00+00:00,0.33038834
2013-12-16 15:00:00+00:00,0.5211471999999999
2013-12-16 16:00:00+00:00,0.49070624
2013-12-16 17:00:00+00:00,0.43826297
2013-12-16 18:00:00+00:00,0.42901320000000004
2013-12-16 19:00:00+00:00,0.47071862
2013-12-16 20:00:00+00:00,0.5063986
2013-12-16 21:00:00+00:00,0.37461025
2013-12-16 22:00:00+00:00,0.00028966728
2013-12-16 23:00:00+00:00,0.0
2013-12-17 00:00:00+00:00,0.0
2013-12-17 01:00:00+00:00,0.0
2013-12-17 02:00:00+00:00,0.0
2013-12-17 03:00:00+00:00,0.0
2013-12-17 04:00:00+00:00,0.0
2013-12-17 05:00:00+00:00,0.0
2013-12-17 06:00:00+00:00,0.0
2013-12-17 07:00:00+00:00,0.0
2013-12-17 08:00:00+00:00,0.0
2013-12-17 09:00:00+00:00,0.0
2013-12-17 10:00:00+00:00,0.0
2013-12-17 11:00:00+00:00,0.0
2013-12-17 12:00:00+00:00,0.0
2013-12-17 13:00:00+00:00,0.0
2013-12-17 14:00:00+00:00,0.18319751
2013-12-17 15:00:00+00:00,0.42377195
2013-12-17 16:00:00+00:00,0.31465325
2013-12-17 17:00:00+00:00,0.32679949999999997
2013-12-17 18:00:00+00:00,0.29164225
2013-12-17 19:00:00+00:00,0.31755906
2013-12-17 20:00:00+00:00,0.32743752
2013-12-17 21:00:00+00:00,0.19876768
2013-12-17 22:00:00+00:00,0.0
2013-12-17 23:00:00+00:00,0.0
2013-12-18 00:00:00+00:00,0.0
2013-12-18 01:00:00+00:00,0.0
2013-12-18 02:00:00+00:00,0.0
2013-12-18 03:00:00+00:00,0.0
2013-12-18 04:00:00+00:00,0.0
2013-12-18 05:00:00+00:00,0.0
2013-12-18 06:00:00+00:00,0.0
2013-12-18 07:00:00+00:00,0.0
2013-12-18 08:00:00+00:00,0.0
2013-12-18 09:00:00+00:00,0.0
2013-12-18 10:00:00+00:00,0.0
2013-12-18 11:00:00+00:00,0.0
2013-12-18 12:00:00+00:00,0.0
2013-12-18 13:00:00+00:00,0.0
2013-12-18 14:00:00+00:00,0.0115411505
2013-12-18 15:00:00+00:00,0.01721215
2013-12-18 16:00:00+00:00,0.035010196
2013-12-18 17:00:00+00:00,0.085942455
2013-12-18 18:00:00+00:00,0.08111112
2013-12-18 19:00:00+00:00,0.040385973
2013-12-18 20:00:00+00:00,0.06982105
2013-12-18 21:00:00+00:00,0.04420215
2013-12-18 22:00:00+00:00,0.0
2013-12-18 23:00:00+00:00,0.0
2013-12-19 00:00:00+00:00,0.0
2013-12-19 01:00:00+00:00,0.0
2013-12-19 02:00:00+00:00,0.0
2013-12-19 03:00:00+00:00,0.0
2013-12-19 04:00:00+00:00,0.0
2013-12-19 05:00:00+00:00,0.0
2013-12-19 06:00:00+00:00,0.0
2013-12-19 07:00:00+00:00,0.0
2013-12-19 08:00:00+00:00,0.0
2013-12-19 09:00:00+00:00,0.0
2013-12-19 10:00:00+00:00,0.0
2013-12-19 11:00:00+00:00,0.0
2013-12-19 12:00:00+00:00,0.0
2013-12-19 13:00:00+00:00,0.0
2013-12-19 14:00:00+00:00,0.008196658
2013-12-19 15:00:00+00:00,0.114532664
2013-12-19 16:00:00+00:00,0.052343216
2013-12-19 17:00:00+00:00,0.068757445
2013-12-19 18:00:00+00:00,0.1339829
2013-12-19 19:00:00+00:00,0.10756653
2013-12-19 20:00:00+00:00,0.07179892
2013-12-19 21:00:00+00:00,0.013492708
2013-12-19 22:00:00+00:00,0.0
2013-12-19 23:00:00+00:00,0.0
2013-12-20 00:00:00+00:00,0.0
2013-12-20 01:00:00+00:00,0.0
2013-12-20 02:00:00+00:00,0.0
2013-12-20 03:00:00+00:00,0.0
2013-12-20 04:00:00+00:00,0.0
2013-12-20 05:00:00+00:00,0.0
2013-12-20 06:00:00+00:00,0.0
2013-12-20 07:00:00+00:00,0.0
2013-12-20 08:00:00+00:00,0.0
2013-12-20 09:00:00+00:00,0.0
2013-12-20 10:00:00+00:00,0.0
2013-12-20 11:00:00+00:00,0.0
2013-12-20 12:00:00+00:00,0.0
2013-12-20 13:00:00+00:00,0.0
2013-12-20 14:00:00+00:00,0.11740572
2013-12-20 15:00:00+00:00,0.34617704
2013-12-20 16:00:00+00:00,0.20927897
2013-12-20 17:00:00+00:00,0.14898494
2013-12-20 18:00:00+00:00,0.11713868
2013-12-20 19:00:00+00:00,0.10460365
2013-12-20 20:00:00+00:00,0.20110488
2013-12-20 21:00:00+00:00,0.0802015
2013-12-20 22:00:00+00:00,0.0007031610000000001
2013-12-20 23:00:00+00:00,0.0
2013-12-21 00:00:00+00:00,0.0
2013-12-21 01:00:00+00:00,0.0
2013-12-21 02:00:00+00:00,0.0
2013-12-21 03:00:00+00:00,0.0
2013-12-21 04:00:00+00:00,0.0
2013-12-21 05:00:00+00:00,0.0
2013-12-21 06:00:00+00:00,0.0
2013-12-21 07:00:00+00:00,0.0
2013-12-21 08:00:00+00:00,0.0
2013-12-21 09:00:00+00:00,0.0
2013-12-21 10:00:00+00:00,0.0
2013-12-21 11:00:00+00:00,0.0
2013-12-21 12:00:00+00:00,0.0
2013-12-21 13:00:00+00:00,0.0
2013-12-21 14:00:00+00:00,0.28304568
2013-12-21 15:00:00+00:00,0.11249769
2013-12-21 16:00:00+00:00,0.13467172
2013-12-21 17:00:00+00:00,0.21782891
2013-12-21 18:00:00+00:00,0.29834962
2013-12-21 19:00:00+00:00,0.34281957
2013-12-21 20:00:00+00:00,0.53010625
2013-12-21 21:00:00+00:00,0.40512404
2013-12-21 22:00:00+00:00,0.03003562
2013-12-21 23:00:00+00:00,0.0
2013-12-22 00:00:00+00:00,0.0
2013-12-22 01:00:00+00:00,0.0
2013-12-22 02:00:00+00:00,0.0
2013-12-22 03:00:00+00:00,0.0
2013-12-22 04:00:00+00:00,0.0
2013-12-22 05:00:00+00:00,0.0
2013-12-22 06:00:00+00:00,0.0
2013-12-22 07:00:00+00:00,0.0
2013-12-22 08:00:00+00:00,0.0
2013-12-22 09:00:00+00:00,0.0
2013-12-22 10:00:00+00:00,0.0
2013-12-22 11:00:00+00:00,0.0
2013-12-22 12:00:00+00:00,0.0
2013-12-22 13:00:00+00:00,0.0
2013-12-22 14:00:00+00:00,0.34276125
2013-12-22 15:00:00+00:00,0.5610443
2013-12-22 16:00:00+00:00,0.5301720999999999
2013-12-22 17:00:00+00:00,0.47164485
2013-12-22 18:00:00+00:00,0.45831582
2013-12-22 19:00:00+00:00,0.50141245
2013-12-22 20:00:00+00:00,0.53958964
2013-12-22 21:00:00+00:00,0.4250156
2013-12-22 22:00:00+00:00,0.04078485
2013-12-22 23:00:00+00:00,0.0
2013-12-23 00:00:00+00:00,0.0
2013-12-23 01:00:00+00:00,0.0
2013-12-23 02:00:00+00:00,0.0
2013-12-23 03:00:00+00:00,0.0
2013-12-23 04:00:00+00:00,0.0
2013-12-23 05:00:00+00:00,0.0
2013-12-23 06:00:00+00:00,0.0
2013-12-23 07:00:00+00:00,0.0
2013-12-23 08:00:00+00:00,0.0
2013-12-23 09:00:00+00:00,0.0
2013-12-23 10:00:00+00:00,0.0
2013-12-23 11:00:00+00:00,0.0
2013-12-23 12:00:00+00:00,0.0
2013-12-23 13:00:00+00:00,0.0
2013-12-23 14:00:00+00:00,0.30220490000000005
2013-12-23 15:00:00+00:00,0.5134622
2013-12-23 16:00:00+00:00,0.49537283
2013-12-23 17:00:00+00:00,0.39934158
2013-12-23 18:00:00+00:00,0.32968217
2013-12-23 19:00:00+00:00,0.46224728
2013-12-23 20:00:00+00:00,0.18103181
2013-12-23 21:00:00+00:00,0.16046973
2013-12-23 22:00:00+00:00,0.0078022256000000005
2013-12-23 23:00:00+00:00,0.0
2013-12-24 00:00:00+00:00,0.0
2013-12-24 01:00:00+00:00,0.0
2013-12-24 02:00:00+00:00,0.0
2013-12-24 03:00:00+00:00,0.0
2013-12-24 04:00:00+00:00,0.0
2013-12-24 05:00:00+00:00,0.0
2013-12-24 06:00:00+00:00,0.0
2013-12-24 07:00:00+00:00,0.0
2013-12-24 08:00:00+00:00,0.0
2013-12-24 09:00:00+00:00,0.0
2013-12-24 10:00:00+00:00,0.0
2013-12-24 11:00:00+00:00,0.0
2013-12-24 12:00:00+00:00,0.0
2013-12-24 13:00:00+00:00,0.0
2013-12-24 14:00:00+00:00,0.29006785
2013-12-24 15:00:00+00:00,0.5167094
2013-12-24 16:00:00+00:00,0.49902323
2013-12-24 17:00:00+00:00,0.44592008
2013-12-24 18:00:00+00:00,0.43325302
2013-12-24 19:00:00+00:00,0.47278222
2013-12-24 20:00:00+00:00,0.50937104
2013-12-24 21:00:00+00:00,0.40420774
2013-12-24 22:00:00+00:00,0.05139455
2013-12-24 23:00:00+00:00,0.0
2013-12-25 00:00:00+00:00,0.0
2013-12-25 01:00:00+00:00,0.0
2013-12-25 02:00:00+00:00,0.0
2013-12-25 03:00:00+00:00,0.0
2013-12-25 04:00:00+00:00,0.0
2013-12-25 05:00:00+00:00,0.0
2013-12-25 06:00:00+00:00,0.0
2013-12-25 07:00:00+00:00,0.0
2013-12-25 08:00:00+00:00,0.0
2013-12-25 09:00:00+00:00,0.0
2013-12-25 10:00:00+00:00,0.0
2013-12-25 11:00:00+00:00,0.0
2013-12-25 12:00:00+00:00,0.0
2013-12-25 13:00:00+00:00,0.0
2013-12-25 14:00:00+00:00,0.30475453
2013-12-25 15:00:00+00:00,0.5222005
2013-12-25 16:00:00+00:00,0.4961468
2013-12-25 17:00:00+00:00,0.44362766
2013-12-25 18:00:00+00:00,0.43079457
2013-12-25 19:00:00+00:00,0.47069955
2013-12-25 20:00:00+00:00,0.51010394
2013-12-25 21:00:00+00:00,0.41052133
2013-12-25 22:00:00+00:00,0.05831585
2013-12-25 23:00:00+00:00,0.0
2013-12-26 00:00:00+00:00,0.0
2013-12-26 01:00:00+00:00,0.0
2013-12-26 02:00:00+00:00,0.0
2013-12-26 03:00:00+00:00,0.0
2013-12-26 04:00:00+00:00,0.0
2013-12-26 05:00:00+00:00,0.0
2013-12-26 06:00:00+00:00,0.0
2013-12-26 07:00:00+00:00,0.0
2013-12-26 08:00:00+00:00,0.0
2013-12-26 09:00:00+00:00,0.0
2013-12-26 10:00:00+00:00,0.0
2013-12-26 11:00:00+00:00,0.0
2013-12-26 12:00:00+00:00,0.0
2013-12-26 13:00:00+00:00,0.0
2013-12-26 14:00:00+00:00,0.20395237
2013-12-26 15:00:00+00:00,0.17181772
2013-12-26 16:00:00+00:00,0.3731458
2013-12-26 17:00:00+00:00,0.36256623
2013-12-26 18:00:00+00:00,0.29908475
2013-12-26 19:00:00+00:00,0.23823339
2013-12-26 20:00:00+00:00,0.08890329
2013-12-26 21:00:00+00:00,0.0351692
2013-12-26 22:00:00+00:00,0.0012192252999999999
2013-12-26 23:00:00+00:00,0.0
2013-12-27 00:00:00+00:00,0.0
2013-12-27 01:00:00+00:00,0.0
2013-12-27 02:00:00+00:00,0.0
2013-12-27 03:00:00+00:00,0.0
2013-12-27 04:00:00+00:00,0.0
2013-12-27 05:00:00+00:00,0.0
2013-12-27 06:00:00+00:00,0.0
2013-12-27 07:00:00+00:00,0.0
2013-12-27 08:00:00+00:00,0.0
2013-12-27 09:00:00+00:00,0.0
2013-12-27 10:00:00+00:00,0.0
2013-12-27 11:00:00+00:00,0.0
2013-12-27 12:00:00+00:00,0.0
2013-12-27 13:00:00+00:00,0.0
2013-12-27 14:00:00+00:00,0.003948837
2013-12-27 15:00:00+00:00,0.08503893
2013-12-27 16:00:00+00:00,0.10693615
2013-12-27 17:00:00+00:00,0.17326859
2013-12-27 18:00:00+00:00,0.09190502
2013-12-27 19:00:00+00:00,0.30383906
2013-12-27 20:00:00+00:00,0.48382977
2013-12-27 21:00:00+00:00,0.3568577
2013-12-27 22:00:00+00:00,0.05433967
2013-12-27 23:00:00+00:00,0.0
2013-12-28 00:00:00+00:00,0.0
2013-12-28 01:00:00+00:00,0.0
2013-12-28 02:00:00+00:00,0.0
2013-12-28 03:00:00+00:00,0.0
2013-12-28 04:00:00+00:00,0.0
2013-12-28 05:00:00+00:00,0.0
2013-12-28 06:00:00+00:00,0.0
2013-12-28 07:00:00+00:00,0.0
2013-12-28 08:00:00+00:00,0.0
2013-12-28 09:00:00+00:00,0.0
2013-12-28 10:00:00+00:00,0.0
2013-12-28 11:00:00+00:00,0.0
2013-12-28 12:00:00+00:00,0.0
2013-12-28 13:00:00+00:00,0.0
2013-12-28 14:00:00+00:00,0.021663055
2013-12-28 15:00:00+00:00,0.024754329
2013-12-28 16:00:00+00:00,0.02977448
2013-12-28 17:00:00+00:00,0.05327839
2013-12-28 18:00:00+00:00,0.08743429
2013-12-28 19:00:00+00:00,0.091054894
2013-12-28 20:00:00+00:00,0.07978883
2013-12-28 21:00:00+00:00,0.029264973
2013-12-28 22:00:00+00:00,0.08144320000000001
2013-12-28 23:00:00+00:00,0.0
2013-12-29 00:00:00+00:00,0.0
2013-12-29 01:00:00+00:00,0.0
2013-12-29 02:00:00+00:00,0.0
2013-12-29 03:00:00+00:00,0.0
2013-12-29 04:00:00+00:00,0.0
2013-12-29 05:00:00+00:00,0.0
2013-12-29 06:00:00+00:00,0.0
2013-12-29 07:00:00+00:00,0.0
2013-12-29 08:00:00+00:00,0.0
2013-12-29 09:00:00+00:00,0.0
2013-12-29 10:00:00+00:00,0.0
2013-12-29 11:00:00+00:00,0.0
2013-12-29 12:00:00+00:00,0.0
2013-12-29 13:00:00+00:00,0.0
2013-12-29 14:00:00+00:00,0.27285692
2013-12-29 15:00:00+00:00,0.5310234
2013-12-29 16:00:00+00:00,0.51302665
2013-12-29 17:00:00+00:00,0.45905805
2013-12-29 18:00:00+00:00,0.44250894
2013-12-29 19:00:00+00:00,0.48013294
2013-12-29 20:00:00+00:00,0.5189001
2013-12-29 21:00:00+00:00,0.41910613
2013-12-29 22:00:00+00:00,0.08159011
2013-12-29 23:00:00+00:00,0.0
